token,class,split,feature
m01ah,1,train,5c405a0058405e4063406980790086c07fc07b407b407f808dc09500944098c09a4099c09a408e408d008e8085c087c0
m01ah,1,train,5bc05b805cc061c067406e407a00850082407a0079c080408cc093009280984099c0980098808d008b008d0082808540
m01aw,3,train,5f805cc05e405f806b8070c07080800086c0790073c073c07b807e8094c09d809e40a0809f409e808f8095007b808ac0
m01aw,3,train,5cc05cc05a805bc06c4072007280834086007840758076407dc0828096809f809e40a0409f409bc08e009340790088c0
m01iy,0,train,620060805fc068807d808980904090c098008b407c0078007180704070807ac075007c007d008c409d00a7808e809ec0
m01iy,0,train,62006140620067807c408740908093c0974088807c00778071006fc072007ac077807b407cc08c409e00a7808e809e40
m01uw,2,train,638061c05fc06240678071c06ec073007cc07580708070807240774082009a409e4096008fc09340acc0af8096809f40
m01uw,2,train,67c06700670068406b0071406e80744075c073006ec06e406fc0738081009780a00093c08f809300abc0b00094c09f80
m02ah,1,train,5ac05a40588064c06dc06dc07d8080407d407b4076c07c40840089c0934098009b409cc09c00940092408d40884084c0
m02ah,1,train,60405ec05d0064006cc06b407a407cc07a00784074407b0085408c80934096809b009cc09b00948091008e408a0085c0
m02aw,3,train,5f805dc05ec06640704077c076c081407e0073c06dc0720078007a8082c095c09d009fc0a3409c8099c092808ec08c80
m02aw,3,train,63806280600063806b006ec073008000798070406c0071c076c07b4086c097009e40a080a4c09f809b40960092009000
m02iy,0,train,5e805cc06bc071c078808a409100894090008f807c807780764073406e80744077007a807c408d009800a1409e409b80
m02iy,0,train,61405f806d40760075c08a0093808cc08ec08f807d8077c0764073406f407480774077c0790086809380a3c09d409940
m02uw,2,train,65806380638065806480664078c0734072c080c07d407480778079407ec0958097808e808ec093009e00ae00a1409bc0
m02uw,2,train,6800684067c0678067c068407300724072807f007b007440764077007dc0940098008c008ec090409e80af00a0809b00
m03ah,1,train,5a4058805a405ec06a8078808040894080c07100760079c07f008a00990099009c009f409b80950090c08b4084407fc0
m03ah,1,train,5ec05e405d405e406d8076807f0086007c8073c079407c4081c0898096c0964099c09c40988093c08fc08c0083c08080
m03aw,3,train,5fc05e805ec060c070407ac08180840077c06b80714073c0758078c08a809c00a1c0a0c0a2c09e409580910087808480
m03aw,3,train,61005fc05e4061806ec079c07ec081c076c06b4071c0758077c07a408f009d809f409f00a4009bc09680908087808580
m03iy,0,train,5f005cc061406f806a807fc08b8091009480928083407d007780718071c074407c807f807e808f809b809fc09d409540
m03iy,0,train,61005d8062006d40698080008a0091409480920082807c8076c07240718077407b007e00808091009d009fc09cc095c0
m03uw,2,train,5e805d0059c05cc06340744079c078c082007ec075c0754074c077c088409b8094008c4091c095c0a8c0a5c09fc094c0
m03uw,2,train,5fc05e805e8060c065407400794078c081c07d4074c074c074c076c08700998094808bc08e8094c0a640a5009f409500
m04ah,1,train,61405f405dc06600668062c0674075007a80724073407a808a00934097809c40a0009c409a809680940092008e008b80
m04ah,1,train,63c0620061406700668064406b8079c079c071006fc078008a80924095009ac0a0009b809a0095c0934091408d808b40
m04aw,3,train,6040608060806ac06ec06dc0720079406fc06ac06b406f0077007dc095409f80a300a2409d409d009800948091c090c0
m04aw,3,train,61405e405f006bc06f806dc07740814076406e406bc06c807400800093809b809f40a1c09d409bc0970093c090c08f40
m04iy,0,train,638062c064c076c07d807dc07b007c0083808180770073007480760077007d80810085c08a008ec0a1c0a000a3809cc0
m04iy,0,train,65c0650067807900808081807dc07c408400818075c071c07300740075007b807f00854089408d00a0809f00a2c09bc0
m04uw,2,train,61c060c05e0066806b406cc068406ec077c07540740077007f008b8088c088c08c808e808ec09c80abc0a0c0a140a340
m04uw,2,train,6400630062c065806f80708068806e4074c07200720076007b8083808d008d008c008d808dc09b00aa40a2c0a3c0a3c0
m06ah,1,train,590059005a80648074c078807b008cc08b007c007f008000858090c0984096c09900980091408c808a4083c07c007680
m06ah,1,train,5b805900574062c0754077c07a808cc089807b807fc0804085409140968096c09a80998092008d008b4084407b8078c0
m06aw,3,train,5dc05d405e4070807740798079808b4084c0730074c071c075007b408ec099809bc09ec09f40984091008b0083007a00
m06aw,3,train,5e005e005b8073c07a007d0080408e008240728073407040748078c08fc09a409a409e009e0098409040884080c07b40
m06iy,0,train,5dc05c406c407a0088008e808d40918093408d407fc0788073006e807100740073c077407f8092009700980099408940
m06iy,0,train,650062806c80798087808e008a008dc092c089407e00768072006e807100748073c075007a80930096c098809b809000
m06uw,2,train,6200610060806d80720077c074c0784081c0808073c071006e40748084c0964094008b408d809700a540a8c099408d80
m06uw,2,train,6a0067c0678069006f00754070c074807f807bc073807080708073007e00918093c08e808c009980a3c0a9409dc094c0
m07ah,1,train,5d805c005ec06180664067006d00780081c07d80800085c089c09340934092c099809c00998093c091408c4086c085c0
m07ah,1,train,61805e0060c062c0660066c06a4071c07b0076c07a4082008bc09400908092009c40a0009ac0964094808f808b808bc0
m07aw,3,train,62006180608063c06a8068006a8070807c8073c0720077c07b807c0090809e40a080a280a4409f40998094008e008d80
m07aw,3,train,60805ec06180634069806680688072807d4076007100770078c07f8095c09dc09d80a480a4c09d00998093808e008ec0
m07iy,0,train,5ac059405e80784081008640858084c08e8085c07d007c0077c07040700078007b8080c085c090409bc0a2809dc098c0
m07iy,0,train,5fc05f006100778082c0850081c0800089c07fc07780774074806dc06f8076c07d008540880098009e80a380a2809c40
m07uw,2,train,62006180600062c06b006f0069806e407b80778071c0744076c079808f40970091808f4091809a00a300af40a2009c40
m07uw,2,train,68c06680660066006a006cc06bc06f007b00774070c06f80730075c083809bc092408d408e4098c0a300b0c0a4409f00
m08ah,1,train,5e805d005b005f006e40744073407a4083407e407c407fc08b0093c093808f4096c09a40970093008fc08b80864080c0
m08ah,1,train,5cc05c005d805f806d4075c0744079c083c07f407c8080408840958092c08f8096409c00988093c08f808a4083007f40
m08aw,3,train,5d005c405b4063c071807380720079c082007a80760079c07c40840096409a8096c09b40a0809c40944090408a808140
m08aw,3,train,5c805a80580063007340760073007b4081c07a80758079407e80868097c09c8095809bc09d409a0094008f4088008080
m08iy,0,train,5ec05d805d4065407dc083c08b808fc08ec089807c80794078c07480730074807ac07c807f8091809380ac80a1409d80
m08iy,0,train,61805fc060006940828086808b408e408ec089c07b4078007780734070007540784079007bc094409300ab409e809b80
m08uw,2,train,61406000608065006d007340744071c079c07c40760076807ac081008d0091008ac08a008e809840aa80a5809c408f00
m08uw,2,train,63c06280610064806f407580764072c07b407d007440744077c07e008c408f808b00858092409840a7c0aa409a408d40
m09ah,1,train,608060805d406040610060c067807c007ec079007a408480900091c08d4093009a009bc0998096009340924091808a40
m09ah,1,train,5fc05f005c405dc05d805f8066807c807fc0780078808380920092008d4093409a409e409c40980094c09400928088c0
m09aw,3,train,630060c05fc06180638066c06c407c007a00704070c075007cc084c097c09cc098409ec0a280a0809bc09680918089c0
m09aw,3,train,61005e405c805e4062c065c06bc07d007e40744074007880828087809a0099009a409b80a3409d80994095c090808700
m09iy,0,train,5e405cc05bc0648076807b408640840081408d008d007fc07b80778076c07c0080808080800094c0a100a140a4009100
m09iy,0,train,5c8058c056c065007bc080408d80890084408e408c807dc07ac0760076007bc07fc07f807b4093c09ec09f40a4409100
m09uw,2,train,60c05e405d005f005fc06dc07780790083007c407680790083408ac087c088c0888089408e009680acc0a680a1c09380
m09uw,2,train,60005d005b005ec0610071407640760081c07f4075c076807f4088808c808b40888088808fc09740aa80a440a3c09400
m10ah,1,test,5e405c805d8060c069006fc078007c807c007a407b807cc088008fc09140964099c09ac09800920091408e0088c086c0
m10ah,1,test,5b805a4059405b40670070c077c07b0081c07f407f00810088c093408f8094409b809b409600934093008bc089c08640
m10aw,3,test,5dc05c405b005fc06b807b407fc084c07b40724077007300760079408e8097c09b80a040a0009c009a408e008ac08840
m10aw,3,test,60005cc05c005fc069c07a007e8085c07bc071007500730075807b808d0098c09cc09f40a0409d409a408d808c0088c0
m10iy,0,test,5fc05f005c80734085408dc093008d008d408e4082c0768071806e806ac074807c407d407d808b8094c0a68095009980
m10iy,0,test,60c060805e006e8081c08b00928090c091009140840077c071c06d8070c07680798079807a0089809080a880998098c0
m10uw,2,test,5cc05c005b8062806c00764078c07d007b407dc07d007a407c8088808ac0884089008b808d4099809a40a4009c809540
m10uw,2,test,6440644064c065806b0070007480774077c07a007840738076007a00930094c08b408c808b8095c097c0a900a34097c0
m11ah,1,train,60005d005a405e805cc05fc067806c0079c082008380874092009480940095409f009c009840980097808b808b808bc0
m11ah,1,train,60005e805c0061006040600064c068c0798081007e4081c092c095008d409400a3409c809c40998098408d408bc08dc0
m11aw,3,train,6540634063006340684065c068c072007f807b0077c07b807f408880934096809b409e009fc0964094008f00870093c0
m11aw,3,train,610060c0614064406dc068006900704080c07c40788079407d408b0097c097c09b809dc0a200978095808e0083408f40
m11iy,0,train,5e005b805c005e407c0081c0890088009080914084807a00778074c075c07b007a007d4083c0910092c0a90099c0a100
m11iy,0,train,5e005b805b005fc07a807fc0848088008e408e807fc07a007640738076807c007e007d00870095009580a880a080a000
m11uw,2,train,64806240634063006b4075006ec06b8070807b807ac07480754076807cc0974096c091c092809bc09a40ab00a000a3c0
m11uw,2,train,6700664067c068006a0072006bc06a007200794077007240744075007d8098409780900094409b809a80ab40a180a2c0
m13ah,1,train,5dc05b005ac05e4067406fc071c07fc07c0079c07bc086c0904091c092c093c097c0994096c0944094c08bc086c08480
m13ah,1,train,5dc05b805a805ec0690072c0774080807a8077407a4085c08fc08f808fc0970095c098c095c0954093408bc087808540
m13aw,3,train,634061405f80624065c070406e007c8079006b806d4074807ac0808096c09f009800a4c0a7409d009b0091008c808a40
m13aw,3,train,67c067406740684069806ec06d407b80744069806bc0714077407f009240a0009780a440a4809e4098c092008cc08a40
m13iy,0,train,5ec05e805cc067407d0087c090408f008dc092c084007940748073007280764077807b8080808ec09b409f009b409800
m13iy,0,train,65006300630065c079c087008f808e008b008fc080c07740728071c0724075807840784081408ec09900a2809d809940
m13uw,2,train,66c065806540668068406fc075c079c078406f0069006b406d80720078c086809d409f809a80a240a840ae009fc09b00
m13uw,2,train,68c068406680670066406a8074c077c074006d806bc06e006d80728074c086009c00a3809a00a140a840ad40a1009d00
m14ah,1,train,5d805e405d006480608066406e4071407e407e407c8083408d00934090c095409a409fc09d40958093008dc088c08580
m14ah,1,train,5f405e005e0060c063006cc0708073007fc07f807d0082408dc092008d40908098409f809d00954091c08d80884083c0
m14aw,3,train,60c060805f40604069006c006f4083808180700070007400790080c09940a0009d009f809fc09b409940908089808600
m14aw,3,train,5dc05bc05d005f806dc07100710085c084407140708074c078007fc09a809e009b809f80a0409b0098808fc088408440
m14iy,0,train,5fc05ec0694075c07d8084c08a809100928083c079c0730073406f4071c0758077c07d00828090009bc0a4409dc094c0
m14iy,0,train,5fc05e006a4077807f4084408b409340958086807c00754074006f007080744077007c0081808cc09780a3c09c009480
m14uw,2,train,5d405d005b805e80650075c073c07a0083807d00734076407b80858090808b8089408b408e00a180a640a94097c09140
m14uw,2,train,5f405e405b406080610071407080750082807f00730074c077007d80984093808c808d008ec09ec0a540abc09a4094c0
m16ah,1,train,5b405c805bc05e4067406e8075c082407ec078c077007b4081409140924095408fc09d809b8098c096c08ec08e008c40
m16ah,1,train,568055c052c058c0704079007fc0898089807dc07a807e0088008e008d408d408a8098c099c098c094008c808dc084c0
m16aw,3,train,5d405bc057c05bc06c8076007b4085407d807700758077407ac07d8099409b8094009c009d409bc097408ec08fc088c0
m16aw,3,train,5cc05a4057405a406d0078c07d00874081407740750076007b0081c098c0998093009a009c809c8096c08dc08e8085c0
m16iy,0,train,5ec05c805bc064407f00870087c093c098c0968086007a0073806dc0710078407440728084408e4097c0a480a3c09380
m16iy,0,train,60005e805cc065c07d80844084c09200964095c08a407b40760070c07000770079007680828088809c80a0c0a3409180
m16uw,2,train,61405f805f805e40660070807680770082007cc075c071c071407d8088c08f408c008b009240a180a780a700a4c09340
m16uw,2,train,63806300634064806a0073407780770081807d0071c07000704075c08b4094808a008c408dc09d40a540a640a4809440
m17ah,1,train,64406200634068406440614063806b4078007cc0750078007d00868095409b009bc0a0809f009c809bc0914091c08e80
m17ah,1,train,628061c063006700668063c065406ec07c8081007680728076408880954097c09dc0a2c0a5009ac09840948092c08680
m17aw,3,train,65006280624066c069806280650068c07300770072c0750077407d0090c0a180a0c0a480a4c0a1409dc0934092408f00
m17aw,3,train,65c06240620069006d8068c065806b40794077c074807640744076407fc0a5009ec0a6c0a6c0a3809d00924092c08e00
m17iy,0,train,6380624064c06d0074407bc0888088c0964096c082807c0077006a80684071807480738078c0978097c0ae80a100a400
m17iy,0,train,62806040614070407ac0764083c089809c409c00838078c071806480634073c0750076c07b0098c09940b040a140a480
m17uw,2,train,6480638061c0668064006380684069006bc07f0082807880758074407c0092809c40988092c09f80a3c0b3409ec09f40
m17uw,2,train,6a806980690069c0690069006a806d806e4076c07b807400740076807dc08a4096008ec090409a40ae00b44096c0a380
m18ah,1,train,62806180610062c063c0674067807040750072c074807d00898093408d4092409d80a400a3c09ac09840924092c08880
m18ah,1,train,62406200604064006a006fc06ec077407b80750071007480834086808a4091c09e00a340a2c097c097c0914091808600
m18aw,3,train,67406440644068406780688077c07dc070806e006f007080730075808c4098c098c0a700a640a3809bc0934093408e00
m18aw,3,train,664065c0648064806700670074007cc072806e006e8072407700828092c0a2809a80a540a3009ec098408f40900087c0
m18iy,0,train,61005f405c005f407a8083c087c083008c40888079c076c07640714072407c807f807f808e409600a440a180a4809640
m18iy,0,train,5e005c805c80650082c08cc08f0088c08e00880075007380724070c072007e0077c081808c4091809f00a2c0a4c09200
m18uw,2,train,63c0620061c0610064c06640678072807c807600734073c079407e80920093408d8091009080a2c0b040a1c0a1c09780
m18uw,2,train,604060005f806340750070c06b0077c07fc073007000708075407d008f0097c08a008a0091c09f00aa00a440a4409480
m19ah,1,train,5a405a405a005c0059c0620074c07e8079c079c07c4081c091409980944097409b80a0409a80954094408bc087c08c40
m19ah,1,train,5c805b805b005d005c405ac06b407d407e007d807f8083c091c0964091809380a0c09e4098c094c096408b808b008d80
m19aw,3,train,62005e00604061c060406540734077806fc06dc0704076407c00830098809e80a080a400a900a04099c092408dc09000
m19aw,3,train,61005f405e40610061c0660072007ac072c06f00710075407d00870097009e009940a600a400a08099c08f808e408fc0
m19iy,0,train,5ec05ec05d4068c074407f408a808dc095808c007e407ac0768075c073c077807c807c007e0097009a80a94095409ac0
m19iy,0,train,5f405f406140698075c07f0089c091c0958089c07dc07a4075c073c07380774078407a407e8096809940a4809e809980
m19uw,2,train,5fc05f805f8061c067407400744083807fc07540748078c07d00878093c08c00888088008900a5c0a1c0a1c092809680
m19uw,2,train,61005f805fc060c066807340728081807f007680744076c07a00828090809240874087008c00a540a7809f4099c096c0
m20ah,1,test,5fc05dc05a806040620062006f807a807cc0800084008c00950091408d80920097009a809940960091008d408b0080c0
m20ah,1,test,5c805d0059405a806200654072007d408000820086408a80958091408d808e4099809ac09740964092008ac0898080c0
m20aw,3,test,61805f005d806000624063806c4075807b40798079407b0081c08740964098409e009fc09f009ec099c091c08fc087c0
m20aw,3,test,5cc05d0059005cc0678068006f4076007bc07cc07c007c40828088c0988098809b809e009ec09f0098408f008dc085c0
m20iy,0,test,630061405e406b007fc08bc083407c008bc088c07d4079c07880754073407380720077c08a4091c091c0ac80a5809ec0
m20iy,0,test,6580650063c068c07f40884081807d0089c085007e00794078c073407180724071807dc0898095009340abc0a080a100
m20uw,2,test,650061006200640063c0658069406b407b407a00710075c0774078c08cc0928092c08e409b80a240a500aa40a5009d00
m20uw,2,test,6880668066c066c0678067c067c06b80780074006f4073807380740083c09640970090c09b00a040a040acc0a4809e00
m21ah,1,train,5980574057c070c07d807c8073c07e80864082007cc080008c0094408ac08b8097809ac093408bc085c0888085007f40
m21ah,1,train,5a80594054406d008140814074807c4086c083807c807f408a8092c086c085c09500998096808f008b00898088c07bc0
m21aw,3,train,60005e405d0060c069006f4074c070007c0083007ac079007b007d0095409c8098409d40a7c09c4095808e4088c08500
m21aw,3,train,60005dc05e80614070006f80754070c07d8085007a0077c07b80808094c0980097809ec0a6409ac093808dc0884083c0
m21iy,0,train,5fc05d005d40744085408900874082408240908088807c4077c070c06e8074c0754074808b0095009c409d40a4808f80
m21uw,2,train,66c063c062806700658068006a4065006ec08000794075c078c07f008dc097008bc08ec09840a080a780adc09b409500
m21uw,2,train,6540640062806880680069806a80630070407e0078c0738076007a008d00960091c0904095409b80a9c0b1809e809680
m22ah,1,train,5f405ec058c06140630063c06b007ac07c007ac07c0081c08d80914090c094c0a0009e009800954093008fc08f408700
m22ah,1,train,5e005d405b405e80600061006ac07a407ec07cc07d40838090409500914095009dc09f409740940093008f008c408780
m22aw,3,train,638060c05fc0620063c0618068407b407d007580738077807d008e809840980098c0a100a0009bc097c09440920089c0
m22aw,3,train,62c05f8060c061406200604063c07400770074007400788080408c009c4099c09ec0a300a0409b409940940092c08d40
m22iy,0,train,63406340630064c06c4075007e80854088c087007b0076c0758072c076807500850086808ac09a80a700a800a7809600
m22iy,0,train,64006340628063c0684072c0814087808b808a407dc077c0758071807740798084c08480880099c0a640a600a6c09300
m22uw,2,train,63c063405f8064c066c064806b0072007dc0784073807480790080c0960092008cc08e0091409d00abc0a9c09f408f40
m22uw,2,train,6380630063006680684066806bc072407c40768071807180754081c0918092c08d408ec09380a140a900ab809f0093c0
m23ah,1,train,5b805c4060406a806640674073007a40754075c07a0082008c8093c0944096c09a0098c09800968092408f008a408700
m23ah,1,train,60005e005e0065c06180640071407a807580718077c07e408b4090c091c093c09d809d809b0099c0958092408d808a00
m23aw,3,train,60405d0061806dc06ec068806e007d807b007100724075807b407f4093c09c009f80a0809f809c40970092008b008700
m23aw,3,train,60c060c062406bc06c0069406f007d007a807140720076c07d00818092009c409e409f809d409b8095c092008a4085c0
m23iy,0,train,5d005bc06bc070c082c089c08d0086408a008b00804079c0768070807280754077c07540830093409c409f809d809180
m23iy,0,train,60c05ec066c06cc07fc086c08980864088808a807ec0790077406e807240770079007700854094009c00a2009f009740
m23uw,2,train,67c066806580660066006ac06d806f00764072006f40700073c07780888097c094408fc092809f80af40adc0a34090c0
m23uw,2,train,688067c0688069c069406c806c806cc0798074006d406ec071407500840092c0968090409340a040aec0aa80a3c09100
m24ah,1,train,62406000608067006ac0670068c07a8083007bc07bc07e808a80924094c096009e809e4097c090408d408b0088407bc0
m24ah,1,train,5fc0600060806b406e0069006a407c8085807cc07cc080008e409200908095c09d009dc094008f408b00884087c07a00
m24aw,3,train,61c05cc05c4063c06b806b406a0076007e0079c0744079807f4086c09c409c409ac0a200a2c0964093c091c08e008300
m24aw,3,train,6140614060c0638068006900658072007fc07c8077407cc084008fc0988098009d00a0409cc0970093408f408a008300
m24iy,0,train,5e405bc05f0071c07b00848089c0914092808140784074c074807240760078c07dc0810085809280a400a0809f808b80
m24iy,0,train,5f805d805e8076807c0082c08c4096009540814078c07580740070007500774077c07b8083409480a180a3009ec08e40
m24uw,2,train,64806200620066006b80674066c06e807e007c807340730079008000948092408a408e009040a3c0b1009f009d409080
m24uw,2,train,62405fc05f0069c07100678066c0760080c077407140724078408000944094008bc08d0091009ac0b080a7409f008dc0
m25ah,1,test,624060005f0067c069006200640071c07b4076c073c07b80830090c0950093809900a0c0a2009d40994092c08c008a00
m25ah,1,test,5f805dc05b4063806680638066406e407880780079007e008840958095c0930099c0a180a2c09e80984091c08bc08780
m25aw,3,test,60805e805e0066006a006c806a40724080007bc074c076c079407a808e409a009d809e00a4c0a3409b0092c08c408980
m25aw,3,test,63c062c05fc064006740648064006e807bc079c0740077007b007c0093809d009d809fc0a840a4009d0093408e008b40
m25iy,0,test,5d405b405f406f407a807d0088c08b008ec092c084407c007880738073807540774077c0838091c09ac0a6809cc09780
m25iy,0,test,5bc059c05b80740079407cc088c08c409400944081407c4078807480724074c074c07a40848095009e40a1809fc093c0
m25uw,2,test,6380614060c061406f007680714070007e007cc072c0724072c076c08540968093408b0091809980a940acc09f009300
m25uw,2,test,6ac06a006a006a806d0070806b406ac0774076006d406f40714076c082c095c093008dc092009b40a9c0ac00a2409440
m26ah,1,train,5e405c805b805e8060806e807a407e8080c07e007e407f80900094008c808e809740a0409e8095c08fc08bc087807c00
m26ah,1,train,5ec05d805d405b805f806bc07bc0800084c08240800081408f0095c08a008b0095009dc09c8094c091c08c4083407f40
m26aw,3,train,5ec05d805c805f005f4078007b807300798083407dc078807d4082408fc09c4096c09f80a2c09ec094c08f40874082c0
m26aw,3,train,5e805d405cc05ac05f8076407f407a40814086c07c8078807d007f80948098c096c09c00a3809a0093008f0086c08180
m26iy,0,train,60c05e005c006dc07040870091808f008cc090008100788075c075407240758076007d80778094c09e40a080a7809640
m26iy,0,train,5f405e005d8069406e4085408fc0910090c093c083407680740072007140750076c07700820092409b00a580a0409b00
m26uw,2,train,62405f405e40614063007100784074c07d40804073406f40738078808600944093008d4093409fc0acc0ad009ec08d80
m26uw,2,train,66c0668066406800678071c078c075c079807b406f006c406f0074007ec093c094408d0090409b40aa40af009fc09500
m27ah,1,train,5c805a005900614068c06c806c407ec084007fc07ec084c0928091c08bc0924096009c409c8093808fc0898087408580
m27ah,1,train,5fc05c805ac0600067006bc06b8081c087408180804088409400904088008fc0948099009ac092808dc0894087c08640
m27aw,3,train,61c060805fc0634068006f00698077c07dc07540710078807c80804098009f409e409fc0a3009c8096808fc08a808700
m27aw,3,train,62006140608060c064c06b8069c07b4082c079c074c07b407fc0868098409c009d809ec09f00994092c08e00878084c0
m27iy,0,train,5b4059405cc072c0840088c08b008c408f009080850079c076c07140728078807c007e4081c089c09980a14099c09200
m27iy,0,train,5e005d005e0073408340850089408f0090c08fc08240790076407140710077407b007cc0810089c09840a1009a409340
m27uw,2,train,630060405dc0608068406fc067006b0074c077c0734072c078807d80930099009440928097409ac0a780ac809f4094c0
m27uw,2,train,638061405fc0620066806e0067c06b0078c07a0075c074c07600790087809cc099c0900097409440aac0ad40a3009400
m28ah,1,train,5cc05b405a005dc06200648074c07a807580710077c07f0089408ec096409f409d009d409c009cc0918096c0840093c0
m28aw,3,train,62806380604063006b806a80740075406c806c806d0070c077007e0098409d809c80a380a6009f809a40998094008dc0
m28aw,3,train,65806480634065806b806c0077407a006c0069006d8075c07f408480900091809c80a1c09dc09a409ac0978090c08e00
m28iy,0,train,628061406280690071007e008ac0910093c085807b4075006f806a80754079007a00850082c08700a9c0ab409840a040
m28iy,0,train,6dc06b006b406c006e807800838089008a807ec075407300714071c07440774079807dc083409800a680a640a2409d40
m28uw,2,train,67c064c0644067806780648066c06ec075c073406fc06f006d806f4083c098c09a40994091409400b400b300a040a680
m28uw,2,train,6b806b8069806c406cc06a4069806e0073806cc06b006a406bc072408580934094c08dc090c09ec0b180ae80a9009ec0
m29ah,1,train,61c05d805e4061c062805d80670075807e007e4080c0870094409640918094c09f809d40974093008f008bc08b4085c0
m29ah,1,train,5dc05dc05ac06240684064406ec07cc08240804082008bc0960093408f0095c09c809a4093008f408c0087c087008140
m29aw,3,train,604060005d806040650065006580728080807e0076c07b008180890098409d809d40a1009fc099c0950090808d008640
m29aw,3,train,5e405d405d4060c06a806ac06a80760083007fc077007a8080c0880099009b009b40a0409f40998093008dc08a408580
m29iy,0,train,5e005c0065007a0089c08c808cc08b0095408b807b8075c073c07140740074c077807bc077408d8098809a40a1c09200
m29uw,2,train,648063c06380624066806800678070407b8074006f4071407440788082809ac0980093c094009f00b000a480a5009d00
m29uw,2,train,61c05f405e40630069006b80694073007f0074806e406f4072c075407f8095009c40964098c0a080a4c0ac80a8409f40
m30ah,1,test,5d805b405c8068406e00704073c07d4087407f007c8081808840908090c08a808f8097c09980950090c08bc087808500
m30ah,1,test,5b4059c058406d0074c0754075007d4087407f407b007ec087408fc08d8084c091009ac09b00948090008b0086408480
m30aw,3,test,5e805c805c4064c06f406e006ec07c808380784074c075c07c80800090409ac098c099c0a1809f80984091008b808900
m30aw,3,test,5e805e005d4068807580748072407b8085007a40750078007e4080c093c09700914095c09fc09ac093c08d0087c08640
m30iy,0,test,61405f40608080008bc08fc08e808d40934089007a807500758070006bc07180750074007d008ac095809e009d809b40
m30iy,0,test,6100610062407f408c8090c08f008e409680878079407480710070006ec07000754073c07b00894094809dc09e009c80
m30uw,2,test,6400618060c062c0684070c06c806f807b80764070007040744076c081c095409b408d808e409c00a600ae80a740a1c0
m30uw,2,test,68006740638065c066c06c406a806dc0794073406e806e00734077c079008b009e0099c091c09940a200af40aac0a600
m31ah,1,train,5d805a80584060805e405e8063c0720080c07ec0828084809840984091808a409d40a000a48090008d0095c08a408d80
m31ah,1,train,60405f005ec062c061006380694077407a007340734086808f409000880095809840a340a5009bc093409b0080c08ec0
m31aw,3,train,60805f405d006000600065806400674077007d8078007b4080c08e80944096409ac0a080a980a0809840950090809140
m31aw,3,train,5d805bc05bc05e4062c0684066006b807c407c407380770087c09200968099009a80a300a7409e40964098c085c08ec0
m31iy,0,train,6200614061c066c077c0790081c085008c808ac07a80780077407500728075c079407a408cc09640a240a5c0a5c09ec0
m31iy,0,train,68c068406a006e40794077c082c087808e00860077c077007280714072c076c07580770083409140a5c0ae4096c0a2c0
m31uw,2,train,65006480638064c069006780664072807d8076807180710077007cc08cc090c090c08b808d00a280a7c0b0809b80a140
m31uw,2,train,6a0068c069006940674066c068806ec0744071806f8070c07ac08500898095408880870091c08b80b3c0ab80a2c0a4c0
m32ah,1,train,5e405ec05c0060805e40628061c073c07a8074c078807fc087c098c0948098009c40a340a0009c4097808dc08dc08dc0
m32ah,1,train,6140618061c062c061c06c806bc077c07a8070406f807a4084009480910095009e80a1809e0099c097808d008d808d40
m32aw,3,train,664065c0644067406740684068406cc071c06b006b40728078407f809080a1809840a7c0a900a7809e40914091809100
m32aw,3,train,60c0610061c06300624062c065407000770073c0728079c07fc08ac099409d8095c0a6c0a540a2c09a408ec08f008dc0
m32iy,0,train,61405fc0614063006e407a40834082408c0087807ac078007640720076407a408040834088409b409980aec0a0809e80
m32iy,0,train,66806500660065406700760083c08680914089c07b4079007680728073807b407c40820085c094c09f40aec09a00a000
m32uw,2,train,65006180600064806b806700640074807a0070806c006f40730078007dc090c09f409e409b00a940a4c0ac809bc09d40
m32uw,2,train,620062c061c064006a4064c062c06f807b8076806d8070c075807a808ac09ac0978097c098c0a5c0a180acc099809b40
m33ah,1,train,624060405fc06480670063806b807c4080807700794082408d8091008cc097409fc09dc097c093c090408d808cc08200
m33ah,1,train,5cc059c05cc060c062c064006c407e4085007c407cc084c08f80914091c096c09d009e80964095c08f808b808cc08240
m33aw,3,train,60805f805d40640062806b40688079808240770074c077c07740828098409c409a00a140a5409c809600924090808580
m33aw,3,train,5c405c805c00648068c072c06bc0788083c078c0750079c07dc08cc0978097c099809f40a0c09b8092008e808ec08380
m33iy,0,train,63805fc063407f007fc07c80890089c08f40844076c07080700070c070c075c076c07740840096809a80ab00a58099c0
m33iy,0,train,61805f0060407c007ac07c008a408d008d4082807b0074c0748071c074c07740754077408500924093c0ad80a6009a80
m33uw,2,train,66406640658066c068406f0067806ec07b8074006b406d806fc075c08c00968096808d809a00a300a380ab40a3c09600
m33uw,2,train,668066406540648067c06e406ac073c07ec078806e406fc0708075408a80910091808f009ac09f80a040adc0a68094c0
m34ah,1,train,61405c805d80604067806dc069c0690079007b007a0081c0910095808b4090009c00a280a1009a4093408fc08ac088c0
m34ah,1,train,5fc05e405e806140668069c06380688075c0788079c081c0938097408d4092009b80a300a2009b40940090008c808880
m34aw,3,train,60c060005f4064006a4074406b4071c077406dc06d00714079007cc094809e809980a380a840a5809ac095008f808b80
m34aw,3,train,63806180614065006d8072806500708075806bc067806d40798082c098009c409980a340a9c0a5c09b00950091008e00
m34iy,0,train,60005dc061406200764082c08840860083c0908089c07b00784071c0718076c07b0084c086c08fc0a0009f80a1c09600
m34iy,0,train,63406200650065406f4081c08880878082409380888078c0774070c0700078c07ac083c0860090409ec09f40a30095c0
m34uw,2,train,60405e805f405f805e00678077007640830082407440734078407c808e00940092008fc091409300aa40a300a1c09740
m34uw,2,train,6340634062806200610065807700758080007f807180718078c07a40830099c091c08f4090c09640a880a800a3809580
m35ah,1,test,5d005b0058805dc068806f8077407e00870082c07f8084008ac095409600958094809a40994093408e4087c081807dc0
m35ah,1,test,5ac05a805b805f4069006f8076c07e80894083407fc084008b8095809480954095009a4098c092808e00864080007cc0
m35aw,3,test,5d405c8059405f006d806f0077c07ec084407d4076c079007c807fc096c09e4097c09ac0a4809c4094408c4085808080
m35aw,3,test,5fc05f005d8061806a406c006f007b0083407e4075c079c07e80830099009e0099809e40a3809c0093808c80854080c0
m35iy,0,test,5ec05dc05fc067c079808680928091c085408d8089007d00780071807200760077407a40834091c097c09c009e809540
m35iy,0,test,5e005c4063806bc07780868091409240874094808b807c80788072c072c0758074c075808400924098c09a40a1408d40
m35uw,2,test,60805e8059c05f00664075007980760081808200780077007bc0808093808f00844085408d009600a240aa409d0096c0
m35uw,2,test,618061005e80614068c07480798076808140810076c0764079407cc092c09200864083c08d4095809f40aa809b009580
m36ah,1,train,5ec05b805c005dc0674072807680820084807e80808083c08c808f008e4092009280958097c094c08ec088008b008500
m36ah,1,train,5c805a8058805a80690073807780814086808180818085808f0091808e008f8092409680980094808dc085c089808180
m36aw,3,train,61405f005f405ec06cc074007700838083c07700758077807ac0830097c09c00968099809d009a4092008a0089408640
m36aw,3,train,6240618061c063406a0071807440808081c0760074c077407a00850098409b4095409a409d409ac092008a00894085c0
m36iy,0,train,5e805d405b0069c07cc084408800868084c08d8088807e8079007440758079c078407d8084c093409f40a000a18090c0
m36iy,0,train,5b40590058806a007ec08500894088c0850090408b807e007a0076c07680788078c07b4088009100a0009d80a0c08f00
m36uw,2,train,634061405f40604067c06e006a406e407cc07c4072c0734077407c4087c09c8098408fc09400a0c0a5c0a7009d809240
m36uw,2,train,640064005f006480680070006c806c807a807cc071407100748078c085009b0094c08f0092409cc0aac0aa40a24093c0
m37ah,1,train,5f405dc05d005f4060005f006a007280810082407fc086408d0093809440940098409d809e4098c0940090408c808000
m37ah,1,train,61006000608061005f405cc062406e80804080c07e4084c08e4094809440948098809f809fc099c094c090c08d408080
m37aw,3,train,644062c0618062005e805e806b8071407480790079c079407d007f4090c09dc09c40a000a740a4809c4097c092408700
m37aw,3,train,5f405fc05dc060c0608065806cc070c076407a0079807c008180850094009c8099009fc0a640a10099c095408fc08380
m37iy,0,train,61c060005e0061c0754081808480868082c0880085407d807a0074c06e406ac0708081c094409d00a800a400a6409700
m37iy,0,train,61405ec05b005fc07a00848082c084c08300884084407d407b0073c06b406bc07280858094809cc0a680a440a7c096c0
m37uw,2,train,6380628062c0640067c0784070c06a806bc07c407cc0748074c0728079c08340a10098409a80a000aac0a400a4409800
m37uw,2,train,63c063406280618068c0778072006bc06bc07fc07c4074c072c072007c408340a0009a8099009cc0a940a3c0a5809680
m38ah,1,train,5f005e805f006240650067c075007f807e007b407b407ec08900954091c091c093409e009bc0988094c0898088808140
m38ah,1,train,5d005c805ac060406240618070c07cc07d807a407d008100904095408f8093009380a380a0009b4096c08a408a007fc0
m38aw,3,train,620060405c80628067c06a8070c07f407e807380730077007ac084409a009bc095009f40a140a00098008dc08e008340
m38aw,3,train,5f405ec05d4063406a806b006cc07e807d8071c072c077c07bc08c409c809b409340a380a380a14096c08ac08b007fc0
m38iy,0,train,61805ec0618079807f407a40850086808a00914081807a807740728073c076c073007bc082c08d809880a640a6809440
m38iy,0,train,640064c064007c8082807a4081c0838090c0934082c0794073406f40714074c071808000814084809440a680a8c09240
m38uw,2,train,62005e405ec064c065c05e8068406f007bc082407a407480790084409540998086c08dc098409f00a280a7c0a3809240
m38uw,2,train,624060805ec0638064805e0065006d407b408100788072c0754080009b809e00894090c097409c809ec0ac40a74091c0
m39ah,1,train,6400620061c0600066c06c806cc07480798076407ac082408b408dc08b40a1809fc0990095c0960096808a00890085c0
m39ah,1,train,60c05fc05f80610068406e006e8073c07980794081008b8091c08ec08d809f409e409640928094409280888085408180
m39aw,3,train,63c061806080630060c067806f806d8077007d407740718077807b8090809d809e80a7c0a8009f809900954090008a40
m39aw,3,train,64c062806140628062c06d407280718076007c0075c07140720074c092809e80a140a680a5c09f00984095408d408940
m39iy,0,train,5f005c405c006fc083c08980894083408a008e8084c07ac0734070c0754075c074807b8088c08dc0a380a54092409a00
m39iy,0,train,628060805d406e4080c0848082407c40878089007f80794075c0710076c078c079807c408a8093c0a280a70094409c80
m39uw,2,train,6880664067006980684070c06d4067c0714072406a0069806d0071c083409fc09e00908098c09ac0b380b24097c09cc0
m39uw,2,train,6e406d406b006c806b4069806a006d8070006f4068806b0069806c007ac08d409d4096409900a4c0b000aac0a7809e00
m40ah,1,test,5ec05d8063806f406c806140604074007c8079407a4085c090c092808e80948099c09e009c8095c090408f408b008240
m40ah,1,test,5e005c8061406f807240688060c06f40774075407700828094009580904093809ac09cc09cc0970091808d808c808140
m40aw,3,test,62c060805e406bc070005e805e806a807c0079c0720079407d808e0099c096009300a140a780a3009840934090408600
m40aw,3,test,61405f4060807080780065406080694079c078807000748078c08d009580950092c0a480a8c0a1c098409280908084c0
m40iy,0,test,6280608064c0744072c07a8083008a408e40860076c075c07300710073c07b807e007a408a0099809c40a780a2409800
m40iy,0,test,60c05f80668078c07980794082c08b008d8082007600740073007200738078407cc076c0898095009a00aac0a74097c0
m40uw,2,test,6580638061c066406bc0638067806dc07a4075c06dc06f80714079c08c40998092c08a009580a180a9c0aa80a9809dc0
m40uw,2,test,67006580650069806b40660067006b40780072c069806b006f4075c082809ac09e808b4098409ec0a180b3c0aec09f40
m41ah,1,train,5d405d405e00640069806f80790082c082407cc07d80814089408ec08e008ec094c097009740980091c0894088008340
m41ah,1,train,5b4059405c8066806d4072807a0084c084007c407bc080c08a808f408e808b809180958097c0988092c086c086c082c0
m41aw,3,train,60005ec05ec0658070c0714073c07d4081c0798075c079407b4085c096009a8097409b409e409b8090c08b4088c07d40
m41aw,3,train,5f005d005d0063c06d0071c078c083c084c07980774079c07cc089c097409a0097c09bc09dc099808e00888087807d00
m41iy,0,train,5c805a405f40758081408700914095c08fc0958088407c407600718071c075c07900760082c08e809c4095c096408800
m41iy,0,train,5f805d405f0074408200880092009600908092c088007b80754070807100744077c0758084808a809c80960097c08780
m41uw,2,train,60405dc05e4062006600798077c074c07dc081807a0078407b807f8095c08e408a80864089409fc0aa809a809a008f00
m41uw,2,train,5bc05a0058c0600068407bc07c807800814084407d007c00820085008f808dc085c084008c409e009d80a14096008f80
m42ah,1,train,5dc05b805ac061405fc065006cc07a807f407e007f407fc08f80954094c099809e809dc09980948091c0884089408480
m42ah,1,train,5d805d005c4065c066c06480698074407ac07b407cc081c09280974097c09a809ec09b00970094409080888089808380
m42aw,3,train,650061c0618062806900668069806f4079007380724074807980860096009e809cc0a5c0a640a08098c092408dc085c0
m42aw,3,train,64806380650066806d406b006c006f8074406e806cc0700075c080c093009d00a200a940a9009fc0980093c090408440
m42iy,0,train,5dc05b005c807a008500838089807f808a40908087c079007540718071007180700076808cc099409ec09f009c009780
m42iy,0,train,64806400640076007dc07a8081c07ac089808d80804076407100714072c0720072c081c0910099409880aac0a0409780
m42uw,2,train,628061c05cc06400724070806e0071007a8078c0750073c0798082c093c092407f808cc08d80a600b0409e009c809600
m42uw,2,train,654064c0638063c06c4068006a8074007c40720072006f40774080809180928088c090809640a8c0a3c0a94097809540
m44ah,1,train,61805e005c00618067806f00788081c07d007b007f0084808d009380934093409d809900954091c08ec08ac080807d80
m44ah,1,train,5d005b4059c060006c0073807d8085407e807c407f8082c08ac0934093c092c099809a00958090c08ec089407f807e40
m44aw,3,train,634060405f406100730076007d807fc073c07180748078007b807f8092009b809d009f40a0409b8094c08e8084c08100
m44aw,3,train,5d805bc05b80610076807ac08140820075c07380758078407b40804094009c009ac09dc0a000994093408bc083808040
m44iy,0,train,634061806040630076c087408d80910091c090c08180790074c06f006f4077c078407c407f408e809740a400a10097c0
m44iy,0,train,64406280610061006e8087008e4091408f808f007f807800760070807180760078407b007fc08e809a00a500a4009b00
m44uw,2,train,61405fc05e80610062006e807d407e407d0082c07a8074c075007880894097c092c08a408e009940a180a68099809280
m44uw,2,train,61c060005f005f405d006d007d007e807bc084807c00758076807ac090c09b008c8087808dc09600a080a9c099009340
m45ah,1,test,5a40584057405c00674070007b8086c07d407780770083c08c008e80954099409c8095c093c099808f8094c07d008900
m45ah,1,test,5c00594058805c8060c073407f0084007d407bc07ec0880088c0874096409940990093c093009a00908095007d008840
m45aw,3,test,5fc05e405cc06240718074407f408480788073406d406ec0708071009ac09f80a100a2809e809ec0928098807fc08b80
m45aw,3,test,61005ec05f00634072c075c0844086c0794072006d406d406dc07c809cc09f409f80a1c097409a40940094c07fc08780
m45iy,0,test,62c0608062407c808900844085008bc0880078406c40710070806e40764079807ec07a4087c09780a9409680a0c09fc0
m45iy,0,test,628061805f407d0085407f0080008b4088407cc078007840774071c07cc07d8083007c407d40a100a5407680a3409d40
m45uw,2,test,6a00678067806bc069c06ac069006d00760074806bc06d007200764081c0914092c08e409d009440b480aa00a080a100
m45uw,2,test,6c406b406a406c006b406a806b006fc0794075806ac06c006ec071c08a008c40968095409980a980b0808480a3c09f40
m47ah,1,train,630060005f80638062806380670070c07c807bc077007f80878093809c80958095c0a000a0c09c8097008f408b808180
m47ah,1,train,61805f806080640065406780690071c07bc07a0073c07f00864096c09b4093008d80a180a3c09d40960090008c807d40
m47aw,3,train,620060805ec0628066406bc06e8073c080007f80704075807ac0800091c09a0098809bc0a880a5809b8092408b808180
m47aw,3,train,5ec05dc05cc060c0684074c071c07540804080806e4074c07a00828090809a0099409c00a9c0a4809ac092808c407e80
m47iy,0,train,614061005e8062807e8089408b0084007f808fc08f007880764076c07180760075007440864090c09800a7c0a6c09780
m47iy,0,train,62406080604062c07b808c808c0083c07f80934091007680758075c074c07640744076c0840092c091c0a9009f0096c0
m47uw,2,train,61005f805d005d8066c0724078c078007a808680838078807f8085c097008d0084007f808c809b00a4009f009e808d80
m47uw,2,train,61806140614061c0670072c07ac0778078808d808380734079c084809080918081407f808d809b409e40a4409f008b80
m48ah,1,train,5d005a8059c066806c4065006e007c4079406e8075c07dc08a4092c08f408f8097c0a0809f009b0096809300918089c0
m48ah,1,train,5ec05ec05d40650068406640670078c077806e8074407e008ac094c08e408dc09680a240a2409d00984094c094008a00
m48aw,3,train,638060405fc064406e806b8061807240770070406f0075007b80820098409b009240a200a840a6409c8096c091c08b80
m48aw,3,train,61c060805f806180684066405d006cc074c06fc0724078c07b008c009b809b008e80a6c0aa80a6809c80978093c08c00
m48iy,0,train,664064406d4079007a406fc07dc08c8094807e407400738071406f006fc074c078807c8089009c40a280a440a7809940
m48iy,0,train,61c060c06d007a407d0070007f808f8092c07e407540760072406e806f8076c07b807e8087009b80a180a280a8009340
m48uw,2,train,688068c066c06ac06a00680065406a8072406ec06d406d007080760085809300938093c099009fc0b2c0b140a9009900
m48uw,2,train,684067c067c0680065c0634067406d4073806d406e807040700073c07f809e809fc093009740a180aec0a9c0a8c096c0
m49ah,1,train,5ac057805d8065006b4070c07cc087007f0075007b4083808d8096c09600934099009800940091808e408ac085007740
m49ah,1,train,6140608060006340668067006cc0780072c06d00778084008e009a40944096009f409f009840968093c090008b407f40
m49aw,3,train,660065c0644065c064406c806a80728073c06c406bc0718076407a8084809e80a2c0aa00ad00a5009e40988093c08480
m49aw,3,train,6300620060805fc06ec078c073407d407d406fc0704074c079c080008c40a0c09cc0a2c0a2009b80948090008a807f40
m49iy,0,train,64c06340654074807dc085c085c08f808ec078407400730073006f406f8073807a4079808e009740a400a240a5808e00
m49iy,0,train,69c06840678072007f00860086808b008ec07d4072c0728071406d806e40724077007940898096c0a500a300a6c08f40
m49uw,2,train,66806380628063806b8070c06a80730077806e8068006c8072c077807e80934098c092c09500a600a980b280a6409b80
m50ah,1,test,5dc05c805bc066006e406fc071c0810083008080814085008f8091408800838090809c809a40948090c086c087408640
m50ah,1,test,5b4058c0574064006c807000720080808500820081c084c090c090c0860087c097409cc09b0094c0904088c0890084c0
m50aw,3,test,5e805c005c00610068806b80688073c07f40790074c07b8082408f4095008dc09600a340a14098c09a808fc090008e80
m50aw,3,test,5cc05a805a8061806f8072c06bc073c081007b807400784080008d8093008b8096c0a1c0a0c099009ac08e808f008dc0
m50iy,0,test,620060805d80708082c08840848087c094c08d407c40760074006e406940698077008100898095009d80a5c0a0009980
m50iy,0,test,6700648063006f807f0085c08400898093408c807b40750073806d8067406880760080408a0094c09c00a500a0009b40
m50uw,2,test,62c06140610065006c406fc069c06fc0790077807300734077407c008bc094c085008f4097c0a080adc0ab009f809300
m50uw,2,test,6ac06880674069406c40684065406fc0768070006e40708073c0754082808bc08c40928097009ec0b240afc0a8c09840
w01ah,1,train,5e405b405d406240614069007800804079007ac081408b0092c08f809900a0409a00954093c082009580850085808540
w01ah,1,train,62405f40608060806000640078407cc07580774080808ec090008a009cc0a0809bc09340958087c097407d408ac08940
w01aw,3,train,600060405cc0630062c0658076007a8074c073c076807d807e409ac09b809b00a5809a009d0091009c807bc08ec08c80
w01aw,3,train,5e405dc05b0063006440664079007b40744071c075c07e4089c097009c409d00a20098409d408e809a407b008f008c40
w01iy,0,train,620066c06c0070c079408a409740970081c07800760070407380740070c07e807ec07b8078c0a340a3407c00a3c09900
w01iy,0,train,6680684069c06cc0778086c0944095408100778074c070c0734073c072c07f007fc07d007b80a440a4807f00a4c09ac0
w01uw,2,train,64c062c063c064c063806300750075c070c06f4070007500794088808a0090c09300994098c0ad809a80a140ab008580
w01uw,2,train,6580648061c062805f405f40754076c071007000714073c0788086c08e4096c0908096c09740af409f40a080aa808700
w02ah,1,train,5b0059c05bc0638065806ec07c007bc07c007a40844094008e40878093c09880990092c095c087809900850086408580
w02ah,1,train,5a8058805ac064406700738079007a407b807b4087c091c08d8086408fc099c09840950093c0858099008b80848084c0
w02aw,3,train,5b805ac05bc069006a806c4078807ac074c07100784080c08780990095c09340a3409b009f808e409b007f8089008700
w02aw,3,train,5d405ac05a00668067406b0074c0790075807200774082c08d40944095009580a1809d809d808c409b808c8087008740
w02iy,0,train,684066c06e407b808600828090808c0079c07700720070806c406f006a807a80848078c07dc0a980af407c00a3c09f00
w02iy,0,train,694069006f807980824083808c8089c07a407580724074406f80718071c075c0830078407d00a780b0407d80a2009e80
w02uw,2,train,67c06680668068c0688067007bc07c80748074c077407d8085c085c084c08380854083008980a940b28086009e809b40
w02uw,2,train,6640644067c06a406a8069c079c07b406fc0728076807b40890082c0820081c086c081808980a740b40093409d409b00
w03ah,1,train,5ec05b405a405cc05ec05f0075c07cc07c80808086c092409500938099009b0094009100914089c094c08c8085008700
w03ah,1,train,5e405c4057c06000610069007b808280800082c08a40934095c0918096c09a80948090808e408d0087c08f0075808380
w03aw,3,train,60c05f406000600062806b807440758070806f80714078407d0090409a00a100a100a0809c8094809b40938089808bc0
w03aw,3,train,620060805fc062c066006d8075407a80720070c074c078c083008c409bc0a000a2809f8099c09580910095807f0089c0
w03iy,0,train,60405a4069007ec081c08a00928096008b407ac07780730071406e006e8075007940798086008580aa00a1c095809800
w03iy,0,train,6240614066007c007fc088c091409540894079c07740714071006cc072c075007580790087008d00a8c0aac090c098c0
w03uw,2,train,6a40690069c06bc06ec06f4070c077c070406e406d006f40720077c07f008c409dc08d808c80ac00b5c092409c809980
w03uw,2,train,6b406980694069806d406d40708077c070406f806f806f00730075007e408640990094008c409b00b880a8409b809b80
w04ah,1,train,5b8058405880600060806d8079007d0079807bc081c088c0988093c095c096809a4094009b808a0096c077808c808a40
w04ah,1,train,5d4059805d0060c05f406a8076c07a4076407c0081c08a8098c09200938095009b8095409d008a0097c07ac08d008ac0
w04aw,3,train,60405ec05e8063c064806500724077c071c0740077007ec0894097c099c09a009d809a409d808ec097808a408a808b00
w04aw,3,train,60005fc05fc0644064c068407680784071c07480774081408c8093c095c098409ac09ac09900914095008cc0884089c0
w04iy,0,train,628066006f4071407b807f008b408e8081c0784074c0764075006dc06d006e00800081408b009f00abc08e009f809dc0
w04iy,0,train,5f4061006c8071407b807e408ac08f80814077007480730074c06dc072c0764081007f808a809d00ac8094009e009c40
w04uw,2,train,678067406700680067806800724073406ec06fc076807dc088c08f8088008200800088809080a780b2408a809f409c80
w04uw,2,train,6a4067c0688067c0660066c0714073c07080718076007b408a808c0087c08280818085409080a380b24096409e009c00
w05ah,1,test,5e005ac05cc05e805d405dc06e807b007bc07d8080c08c80920096409a0098c09d009580964093c097806f4094808e40
w05ah,1,test,5cc05c005d805cc059805d006c007f007d807dc083408d40960098c09a0099409f80910096009080990070c092c08f40
w05aw,3,test,61405f405fc05f005e405f40664078407d80780078807d408d80964097c09c80a2809ac09bc097809b80730094408e80
w05aw,3,test,62c06280630063c06300630065c076807ac0774077807d808e00930092c09e80a2809b009a8098009ac06f8094408d00
w05iy,0,test,5fc05d8066006e407e8081c085009280838078c07700778075407380738082c07bc087007a00a0c09c009480ab809940
w05iy,0,test,60805d8065006c807cc0800088408fc083007a807800764075407340730083807a808a8074c0a1409a809b80ad009740
w05uw,2,test,64c06400618063c060005d8068007380754070c072006f807c0080c08440a3009a0099808780af40a9409980acc09880
w05uw,2,test,64806140624063c05ec05cc06c40754075c07440740073c07c807d807fc0a6009bc0994082c0adc0a7409a00abc09540
w06ah,1,train,5bc05b005a80600063806c407e8080407ec07cc08280878094809240934094c09c0095009b00890096407c8085c083c0
w06ah,1,train,5b40598055c05e0063c06f807d407ec07ec07f0081408580948092c0938099c09b4097009ac089409580864081008100
w06aw,3,train,5d405ac059c063c0680072c07b0078c07ac077007c008040874098c098809840a30099009f008f009880730086808340
w06aw,3,train,5c805b005800624067406f007a0078807bc07a007a007d408a40980099409b40a0409b409e008a80970086c081008100
w06iy,0,train,5dc05f00648073807cc0848087808d408d8080407b407a407a8074c07d407ec0858074407840a3c0a9007b009b0095c0
w06iy,0,train,5e405ac065c074807dc088808a408f808a407b407a007ac0794074807c007b80840075407bc0a0c0aa00834097409400
w06uw,2,train,6680654064006980680065c06c007a80770070c071c0718077c07ac09e409cc0918088008d40abc0b44085c098c09500
w06uw,2,train,6440628063c06e4069c065806e80790078006d8070406ec07600828098c09a808e0087408ec0a7c0b500968096409480
w07ah,1,train,5d005ac05b406240644065406e0075007500740076007fc08cc094409c80a140a3409a80954098c09380964081408a80
w07ah,1,train,5e005c005bc06100640063807040794078007480778081808fc097009a40a480a0809a00954099c0900096807a008880
w07aw,3,train,618060005e406040638063406a40740071006ac06f0078007fc08f009c80a040a380a5c09f40a1009800998085808dc0
w07aw,3,train,63806200634065006480654067c0778072406f0071c07bc0828091009a009440a900a5809e809a8093c09580810087c0
w07iy,0,train,6380628068c06f0073c07f80868088c0840075007280738074c07440750084007f407e808b008480b080a7809e009f40
w07iy,0,train,630061c06a00708070807dc08a008e40834078c07340740071c06f4071807d8081c085c08e808bc0ac40a7c098009bc0
w07uw,2,train,698068006840680066c064c07180724070006e006c806ec073807e809040944091008b808d00a6c0b800a4409c809b80
w07uw,2,train,6b406ac06bc06dc06c006b406e006c406540664069406b80734080008d8091809400974095809240b780b2c0960099c0
w08ah,1,train,5940584058006140680074007b807bc0784081408b40950090808e808ec0980093409b4091809400908073408ec07f40
w08ah,1,train,59805740588062c0678077007a407c807a8081808c8092808e008cc08ec0988095409bc09380934091006ec08dc07f00
w08aw,3,train,5a4058c0564068406b40734076007700720077407e808400978094c093809d809900a040974095c092c073808f808040
w08aw,3,train,5b8059805a0066406980734077c079c074c078407f0085009680948091809c4099009f4097c094c092806f808f008140
w08iy,0,train,5c405d00680071c07e80860092008e4081807900798076806ec076c077c07dc07f0083809400a5808c809d00a5807ac0
w08iy,0,train,5f805f8067c06c007d00864090808d4081407a407a0077406900750076407d407e8083c09400a6408f409ec0a7c07d80
w08uw,2,train,63806100604060405ec0654076c07c0076c0730079c0894090408d4086c0810086c08d809880ae409dc098c0a2c07fc0
w08uw,2,train,65c064406580668066006a8078007ac0728074407b8082008d4089008600824083008e808400aec0a4809400a1808640
w09ah,1,train,60c060005dc065c06480638069007ec07a00788080808e809540950093809f009e0096c0918096c096006e408c808100
w09ah,1,train,5bc05ac05a405dc064006400738080007e4080c082008a409b80960092c0a3009ac09a408a009800928077808b407780
w09aw,3,train,62c05f405e8062806700680063c075007700724077407e00870092c09e00a6c0a640a1c09cc09bc09b006ac08fc08500
w09aw,3,train,62c06280628068006b406880634073c07680718079c07f408ac096c09e40a400a2009fc09900990097406c808c407f40
w09iy,0,train,6240614065007000784084408b808f0082007b0076c0744077c07500748082c07a4084c07e00a3c09b009800a6408d00
w09iy,0,train,628061c06b8076407a808380894089807f407680770078c077c07a407dc07f008680864096809f807800a200a7807280
w09uw,2,train,62806240630064c061c063c0740079c0764071807100730077408d008bc095008bc094009180aec0a1809d00a8408940
w09uw,2,train,63006280624069c064c062806c407b8070806e406c80740078c0870099809d00950097009e80aac08d00a3c0aac07980
w10ah,1,test,5cc059c05bc05ec05e406300720085c083407f8082408e4094409640978098c09e409700988093c097c0684088008200
w10ah,1,test,5b805a805ac066c063806bc077008ac083007f8081409080984093408fc09440a080930097808f0096c0658083007f00
w10aw,3,test,5c405a8059c064006a006ec07a4085007a807a8078407cc083c095409d409ac09dc099409dc092009980744085808180
w10aw,3,test,5840598059406b406ec071808300850077c07b0077407b408a4098809bc098c09b0098c09c40918097806bc084007f40
w10iy,0,test,5fc05f006f4077007a408cc097809600824079c075c077407600744077807e807e807c007b00a200a1c07fc099008f00
w10iy,0,test,60c060006d4076807c408e809900974083407740780076c07680754077807cc07c007a807840a300a2807ec098408d80
w10uw,2,test,6700660065806740660065806700800079c06e406c4078407fc08b809100944090408c408580af40ac408980a04091c0
w10uw,2,test,64406400628063c0628063006fc07e407b406f806e8074c07cc084c0928092c091c08a808c40ae40ae4097009e409440
w11ah,1,train,5a8059c059805f405ec06a807c007bc077c074007f408c40948097c095809d8099809a4092808e8095008fc082008540
w11ah,1,train,5e405c005b00608060c0670075c079c077c074c07e4088809480968097009ac09a809c408e809000940093c081c08840
w11aw,3,train,5e005c005780634069006780770079406e00708076807940808094009b00a1009e409b40a14092c09cc08ec08bc08c00
w11aw,3,train,5dc05ac05b4062c06900668076c0798071c0710075c07a40844090009b809fc09dc09f009a0096c097c0938085c089c0
w11iy,0,train,63c0620060806d807c408280890095c08a007c40784074007200708071407b007840778090408940b0c0a6c098809a00
w11iy,0,train,65c064c064006f407e0085c08d8096408fc07900754072c07140710074007e00718071808dc08800ae00a68096009840
w11uw,2,train,5fc05b805bc06c0068c06680804084c07f0079007ac09380908084c082007f807fc08a008680aa80ab007b809ac09080
w11uw,2,train,5fc060005fc0680066006d4080c087007c0078407d00948095c084807d407a807e00890089c0a8c0ac80794098c09200
w12ah,1,train,5e805d005b405c405bc060406d408200880085c08f80934092809080960095c09cc0930096808dc094006a408d408880
w12ah,1,train,5a0058c0558057005b4061406dc084c08a8087808e00934095008e40988098009e00920098408c8096006e008c408900
w12aw,3,train,5d8059c05b005f40654062806b807a407f407c807d4087408c8090c097409e80a4009e409f009480984069408f808940
w12aw,3,train,5d805ac05d0063406580644069007d80838079c07f4086008b0094c097809ac0a3409b409ec0920098406a808d8088c0
w12iy,0,train,608061806a4077c07f407f408b4089c07e407500758075c0750075c07b807bc083c083408780a200a90075c09f809b80
w12iy,0,train,5e406000690075c07fc080408a8089c07fc0754076007600764074807c407bc083c081c08780a200aa007740a0009c00
w12uw,2,train,61806080624067c0678068807e007bc077c074006c406c4073808440890091008c409a008fc0ab40a7808cc0a7409780
w12uw,2,train,6600650066806ac0688069807840798073c06ac06ac06c00738080c0884095c0938099c09280abc0a98085c0a7809a00
w13ah,1,train,59805840580061806a806a40810087807f807ac07c00938095009280990094809640984097009100938064008c008480
w13ah,1,train,5a4059005c0063c068806a407c0089c07f407bc085c0914096409000988095c09440920096008dc09480620089c08580
w13aw,3,train,5f805e405b80674064c0660069007ac07d8077007080800088408c80994099409b80a3c0a1c09a009b80774092c08a00
w13aw,3,train,5a8059005cc06b40674068406ec07f4080007980778080808a009400924095809cc09dc0a08094809a4074408d808880
w13iy,0,train,5f805f40728077c07e8084409240938081807c4073807280730072c07b0072c0748082807f80a300a3c07dc0a2c099c0
w13iy,0,train,64006380744076807f4084c0910091c081407b0072c0748073c070807c4077c07800780079c0a240a7007c00a1c09c40
w13uw,2,train,65c063c0624066c0648064006f807780758074c070c0770079c08b409dc0880085c08c4089c0b0c0b1c083c0a4809b40
w13uw,2,train,664064406640690067c0648071c079007200720070807ac07e8080c097c08d0084c0874087c0afc0b2c08b80a3809c40
w14ah,1,train,5a8059005c40624065c06ac07a807b007d407c0084808b4090c08e8095809c009c40974098c0848093c080c0854084c0
w14ah,1,train,59c059005a40618065006c807c407d007d407e8083008dc08f008d4092009d80990096c097808c00928086c082408300
w14aw,3,train,624060806180678063c068c07e407d4073c06f0074007a407e808d0099009940a2c09c80a18093409a8079c08d408940
w14aw,3,train,5e805c405ec06680668069807a007bc076807440758079408340904097009b80a4809e80a3008b8098c0848086c085c0
w14iy,0,train,618060c06b0073c07d4083c0860092808100798075c07780778072407bc07bc0824079407d80a480aa4083809e009900
w14iy,0,train,608060006f0076807a4082808cc09040864077007480738075406fc07880798082c07d0083409f80a900890099809640
w14uw,2,train,6280618061406740668064006f00778073407280728072007d008c8092c091008dc093408b40b0c0ae808800a5409700
w14uw,2,train,6680650065806840680067c076007bc0758071006ec06ec076007e8096408f8090408f808ec0abc0ae4082c0a2409a40
w15ah,1,test,5c005b4059005dc0624064c07b0084c082c083808a00930094c0918096c09400970095809600910094c061808cc08600
w15ah,1,test,5e805d005cc05fc065c0688076c087807f80828089408fc093809000954093809740928096008dc09440670089008480
w15aw,3,test,5b805c80598062006bc06840714080807b8077807e807d00874095009ac09d4098c09e4095809a0096807800920082c0
w15aw,3,test,5f405cc05d4064006c40690076c081807e0079c07bc07f808d4097c0978097009c0098809a409240970068008b008500
w15iy,0,test,61005e0071c074807c408b0094009080838076c07600734073006c006a8081c0780085c07400a3c09dc09600a8c093c0
w15iy,0,test,61405dc06dc0720079c086809200928085007740750071c06d806dc0740081407e8087408500a24095409c40a7808740
w15uw,2,test,640061c068c070406b4065c077007c007800734072c07740774077c08f8088c0a10098c0a300a4c08140a940ab006d80
w15uw,2,test,6480638062406e006ac0640076007cc07240704071006f0071c076c07f40918092009d408f00ae80a6409c00ab009400
w16ah,1,train,578056c05b405e405ec06b407c808000800084c08b008f8090808e00950095c09200924091408d4090808ac0858088c0
w16ah,1,train,594057005a805f805d006c007d8080807fc0804087408d808ec08b8096009680950093808f0091808e808ec083c08b00
w16aw,3,train,5c8059c05a40644067c074c07dc0798075c0740076807d408ac0920095c0a1009a00998098c0900094808b4084808600
w16aw,3,train,60c05f005f8062c065007100810077c0744074c079007d808c80918092409dc09a009a409680920092c08d4082c085c0
w16iy,0,train,610060406dc076c0824087808d0087007d4075807440764075c073407dc079807b80864085c0a480a6407b009dc095c0
w16iy,0,train,628062c070807a40854086808d4088c07ac0750075007500750074407cc079807940858089409e80a4c079809c009740
w16uw,2,train,6580654063c0660063406840730076806fc06f806fc077c07f4083c094408dc08e408ec08f40b180b4c07e00a1009a80
w16uw,2,train,68c0654066c0684069406900728071006e006d80708075407a408540960092008d408b808f00ad40b3408380a1409c80
w17ah,1,train,5e405d005c4061c0694069407a407b4077807d0084008fc08f808c8091809b80978095009440898095008880854085c0
w17ah,1,train,5d805c405b406140680068c07a807b4077007b408240914091408dc090c09d4097c0964094408a0094c08a80848085c0
w17aw,3,train,5f005bc05ac064406f8070c075007b8071406f8073007b407f0093c098809c40a4c09ec0a0c089409b8086808a408980
w17aw,3,train,5dc05c005ac0678070c070c079007a007300734078007c808680968097409840a1009b809c408680980085c088808800
w17iy,0,train,5f00600071407480850085c087008bc086c07d00768073c07280738076007740744081808e809800a6c08f40974095c0
w17iy,0,train,5f005fc07300738082c0870088c08f0086807d807740764073407280754078c077007bc08f009240a780934095c09500
w17uw,2,train,674065406380648066c066c06dc07b4072406c806e40720075807c408ec090c09a4090409580adc0b58089c09e009a00
w17uw,2,train,6a0069c06a006b406b406b40704074406f006a006bc070807300770089008c80984091409780a580b48099c09ac09980
w19ah,1,train,5c405ac05b005f0060c0678075407c4076807c00844096409600930091409fc09c8097c08fc0998096c070808e008000
w19ah,1,train,5a0057c0594060c062c06dc07bc07f407b4080c089c0944092808fc08f809c409c4094409040960096006a008a408040
w19aw,3,train,61c060805fc0634065c06580788074c06ec06fc073c07e408c4092009740a1c09ec0a1c09a009c409a00788091008340
w19aw,3,train,60405ec05e005fc0684066407a8074006f007000708081408d4096009ac0a3009e40a3c099c09c809900768090c08140
w19iy,0,train,5ec05dc0668073007c4084c087408d4086407a4076c07840764076c0768084407c008c8077c0a6809f809080a1408b00
w19iy,0,train,5d405dc063806f407bc083c083408ec0834077007540784074407700794082c07c408bc08000a700a2c08c40a2c09180
w19uw,2,train,650064c0638065806480624065407a8078006ac06e0073c078c07b009840a28094009ac09bc0b3c0a3409640a0c07dc0
w19uw,2,train,654063006200670066c063c06980770077006d406b4070c07a007ac09640a8c090c09a808f80b480a94094c0a18084c0
w20ah,1,test,5b405ac05b006a006b006d80738074406d80670074007d808f40924091809c809b809ac09b8092809e0095008cc08e40
w20ah,1,test,5b80590058406a006bc0728078c076c072406c0075007c808fc09300948097c098c099c092c095c0974098c085408d40
w20aw,3,test,5f005d405bc069806b4068407840718069c065006cc0778082808e0096c09a80a000a3009f809b009e4098c08c008f40
w20aw,3,test,61c060405f406b806d806b407a4075c06c0067006c8073c07e809040960098809b80a0009a809c8098409bc086809000
w20iy,0,test,670064c068806f8077407dc0824092408f4077406f406f006a4070807a4076c0770079c093808f80b280ad0097009a80
w20iy,0,test,69c067c067806f4076407b8080c08f008d407a407080730071006e007b007500764079c091c09080b140ae80958099c0
w20uw,2,test,6e806d806bc06dc06d406cc06e4071c06cc06bc0678068006f407680870096008c408c409180ad00a940b38093c09ec0
w20uw,2,test,70006c0068c06cc06cc067c069c073c070806e806d406c40708077c08840980089c08a408cc0ac00a8c0b40096809ec0
w21ah,1,train,5d405c405b80660067806e0078007740774076c07e80870092c093c0920091409bc095009cc08b809b0080408a008880
w21ah,1,train,5d805c005d00650066c06d4078807a807a4078407f80860094c0904090c090c09c0095409d008d409a007a008b808900
w21aw,3,train,61005c805c00664066406d007d807b007580764076407d8085c08d4095c096809b809d009e0098009bc0714091008ac0
w21aw,3,train,5f805bc05c4066c066c07000828080007700760074807b8081408dc098c097409c409c40a08095c09c406d008cc08840
w21iy,0,train,618060c0608079007e8087808d009180948081007740788078c07200744077c083406c007080a1c0a9007dc0a0809c80
w21iy,0,train,64006300624079007d4083008ac0920093c083c0774078807680734075c078c082806f007300a1c0a8807bc09fc09b80
w21uw,2,train,66c06640668069006d0068c0698076407dc073807300774085408b8091008d4089808b408300aa40a8008580a3c09580
w21uw,2,train,62c06100628068c0740069406d007c8082407800768079c083808e4091c082807d0090408400aa00a5c08b40a1c09000
w22ah,1,train,5d005c4066406e806f0077007c007bc0780076c07f808c8093c0934097409b0097808fc08bc08bc084c08ac073007f80
w22ah,1,train,5e405e0066c06e406e0076007cc07c40794076c07e808d009340924096c09c8098408f408c808b8083408a4071c07f00
w22aw,3,train,630061406740720071007dc08400754070806c806c8072407ac07880984097809b00a2c09a409a809440928080008540
w22aw,3,train,5fc05e80650072c072c079c082c0738073406f4074c0794083808e009ac0984096c0a100910093408e808f0079c08100
w22iy,0,train,664066807000748078c088c08a808cc089c07ac07300740074406f0076807740814077807d80a280ae808d0095409300
w22iy,0,train,654065c070007640770087408dc08e0089807ac07480758073007080754079007e407a0081009940abc0958091409040
w22uw,2,train,6900660067806e8065c06b807580764072c06e407040700077007e40844096408e408e0098c091c0b500acc093009540
w22uw,2,train,6840658065806d806a00688079c074c06dc069406a406e4074807b00834099009500950097409340b700b20093009640
w23ah,1,train,5ac059805d0060c062406ac07a007f8079c07a408240904093008f8098409d809c4096c0994082009580820084808440
w23ah,1,train,5f005d005d805e8063806a8079807c807a007a0081808d808dc08b008e809d409a00988098408dc09400898083808480
w23aw,3,train,60405f805c4060c06280638070007e007d4079807ec083008c00964096009740a54099c09f4090009a00778088008540
w23aw,3,train,5ec05d8059005d406340664071c07e407a80754079407ec09240954097009d00a2009ec09cc08f0096c08a0083008380
w23iy,0,train,5dc05d80718076007ac0858087408f408c007e40798075c0784071807780798081007c8085409800a5408640978095c0
w23iy,0,train,61c061c06d4073007640844085c091808bc07dc07a0077c0788070c07a007a0082407a8081c09bc0a60081409a0096c0
w23uw,2,train,6680658067406b006b80688068c070c080807bc073006c4074c078409000948095808e409080a000b0c09980960094c0
w23uw,2,train,6900688068406a406c4069806b00734079c07700728071c075c079808d00970094c0918093408b40af00a1c096009680
w24ah,1,train,5c80594059405fc065c06cc07dc07d407b4080c08f8094809640960096c09c00920095c08a0098c0804086c08e406540
w24ah,1,train,5d8059c05a40640065c06f407c807d8079407f40948097c098c0974095009e008dc096c078c097c08a807fc08bc06cc0
w24aw,3,train,5fc05d805c40660069006d007ac072c0704078007d808500954090008d40a3009a80a0009040994094007a008f007bc0
w24aw,3,train,5f405e005d006280644075c0774070407080794080c08a4095008e808a80a10099c0a0409200998094c079408f407d00
w24iy,0,train,5fc062006c80758079c07e4084807c00720073c073c0794077c07600824083c08d408d80a000a9407e00a240a7c07140
w24iy,0,train,624063c06c40730079c07f4089007f407500740074c077c076807680810083008cc08d409fc0a9007c80a040a5c071c0
w24uw,2,train,6500638065006800660065c07b006e406a0072006f4073407a4085c09c009dc0948094c0a940b2808600a000a6007040
w24uw,2,train,66c065006800678065006680770071006e407080724075807740854097009ac093809580a740b3408a409e40a5007140
w25ah,1,test,618060405f806280608064006d0073007100770083008c008e408f009f009e809e0095409bc090409a0077808d808a80
w25ah,1,test,620060c05f406040604064c071407540718073c07f80904091808bc09b40a1809ac095809c00878099808640898088c0
w25aw,3,test,61005ec05d8061005ec060406f0072c06fc06f0077807fc08dc0920095409f00a0809ec0a1c097809bc0918088c089c0
w25aw,3,test,60c05ec05e80628062006500730075807200708076407f009000928092009f009c809bc09dc0964099009100864088c0
w25iy,0,test,648063c06cc074007e0088008bc087c07ec07640754075c074c0738077407f007ec085808140a740a6c07f409e409340
w25iy,0,test,6540678073c0778081408d408fc08a407ec0740077807600750073c076007c007d0082007f40a480a48074c09b009180
w25uw,2,test,6a406700680069406840694070c06fc06f806cc0778080c088408a80860081808380940091c0b100b2807f409cc09440
w25uw,2,test,6a40690066806840660065007740758071c06f4072007a0082809000890087408c808fc09380aa80b140818099009480
w26ah,1,train,588058c05e40660064c070407d407fc07cc07c807b8080008f009500928099809ac09c4091c091409240918079c08040
w26ah,1,train,5d805c806000664064406f807cc07d807b007b007b407f8092c092808f009300994099c0978090408e808ec084407f00
w26aw,3,train,5e805d4060006c006ac06dc077407d807a807580728072407bc0860091409cc09bc09c80a1c09ac09ac09380838085c0
w26aw,3,train,60805ec062406b8069406d8077407e4079c07580724073407bc0890097409c409700a100a1409c80928097407b408380
w26iy,0,train,5e805e8071c07bc07f808e408bc092808ec080c073c070c072806a406f8074c079807e408a009580a48090c096809580
w26iy,0,train,64c064806e007a007d008b0087c091008d407e0073c0714072406d406cc07400770080408b809280a340a7008ac09480
w26uw,2,train,6800664067406cc070c06bc070c075c07540738070806c4074007a4086409180960090009000ad00b0808680a08099c0
w26uw,2,train,6ac0694067806c0070406b40710077807480744071806e4075c0798081008e40894085c091809c80b5c0ab4099c09b00
w27ah,1,train,5d8059805dc0658066406f007d0082007f0082808f4097008ec088c0888099808f409a80824093808c807f8090407a40
w27ah,1,train,59c057805dc06640690072807fc0824080c082c08e8091c08c40884084809c80980096408d0092008ec06f808bc07cc0
w27aw,3,train,5d005b805c80640069006e407f808340788078007bc080008b40920090c09f409880a0408a4098808fc082008fc07800
w27aw,3,train,5ec05e805f4063c069806fc07d408040784076807b40824090808d808c009fc09ac09cc09280968092c075408e807e80
w27iy,0,train,62805f806a8078407f008c8090408e4086c07840704071c074406c006b4081007b808a0076c0a5c09e009440a3c08cc0
w27iy,0,train,64406400670071c07a008bc08e408f8085807b0072c0770074806ec06dc081407b408a407580a6c09e809340a2c08ac0
w27uw,2,train,674066c066406940680068006d006ec073c074807440754078c07e008b4097008f0095c09640b000a2809880a3c08440
w27uw,2,train,64c064c0634066c064c0648071c074c07540774075c075407c408a8089c096808a4094c08dc0b180a5809580a1c08500
w28ah,1,train,60c05fc061c063406c8071c07e807a407a407dc08580924094c094c090809380970091c0910090c09340648086c07f80
w28ah,1,train,5bc05bc0618066806cc078c0804079c07e0083008e00954093408f808a009680990092c090c090c091c0600083807b00
w28aw,3,train,584056405a8069806d4070007cc081807dc07f4082c08b4093c099009140924099c0940095c08e0093006f4086408180
w28aw,3,train,594056c05c406bc06ec073007cc07cc07bc0800085808c009c8092c08e408c409e009380940086009380770082008000
w28iy,0,train,5e0067c07b407d408040844090808dc081c07c007ac0780071006f006fc06e006d408a008180a4c0a20084c09d808f00
w28iy,0,train,62406600738076007b0087808e408b4082007ec07a00784070c06fc06e4073007d0089c085c0a940a0408e409ac08280
w28uw,2,train,62c0600065006cc06ec06f00740076c07300700075007740794089408a808f408900908096c0b280a4c093c09ec07f40
w28uw,2,train,67406540660068c069c06ac07600778073006fc070c07500784085c08ac092408fc095409d80b1809d0096409f807a40
w29ah,1,train,62405fc05f0061405f006440754079407480778080c08b809640964097809ec096c09d408e80964090807d0091807ec0
w29ah,1,train,5e405c805fc061c05e4066407440778075c07b0083408e00964097409bc09e409640928097008bc09340878083808380
w29aw,3,train,60005ec05fc062c069c0660078807e4075406dc0728077007f808f0096809a40a5409ec0a6008c009c4085008cc08b40
w29aw,3,train,5e005c005bc05f406780670078007bc075c072c076407a40800090409640a2809f809dc0a08096c097c08e0087c08940
w29iy,0,train,60005f0061c06e8078007f0087408e4086c07a0079c07980774077c07e007c808cc08a409ac0a0807f40a000a4407240
w29iy,0,train,5f805e0060c070407b007ec08700914085c07b007940774075c077807a0080808640898092c0a1808f8097409f407c80
w29uw,2,train,6580640062006a806bc0690075807b4073407200720072c07d0084c093409400a3808300a5c0a2808300a900a7807180
w29uw,2,train,650063c06380674067c0660074c078406fc06d806ec071c075c07e0092c097c09a009a00a140ac8099009c80a2c07e00
w30ah,1,test,5a405a4058805dc0634068807c8083c0820082408a40928093409240968094409680924091808c808ec06e408e408640
w30ah,1,test,5900594056005dc067006a007d808440830083408b809380938091809400960097c0940091c08d408f0067c08ec08600
w30aw,3,test,5d405d405b8061806940680075007bc077c076807a0083008f0092c098009f80a2c09bc09ac093c095c0654093008b00
w30aw,3,test,5a8059c05a0062406a006a807b007f807ac078807d4084009280944094409d409f4099c0978090c091806dc08e408500
w30iy,0,test,61406000608071407e8081808b008c4081c07980744072c0768077807b008280838087008480a580a6807ac09f009600
w30iy,0,test,6200610064406fc07f8083808a408dc084807bc073807100750078407c807fc0830086408580a580a7c075809d409580
w30uw,2,test,61c060406180634063c065807200770077007480758078c07a80884097809c0098409b409bc0a9008a409e80a5807500
w30uw,2,test,5f805f005bc05cc05e80610076007d80748072807800768081008800a380a2c09a4098409e80a4c08580a0c0a5007440
w31ah,1,train,5ac05900604063c0644070807640768077007b00894091c09500930090809740964098808e408d808f008c8081008580
w31ah,1,train,5b4059405f0061c0634070807780790078007f00870090c09340904089809580990099c091c08ac092c08b00848086c0
w31aw,3,train,61005f005ec069c064c06980794079406f40730076007fc087c0930097808900a500a5809a40920095408d0086c08900
w31aw,3,train,6280614062806a4067c06940798079c070c0740075007c8087009740920096009d40a600924091408f008ec081c088c0
w31iy,0,train,64006400648070c073807ec07f407f0091008bc07e4079c07680728073807840790086008280aa40aac08040a0409700
w31iy,0,train,5fc05e005e40750076c07f8080c085408f408cc07fc0798079c070c072c073c07a4083808540a940ad8084009d409740
w31uw,2,train,694067c0684069806940698070007bc06d406f0071c079007ac083c087808ec0894094408900b240ae808b00a2809140
w31uw,2,train,69c0688068c0688068806b806e4072c07180720072c076407c8081408c008c808e80924092c0ae40b08080409e0096c0
w32ah,1,train,5f805cc05b005e405e0060406880798084007e8083c08c40944087808bc08d409a4095809d8093c09fc08000950092c0
w32ah,1,train,5c805bc05b405d005e405e8066007b4083807980784088008c008a808e009b809c409b009f4095009e0093008e008ec0
w32aw,3,train,6180620061c0638061c061c06440754076c06ac0738080c08a808f4098c09dc0a180a180a1009cc09f00730097008f80
w32aw,3,train,61005ec05e005e405e805ac064c07c807e0071c0740080808a009540974099c0a2409c40a3c091c09f4087808ec08d80
w32iy,0,train,6440630067006ec06f8081008c008d4084406c406b806f80748073c07b007b80884082408980a540afc08b40a1809f00
w32iy,0,train,65c064c066806e806e407b8089408e007c006d806e4074407580744078c0808084c0820091809380af00a0409d009d40
w32uw,2,train,664064806240670066c066406a80788075406b406c80774080008ac096008ec08e808c0087c0af40af408640a6c09bc0
w32uw,2,train,67c0668066406880674065806c00748072006d806ec075407c008400944090808f8089808ec0ab80b2408c00a2809dc0
w33ah,1,train,5b8059005a005e8065406f006ec0708075807b808a809780960097809d009b8099409740900096c094c072808d808000
w33ah,1,train,5b805a005b005d4066006d8069006e0074807d408c409900958096809ac09d809a0098c090c0984095c06f008d807f80
w33aw,3,train,5e805e005b80618064806f8075407400730074807c8086009800980098c0a0409e409ac094009780954070c08d008080
w33aw,3,train,5d005d805d4065006780760074407080718075c07f408b40988099c099c09d809e4097009400948095006d008a408100
w33iy,0,train,5e005fc06b807a80820084c08bc086007a4078407940784077407e007fc08300830084809840a38083009a00a0406b00
w33iy,0,train,5cc062406bc07900804085c08a008400780079007ac0798078c07e0081c08440850085809b00a50077809cc0a2c06800
w33uw,2,train,644061006280634063c06c0071806b406b806c4072407a407d0081409e409cc098809540a680ac408540a4c0a8c078c0
w33uw,2,train,6600620065c0674067406e806ec0694069806e8072c07a807d0085809d409f0095809600a3c0ad8086c0a140a6c071c0
w34ah,1,train,5c005a405bc0604061406ac07b007ec07b407f4086808ec096c094009600994094008e80978086409700824084408340
w34ah,1,train,5bc059805ac05f4061006b407c407fc07b407bc089409240950092c09000998090c08f0097008d0095008a8081408280
w34aw,3,train,5fc05c0058806180600061c076807e80770075c078c08040844097409d40a0409c4097c09cc08c809c408b408b008a40
w34aw,3,train,5a0058c05cc0640060c067c07a8081c07b0076c07bc08500900094c095c09c4098c0990097409340954090007f808280
w34iy,0,train,628061c06ac07980808084c090c08ec08080764075c075807640748075807a80828076007a40a180a7408200a0c09bc0
w34iy,0,train,64c062c06f407c00810084008e008e407d0074807340758074407000768077407cc07c0084809c00a7c08a809c409a00
w34uw,2,train,65c062c062c0684067c066007c40778070c06d806b40738074c077007f00a0809d4095408d40b080adc08d80a4409600
w34uw,2,train,688065c0644069c06a4067c07940774070406c806d806cc0764079c080c09ac09780974090c0af40ad808ac0a3009600
w35ah,1,test,59c0578056805e0062406bc07cc07ec07a807b808300904094c095c097c09b009580920096008ac091c08680870087c0
w35ah,1,test,5e405d805e80614063406a007ac07cc077807a4081c08fc094809300984099009380920090c08d408e8089c084008780
w35aw,3,test,5f405f405f40648067c06c00794078c071406f8077407f80824096c098c09b40a0809a809e408a8095c084408b008ac0
w35aw,3,test,5f805f005d80618065c06e4076807640704071c078008000860097809b009f009a0098809c00914094808a0089c08b40
w35iy,0,test,630062005e40728079007a408bc0934084c07400738074806e806d407380788080807fc08f409700ac009780a440a3c0
w35iy,0,test,63c061406280714079407b808f80940083407540744074006b406cc072c074c0834082c08e009bc0ab809140a3c0a240
w35uw,2,test,63c06340638066406b8067807900810076c0778079c082c086c087407d40818086408dc08dc0aa00adc07dc09e809840
w35uw,2,test,630062006240660069006700800084407640754076c07a8088408c8084c08480874090408ec0a640a8407a009f809780
w36ah,1,train,59c058c05c00670067406ec07e4081c07ac07b00878090408f408c0091009b40980095808e408200918083c087008740
w36ah,1,train,58c0560060006a80698072807d407d407a007ac085c0908091008d408b409d40980097808c4083c08ec085c085008680
w36aw,3,train,5e005b005bc06f00764074807fc07b006c40734076c07ac07f80934096c09ac0a1409c8096c083c095c084c089008900
w36aw,3,train,5d405d405dc06ec074007300818079006e8074c07ac07a408280988097809780a2c099c09680850094c07b0089808800
w36iy,0,train,5e405d80774079407e40880088008ec08780754076c073406ec073807b407ac082c0824088409a40a3007a809cc09980
w36iy,0,train,61006040744076c07b4087008a008e8087c077007700764070007300794079c081c0814089409780a2c07e409a809800
w36uw,2,train,65006280634069c0698069806f4082007dc077008240898087007c80828082008b0082008800a840b000874099409540
w36uw,2,train,6700654067406b406a406a4074007f007c8072c07a0083808b8082c07c407cc088c082408a40a080b0c0990094009240
w37ah,1,train,5c4059005a0062406e407900798070006ec06f80798081408f80934096409a409b8095409280948090809700844091c0
w37ah,1,train,5c405a005c4061806b4078407ac073807240710078408440908096c0930098c09a009480918093c08e0097407f809040
w37aw,3,train,5e805e805dc0680072c079c075806d006c406d407200794083408e4096009fc09bc09c8099c0954095008f408a008d40
w37aw,3,train,624061c06240674071c07a0075406f006e406d0072c0764081408bc08e809ec09e009e00960095c09580934089008e40
w37iy,0,train,664064006ec072007c0085008b408a807d8075407380738072c072c073007f0078007800898084c0abc0a4c09ec0a100
w37iy,0,train,630061c06fc074007bc085808c808c407f407680754073807140704073807e40770075008a008540ac80a6809f00a1c0
w37uw,2,train,6700640069806d4068406a80748073806e806bc06ec073407a8088c091008e4084008c809140ac80b3408640a2c09e80
w37uw,2,train,6840658068c06ec067c06900748075006d406cc06e4071407a8088808e808e407f8088809040a980b4808c80a3c0a100
w38ah,1,train,5e805e005e005e006100670077c07f807d8080808e009500954091c09a0099009a4090c096008d009540680085c08200
w38ah,1,train,5cc0594057405f005f006680790081007e407f408600964094008e8096809d8098409300984084c09600848083808340
w38aw,3,train,61805fc05e8062c0654066c071c07d407500738078c082c08b0095c09b009b80a2009a809e00934099806c408e408980
w38aw,3,train,5d805b005cc063406a006a0078807c4074c0734078c0864095409680988099809e8096409c00898098407cc087408580
w38iy,0,train,61805f806ec0704078c0868092408cc07c80754074407480780078407a4080407f4080007a80a580a50083c0a1409600
w38iy,0,train,648062806e8070c079c087c090008b007a007480774076c0770077c07c407bc082007ac07fc0a440abc079809d009900
w38uw,2,train,650062006880684064c064c078c07b8071006b006e0073407c408bc08ac098408d0097c08d00b280a7009500a1808540
w38uw,2,train,6780660069c0698067406880730073c06b8069006c4074007ac0870093009e008f4097009600b040a2009680a14080c0
w39ah,1,train,5d405dc05ec0618061c0694072c0840082007b8080808c00904090c099809c00964090409840888095c0794088c08740
w39ah,1,train,5c405a005f405f8064406940760082007fc07c807e408b00908095c09740990094c090409780840095c0850087c087c0
w39aw,3,train,60805f405f8063c06a006b0079007e4080c07080740077407f0091c099c0a28098c095409d808e8099408b80864086c0
w39aw,3,train,5a0058405c0065006c006cc0770081408300744078807c4083c093c099809f409bc096809d808840988086c085c08580
w39iy,0,train,6200620068c074c07cc082c087808a0086807c8070407280704070007400784084c080408c8096c0abc0970099c09900
w39iy,0,train,61c0610066c076407d40844085c08d0088007d4070c072006e006fc0700072407f007c008ec09540b0c0a0009bc09bc0
w39uw,2,train,6ac06b006a806d406c006b406a4072806dc068406c0071c07440788080408ec09540938099008f00b680ad009d409e40
w39uw,2,train,6c806b006a806b40698069806ec073c07100708070407200754075c080408400988090c09600a140b18099c0a0009e80
w40ah,1,test,5b405a005a00620068807000748070c0734076407cc08880904091808e4099c09840994098c092c096008f008b808e00
w40ah,1,test,5bc05b805ac0608066406f807300710072c074407dc088408e8091009340980098009bc09800968095c092c089008dc0
w40aw,3,test,5fc05e805dc062406c40728073006dc06bc06c80724078c07d4087c095009f809f80a2409d409a4099c095808e409200
w40aw,3,test,628060c0624064806dc072c073006e406b806d4071c077408380878092009a809d00a2c099c09bc0970098c088c09140
w40iy,0,test,63c060c067407280780082c083c08bc084c07bc0738072c070006e4071007900848082c084c08940af40a380a080a140
w40iy,0,test,668065c069c0744079c0800086808b40804075007040704070806ec0704079807e0083808cc08c40acc0a9c09bc0a040
w40uw,2,test,6a8068c06a006b006ac06a806b806c406dc06f006cc0718074407900958092c092408f4092c0ad40b3808500a500a000
w40uw,2,test,6700648066006b406a8064806bc06e806c806cc06c00708076c078409340950096408d8093c0a980b5c09580a440a1c0
w41ah,1,train,5b0057005c0067005f8072007b0078807980770080c0900091c0910092c0998094c0940094808c0094c08b8086c08800
w41ah,1,train,590056805e006400618070007cc077c07b8077c086008f8091408e80940097409540968092808e4093008d8085408840
w41aw,3,train,5f005c805c4067006540708077c0714072406fc072407a007fc08cc09800a540a0c09f409c4094409900904087c089c0
w41aw,3,train,60805e405d406480660070c076c071007040704071c07a0083008ac09640a440a100a0c099409740970093c086008a40
w41iy,0,train,63c0628073407d4084808640910080c07a40738075c0750071406f8078007580780082808240a540a8007880a800a080
w41iy,0,train,62405fc070007c008340848090c085c07a4074007380744071406ec080407900754081808240a500a9007b80a6009f80
w41uw,2,train,6580644064c06840658068c06c80738071806f4070c0774079807cc086009400938093c08f40af40af008280ab80a040
w41uw,2,train,6980670066406940668067c0718074007280700070c07400758076c08b409480968092c09100ad80af007940aa80a200
w42ah,1,train,5cc05ac05a405e8062406ac076807a807a407a4083c0930093c091c0930096c09a0094409300948096c06a0095c08e00
w42ah,1,train,5b40584057005ec0674070007c4080007d007d0085408e8093009200914094409ec08f009380908097c0664091808d80
w42aw,3,train,5e005bc05c40650066c06b0075c077c07600754076c07f008d4091009640a180a0009dc097409940978073c093408780
w42aw,3,train,5dc05cc05cc063c068806cc077c07a0078c076007a007d008ec0964094409d80a30097409800944097c0680091408ac0
w42iy,0,train,5dc05c0072407d40838082808ac0900082c07d80780074c07000734073008140790080c07680a0809a8091c0a5409100
w42iy,0,train,5f405f0072407d00828082c08c8090c083407bc0760073c070c073c074407fc0780082c07740a1809bc08f00a2c08ec0
w42uw,2,train,64006300638069006b4071c06fc07e407e00748072c0738078c082c0834090408c4096808540a7c09b809d40a9c08c80
w42uw,2,train,618060c0600067406ac0704071c08080828076007380748077807f00804096408b4097c078c0a9c0a1409a40a9c09140
w44ah,1,train,5dc05d405b8062006040650078007f8080407d0082008b40954090c096c09a809bc094409740870097407f4085408400
w44ah,1,train,5c405ac059005ec05ec06580734080c07f007d8082408c809380910095809fc09a809780958088009600894083808440
w44aw,3,train,6280624061806180634063406a407a007fc0798079007d4081c088009b409d00a3409e00a08096809bc074808d4087c0
w44aw,3,train,6300624063006440658066406b8077007ec07a4079c07d8081408f40998099c0a6009b00a14092009b0073408a408700
w44iy,0,train,61006040664077c07f007ec07f808e008d007c407500740073c0744078407a407c008a808880a100a3007cc0a2409a00
w44iy,0,train,644061c0654076807e407e007a408a0089007c40768074c074c075c0794078807e80814086c0a000a8008480a2009e00
w44uw,2,train,630062c0600064406780608064807c0080c07b80754071807640804086809a808e4098808100ac40a4809d00acc09580
w44uw,2,train,640062005e80650065806100654079807c4076006f406d80760080008dc0a54093009bc08500aac09f809fc0ac408fc0
w45ah,1,test,5e805c4058805e805e00648078407b40788079007dc08940930094408e80a2c09ac09a0096008f4094c08d0085c08840
w45ah,1,test,5ec05c405e005f805ec0668078807b80758077807e008700928096408fc0a240a1409bc090c09200914090007fc08600
w45aw,3,test,60005c805b005f405d0067407b0077806f406fc0718079c0850090809a409fc0a940a240a2008e809b4088408d408c80
w45aw,3,test,60405dc05dc0610060c06680784075406d40704073807c4084c08cc09b80a0c0a2c0a6809a0098009680930085c08a40
w45iy,0,test,600060006a8077007c4085c08c008e808dc0834077c0744073407080758075c07dc0804085809c40a44080409b009740
w45iy,0,test,5f405f006bc079c07e0084c08b808fc0904082c077c0714071007000740079407ec079c082808e40a6c09480980097c0
w45uw,2,test,6b8069006a006d006c006a806a40734072c06e4069c06c406dc073c08dc0990092008f809ac09100b2c0a5c09e409f00
w45uw,2,test,6b006a0069006c406a8068c06c80758073c0708070007100724075407c809e8090c08f0098409140b180a9809c009dc0
w46ah,1,train,5d805cc05ac05f4060c065c073407d40790076407ec08dc091408f8095409f80990095c09100908093c08d808b8089c0
w46ah,1,train,5f005c005b405e405fc0618070407bc0784077007f4090c094408f0092c09e409c4096409300904094808c008c808800
w46aw,3,train,5f8060405d806200684069807880760070006d00734078808680944096009f009fc09d809bc0940090c0950088c08d40
w46aw,3,train,5fc060005e00640067406a00780071c06cc06d80714077c08840934096009e80a0c0a0009c409380924095c08cc08e80
w46iy,0,train,670065c0658070007a00810085407e8075c0718071007180714072c077c0814080807ec085809dc0a380b300a1409e40
w46iy,0,train,6600650067c0718079c080c08b008240774072c06ec06e807240714076807e007e007b808c409c40a500ab00a9c09bc0
w46uw,2,train,67806380634063c0620063006f406f406d006d0070c079c089808e4085408a408ac08f0091c0a440a940b3409680a080
w46uw,2,train,6940694069006940694068406b806840650064406900700080408e408bc08f008b808c409300a400a1c0b5c0a740a040
w47ah,1,train,5a8059405840634062806480748081007f807dc081808e009540910098c0a00099c09500980084c09500838083c08340
w47ah,1,train,5a4059005b00664064406540714084c07f807e008240910092408f809300a04098009600950089c0928087c081008240
w47aw,3,train,5d005a0059005ec0650064406d808100810078c07640790082c093809b009e00a5409dc0a2c08c009c00838089c08880
w47aw,3,train,5f005b405bc061406b8068806d8081807e00774078407fc08840944098009f409b009ac09980910094808bc083808540
w47iy,0,train,5f005fc06b0073007b8085408e4093407e00778075007600764071c07a007ac07f8078807a80a640aa808500a1009b00
w47iy,0,train,64c062806cc071c076808580908093c0804077c074c0760075c0704079007ac07e807b407c40a640a9407f00a2409b40
w47uw,2,train,6740648063c065c0634060c06b8074c070c073807040714078008280880093408ec09a409140b500b2408c00a7809880
w47uw,2,train,698067c064406880684067c073c0768071006dc06c406fc0748080008c4091c0918098409440b1c0b1808080a4009980
w48ah,1,train,5ac05a0058005f806a006bc078c07ec07d407e007f408fc09ac095c096409500994094409ac08cc096006c80890085c0
w48ah,1,train,5a80588058c05f406c006bc07e8080c07b007b807c008ac09c809080930093809a0094009b808a409680754088808680
w48aw,3,train,5dc05e805a0061406d4073007a8082007600774079007f0085008f8095009880a0409ec0a1c09300988069008a808580
w48aw,3,train,5ec05cc05b405f00724073c081c081407880768075407c408380910093c093c0a1809cc0a3408f8099006e4089408640
w48iy,0,train,6180604064c074007e008900960098009080828075c0708071806ec06d807f007a8086807940a4809a0091809f8084c0
w48iy,0,train,63806380660073407c0089c0970098408e807fc074406e8070006f006e807e807bc086c07b00a48099c091c09f808480
w48uw,2,train,6640640064c0664071c0704076007c80788072806f8079007a007d408b408ac08c4091008dc0ad80ae007c40a1009780
w48uw,2,train,6840674066c069c071006f8073c078807640730071007480780079c087008d008f4090808ec0ac80ae807f80a0409800
w49ah,1,train,5d405a80634066006dc0768075c0768072c07280778083c08a8090c0a2009dc0944093c09700924098406f008f808b00
w49ah,1,train,5b405940628065006b0077c07840790074c073407c4082808e0090c099409d8092808f4098808940988086008ac08a00
w49aw,3,train,5e005cc05f806f4071807dc0760071406fc06a806d8073807a0087409b009c40a2409f00a2c098409ec0744091c08d00
w49aw,3,train,5cc05ac05e006d006dc07c40778071806ec068c07140798080408d8098c0a1409b809bc09900950098c0940086408a40
w49iy,0,train,60005d40738074c083808a4090408c807d406e40748072007340734075c07d0079c07d807900a340a10090c0a8c09b00
w49iy,0,train,644062c06c806fc0800086c08c8088007c407040720070007300708077c07b007a407ec08ac09b00a8409740a1c09fc0
w49uw,2,train,66c064006400684068006380708074c06f006bc06ac06f80764077c07d00a0c0a10090808ec0ad40ad808b80ad80a380
w49uw,2,train,6bc06a0066006dc06cc064806bc072c06c80680069c06d80738078c07cc08c40908090409d809c80b580b040a300a640
w50ah,1,test,58c057405b4064406ac072007dc0800079807b0081008b408f409100974096c096c0968092008f408f006c8095808b00
w50ah,1,test,59c057005b4066406dc074007e8080407a007bc082c08a808fc0908096c094c09840900092808ac091006e4091408c40
w50aw,3,test,5cc05d005e8069006b006d4081007dc07300754077407c80884095409780a4809c809d808ec094808f407c0091007e80
w50aw,3,test,5dc05cc0604069c06c0073807d40790072807440764076808bc08f809600a180a2009a4096c0938094006f4090c08700
w50iy,0,test,60c05f405d8076007e0088c092c093808100778076c071807340764074c0808082807c007a40a180a30080c0a5809d00
w50iy,0,test,63006180630073c07cc08740928093c080807840764072807280770072407f8083407b007b40a240a5007e40a5809e00
w50uw,2,test,61c06180614067c06e40690072008040794076807d407a807a809a408c008a408ec0920097c0a6c08a409c80a3c071c0
w50uw,2,test,60c05f405e406a006cc0678077007b4073807280750075c07e809640924093808780904087c0a7409c809700a3c08840
b01ah,1,train,5dc05bc05c005d805a806280728082c0840085808b00940090808e40924095c0940096409080970096406e8092808700
b01ah,1,train,5bc0584059805e805cc064c076c0838084c087c08f40944091008cc09300964097c0958092c09600970063c08fc08680
b01aw,3,train,5dc05c805b8061006200618071407c807a807b007ec08440940091409080994094009fc094409d0098807d0094808380
b01aw,3,train,5bc0594056805fc05f8067c075c080807c407c408180894091009080934098409780a0409b009a0099806fc090408540
b01iy,0,train,62c060406ac073c081c087c08d4084c07b407740768073807200748079407b407f007ec0a300abc086c0a000a5807380
b01iy,0,train,64c065806d007400800089c08e8083407680758075c07300714073c0718073c0820084c0a3c0aec091009bc0a2807740
b01uw,2,train,61c05f405f80620067c073c074006f8073807900824088c09300870080808e40874097808500abc0a4408bc09c4085c0
b01uw,2,train,61005f005f40618067c072c073807040728076807d80870093008e0084c08ac086009a409080aac0a740820098c08900
b02ah,1,train,5f805d405a4061005fc0604070c07c0080407f808800960092809040a300a1009d009a8095c09b80690090c094c06380
b02ah,1,train,5bc05b00588060805fc06780728080007b407f80854091c092c093409f40a2c099c09b0090009b007cc08b8092006340
b02aw,3,train,64006180608062c064c060c06a0076c07400734075007c8084009c009bc0a100a400a7c09500a30086009140988068c0
b02aw,3,train,61405e805e4064c063c0630072007740738073c074c0830089009f009a80a000a200a7408c80a0008a408b0094406dc0
b02iy,0,train,668068006f8079408380894091c088c0790072c06f006f80784074407a80730082806d80a540a3408100ad80acc06cc0
b02iy,0,train,650064806f80750082008a008a807e007400724077c071c06e406f4082c07d4086808000a0c0a3407f40a980abc072c0
b02uw,2,train,6380634060006a80674068407d0079c0748071c072c0770090808c009040800091407d40ac40aa808800a880a8006f80
b02uw,2,train,670064c0660068c069806b0079c07b0072806f006c806f808e008f808fc08940904088c0a780a9c08340a600a8406d00
b03ah,1,train,5a405a0058805ac060006bc07c407e00828088808ec095808d408ac0940094c098408e8093808a00950079408c4088c0
b03ah,1,train,58c057005a405c0063c070407ec0808084c08bc0908095008e408bc09000914095008c4092808700948077c088008680
b03aw,3,train,620060005f405f8061005ec06b807b007c007c007b0087c090809440954097009dc09a409ac08b4098408a4087c08840
b03aw,3,train,62406200620063c06200630069c07b0077807840798084008e4092c0948099009bc09a009a408e0098008c4088008900
b03iy,0,train,688068806c0073c074807bc081c0760074c073c0728072407640750075c076007f808fc09780a400ae008ac0a1c09f00
b03iy,0,train,664063c06980708073c0804087407a40774075007280710075c076c07680760080c08f0096c0a2c0adc08800a1009e40
b03uw,2,train,5f005d405ac062c065407ac0824085408e408680784071c070c071c07980800085809880a080a100a8409240984093c0
b03uw,2,train,5cc05b405d80668069007d008680880091c08fc0814076007480724075407b4084808c009d409cc0a1809f0088408d40
b04ah,1,train,5c0059405dc05d40644075c07bc07a407fc08840904092008a008ac08d809840920095c08a00950090c078408f807d80
b04ah,1,train,5a0059805f805bc0644077007f407ec081c08700904090c0874088c08c80990093c094808a0094c0910075808e407e40
b04aw,3,train,5fc05f005e00624063006a4075807200728076807b807f408e408d408dc0a0809a80a34095809d80980082c093c08100
b04aw,3,train,5c805b405d80604062006d0077c0774078007a007fc083c0930091808d409dc09a809e8097409a409840704091808400
b04iy,0,train,634064006ec073808000870090008f0083c07e4078c0734071406d406c407200820087c09480a7c094009780a08078c0
b04iy,0,train,61006480710075007b8087809100924086007dc07a40720072806bc06ac071807e4089008500a7009c0093009f808340
b04uw,2,train,65406200628067006f4075c06e8068c06a806dc0728076c07a008a808dc095408ac090809f00b2809d009e80a7808000
b04uw,2,train,6480648064c069006d8077c06d006bc06d406d80724076c07c408a00898092c08a4092409500b080a1c09a40a5808480
b05ah,1,test,5e405f005fc0628069c06f006d006bc06ec07bc086408e80914090809d009b809f80938095c093c098c067c08f808a40
b05ah,1,test,5f405f405f8062c063406b8069006f8074007bc086808f0094408f409dc09d00a10090c09600900099006dc08d808a40
b05aw,3,test,60c060005fc067406a8073806b806a006bc0714075407cc08a00900092c096c0a200a5809ac096c098c0938087408b00
b05aw,3,test,5e805c00624069806e8076c070c06cc06fc0740077807f8092c093408ec09800a040a00096408e4095c08d4083408540
b05iy,0,test,644064c06b4070807f808c408b407fc078407640744073806bc07000744070406e4093c08b00a600a3009100ab409c40
b05iy,0,test,65c065c06b006f007fc08f008e80804079407740760073806f4070c073c07040720093408b40a2809f8089c0a9009ac0
b05uw,2,test,650065c06280650062806b806dc06b806b806cc06f4073407f408dc08f408c0085c097008ac0af80aa009b80af809c40
b05uw,2,test,680066c066c0690069406fc07380690067c06880698072c07a8083008f4089408940980093c0ae40ae008b80acc0a240
b07ah,1,train,5e805d00610069c06ac07a00820078807d00844088808c80984090c0940094c0a200844097c094406a808bc08a0064c0
b07ah,1,train,5a805a405d006c806f40824089c07bc0818088008cc08e8099808dc092409cc0a24071009a00920062408e408a0056c0
b07aw,3,train,6480610060c065c06980724077c077c0740075807b8082409a4098009ec093c0a44093009a8099006f8090808fc063c0
b07aw,3,train,5f805dc0634065006d0079007b8077c07680790082008c4092809cc09cc0a300a4c080c09d408d40680093c08cc06040
b07iy,0,train,5e40658071c078807a008e4092808b0085007fc074406f40734078807a007b807dc082809d4091008780a4809d807080
b07iy,0,train,63c0664071407a407a808ac095408cc08680808079007280788076007bc077007e007340a0c099c07980a440a0806580
b07uw,2,train,5f405e00638067c064c0678079807d807d007bc080c092c0974083408100854084c09200a7c096c08780a6409e406bc0
b07uw,2,train,5c405b806e407200690067807240838081807e407dc08e008c0088407d408e8087c09d80a54087008f00a68096c05e40
b08ah,1,train,5cc05ac05b4066806ec076007e00770079c07a807b808b808d808540880093408e008c8090408a009e0096408e008fc0
b08ah,1,train,5c405a005b0062c0668070c07bc07640790078407f808ac08a4086008f409e0099409080938092009a4095c086408880
b08aw,3,train,5bc05a405b806780708072007d007c007ac075c0744076407e408b408f80968098409780998091409cc094008cc08ec0
b08aw,3,train,60405e805ec062006b4071407b407640724072407480768087008b008d8095009ec09c809b8090009d8092008e408f40
b08iy,0,train,678067c06e80720081c08bc08d007f0080807a0070806b00664067c067c0698077c083c08b80a640afc09380aa80a740
b08iy,0,train,670064406c0074c085008f008e8080407b00778072406c806b8068406d006f407d407e008640a340ae408d80a900a680
b08uw,2,train,6bc06b4068406c806bc06d8073006d006e806d80648069006f80758090008c0089c08d409040b000b4809800aac0a4c0
b08uw,2,train,6b406a406a006a8068806f80728070c0720070c06f8070c07380784094808dc07fc088008b00ae00b3008b40aa80a540
b09ah,1,train,5f405cc05dc0610062c06d807600718074c07d8085c09380950093409880970099408d808d809580984073c090808900
b09ah,1,train,5c405b005b0061c064806f407c0078c07a8082008980928095409280994096809a808d808f809100958065008cc08680
b09aw,3,train,5fc05fc060c06700668070c0768071806e40720078007d0089008f809ac09f009ec09dc0994098c09800734092008680
b09aw,3,train,5ec05e405c4069006b007380790075007000730079407e00880091409c009f809f409fc09b40974096c06a008f008400
b09iy,0,train,6240610065c071007840814088008a40820079007580720074c074c074007e007940874091c0aa80a0c098c0a28084c0
b09iy,0,train,5e0061406f4078c080008ac092408e4081807840750075007640788076c07d0076807f408ec0a200910095409e807c00
b09uw,2,train,6700674068406980684071c074406c006d406b40714076007d008cc089c09080884093008980b3c0a9809780a5008900
b09uw,2,train,694069c069006a00694073007740700070806f40724075c07b808840870091008800948085c0ad40a40094c0a38089c0
b10ah,1,test,5dc05c8058006340694067807000768077007ac086409200924092409340960091c08f4096008a8098008c408c408d00
b10ah,1,test,58c057005a40604069c06b0073407cc07b4079c087c08f00924092c0934097c09340900095808700970089c08b808c00
b10aw,3,test,60c05f405f0065406640658072c074807200720074007ac0840094c0958094c09c009a00a6808f409c808a40938092c0
b10aw,3,test,5e405e405c8064c067406b40714071c072406dc0768078408e0095c0964091009e809b40a28094c09ac08d808f809000
b10iy,0,test,65006340674075c07d40880085c077006f406d406e406b4072c071407d407e00808092c09b80a040ab808940a300a000
b10iy,0,test,618061406ac07180790088408680790073406f0070006fc0730075c07dc07c8083c093409a00a1c0aa807d80a380a000
b10uw,2,test,63006340638063c063c06bc079c0740072c073807f008880878081c080408100810092009f009dc0ac8092c09a4098c0
b10uw,2,test,630063006540668066c06cc07a807480714071c07900868087c084008240824082408fc09f009ac0ac40950098409740
b11ah,1,train,5d805d805b0060005fc06000690079807d407e0084c08e4091008fc08fc0990099009a4095008fc096c08fc087c08a40
b11ah,1,train,5c005c405ac05f805f00644071807e407e407ec084808f4094408fc08f409900980099c092c090c093808fc0828086c0
b11aw,3,train,5cc05b405cc0634060c068407a007d8075c076407e0080408fc091c0924095c09dc099c09c408d009740888089c089c0
b11aw,3,train,5d005b405e0066806380698079007dc0760074007c4080808d8098809540944098c09f8094c09440940091407ec08400
b11iy,0,train,640064c06e0072c07e4087008e8086407bc076807300724070c0710074c077007a0086c094009a00aa40934097c09680
b11iy,0,train,664067006e0072407cc087c08d8083407a40748073c072806d806fc0730075c07d007f8096009080ae40a780940096c0
b11uw,2,train,60005e8062006a40658069c07b407bc0748073007b4080008cc087808280820084c08d009b809cc0ac00964095c09440
b11uw,2,train,60405f0063806ac065406b807d807b0072c071c07900818089408ac0880082c07d807ec09e009a80adc0a8808f8092c0
b12ah,1,train,5d00594056c0608069806b006e8077407dc087c09280930090408bc096c09fc09340994086c09c008900880091806c00
b12ah,1,train,5ac05940584060406cc06e406ec077c08100898093809580920089c091c0a0c08f8098c07ac09b008e008580918072c0
b12aw,3,train,61805ec05e40624060c06a807600770079407fc084008700930089808880a0c094c09f807fc09e009580860094c07c00
b12aw,3,train,5d005b005d40618061806f80770078007bc08240858086c094008a808800a0c095c0a14082c09d409580824092407b00
b12iy,0,train,650065c06b40740081408c408dc082c07bc0770070006c406f806f006c4072008ac0900098c0ac0096409a40a34079c0
b12iy,0,train,660066806a8071807fc08a408bc082007b80758070406dc06e80724071c076408a008fc09640ab8098409980a2c07c80
b12uw,2,train,69806a006840688067006ac06f006e006e80708072c075c07e808c4089408e40880092009600b300a6c09700a28084c0
b12uw,2,train,680065c063006380618069806ec06e006f807200728075807ec08c0088808fc08b0094c094c0b6c0aa409800a4408700
b13ah,1,train,5b005a405d80610065006bc07d8081c07e808080840091c08d808880910095c0978091408fc0858096008540898088c0
b13ah,1,train,58c054005980618065807140824083c0814081c086c094c090c089808e409b00938091808e0083c093008980848085c0
b13aw,3,train,5c8058405b40638068c06d407f80814078c0788079007cc082808fc095809680a10096c09ac08dc09b007d008e008c00
b13aw,3,train,5ac058405a0063c067806c007c4080007800784079407d8088808fc091c097009f009c809b008f0098008d0088008900
b13iy,0,train,644064c06f8075407b8086008dc0910085c07ac0728072006e406b406d406d406ec08a008600a580a5809580a3c09900
b13iy,0,train,6800668072c076c07c0083808f0090c081c0778072806dc06e406a006d806c4070408c408f40a640ab808640a2409d00
b13uw,2,train,62405f005f8066c060c066807b4081c07840728076807b8081c08c40864079808b008cc09780a440b140960099009700
b13uw,2,train,654062c062c067006400658078807e8073407000740077c0800089c08880848087808ec09dc09ec0aa80a80091809640
b14ah,1,train,62c05ec0618063c0634061c06c006bc06fc07ac08380904095c0954096809bc09640948091808bc09800908087c089c0
b14ah,1,train,5c805a4057c05ec0644064007700790078007e40854093c09800958096009d40964093008ec08b0093408e00818084c0
b14aw,3,train,62405ec05ec063c062805dc06ec0704071807600780080808d0094c09880a0009f009e0098408ec09c0092008ac08bc0
b14aw,3,train,5c005c805d806540680066c07600754073407740794081c09000958097409c409d809b4095c089c099008d8087c08900
b14iy,0,train,66c0664072007a4087808f4084407980768075c075807200744073c07440768074407c8092008e40a74096409f809f40
b14iy,0,train,6580668073c07b008a8091408a007c40784074007340708071807340744076c0714072c094008cc0aac0a28099c09b40
b14uw,2,train,6600640064806c006ec067c067c0764076406fc06ec0714073c0760088808dc0938090009cc09c00af809b80a340a200
b14uw,2,train,6680640063006b406c00650065007380744071c06fc07240720079007f408bc0950093c09f009540b540ab40a380a480
b15ah,1,test,5cc05cc05c805f4073407c007a007cc0800086808dc088c0858086009ac09580a3809d8098409b8060408d408f805bc0
b15ah,1,test,5f005fc05ec0640072407740768079407fc08dc0908087808380828095c08b40a6c09d00964096c06ec08b808c806500
b15aw,3,test,60005e805c806480694070c076c0740073c0764078007bc085c09a00974099009e00a84088c09f4092c0870092c07640
b15aw,3,test,628061c05f4062806c00730078c076c0780076c078807f0085c095c08e8091c0a3c0a60096c0a34082c08c0092c067c0
b15iy,0,test,5f8062006b80758082c08a808ec085407f8078c072c066806e406d406d407840880091408900a58098409c80a8408a00
b15iy,0,test,604060806ac0730084008bc08cc085807cc076806f006c4070006f806ec075408bc090c093c0a6c09080a000a8c08040
b15uw,2,test,6580654064c069006980730079c06f406b40694070c0754081c0874090408dc095409240a7c0ad008480a500a8c07440
b15uw,2,test,67c067406480684069006f0070406d406d006c80700076c07e4081809a00968095c09140a800ac008540a5c0a8c07280
b16ah,1,train,5fc05d405fc063c06540690078807bc077c077c078407b808b80888091409b009cc09d4096009900948095c080808880
b16ah,1,train,5f805f805f40628063c06b0079007c8077c0790079807b008e008ac08f809a409d009bc094409780944096007f8087c0
b16aw,3,train,648062406000648066c06ac078c077406fc06f806f0073807bc091409a00a180a2c09ec09c808d009a808bc08cc08d00
b16aw,3,train,60805f005ec0610066806c007c80790073c073807300770081408c4095c0a0c09f80a0c0984094009780928086808940
b16iy,0,train,630063406d006ec075c087008dc08a807dc07c807b0071c06dc06c406cc0714078c07b8099009000b1c0a4409c409cc0
b16iy,0,train,670067806e006f80744088808ec089c07ec07c4079c0720069406a806c4071007b407b0097008c80b1c0a6409c409d00
b16uw,2,train,66c065c065c06840688070007e0076c0720071c073c07980910084007d8085807e008f807f40b1c0aa4093c0a5808f40
b16uw,2,train,634063806180664064c06ec07d407b807300710074807cc08e008c807d008240810093c08e40af00adc08240a2009600
b17ah,1,train,5c005a0058c063006a806d807a007d8078c078407e008f009180910092009b8096409b4091009500918077c091c08180
b17ah,1,train,5c00578058c0608069c06a8079c080007bc0798080808dc09440930093c09dc0968099408c0093808e807c4092808080
b17aw,3,train,5f805f005d406300698072407b007a4073c0734079c07f00870092c09340a0809800a1c083009ec093408900950078c0
b17aw,3,train,5c005900594065c06e0071407ec07d8075c078c07ec08480870094c097009d009b009f008d409e4084c08a40928068c0
b17iy,0,train,67c066806b80734076807d808c408d00800075c074c0738070c06d406c8073007ec088008dc0acc0a0409cc0a8408940
b17iy,0,train,62405fc06a807340768081408e808ec0820078807780750073c06c006ac073c07f4087808e00ab009d809bc0a70086c0
b17uw,2,train,69406800684069006b4069c06d807e807d00704076807c00838088c0850089807b00840092c0b2c0a5c09640a2008380
b17uw,2,train,674067406600660069c06a80710080c07d007080754078c07c8092808b4088c07dc083c09b40b2c0a20096c0a0807cc0
b18ah,1,train,5e805b005680634068806f407dc07fc07d8083008fc092c094408c8097409f409040968083009600824085408ec06940
b18ah,1,train,58405800578067c06cc071007f808540830085808f8097c097409280918098408d80944080408e808800770089007400
b18aw,3,train,5d805c805dc06bc06d406d807a407dc0790075c07c0081808f8091409280a1c09e009ac092409380910072008b807d40
b18aw,3,train,5b405a805dc06e806f4072c081807c00794079007dc082808ec091009200a2c099809c408a0093808dc078008b807740
b18iy,0,train,5f805f40744077c07a8087c092c095008dc082c07bc07740744075407a4076c0764072409e00a20074809f00a1c07000
b18iy,0,train,5f4063c0748077c082408b409400948088007ec079c07640718071c0790074407c4076c09e00a1007780a000a1c06980
b18uw,2,train,628062406080668064c06d807b407ec078406e4076c0854088808f80868086c086808640a380abc08c80a040a5c07480
b18uw,2,train,61805fc066806d00698073c07d407d807b80714070c07b4085808ac0868084408b0087c0a300a84083c0a240a6007740
b19ah,1,train,5f005e805dc05fc064006d8076c07b007fc0898089c088808700860094c09340960090c08fc090c092c0734097c08fc0
b19ah,1,train,5b40598057c05c0060006d807c808040818088408dc08b0088408980908094c094808fc095c08800948083c08d408c40
b19aw,3,train,62405fc060c064406540694075407e007a8079007e0085808bc092c0908093409ec095c09a408f4096c06f808f408b00
b19aw,3,train,5d805bc05b00654066c06a00778081807bc07a807dc085c08c0091c0918097809e8099009a80924097006d008e808940
b19iy,0,train,6740668069c073007b0084c085407c007a0075806fc06a8069406a806d407d00820098409840a700aa408240a880a140
b19iy,0,train,6a0069006a4070c07a40860087407d407c0077c070406900690067c06f807bc08100960096c0a880ac408080a680a000
b19uw,2,train,6840678066006780658067006d406d406bc06cc070c0744078407a409e009a4096c09200ad00b0c08180aa00ad007640
b19uw,2,train,6b8069c069c06b406a006d807200700069c069806bc077407f8081409780924093808e80ab80af807f80a700a9807080
b21ah,1,train,5bc05ac05980618065c0698077c086408880844087808fc09200824098009500974090c093008ec093806bc08e408880
b21ah,1,train,5d005a805840608065006a0076c086408980834089808f4092c08300994096c096008f8094808c0093806ac08dc089c0
b21aw,3,train,60805e4060006040670066c06f408080814078407cc07cc088408b8090c09e809cc0a1809b00990097806d8094008780
b21aw,3,train,610060c05f806340670067806d408000818079007d807d808ac08bc08f809ec09c00a0009940974095806ec092008540
b21iy,0,train,654064806f0075407d00874093c08ec080c077c07300714065c067406c00758072808d008440a480a1808f40ac409d00
b21iy,0,train,6080628073007800828086c095408d407b007480748070c066406b006dc074806e808fc082c0a3009e809540ac409ac0
b21uw,2,train,67c06640678069c06dc06bc0770078006d806b006d807000744075c087c0954091c09a009240af80a1c09e00a9808900
b21uw,2,train,674065c064c066006d006bc0764077006f806e406f0070c073c076408cc098009080980094c0aec09fc09d40a8408640
b22ah,1,train,5d405a805f406400674076007e007d407c80808084008f0092409000928098c091c0960088c099407f408b8094006840
b22ah,1,train,5a4057c061c065806780788080007e807dc0810089008e40948090008f809c408ec098c0788096408a0083408fc072c0
b22aw,3,train,5ec05bc05b406600694071007e807f007a0079007a407e8087c08f808d8094c09a40a58085409b80908088c095807a80
b22aw,3,train,5d805dc05d4069c06c40708080807cc077c076c078c07dc08ec08d008d4094008f40a4009980980094407880924081c0
b22iy,0,train,630064406a0070407f4089808d4089c07d80770071806e40700074c073007a4085c08cc08dc0a54095009ac0a58082c0
b22iy,0,train,61c062006880700082408f008f4088407c40760071006ec071c074c073007ac087408f008900a3c0948099c0a4c083c0
b22uw,2,train,6540620060006940674071007c807a007500740075007e4085c081807d00810089c092009c00ae009f809a40a3008240
b22uw,2,train,6500634062c06a0069806e4082407c00744071c073007b40880082c081407c80790097408980aec0a9809140a54091c0
b23ah,1,train,60405e405b4063c064406fc078807a007b807d807cc0918093409640a680a2409cc0974090809440670090c092c06140
b23ah,1,train,5d005b405d80644066806f007cc07d4079c07bc07d8095409c809ec09d00a200910096c081409480828081c08b806940
b23aw,3,train,63806140630068406c00770072c06bc06d40708074807a0090009940a700a700a0c09f80934099807180904094806b80
b23aw,3,train,5f805cc05f8069406d40768075407080714072c078007ec087c099c0a1c0ac0097409e0083009a408bc0878092007340
b23iy,0,train,66c06540670073408140890088007d80788074c07100710077407440858076c085c07280a600a4408440b0c0b0006ec0
b23iy,0,train,668067006fc07440810088c0898080c07c807340740071807140714085807e007c007400a040a2008200aa80ac007940
b23uw,2,train,65c0640065006400640075c07a0071c0700073c0794080807d807dc08fc089c08fc08980abc0ae808900a640a8406d40
b23uw,2,train,65406280640067806600704075006fc072806e0075807f808140838088c08bc092409400a880b3c090409d80a44070c0
b24ah,1,train,5e805d005c0068c069c066c071c0798075007e4084c08e80940099009c80970096808d408ec091c096406e808fc08a00
b24ah,1,train,5d805ac058806c006d8067c06f007ac07a007e4084808d4094809b009c809a0098808c4091808e40960066c08e008a00
b24aw,3,train,61806000604065c06880630067c078807dc0778079807a8081008fc093c099c0a0809d809b408ec09a808d808c408c80
b24aw,3,train,5e005dc059405f40678061c066c0758084807cc07e8082008e00918092409d009e009e4094408d409800908087408980
b24iy,0,train,65406540718077407d8086c0864079407400744073006ec06c006e00724077c0860085409a009380ac809bc09dc09d80
b24iy,0,train,64c065c0714074c07f008a4087c07a0076807600744071406e806d40734075c086408ac096409a80a8408c009d009ac0
b24uw,2,train,6ac0680067406ac069406f0070c069c069c067c0704076407d408b8087008440798091409740ae00b6c09140a4c0a180
b24uw,2,train,6bc069c06a406a8066406d4071806f006fc06f8072c07480784081008a0088807c0093c09a00aa40b3008880a3409fc0
b25ah,1,test,5cc05a005b405fc05c805cc068407ec08040814086008a808ec08bc08ec09a40a3c096409a0094409a8076c093c08f00
b25ah,1,test,61405dc05ec05d005c005d8068807fc07e007bc085408f8088c08840940095c09f809500988090809d007d4092809040
b25aw,3,test,6480640063006680678064806cc0744070806f007040770077c091c0930094c0a3c09f00a6809280a0c0898093409240
b25aw,3,test,648062806280634065c063406ec075806d806d007680740081c09380948095c0a7c0a140a2408b809ec08a0092009140
b25iy,0,test,6440620067007100798081c086008000740070806fc06f0070c07300784080c07fc090408b00a540a4809080ad00a140
b25iy,0,test,60c05e80698073807c40830084c07e8075c0780076007100718072c075407d407f8090808ec0a400a5c08480a980a100
b25uw,2,test,6c006a806a406a00690069c06f00710071807100710071c0768083c081408100828092c09900aa80b3808e00a700a380
b25uw,2,test,6c006b406b006c806b406b806d4068c066c068c069806b4077407ec088c0894085c093409c80ab40b7809680a780a540
b26ah,1,train,65c061c06300668067c068c069c070006f40700077c081008e808b008fc096009f809a40a1808b409c40898091409080
b26ah,1,train,5e805b805b006300650068006a4073c0730076807ec087809640930093409a409d4099009d808c0099808a808b808b80
b26aw,3,train,628061c05e4064c066806a8071006d406a8073807a407f80884091c090408fc0a0009900a0009980a3807bc094c091c0
b26aw,3,train,624060806140660067406c8070806c006a40728077407b8082408f80938094409e809f00a4409d80a54077c0948090c0
b26iy,0,train,638063c07180790083c08b408d807d80768071c07340730070407040748076407bc08f8090c0a300a6807bc0a0c09b00
b26iy,0,train,650062407040758084008c408d808040760072c073406e8070806cc0744075007fc08c4094409f00a98087409d409a80
b26uw,2,train,6780660065c0694068006a006dc06c406a0069006f0072c074c07fc08d808f80984096009a00adc0b4c08100a500a0c0
b26uw,2,train,6980680066c06a406800688071c06d806c806c406e80724072c07380848090c09a0098409b40ae00b4008580a640a180
b27ah,1,train,5e405e005d80644068806cc0780077c079c080808a8092c0974096809440924095008c009040894090c070808d0088c0
b27ah,1,train,5ec05f805f8065c069006e0078c077c07a8080808bc093c0980097409380920096c08b4090408880900067408c008800
b27aw,3,train,62805e805f0063006c006ec0724073006ec071807bc07f4088409b00988096c0a04098c09e40898097407f408f808e40
b27aw,3,train,5d405bc058005e006d406e407480778075c077808140864094009940954091c09f8097409c80890096407a408d408b40
b27iy,0,train,64c0654067806cc080c083c08a8088c07b0074c0774075c07300718073c077c078008b4087c0a0c0a0808b80a8409e40
b27iy,0,train,624065406b007080814086c091c08d007c407540780075407040700073c0778074c08b408400a1009f008bc0a6409840
b27uw,2,train,638063806500670064806c007a8072406e006d8075407d80854088c088c088007f408f807ec0b080aa409940ab409600
b27uw,2,train,6540630064806a0066c071c07ac071c06c406e00708073c07ec08f408e008ec085c092c07b00ae80a5809c00aac09200
b28ah,1,train,5d805880598063006c806ec079c07c00788078007e008780904091009a0098c09a80920097008ec097006e008fc08c00
b28ah,1,train,5a405bc0590061c06bc06c0072c07ec07b8078407d40888091c095809c009b409f80918097c08d8096c06e008c808900
b28aw,3,train,630060405f40648068806b4070807880738073c070c0714078c0810091409680a3409f00a7009500a2008fc092009100
b28aw,3,train,62005fc06040638067c069406b807a407740720072806f8078408a80974097c0a640a080a7809800a2407bc093809080
b28iy,0,train,674066006c4077007c007dc08580804075807140704074c07440748077c081407e4089c08300a0c09e808e40ac009e40
b28iy,0,train,674066806e8077c07bc07f8085008100774072c0760072c07500758078807f807e408ac085409ec09d408700a9009d80
b28uw,2,train,68c0674067806ac0688066806c4078c070806e406ec070408100894084c080c082008b8097c0a800b3c09c40a3c0a100
b28uw,2,train,6a8068006500688066c062806940774074806d806dc06f007b408e8089c085c082c08d8096c0a7c0b4809580a480a240
b29ah,1,train,5e805b8062c067c066006c407dc07c407a007dc082c08e4090408dc097c098009c408f0090008ac08e4076008b0083c0
b29ah,1,train,5bc05ac06480698067406e407f807f807c40810088408fc092808e40980096809bc08f0091c088408d8067c089008400
b29aw,3,train,5e405f005bc0654063c0640073c07b007a4079407a8086809100964098009ac0a080980098c08a4094807e8089808680
b29aw,3,train,5cc05ac05ac065406540670078807ec07c807a407d0088409600960098c09a40a180970097c08680918077c087408500
b29iy,0,train,67406a4071c07a407f4083c088c085007a4073006e006cc071007380764080407b4082808a00a2c093409f00aa0088c0
b29iy,0,train,6840698072807cc0818088c0900082c077c0714070407040728075807380808078c083807bc0a04095409c00a8c08cc0
b29uw,2,train,6480630063806a4067c06680758074c0730071c0788081808ec08d80824085c0830090c08b00b200b00085c09e008f40
b29uw,2,train,6780648067006b006a006ac0708071007400744077c07e008bc0854080c0888081008fc08600b280ad008e80a2c08fc0
g01ah,1,train,5b4057405a0062406540680076c07c00770077807d408b809340930095409b0098c09b8094c09540934076c096808980
g01ah,1,train,5c0058405900630066006ec07a007b007000750081808f0094009580990098c09a80978095c092009400664094c08c80
g01aw,3,train,5e405cc05d4067006ac0740071406ac068c06ec077407e4090c095009840a0409c00a0409680980095007c8096c087c0
g01aw,3,train,5f005e805ec068c06780740070406c406bc072007b007b4095c097009600a040a0409cc09880950094c06d4095c08b80
g01iy,0,train,660063c0700077408280864087c07bc077c06dc06f806bc06840720078c079c082c089408e809dc0a58087c0aac0a6c0
g01iy,0,train,65c063406d4077808340884089007c4077406f006ec06e00688070407bc07b80818089808fc09ec0a7808000aa00a6c0
g01uw,2,train,63c06100624065c064806f807b407840750075807f4085c085807b8079807f807e808d409280b1c0a8c09800a5c08d40
g01uw,2,train,678066c0674069806a8072c078007380718072c0758083c082807e8078c084408000920088c0af40ac008d80a7409780
g02ah,1,train,5a40578059005f80648071c072c078407f408a809240934090409280930091c08f808b40934089009580848089008740
g02ah,1,train,5b4059805a005e006780728073c077007d408b0092c0940091c09240928091808d408bc09100884093c08a4085c086c0
g02aw,3,train,60405ec05f80614065c070006e806d0070c076007b808a4095c0918095c096c09e8093c0994092809bc07ac091408dc0
g02aw,3,train,60405f806040630064006d806e806e80714077807f8093809340900091009a8092c090c096808b409a008e808b808cc0
g02iy,0,train,66c067c070007d40838087807e0078007440740072406fc06f807080720071407c4094c08a00aa40a48096c0a7409340
g02iy,0,train,6680674071807d80848089407cc077807440720070806dc06d8069806f4070007a00924097c0a640ae809080a1409d00
g02uw,2,train,6b006a0067c06a006a806b00694066c067006a4066c06d4077007fc08f0093008ec08e009b40a800b880a040a0409f00
g02uw,2,train,6b40690069406b806740678068006c806cc06d006d806e407080788087c091008f0092c09fc09f00b5c0b0c099009c80
g04ah,1,train,59405a4059406180658073407b0079807d40848090c0948091c09400928099808dc097007e4098c08cc083808f807340
g04ah,1,train,5c405a0058c05e4061006e40788079007c8085008d4096008d0093809740994093c095808a0095c091c077408f007e00
g04aw,3,train,5f005cc05b4064c06b4078c0770070406e00734078c07dc0960093c09480a2c09b809dc09100984093c07c8091c07fc0
g04aw,3,train,5bc05880568064c068c0770078c0738071c077807f008a009980980097409e809b80994092009540930071808e808180
g04iy,0,train,68c067c072c07fc087408e808a007cc075c07500758076807700734077c06f8080007240a340a1807d80adc0ad006e40
g04iy,0,train,63006140734082c087c08e4089c080007940760074807440734070407c4070c081407000a400a1407a80ad00ac007580
g04uw,2,train,63406180644065c066006f8075c0754075c07c4081c09080854081c07e4078008c808440a940ab4086c0a7c0a90072c0
g04uw,2,train,6400634067c06a8067407100750074c077807a007e0085c083808440860080808ec088c0aa00acc08040a680a88068c0
g05ah,1,test,5b8059005a005f8060006a007c007d407d0080c08f0091008dc08bc094c09d0097409380914081c09700878087008740
g05ah,1,test,594057c059805c805fc06b007cc07f007ec08400908091808c0089c08c009e009600954091808a4094808c4083408500
g05aw,3,test,650063005f4064006200624072c07700724071c07a0081c09280934097809dc09e40994095c086009b408a408c808c00
g05aw,3,test,5f805e005f0061006140644075007840744075407b80824094c0964099809f409fc09b40958085009940894087808780
g05iy,0,test,690068406bc06fc07f4089c0884080c07840738075c072c06f0073007a407b8078c084807f00a900a6c08940a9009b80
g05iy,0,test,688066406b40728080c08b40894080807840738071006e006dc0708079c07e408100858084c0a7c0a9808240a5009cc0
g05uw,2,test,63c06040620063c064806fc06fc06b407100788082c0888085c086408ac089808c408a4090c0a800b08083009c4098c0
g05uw,2,test,644061c062c0644066c072c072806ec07340784082008b0088408380844083c08a4089409140a540b040884097c09500
g06ah,1,train,5e405c8055805c805c4061406f007f4083408340844097809bc097c0980096809a008d408f40908096006dc090408ac0
g06ah,1,train,5c805d005b0060005fc063c06cc0810082808280834092809c0095809a0098c098c08bc091808c4095806e808d808a40
g06aw,3,train,5b005b005840618063c0674074407b807a0078407c0082408f4097c09a009c00a1809540960095c099c06f0092008bc0
g06aw,3,train,5f805cc05b005dc0620064c06c007e8081007b007e00808089809ec09cc09b80a2009080954090c099806f4091c08e40
g06iy,0,train,648062c0650075c07f8080808f407ec07a007700774071807580754075807dc078c08f808080a640a0809440a6c09280
g06iy,0,train,61805fc0648072807dc082808ac083407d807940768073c07a4079c077807c8081c08e807dc0a5c09bc09640a4408a80
g06uw,2,train,6880684067c06540668063c06f00744073807040724076007cc0760087409b80894093408a00afc0a4809fc0ac809040
g06uw,2,train,6840654065006740678066406900748074406ec0700074c07d8080408d009c808b80954088c0ac80a0809f80ac408f00
g07ah,1,train,5b4058c057c05d006480694076808100848085808ec0918090008c40914095c09c8093809500948098c066408b808580
g07ah,1,train,5b005c405a005dc0614067c07880848086808700900091c08ec088808cc095809bc092c09400938097c065008b8085c0
g07aw,3,train,5d405c8059805c00664066406a407500828081c0808085c094809700958098009a00a2009f409b409c4060408e8085c0
g07aw,3,train,5d0059c059005c80648061c06ac072c0830084008300868096009b0092c095809980a100a08097c09a406b008bc08500
g07iy,0,train,5f405a8073407a007d8084c08f80950086407f407b0079c0738072007340784071c081407c40a2009e408c009fc08ec0
g07iy,0,train,5f405e806fc074c077808140930095c0850080007c007b007500730072c07cc07440858074c0a3009c808f40a2008d40
g07uw,2,train,67c06680654067006640650070406ec06700664066806b40710079c0888090c0a140a580a600b640a280a400ac408580
g07uw,2,train,6a40670066c0684065c067806f4071806b406b406c806ec076407e407e8093c09840a4c08980b500aac09c80aa809080
g08ah,1,train,5bc05a005a0060c065007640768078007e4081c084c087408c808b008d40a0009200998080409cc09340884096007d00
g08ah,1,train,5e805ec05ec064406880740071c071c076c07e40810085c0860089008b009f40984098c08ac09c0096c0818098008500
g08aw,3,train,5fc05ec05d0066c068c0658074c0748078407ac082c08a808c8098c09a009dc0a100a30094c0a08076c08b0091c05dc0
g08aw,3,train,5f805d005bc06a006bc067407580744076c07a40814088008dc0990099c09bc0a340a3c095409ec073808bc091806140
g08iy,0,train,67c065c069807380800081807d407340710070c06d4069c06900730070c07580908095409c00ae409740a900b1c088c0
g08iy,0,train,684067c06b0076407dc082007e0072c071006d806d406c4064807400710076c08f4095809840af009d40a600b0408b80
g08uw,2,train,6900680068006840678066c06fc07240734078807e408480860084807d807f408b008b80a840b2408740a400a9c07600
g08uw,2,train,66c0658062c06800664062406f40760075c079007e00854086c084c07d4080c08b408d40a800b3808a00a3c0aa407780
g09ah,1,train,5c005c005d005f006b80768077c07a407d4083008b4094c0940098809a8096c08f808fc0818093808e0076808c4079c0
g09ah,1,train,5980564059805f406a807a00798079807bc082c08f009680950095009f00954095c08dc08ac09000908065c08a4080c0
g09aw,3,train,634064006380664067c071c07b4073c0788078407e4081809cc09840a0409b00a7007a809a0096006680934090c06a00
g09aw,3,train,618061006400634069c076407bc074c07a807cc0818085009e809980a1c098c0a5007b0098c09500644091408f4066c0
g09iy,0,train,6400698075007dc081008d408a807e80788074407180734078007700844074c084806c00a300a0007cc0a940a7c06ec0
g09iy,0,train,63806b00760080c084008f808c007ec0768074c07400754079c076c084c0744085c06ec0a400a2406f00a8c0a8006480
g09uw,2,train,658064006280610063806e407a40764077407580724072809c0090c08c8089c094007540ac40a7407c80a940a6407940
g09uw,2,train,6600644064c066806780758083007a007400750078c07d00950087c08c80898091807440a900a2c07c80a740a3c06b80
g10ah,1,test,59c057805b405fc066807280758076807b8082c089008fc08e408b008d00980099c091c08ec0948095407a0094008a80
g10ah,1,test,5e005cc05c405e4060006dc073c078c07880830088808c808d008d80904098809400914094008800958089c08dc08f00
g10aw,3,test,5ec05cc05d8060c061006b806f406f0072807680788087009100908088c0a0c0a1409c0097809b409b007d8097c08d00
g10aw,3,test,5f805dc05d406340624066806a006ac06e0074c079c0864096808f8095c099c0a3809a409d408e409cc0858092c09100
g10iy,0,test,678064806ac076c07b0087c07d4071406dc070406e406d006f8070c074807d807e00958092c0ac00abc08d40ac40a1c0
g10iy,0,test,694065806c0077c07a808180798070c07200724071006e806fc06e807000720083c08fc09c80a280b1009900a600a400
g10uw,2,test,64c062406280634063006a4070406ec07080704076c07f008f40898081408280808097809180b240ad409300a6009400
g10uw,2,test,6840670067006640674068806c806b006b406ac0704077c08980888082c080808b8091c0a3c09f00b0c0a2009d009c80
g11ah,1,train,5d405c405c405e805fc06a8079407b007a407c4086408ec09180934097809680934092808a8097c095407b0093c08580
g11ah,1,train,5b80590059c05f0060806d007b407cc07c8082008a009180930092809880954096408fc08c80958096407040900086c0
g11aw,3,train,5cc05c405ac0604064806b407900794072c076c07f0083c0900093c097c09ac09e0096809580968098c0748091c08a00
g11aw,3,train,5d805b005a0061c065406ac078407900730077808080858090c0958097409ac09e809580954095c098c0738090808940
g11iy,0,train,62806100704079c07c8080408c408b807e0077c075c070806fc06f007140744073408b4085c0a840a7808640a9c09e40
g11iy,0,train,644063406f0077407b8083008a00874079807600770072c06d006ec07100728076408e408e00a700aa407fc0a800a0c0
g11uw,2,train,6900688067406ac067006b0072c07300714071007080770082c087408f40858084808cc08880ae80adc08080a9809e80
g11uw,2,train,6c806b806bc06d006c00700074006dc06c006ac06fc07540800083808c00854085808d808a80ac40ac808340a9809fc0
g12ah,1,train,5e005b405c405d4060806f8073807300784084008d808f408cc08e8098809b0096808e8092408b4097c083408b808940
g12ah,1,train,5d005c005b005f80640074407ac07b007e8089408fc08f808b00904096809480900090c08b80860092c08c8081408380
g12aw,3,train,5e805dc05fc064c06680704074006e006f807940824093009580944095809b009b409500914095c095c06cc090c08680
g12aw,3,train,5b805a005d40614066c0740079c079807c408400888096c090808ec091409b8098c093808bc093c091806c008d007fc0
g12iy,0,train,67c068806c40794082008b008040768073006fc07140700072007140730077807b40934090c0a8c0a94093409f4092c0
g12iy,0,train,6bc06a806ec07a40824086007d00750072807040728071c0714073c076c078c07580790096809240b780af8096409880
g12uw,2,train,6780648065806640684073c0788078c07dc087008c8080007a407c8080c081407c807b40a540ad008980a4c0a9807480
g12uw,2,train,6340610061006500688078c07d00780078408500870084807e807a8078c083c07cc085409000aec0a14097c0a3c08440
g13ah,1,train,5b405bc05cc0608061406f007280720074c07f80914093c092c08d8091009a80924098c087009b408c808c4096407640
g13ah,1,train,5c005ac05c805e4063c0714073c073c0774082408dc093c08ec08c0092009a80998094408ec095c09500750090c08500
g13aw,3,train,60405d405cc063006e0072806b4069c06ac0724079807f008e80914091409f809b40a44098409d4098c0818095808500
g13aw,3,train,5d005ac05880628070c075006f406bc06dc074407a80808092c0980092c09d80a1c09d409c809680990072008f808840
g13iy,0,train,680067806e40778085408a808e807d4074c071c0740073006f406f807b8078007fc07bc0a380a7807bc0ac80afc074c0
g13iy,0,train,668066006ac074c085c08ac08cc07d407a407400780073c070c071807b8077407e007a80a340a7408040ab80ae406e40
g13uw,2,train,6600650067c0690068c0724070806b006c806e8072c078c08080834087c0834093008d40acc0b0408ec0ad40b0407480
g13uw,2,train,698067c0658068406640798074c06cc06d006d806f8076807d80888089408a808b808c80a700b0c09440a680ac806f00
g14ah,1,train,5ec05e005d405fc060c064807700768072c075007bc084408dc091c09480a2409ec09cc093c09240968092c086008a00
g14ah,1,train,61c060405f406000630066c075c076c0734076407c4083009300910096409e409ec09a4093c096c08fc090807fc08700
g14aw,3,train,60005d405dc0604066c06a40798074806e406f0075007d00858094009b809f00a5c09dc09c808bc09c8084c08e008d00
g14aw,3,train,61c060805f4061c065c06c40778073806d006e0076007ac0888091409680a080a240a08098c08e8098808e008a808bc0
g14iy,0,train,620060c0688078807b4082008b00910087007a4074806f006e406c00794077407a0085408840a240a7c08480a4009e40
g14iy,0,train,67c066006c007a007c4080c088c08a808340754071806e806a006900744076c079c0844090009b40a94093c0a180a000
g14uw,2,train,6980674067006c806c4064c0734074c070006d806ec06ec06d007d4088009580948092808dc0b780b70086c0a1409600
g14uw,2,train,6c806a8069006b00698067006b4074406f806e006d806e00704075c0868097c09f808fc09240b0c0b5c08140a2809d00
g15ah,1,test,5a4057c064406d0070007c007d407e007f8085408cc095009180910093c08e80898087807f008e008b0078c08c407d40
g15ah,1,test,59c0570061006a806bc07a807dc07b407ec08440940096c094c0920095808e408f8085c084808d008f4069408ac082c0
g15aw,3,test,5d005b00618070c076407c00720072407200714075c08380958095c097809a00978096808f40964094406fc0904082c0
g15aw,3,test,5bc058805e006f8074807c4074c073c0738075c07800870098409a8099009a409b8091808ec09540960063c08d408440
g15iy,0,test,5f806180740082c084c0894088407ac0764078c075c073007440750070007380800086009100a4808f409f40a8c08100
g15iy,0,test,600064c07380820087008d0088c07a00774079407640748071006f40708075c072008ec08200a3c09f809000a7009540
g15uw,2,test,6100614061006b806ac06a407f407d007c407f408540950084007fc07e8081c07bc08dc08280ad80a94083409b408a00
g15uw,2,test,6280610063806a00690069c080c07f807c007f0080c0904085407f807fc080807cc08e008640ad80aa4080009a408b40
g17ah,1,train,5d805a0060806a006e4079c077c0728077407a8084008f4091c08e008e409ac0938099808a8093c08e007d808fc07c80
g17ah,1,train,5ac058c062806bc06f407ac07900758079407cc086c0930091c08f408f4097408fc09800894090008b4079408e807b40
g17aw,3,train,5e805c405e406c406f807ac075c06b406c80718076007b808cc0914090c09a009c809f409cc096c097807ac090c08800
g17aw,3,train,5b005b005d006e807180790074806dc06fc075807a4082808e4099008f009900a28096c09980928098006b808e8089c0
g17iy,0,train,624066406e407b8086c08b00918084007b0079807640758070006f807a40778078c076409f00a4008580a500a8807440
g17iy,0,train,620066406fc07d4086808c00948083807b807300744072c0720075c07d807e4078c078c09c40a4807980a200a7007580
g17uw,2,train,62c0610066c068806c007cc08180798083808ac084407b4076c0740077c07d407f4090808fc0ab80ab00810098008e80
g17uw,2,train,62805e8063c0668069007fc08400778079c089c08c8081807ac0788078c08140804092c08dc0ac40ab40774098c08d80
g18ah,1,train,5c405ac05d0062c06dc071806f406f4073c083408ec089808440874095c09a0094c08dc091808a809c80870092409180
g18ah,1,train,5a0058c05e00674068006f4072006fc07300830093808d4086008d0096c09b0093408c408fc087809ac0848090c08fc0
g18aw,3,train,5fc05ec05ec067006f4074406f806c806c406f0074807c008e408f4098809b009d40940097008f809e40840093c09280
g18aw,3,train,5cc05c40588063c069c06e8071006dc06b807100790081c08b808f409d00a1409cc0950095408e809f8087c094809380
g18iy,0,train,6dc06d806d4074c07fc085007e00790071406fc06f006e806d406c407240730074c08a8090c0af00b7408dc0a6c0a2c0
g18iy,0,train,698068806d80790081c088c07f007c0073c0710070406e006f406dc06e80700072c08ac08f00aec0b5c08b00a6c0a280
g18uw,2,train,69c068006840698068406f4069806e406f4074c07f40828080c077007300740084408c409a80a840b6809f00a3c0a200
g18uw,2,train,6bc06bc06b406b806e4073806e406c406d00748079c0848080c0774070c071007f8089c09600a740b7009dc0a400a280
g19ah,1,train,5b80594059006280670072007c8080808440900092c08e408980898096c0908091408d808a8091c092806d008cc083c0
g19ah,1,train,5c005a405a006400694072407bc0800087008f8091408d8086c0914093009180930089808e408b8092c069008a808680
g19aw,3,train,614060405e406540678067c069c06b006c8074007b4085008dc098409e809dc09ec095009b4094409d80778091c08e80
g19aw,3,train,5f805d005c80634066c069406f0070c07240798082c08d80968092c09e009d0099409080974091809b0071008ec08b80
g19iy,0,train,69806700690075807b007c807e007840750075806f0072407000708079c0758077408f408d80ae80ae409240a8809d80
g19iy,0,train,67c066c06ac078408100814081807980750072406fc06fc06d0067407a807600778092009100b100b28081c0a7c09f80
g19uw,2,train,6a0067c0674066c0664067806cc06d806f406f0071807d40808087c08c40884085409a409380b180af008740a2009380
g19uw,2,train,6b406ac06c406dc06d006e006ec06c006cc06e4072007d808340854089c08480840097c093c0afc0af407dc09d809340
g20ah,1,test,5fc05e005d00630067407140718070406e0072407f808c8092c093c09600a0809700964088809b009500848095408140
g20ah,1,test,5f405d805d40628064406f40724073807480794086808dc08ec08e409e409740990090c08f0096c09840738091808940
g20aw,3,test,5f805ec05c0068006d4076006f806bc06d00744078407f808dc0970099c0a68098c09d808a009d0092c087c094407b00
g20aw,3,test,5d805c805b8068406c40740070006f40710078807b808540904096c09f409f00a30093c09500924096006f408c8086c0
g20iy,0,test,63c063006d0075007bc084c07c807480728073c0750070006d4073c07c407ec07e0093c08f00ab00a9c08a80a6c09bc0
g20iy,0,test,674066406bc075807d8086c0818075c073807240724070006d406ec07b807ac07e4093809300a600a90088c0a5809e00
g20uw,2,test,6a406a806ac06b006c0070c06d406bc06b406f8080008c0080c07f407f4081c07b0088c08e00b380ae009100a40090c0
g20uw,2,test,6b006a4066806800684072806dc06e006f0070007a8085008440810081c07d407e408e408d40b340b4c08a00a1c09980
g21ah,1,train,61805e4061c067c06bc0730072406e8072007a00840089008b0089c09040908091808c40934090809bc0800097009480
g21ah,1,train,5b805b805e00630068007300728073407b4089c08d0084c08880888094c099409a00924093c0878097007c808ec08d00
g21aw,3,train,62005f40600068c06980704071006d006cc06c0077008540944093c096c096c09cc09300984092009cc07cc094409180
g21aw,3,train,5f805e406180684065006bc06c0064406e007700800090009b809540960095409fc092c097c091409b40724090808dc0
g21iy,0,train,6380630064006e807bc0834084c07d0079c07740754075007580754077c07ec07d408c808700ab40a9c08840a6809a40
g21iy,0,train,6280628068c073407fc08cc08d00810079c07540744073807440744078c07bc07bc08a008640a780a7408000a3409880
g21uw,2,train,6800660064806540654070c06d806c406bc0700078008c808d408180820081c0858093809340b080b2807fc0a0409940
g21uw,2,train,65c063c066006640658069c0684066406a006f007480890090008640894087808b0095c09ac0ab40b2c080809ec09a80
