WIDTH=7;
DEPTH=32769;
ADDRESS_RADIX=UNS;
DATA_RADIX=HEX;
CONTENT BEGIN
0: 00;
1: 00;
2: 06;
3: 0a;
4: 0c;
5: 0e;
6: 10;
7: 11;
8: 12;
9: 13;
10: 14;
11: 15;
12: 16;
13: 16;
14: 17;
15: 18;
16: 18;
17: 19;
18: 19;
19: 1a;
20: 1a;
21: 1a;
22: 1b;
23: 1b;
24: 1c;
25: 1c;
26: 1c;
27: 1d;
28: 1d;
29: 1d;
30: 1e;
31: 1e;
32: 1e;
33: 1e;
34: 1f;
35: 1f;
36: 1f;
37: 1f;
38: 20;
39: 20;
40: 20;
41: 20;
42: 20;
43: 21;
44: 21;
45: 21;
46: 21;
47: 21;
48: 22;
49: 22;
50: 22;
51: 22;
52: 22;
53: 22;
54: 23;
55: 23;
56: 23;
57: 23;
58: 23;
59: 23;
60: 24;
61: 24;
62: 24;
63: 24;
64: 24;
65: 24;
66: 24;
67: 25;
68: 25;
69: 25;
70: 25;
71: 25;
72: 25;
73: 25;
74: 25;
75: 26;
76: 26;
77: 26;
78: 26;
79: 26;
80: 26;
81: 26;
82: 26;
83: 26;
84: 26;
85: 27;
86: 27;
87: 27;
88: 27;
89: 27;
90: 27;
91: 27;
92: 27;
93: 27;
94: 27;
95: 28;
96: 28;
97: 28;
98: 28;
99: 28;
100: 28;
101: 28;
102: 28;
103: 28;
104: 28;
105: 28;
106: 29;
107: 29;
108: 29;
109: 29;
110: 29;
111: 29;
112: 29;
113: 29;
114: 29;
115: 29;
116: 29;
117: 29;
118: 29;
119: 2a;
120: 2a;
121: 2a;
122: 2a;
123: 2a;
124: 2a;
125: 2a;
126: 2a;
127: 2a;
128: 2a;
129: 2a;
130: 2a;
131: 2a;
132: 2a;
133: 2a;
134: 2b;
135: 2b;
136: 2b;
137: 2b;
138: 2b;
139: 2b;
140: 2b;
141: 2b;
142: 2b;
143: 2b;
144: 2b;
145: 2b;
146: 2b;
147: 2b;
148: 2b;
149: 2b;
150: 2c;
151: 2c;
152: 2c;
153: 2c;
154: 2c;
155: 2c;
156: 2c;
157: 2c;
158: 2c;
159: 2c;
160: 2c;
161: 2c;
162: 2c;
163: 2c;
164: 2c;
165: 2c;
166: 2c;
167: 2c;
168: 2d;
169: 2d;
170: 2d;
171: 2d;
172: 2d;
173: 2d;
174: 2d;
175: 2d;
176: 2d;
177: 2d;
178: 2d;
179: 2d;
180: 2d;
181: 2d;
182: 2d;
183: 2d;
184: 2d;
185: 2d;
186: 2d;
187: 2d;
188: 2d;
189: 2e;
190: 2e;
191: 2e;
192: 2e;
193: 2e;
194: 2e;
195: 2e;
196: 2e;
197: 2e;
198: 2e;
199: 2e;
200: 2e;
201: 2e;
202: 2e;
203: 2e;
204: 2e;
205: 2e;
206: 2e;
207: 2e;
208: 2e;
209: 2e;
210: 2e;
211: 2e;
212: 2f;
213: 2f;
214: 2f;
215: 2f;
216: 2f;
217: 2f;
218: 2f;
219: 2f;
220: 2f;
221: 2f;
222: 2f;
223: 2f;
224: 2f;
225: 2f;
226: 2f;
227: 2f;
228: 2f;
229: 2f;
230: 2f;
231: 2f;
232: 2f;
233: 2f;
234: 2f;
235: 2f;
236: 2f;
237: 2f;
238: 30;
239: 30;
240: 30;
241: 30;
242: 30;
243: 30;
244: 30;
245: 30;
246: 30;
247: 30;
248: 30;
249: 30;
250: 30;
251: 30;
252: 30;
253: 30;
254: 30;
255: 30;
256: 30;
257: 30;
258: 30;
259: 30;
260: 30;
261: 30;
262: 30;
263: 30;
264: 30;
265: 30;
266: 30;
267: 31;
268: 31;
269: 31;
270: 31;
271: 31;
272: 31;
273: 31;
274: 31;
275: 31;
276: 31;
277: 31;
278: 31;
279: 31;
280: 31;
281: 31;
282: 31;
283: 31;
284: 31;
285: 31;
286: 31;
287: 31;
288: 31;
289: 31;
290: 31;
291: 31;
292: 31;
293: 31;
294: 31;
295: 31;
296: 31;
297: 31;
298: 31;
299: 32;
300: 32;
301: 32;
302: 32;
303: 32;
304: 32;
305: 32;
306: 32;
307: 32;
308: 32;
309: 32;
310: 32;
311: 32;
312: 32;
313: 32;
314: 32;
315: 32;
316: 32;
317: 32;
318: 32;
319: 32;
320: 32;
321: 32;
322: 32;
323: 32;
324: 32;
325: 32;
326: 32;
327: 32;
328: 32;
329: 32;
330: 32;
331: 32;
332: 32;
333: 32;
334: 32;
335: 33;
336: 33;
337: 33;
338: 33;
339: 33;
340: 33;
341: 33;
342: 33;
343: 33;
344: 33;
345: 33;
346: 33;
347: 33;
348: 33;
349: 33;
350: 33;
351: 33;
352: 33;
353: 33;
354: 33;
355: 33;
356: 33;
357: 33;
358: 33;
359: 33;
360: 33;
361: 33;
362: 33;
363: 33;
364: 33;
365: 33;
366: 33;
367: 33;
368: 33;
369: 33;
370: 33;
371: 33;
372: 33;
373: 33;
374: 33;
375: 33;
376: 34;
377: 34;
378: 34;
379: 34;
380: 34;
381: 34;
382: 34;
383: 34;
384: 34;
385: 34;
386: 34;
387: 34;
388: 34;
389: 34;
390: 34;
391: 34;
392: 34;
393: 34;
394: 34;
395: 34;
396: 34;
397: 34;
398: 34;
399: 34;
400: 34;
401: 34;
402: 34;
403: 34;
404: 34;
405: 34;
406: 34;
407: 34;
408: 34;
409: 34;
410: 34;
411: 34;
412: 34;
413: 34;
414: 34;
415: 34;
416: 34;
417: 34;
418: 34;
419: 34;
420: 34;
421: 34;
422: 35;
423: 35;
424: 35;
425: 35;
426: 35;
427: 35;
428: 35;
429: 35;
430: 35;
431: 35;
432: 35;
433: 35;
434: 35;
435: 35;
436: 35;
437: 35;
438: 35;
439: 35;
440: 35;
441: 35;
442: 35;
443: 35;
444: 35;
445: 35;
446: 35;
447: 35;
448: 35;
449: 35;
450: 35;
451: 35;
452: 35;
453: 35;
454: 35;
455: 35;
456: 35;
457: 35;
458: 35;
459: 35;
460: 35;
461: 35;
462: 35;
463: 35;
464: 35;
465: 35;
466: 35;
467: 35;
468: 35;
469: 35;
470: 35;
471: 35;
472: 35;
473: 35;
474: 36;
475: 36;
476: 36;
477: 36;
478: 36;
479: 36;
480: 36;
481: 36;
482: 36;
483: 36;
484: 36;
485: 36;
486: 36;
487: 36;
488: 36;
489: 36;
490: 36;
491: 36;
492: 36;
493: 36;
494: 36;
495: 36;
496: 36;
497: 36;
498: 36;
499: 36;
500: 36;
501: 36;
502: 36;
503: 36;
504: 36;
505: 36;
506: 36;
507: 36;
508: 36;
509: 36;
510: 36;
511: 36;
512: 36;
513: 36;
514: 36;
515: 36;
516: 36;
517: 36;
518: 36;
519: 36;
520: 36;
521: 36;
522: 36;
523: 36;
524: 36;
525: 36;
526: 36;
527: 36;
528: 36;
529: 36;
530: 36;
531: 37;
532: 37;
533: 37;
534: 37;
535: 37;
536: 37;
537: 37;
538: 37;
539: 37;
540: 37;
541: 37;
542: 37;
543: 37;
544: 37;
545: 37;
546: 37;
547: 37;
548: 37;
549: 37;
550: 37;
551: 37;
552: 37;
553: 37;
554: 37;
555: 37;
556: 37;
557: 37;
558: 37;
559: 37;
560: 37;
561: 37;
562: 37;
563: 37;
564: 37;
565: 37;
566: 37;
567: 37;
568: 37;
569: 37;
570: 37;
571: 37;
572: 37;
573: 37;
574: 37;
575: 37;
576: 37;
577: 37;
578: 37;
579: 37;
580: 37;
581: 37;
582: 37;
583: 37;
584: 37;
585: 37;
586: 37;
587: 37;
588: 37;
589: 37;
590: 37;
591: 37;
592: 37;
593: 37;
594: 37;
595: 37;
596: 38;
597: 38;
598: 38;
599: 38;
600: 38;
601: 38;
602: 38;
603: 38;
604: 38;
605: 38;
606: 38;
607: 38;
608: 38;
609: 38;
610: 38;
611: 38;
612: 38;
613: 38;
614: 38;
615: 38;
616: 38;
617: 38;
618: 38;
619: 38;
620: 38;
621: 38;
622: 38;
623: 38;
624: 38;
625: 38;
626: 38;
627: 38;
628: 38;
629: 38;
630: 38;
631: 38;
632: 38;
633: 38;
634: 38;
635: 38;
636: 38;
637: 38;
638: 38;
639: 38;
640: 38;
641: 38;
642: 38;
643: 38;
644: 38;
645: 38;
646: 38;
647: 38;
648: 38;
649: 38;
650: 38;
651: 38;
652: 38;
653: 38;
654: 38;
655: 38;
656: 38;
657: 38;
658: 38;
659: 38;
660: 38;
661: 38;
662: 38;
663: 38;
664: 38;
665: 38;
666: 38;
667: 38;
668: 38;
669: 39;
670: 39;
671: 39;
672: 39;
673: 39;
674: 39;
675: 39;
676: 39;
677: 39;
678: 39;
679: 39;
680: 39;
681: 39;
682: 39;
683: 39;
684: 39;
685: 39;
686: 39;
687: 39;
688: 39;
689: 39;
690: 39;
691: 39;
692: 39;
693: 39;
694: 39;
695: 39;
696: 39;
697: 39;
698: 39;
699: 39;
700: 39;
701: 39;
702: 39;
703: 39;
704: 39;
705: 39;
706: 39;
707: 39;
708: 39;
709: 39;
710: 39;
711: 39;
712: 39;
713: 39;
714: 39;
715: 39;
716: 39;
717: 39;
718: 39;
719: 39;
720: 39;
721: 39;
722: 39;
723: 39;
724: 39;
725: 39;
726: 39;
727: 39;
728: 39;
729: 39;
730: 39;
731: 39;
732: 39;
733: 39;
734: 39;
735: 39;
736: 39;
737: 39;
738: 39;
739: 39;
740: 39;
741: 39;
742: 39;
743: 39;
744: 39;
745: 39;
746: 39;
747: 39;
748: 39;
749: 39;
750: 3a;
751: 3a;
752: 3a;
753: 3a;
754: 3a;
755: 3a;
756: 3a;
757: 3a;
758: 3a;
759: 3a;
760: 3a;
761: 3a;
762: 3a;
763: 3a;
764: 3a;
765: 3a;
766: 3a;
767: 3a;
768: 3a;
769: 3a;
770: 3a;
771: 3a;
772: 3a;
773: 3a;
774: 3a;
775: 3a;
776: 3a;
777: 3a;
778: 3a;
779: 3a;
780: 3a;
781: 3a;
782: 3a;
783: 3a;
784: 3a;
785: 3a;
786: 3a;
787: 3a;
788: 3a;
789: 3a;
790: 3a;
791: 3a;
792: 3a;
793: 3a;
794: 3a;
795: 3a;
796: 3a;
797: 3a;
798: 3a;
799: 3a;
800: 3a;
801: 3a;
802: 3a;
803: 3a;
804: 3a;
805: 3a;
806: 3a;
807: 3a;
808: 3a;
809: 3a;
810: 3a;
811: 3a;
812: 3a;
813: 3a;
814: 3a;
815: 3a;
816: 3a;
817: 3a;
818: 3a;
819: 3a;
820: 3a;
821: 3a;
822: 3a;
823: 3a;
824: 3a;
825: 3a;
826: 3a;
827: 3a;
828: 3a;
829: 3a;
830: 3a;
831: 3a;
832: 3a;
833: 3a;
834: 3a;
835: 3a;
836: 3a;
837: 3a;
838: 3a;
839: 3a;
840: 3a;
841: 3a;
842: 3b;
843: 3b;
844: 3b;
845: 3b;
846: 3b;
847: 3b;
848: 3b;
849: 3b;
850: 3b;
851: 3b;
852: 3b;
853: 3b;
854: 3b;
855: 3b;
856: 3b;
857: 3b;
858: 3b;
859: 3b;
860: 3b;
861: 3b;
862: 3b;
863: 3b;
864: 3b;
865: 3b;
866: 3b;
867: 3b;
868: 3b;
869: 3b;
870: 3b;
871: 3b;
872: 3b;
873: 3b;
874: 3b;
875: 3b;
876: 3b;
877: 3b;
878: 3b;
879: 3b;
880: 3b;
881: 3b;
882: 3b;
883: 3b;
884: 3b;
885: 3b;
886: 3b;
887: 3b;
888: 3b;
889: 3b;
890: 3b;
891: 3b;
892: 3b;
893: 3b;
894: 3b;
895: 3b;
896: 3b;
897: 3b;
898: 3b;
899: 3b;
900: 3b;
901: 3b;
902: 3b;
903: 3b;
904: 3b;
905: 3b;
906: 3b;
907: 3b;
908: 3b;
909: 3b;
910: 3b;
911: 3b;
912: 3b;
913: 3b;
914: 3b;
915: 3b;
916: 3b;
917: 3b;
918: 3b;
919: 3b;
920: 3b;
921: 3b;
922: 3b;
923: 3b;
924: 3b;
925: 3b;
926: 3b;
927: 3b;
928: 3b;
929: 3b;
930: 3b;
931: 3b;
932: 3b;
933: 3b;
934: 3b;
935: 3b;
936: 3b;
937: 3b;
938: 3b;
939: 3b;
940: 3b;
941: 3b;
942: 3b;
943: 3b;
944: 3b;
945: 3c;
946: 3c;
947: 3c;
948: 3c;
949: 3c;
950: 3c;
951: 3c;
952: 3c;
953: 3c;
954: 3c;
955: 3c;
956: 3c;
957: 3c;
958: 3c;
959: 3c;
960: 3c;
961: 3c;
962: 3c;
963: 3c;
964: 3c;
965: 3c;
966: 3c;
967: 3c;
968: 3c;
969: 3c;
970: 3c;
971: 3c;
972: 3c;
973: 3c;
974: 3c;
975: 3c;
976: 3c;
977: 3c;
978: 3c;
979: 3c;
980: 3c;
981: 3c;
982: 3c;
983: 3c;
984: 3c;
985: 3c;
986: 3c;
987: 3c;
988: 3c;
989: 3c;
990: 3c;
991: 3c;
992: 3c;
993: 3c;
994: 3c;
995: 3c;
996: 3c;
997: 3c;
998: 3c;
999: 3c;
1000: 3c;
1001: 3c;
1002: 3c;
1003: 3c;
1004: 3c;
1005: 3c;
1006: 3c;
1007: 3c;
1008: 3c;
1009: 3c;
1010: 3c;
1011: 3c;
1012: 3c;
1013: 3c;
1014: 3c;
1015: 3c;
1016: 3c;
1017: 3c;
1018: 3c;
1019: 3c;
1020: 3c;
1021: 3c;
1022: 3c;
1023: 3c;
1024: 3c;
1025: 3c;
1026: 3c;
1027: 3c;
1028: 3c;
1029: 3c;
1030: 3c;
1031: 3c;
1032: 3c;
1033: 3c;
1034: 3c;
1035: 3c;
1036: 3c;
1037: 3c;
1038: 3c;
1039: 3c;
1040: 3c;
1041: 3c;
1042: 3c;
1043: 3c;
1044: 3c;
1045: 3c;
1046: 3c;
1047: 3c;
1048: 3c;
1049: 3c;
1050: 3c;
1051: 3c;
1052: 3c;
1053: 3c;
1054: 3c;
1055: 3c;
1056: 3c;
1057: 3c;
1058: 3c;
1059: 3c;
1060: 3d;
1061: 3d;
1062: 3d;
1063: 3d;
1064: 3d;
1065: 3d;
1066: 3d;
1067: 3d;
1068: 3d;
1069: 3d;
1070: 3d;
1071: 3d;
1072: 3d;
1073: 3d;
1074: 3d;
1075: 3d;
1076: 3d;
1077: 3d;
1078: 3d;
1079: 3d;
1080: 3d;
1081: 3d;
1082: 3d;
1083: 3d;
1084: 3d;
1085: 3d;
1086: 3d;
1087: 3d;
1088: 3d;
1089: 3d;
1090: 3d;
1091: 3d;
1092: 3d;
1093: 3d;
1094: 3d;
1095: 3d;
1096: 3d;
1097: 3d;
1098: 3d;
1099: 3d;
1100: 3d;
1101: 3d;
1102: 3d;
1103: 3d;
1104: 3d;
1105: 3d;
1106: 3d;
1107: 3d;
1108: 3d;
1109: 3d;
1110: 3d;
1111: 3d;
1112: 3d;
1113: 3d;
1114: 3d;
1115: 3d;
1116: 3d;
1117: 3d;
1118: 3d;
1119: 3d;
1120: 3d;
1121: 3d;
1122: 3d;
1123: 3d;
1124: 3d;
1125: 3d;
1126: 3d;
1127: 3d;
1128: 3d;
1129: 3d;
1130: 3d;
1131: 3d;
1132: 3d;
1133: 3d;
1134: 3d;
1135: 3d;
1136: 3d;
1137: 3d;
1138: 3d;
1139: 3d;
1140: 3d;
1141: 3d;
1142: 3d;
1143: 3d;
1144: 3d;
1145: 3d;
1146: 3d;
1147: 3d;
1148: 3d;
1149: 3d;
1150: 3d;
1151: 3d;
1152: 3d;
1153: 3d;
1154: 3d;
1155: 3d;
1156: 3d;
1157: 3d;
1158: 3d;
1159: 3d;
1160: 3d;
1161: 3d;
1162: 3d;
1163: 3d;
1164: 3d;
1165: 3d;
1166: 3d;
1167: 3d;
1168: 3d;
1169: 3d;
1170: 3d;
1171: 3d;
1172: 3d;
1173: 3d;
1174: 3d;
1175: 3d;
1176: 3d;
1177: 3d;
1178: 3d;
1179: 3d;
1180: 3d;
1181: 3d;
1182: 3d;
1183: 3d;
1184: 3d;
1185: 3d;
1186: 3d;
1187: 3d;
1188: 3d;
1189: 3e;
1190: 3e;
1191: 3e;
1192: 3e;
1193: 3e;
1194: 3e;
1195: 3e;
1196: 3e;
1197: 3e;
1198: 3e;
1199: 3e;
1200: 3e;
1201: 3e;
1202: 3e;
1203: 3e;
1204: 3e;
1205: 3e;
1206: 3e;
1207: 3e;
1208: 3e;
1209: 3e;
1210: 3e;
1211: 3e;
1212: 3e;
1213: 3e;
1214: 3e;
1215: 3e;
1216: 3e;
1217: 3e;
1218: 3e;
1219: 3e;
1220: 3e;
1221: 3e;
1222: 3e;
1223: 3e;
1224: 3e;
1225: 3e;
1226: 3e;
1227: 3e;
1228: 3e;
1229: 3e;
1230: 3e;
1231: 3e;
1232: 3e;
1233: 3e;
1234: 3e;
1235: 3e;
1236: 3e;
1237: 3e;
1238: 3e;
1239: 3e;
1240: 3e;
1241: 3e;
1242: 3e;
1243: 3e;
1244: 3e;
1245: 3e;
1246: 3e;
1247: 3e;
1248: 3e;
1249: 3e;
1250: 3e;
1251: 3e;
1252: 3e;
1253: 3e;
1254: 3e;
1255: 3e;
1256: 3e;
1257: 3e;
1258: 3e;
1259: 3e;
1260: 3e;
1261: 3e;
1262: 3e;
1263: 3e;
1264: 3e;
1265: 3e;
1266: 3e;
1267: 3e;
1268: 3e;
1269: 3e;
1270: 3e;
1271: 3e;
1272: 3e;
1273: 3e;
1274: 3e;
1275: 3e;
1276: 3e;
1277: 3e;
1278: 3e;
1279: 3e;
1280: 3e;
1281: 3e;
1282: 3e;
1283: 3e;
1284: 3e;
1285: 3e;
1286: 3e;
1287: 3e;
1288: 3e;
1289: 3e;
1290: 3e;
1291: 3e;
1292: 3e;
1293: 3e;
1294: 3e;
1295: 3e;
1296: 3e;
1297: 3e;
1298: 3e;
1299: 3e;
1300: 3e;
1301: 3e;
1302: 3e;
1303: 3e;
1304: 3e;
1305: 3e;
1306: 3e;
1307: 3e;
1308: 3e;
1309: 3e;
1310: 3e;
1311: 3e;
1312: 3e;
1313: 3e;
1314: 3e;
1315: 3e;
1316: 3e;
1317: 3e;
1318: 3e;
1319: 3e;
1320: 3e;
1321: 3e;
1322: 3e;
1323: 3e;
1324: 3e;
1325: 3e;
1326: 3e;
1327: 3e;
1328: 3e;
1329: 3e;
1330: 3e;
1331: 3e;
1332: 3e;
1333: 3e;
1334: 3f;
1335: 3f;
1336: 3f;
1337: 3f;
1338: 3f;
1339: 3f;
1340: 3f;
1341: 3f;
1342: 3f;
1343: 3f;
1344: 3f;
1345: 3f;
1346: 3f;
1347: 3f;
1348: 3f;
1349: 3f;
1350: 3f;
1351: 3f;
1352: 3f;
1353: 3f;
1354: 3f;
1355: 3f;
1356: 3f;
1357: 3f;
1358: 3f;
1359: 3f;
1360: 3f;
1361: 3f;
1362: 3f;
1363: 3f;
1364: 3f;
1365: 3f;
1366: 3f;
1367: 3f;
1368: 3f;
1369: 3f;
1370: 3f;
1371: 3f;
1372: 3f;
1373: 3f;
1374: 3f;
1375: 3f;
1376: 3f;
1377: 3f;
1378: 3f;
1379: 3f;
1380: 3f;
1381: 3f;
1382: 3f;
1383: 3f;
1384: 3f;
1385: 3f;
1386: 3f;
1387: 3f;
1388: 3f;
1389: 3f;
1390: 3f;
1391: 3f;
1392: 3f;
1393: 3f;
1394: 3f;
1395: 3f;
1396: 3f;
1397: 3f;
1398: 3f;
1399: 3f;
1400: 3f;
1401: 3f;
1402: 3f;
1403: 3f;
1404: 3f;
1405: 3f;
1406: 3f;
1407: 3f;
1408: 3f;
1409: 3f;
1410: 3f;
1411: 3f;
1412: 3f;
1413: 3f;
1414: 3f;
1415: 3f;
1416: 3f;
1417: 3f;
1418: 3f;
1419: 3f;
1420: 3f;
1421: 3f;
1422: 3f;
1423: 3f;
1424: 3f;
1425: 3f;
1426: 3f;
1427: 3f;
1428: 3f;
1429: 3f;
1430: 3f;
1431: 3f;
1432: 3f;
1433: 3f;
1434: 3f;
1435: 3f;
1436: 3f;
1437: 3f;
1438: 3f;
1439: 3f;
1440: 3f;
1441: 3f;
1442: 3f;
1443: 3f;
1444: 3f;
1445: 3f;
1446: 3f;
1447: 3f;
1448: 3f;
1449: 3f;
1450: 3f;
1451: 3f;
1452: 3f;
1453: 3f;
1454: 3f;
1455: 3f;
1456: 3f;
1457: 3f;
1458: 3f;
1459: 3f;
1460: 3f;
1461: 3f;
1462: 3f;
1463: 3f;
1464: 3f;
1465: 3f;
1466: 3f;
1467: 3f;
1468: 3f;
1469: 3f;
1470: 3f;
1471: 3f;
1472: 3f;
1473: 3f;
1474: 3f;
1475: 3f;
1476: 3f;
1477: 3f;
1478: 3f;
1479: 3f;
1480: 3f;
1481: 3f;
1482: 3f;
1483: 3f;
1484: 3f;
1485: 3f;
1486: 3f;
1487: 3f;
1488: 3f;
1489: 3f;
1490: 3f;
1491: 3f;
1492: 3f;
1493: 3f;
1494: 3f;
1495: 3f;
1496: 3f;
1497: 40;
1498: 40;
1499: 40;
1500: 40;
1501: 40;
1502: 40;
1503: 40;
1504: 40;
1505: 40;
1506: 40;
1507: 40;
1508: 40;
1509: 40;
1510: 40;
1511: 40;
1512: 40;
1513: 40;
1514: 40;
1515: 40;
1516: 40;
1517: 40;
1518: 40;
1519: 40;
1520: 40;
1521: 40;
1522: 40;
1523: 40;
1524: 40;
1525: 40;
1526: 40;
1527: 40;
1528: 40;
1529: 40;
1530: 40;
1531: 40;
1532: 40;
1533: 40;
1534: 40;
1535: 40;
1536: 40;
1537: 40;
1538: 40;
1539: 40;
1540: 40;
1541: 40;
1542: 40;
1543: 40;
1544: 40;
1545: 40;
1546: 40;
1547: 40;
1548: 40;
1549: 40;
1550: 40;
1551: 40;
1552: 40;
1553: 40;
1554: 40;
1555: 40;
1556: 40;
1557: 40;
1558: 40;
1559: 40;
1560: 40;
1561: 40;
1562: 40;
1563: 40;
1564: 40;
1565: 40;
1566: 40;
1567: 40;
1568: 40;
1569: 40;
1570: 40;
1571: 40;
1572: 40;
1573: 40;
1574: 40;
1575: 40;
1576: 40;
1577: 40;
1578: 40;
1579: 40;
1580: 40;
1581: 40;
1582: 40;
1583: 40;
1584: 40;
1585: 40;
1586: 40;
1587: 40;
1588: 40;
1589: 40;
1590: 40;
1591: 40;
1592: 40;
1593: 40;
1594: 40;
1595: 40;
1596: 40;
1597: 40;
1598: 40;
1599: 40;
1600: 40;
1601: 40;
1602: 40;
1603: 40;
1604: 40;
1605: 40;
1606: 40;
1607: 40;
1608: 40;
1609: 40;
1610: 40;
1611: 40;
1612: 40;
1613: 40;
1614: 40;
1615: 40;
1616: 40;
1617: 40;
1618: 40;
1619: 40;
1620: 40;
1621: 40;
1622: 40;
1623: 40;
1624: 40;
1625: 40;
1626: 40;
1627: 40;
1628: 40;
1629: 40;
1630: 40;
1631: 40;
1632: 40;
1633: 40;
1634: 40;
1635: 40;
1636: 40;
1637: 40;
1638: 40;
1639: 40;
1640: 40;
1641: 40;
1642: 40;
1643: 40;
1644: 40;
1645: 40;
1646: 40;
1647: 40;
1648: 40;
1649: 40;
1650: 40;
1651: 40;
1652: 40;
1653: 40;
1654: 40;
1655: 40;
1656: 40;
1657: 40;
1658: 40;
1659: 40;
1660: 40;
1661: 40;
1662: 40;
1663: 40;
1664: 40;
1665: 40;
1666: 40;
1667: 40;
1668: 40;
1669: 40;
1670: 40;
1671: 40;
1672: 40;
1673: 40;
1674: 40;
1675: 40;
1676: 40;
1677: 40;
1678: 40;
1679: 41;
1680: 41;
1681: 41;
1682: 41;
1683: 41;
1684: 41;
1685: 41;
1686: 41;
1687: 41;
1688: 41;
1689: 41;
1690: 41;
1691: 41;
1692: 41;
1693: 41;
1694: 41;
1695: 41;
1696: 41;
1697: 41;
1698: 41;
1699: 41;
1700: 41;
1701: 41;
1702: 41;
1703: 41;
1704: 41;
1705: 41;
1706: 41;
1707: 41;
1708: 41;
1709: 41;
1710: 41;
1711: 41;
1712: 41;
1713: 41;
1714: 41;
1715: 41;
1716: 41;
1717: 41;
1718: 41;
1719: 41;
1720: 41;
1721: 41;
1722: 41;
1723: 41;
1724: 41;
1725: 41;
1726: 41;
1727: 41;
1728: 41;
1729: 41;
1730: 41;
1731: 41;
1732: 41;
1733: 41;
1734: 41;
1735: 41;
1736: 41;
1737: 41;
1738: 41;
1739: 41;
1740: 41;
1741: 41;
1742: 41;
1743: 41;
1744: 41;
1745: 41;
1746: 41;
1747: 41;
1748: 41;
1749: 41;
1750: 41;
1751: 41;
1752: 41;
1753: 41;
1754: 41;
1755: 41;
1756: 41;
1757: 41;
1758: 41;
1759: 41;
1760: 41;
1761: 41;
1762: 41;
1763: 41;
1764: 41;
1765: 41;
1766: 41;
1767: 41;
1768: 41;
1769: 41;
1770: 41;
1771: 41;
1772: 41;
1773: 41;
1774: 41;
1775: 41;
1776: 41;
1777: 41;
1778: 41;
1779: 41;
1780: 41;
1781: 41;
1782: 41;
1783: 41;
1784: 41;
1785: 41;
1786: 41;
1787: 41;
1788: 41;
1789: 41;
1790: 41;
1791: 41;
1792: 41;
1793: 41;
1794: 41;
1795: 41;
1796: 41;
1797: 41;
1798: 41;
1799: 41;
1800: 41;
1801: 41;
1802: 41;
1803: 41;
1804: 41;
1805: 41;
1806: 41;
1807: 41;
1808: 41;
1809: 41;
1810: 41;
1811: 41;
1812: 41;
1813: 41;
1814: 41;
1815: 41;
1816: 41;
1817: 41;
1818: 41;
1819: 41;
1820: 41;
1821: 41;
1822: 41;
1823: 41;
1824: 41;
1825: 41;
1826: 41;
1827: 41;
1828: 41;
1829: 41;
1830: 41;
1831: 41;
1832: 41;
1833: 41;
1834: 41;
1835: 41;
1836: 41;
1837: 41;
1838: 41;
1839: 41;
1840: 41;
1841: 41;
1842: 41;
1843: 41;
1844: 41;
1845: 41;
1846: 41;
1847: 41;
1848: 41;
1849: 41;
1850: 41;
1851: 41;
1852: 41;
1853: 41;
1854: 41;
1855: 41;
1856: 41;
1857: 41;
1858: 41;
1859: 41;
1860: 41;
1861: 41;
1862: 41;
1863: 41;
1864: 41;
1865: 41;
1866: 41;
1867: 41;
1868: 41;
1869: 41;
1870: 41;
1871: 41;
1872: 41;
1873: 41;
1874: 41;
1875: 41;
1876: 41;
1877: 41;
1878: 41;
1879: 41;
1880: 41;
1881: 41;
1882: 41;
1883: 41;
1884: 42;
1885: 42;
1886: 42;
1887: 42;
1888: 42;
1889: 42;
1890: 42;
1891: 42;
1892: 42;
1893: 42;
1894: 42;
1895: 42;
1896: 42;
1897: 42;
1898: 42;
1899: 42;
1900: 42;
1901: 42;
1902: 42;
1903: 42;
1904: 42;
1905: 42;
1906: 42;
1907: 42;
1908: 42;
1909: 42;
1910: 42;
1911: 42;
1912: 42;
1913: 42;
1914: 42;
1915: 42;
1916: 42;
1917: 42;
1918: 42;
1919: 42;
1920: 42;
1921: 42;
1922: 42;
1923: 42;
1924: 42;
1925: 42;
1926: 42;
1927: 42;
1928: 42;
1929: 42;
1930: 42;
1931: 42;
1932: 42;
1933: 42;
1934: 42;
1935: 42;
1936: 42;
1937: 42;
1938: 42;
1939: 42;
1940: 42;
1941: 42;
1942: 42;
1943: 42;
1944: 42;
1945: 42;
1946: 42;
1947: 42;
1948: 42;
1949: 42;
1950: 42;
1951: 42;
1952: 42;
1953: 42;
1954: 42;
1955: 42;
1956: 42;
1957: 42;
1958: 42;
1959: 42;
1960: 42;
1961: 42;
1962: 42;
1963: 42;
1964: 42;
1965: 42;
1966: 42;
1967: 42;
1968: 42;
1969: 42;
1970: 42;
1971: 42;
1972: 42;
1973: 42;
1974: 42;
1975: 42;
1976: 42;
1977: 42;
1978: 42;
1979: 42;
1980: 42;
1981: 42;
1982: 42;
1983: 42;
1984: 42;
1985: 42;
1986: 42;
1987: 42;
1988: 42;
1989: 42;
1990: 42;
1991: 42;
1992: 42;
1993: 42;
1994: 42;
1995: 42;
1996: 42;
1997: 42;
1998: 42;
1999: 42;
2000: 42;
2001: 42;
2002: 42;
2003: 42;
2004: 42;
2005: 42;
2006: 42;
2007: 42;
2008: 42;
2009: 42;
2010: 42;
2011: 42;
2012: 42;
2013: 42;
2014: 42;
2015: 42;
2016: 42;
2017: 42;
2018: 42;
2019: 42;
2020: 42;
2021: 42;
2022: 42;
2023: 42;
2024: 42;
2025: 42;
2026: 42;
2027: 42;
2028: 42;
2029: 42;
2030: 42;
2031: 42;
2032: 42;
2033: 42;
2034: 42;
2035: 42;
2036: 42;
2037: 42;
2038: 42;
2039: 42;
2040: 42;
2041: 42;
2042: 42;
2043: 42;
2044: 42;
2045: 42;
2046: 42;
2047: 42;
2048: 42;
2049: 42;
2050: 42;
2051: 42;
2052: 42;
2053: 42;
2054: 42;
2055: 42;
2056: 42;
2057: 42;
2058: 42;
2059: 42;
2060: 42;
2061: 42;
2062: 42;
2063: 42;
2064: 42;
2065: 42;
2066: 42;
2067: 42;
2068: 42;
2069: 42;
2070: 42;
2071: 42;
2072: 42;
2073: 42;
2074: 42;
2075: 42;
2076: 42;
2077: 42;
2078: 42;
2079: 42;
2080: 42;
2081: 42;
2082: 42;
2083: 42;
2084: 42;
2085: 42;
2086: 42;
2087: 42;
2088: 42;
2089: 42;
2090: 42;
2091: 42;
2092: 42;
2093: 42;
2094: 42;
2095: 42;
2096: 42;
2097: 42;
2098: 42;
2099: 42;
2100: 42;
2101: 42;
2102: 42;
2103: 42;
2104: 42;
2105: 42;
2106: 42;
2107: 42;
2108: 42;
2109: 42;
2110: 42;
2111: 42;
2112: 42;
2113: 42;
2114: 43;
2115: 43;
2116: 43;
2117: 43;
2118: 43;
2119: 43;
2120: 43;
2121: 43;
2122: 43;
2123: 43;
2124: 43;
2125: 43;
2126: 43;
2127: 43;
2128: 43;
2129: 43;
2130: 43;
2131: 43;
2132: 43;
2133: 43;
2134: 43;
2135: 43;
2136: 43;
2137: 43;
2138: 43;
2139: 43;
2140: 43;
2141: 43;
2142: 43;
2143: 43;
2144: 43;
2145: 43;
2146: 43;
2147: 43;
2148: 43;
2149: 43;
2150: 43;
2151: 43;
2152: 43;
2153: 43;
2154: 43;
2155: 43;
2156: 43;
2157: 43;
2158: 43;
2159: 43;
2160: 43;
2161: 43;
2162: 43;
2163: 43;
2164: 43;
2165: 43;
2166: 43;
2167: 43;
2168: 43;
2169: 43;
2170: 43;
2171: 43;
2172: 43;
2173: 43;
2174: 43;
2175: 43;
2176: 43;
2177: 43;
2178: 43;
2179: 43;
2180: 43;
2181: 43;
2182: 43;
2183: 43;
2184: 43;
2185: 43;
2186: 43;
2187: 43;
2188: 43;
2189: 43;
2190: 43;
2191: 43;
2192: 43;
2193: 43;
2194: 43;
2195: 43;
2196: 43;
2197: 43;
2198: 43;
2199: 43;
2200: 43;
2201: 43;
2202: 43;
2203: 43;
2204: 43;
2205: 43;
2206: 43;
2207: 43;
2208: 43;
2209: 43;
2210: 43;
2211: 43;
2212: 43;
2213: 43;
2214: 43;
2215: 43;
2216: 43;
2217: 43;
2218: 43;
2219: 43;
2220: 43;
2221: 43;
2222: 43;
2223: 43;
2224: 43;
2225: 43;
2226: 43;
2227: 43;
2228: 43;
2229: 43;
2230: 43;
2231: 43;
2232: 43;
2233: 43;
2234: 43;
2235: 43;
2236: 43;
2237: 43;
2238: 43;
2239: 43;
2240: 43;
2241: 43;
2242: 43;
2243: 43;
2244: 43;
2245: 43;
2246: 43;
2247: 43;
2248: 43;
2249: 43;
2250: 43;
2251: 43;
2252: 43;
2253: 43;
2254: 43;
2255: 43;
2256: 43;
2257: 43;
2258: 43;
2259: 43;
2260: 43;
2261: 43;
2262: 43;
2263: 43;
2264: 43;
2265: 43;
2266: 43;
2267: 43;
2268: 43;
2269: 43;
2270: 43;
2271: 43;
2272: 43;
2273: 43;
2274: 43;
2275: 43;
2276: 43;
2277: 43;
2278: 43;
2279: 43;
2280: 43;
2281: 43;
2282: 43;
2283: 43;
2284: 43;
2285: 43;
2286: 43;
2287: 43;
2288: 43;
2289: 43;
2290: 43;
2291: 43;
2292: 43;
2293: 43;
2294: 43;
2295: 43;
2296: 43;
2297: 43;
2298: 43;
2299: 43;
2300: 43;
2301: 43;
2302: 43;
2303: 43;
2304: 43;
2305: 43;
2306: 43;
2307: 43;
2308: 43;
2309: 43;
2310: 43;
2311: 43;
2312: 43;
2313: 43;
2314: 43;
2315: 43;
2316: 43;
2317: 43;
2318: 43;
2319: 43;
2320: 43;
2321: 43;
2322: 43;
2323: 43;
2324: 43;
2325: 43;
2326: 43;
2327: 43;
2328: 43;
2329: 43;
2330: 43;
2331: 43;
2332: 43;
2333: 43;
2334: 43;
2335: 43;
2336: 43;
2337: 43;
2338: 43;
2339: 43;
2340: 43;
2341: 43;
2342: 43;
2343: 43;
2344: 43;
2345: 43;
2346: 43;
2347: 43;
2348: 43;
2349: 43;
2350: 43;
2351: 43;
2352: 43;
2353: 43;
2354: 43;
2355: 43;
2356: 43;
2357: 43;
2358: 43;
2359: 43;
2360: 43;
2361: 43;
2362: 43;
2363: 43;
2364: 43;
2365: 43;
2366: 43;
2367: 43;
2368: 43;
2369: 43;
2370: 43;
2371: 43;
2372: 44;
2373: 44;
2374: 44;
2375: 44;
2376: 44;
2377: 44;
2378: 44;
2379: 44;
2380: 44;
2381: 44;
2382: 44;
2383: 44;
2384: 44;
2385: 44;
2386: 44;
2387: 44;
2388: 44;
2389: 44;
2390: 44;
2391: 44;
2392: 44;
2393: 44;
2394: 44;
2395: 44;
2396: 44;
2397: 44;
2398: 44;
2399: 44;
2400: 44;
2401: 44;
2402: 44;
2403: 44;
2404: 44;
2405: 44;
2406: 44;
2407: 44;
2408: 44;
2409: 44;
2410: 44;
2411: 44;
2412: 44;
2413: 44;
2414: 44;
2415: 44;
2416: 44;
2417: 44;
2418: 44;
2419: 44;
2420: 44;
2421: 44;
2422: 44;
2423: 44;
2424: 44;
2425: 44;
2426: 44;
2427: 44;
2428: 44;
2429: 44;
2430: 44;
2431: 44;
2432: 44;
2433: 44;
2434: 44;
2435: 44;
2436: 44;
2437: 44;
2438: 44;
2439: 44;
2440: 44;
2441: 44;
2442: 44;
2443: 44;
2444: 44;
2445: 44;
2446: 44;
2447: 44;
2448: 44;
2449: 44;
2450: 44;
2451: 44;
2452: 44;
2453: 44;
2454: 44;
2455: 44;
2456: 44;
2457: 44;
2458: 44;
2459: 44;
2460: 44;
2461: 44;
2462: 44;
2463: 44;
2464: 44;
2465: 44;
2466: 44;
2467: 44;
2468: 44;
2469: 44;
2470: 44;
2471: 44;
2472: 44;
2473: 44;
2474: 44;
2475: 44;
2476: 44;
2477: 44;
2478: 44;
2479: 44;
2480: 44;
2481: 44;
2482: 44;
2483: 44;
2484: 44;
2485: 44;
2486: 44;
2487: 44;
2488: 44;
2489: 44;
2490: 44;
2491: 44;
2492: 44;
2493: 44;
2494: 44;
2495: 44;
2496: 44;
2497: 44;
2498: 44;
2499: 44;
2500: 44;
2501: 44;
2502: 44;
2503: 44;
2504: 44;
2505: 44;
2506: 44;
2507: 44;
2508: 44;
2509: 44;
2510: 44;
2511: 44;
2512: 44;
2513: 44;
2514: 44;
2515: 44;
2516: 44;
2517: 44;
2518: 44;
2519: 44;
2520: 44;
2521: 44;
2522: 44;
2523: 44;
2524: 44;
2525: 44;
2526: 44;
2527: 44;
2528: 44;
2529: 44;
2530: 44;
2531: 44;
2532: 44;
2533: 44;
2534: 44;
2535: 44;
2536: 44;
2537: 44;
2538: 44;
2539: 44;
2540: 44;
2541: 44;
2542: 44;
2543: 44;
2544: 44;
2545: 44;
2546: 44;
2547: 44;
2548: 44;
2549: 44;
2550: 44;
2551: 44;
2552: 44;
2553: 44;
2554: 44;
2555: 44;
2556: 44;
2557: 44;
2558: 44;
2559: 44;
2560: 44;
2561: 44;
2562: 44;
2563: 44;
2564: 44;
2565: 44;
2566: 44;
2567: 44;
2568: 44;
2569: 44;
2570: 44;
2571: 44;
2572: 44;
2573: 44;
2574: 44;
2575: 44;
2576: 44;
2577: 44;
2578: 44;
2579: 44;
2580: 44;
2581: 44;
2582: 44;
2583: 44;
2584: 44;
2585: 44;
2586: 44;
2587: 44;
2588: 44;
2589: 44;
2590: 44;
2591: 44;
2592: 44;
2593: 44;
2594: 44;
2595: 44;
2596: 44;
2597: 44;
2598: 44;
2599: 44;
2600: 44;
2601: 44;
2602: 44;
2603: 44;
2604: 44;
2605: 44;
2606: 44;
2607: 44;
2608: 44;
2609: 44;
2610: 44;
2611: 44;
2612: 44;
2613: 44;
2614: 44;
2615: 44;
2616: 44;
2617: 44;
2618: 44;
2619: 44;
2620: 44;
2621: 44;
2622: 44;
2623: 44;
2624: 44;
2625: 44;
2626: 44;
2627: 44;
2628: 44;
2629: 44;
2630: 44;
2631: 44;
2632: 44;
2633: 44;
2634: 44;
2635: 44;
2636: 44;
2637: 44;
2638: 44;
2639: 44;
2640: 44;
2641: 44;
2642: 44;
2643: 44;
2644: 44;
2645: 44;
2646: 44;
2647: 44;
2648: 44;
2649: 44;
2650: 44;
2651: 44;
2652: 44;
2653: 44;
2654: 44;
2655: 44;
2656: 44;
2657: 44;
2658: 44;
2659: 44;
2660: 44;
2661: 45;
2662: 45;
2663: 45;
2664: 45;
2665: 45;
2666: 45;
2667: 45;
2668: 45;
2669: 45;
2670: 45;
2671: 45;
2672: 45;
2673: 45;
2674: 45;
2675: 45;
2676: 45;
2677: 45;
2678: 45;
2679: 45;
2680: 45;
2681: 45;
2682: 45;
2683: 45;
2684: 45;
2685: 45;
2686: 45;
2687: 45;
2688: 45;
2689: 45;
2690: 45;
2691: 45;
2692: 45;
2693: 45;
2694: 45;
2695: 45;
2696: 45;
2697: 45;
2698: 45;
2699: 45;
2700: 45;
2701: 45;
2702: 45;
2703: 45;
2704: 45;
2705: 45;
2706: 45;
2707: 45;
2708: 45;
2709: 45;
2710: 45;
2711: 45;
2712: 45;
2713: 45;
2714: 45;
2715: 45;
2716: 45;
2717: 45;
2718: 45;
2719: 45;
2720: 45;
2721: 45;
2722: 45;
2723: 45;
2724: 45;
2725: 45;
2726: 45;
2727: 45;
2728: 45;
2729: 45;
2730: 45;
2731: 45;
2732: 45;
2733: 45;
2734: 45;
2735: 45;
2736: 45;
2737: 45;
2738: 45;
2739: 45;
2740: 45;
2741: 45;
2742: 45;
2743: 45;
2744: 45;
2745: 45;
2746: 45;
2747: 45;
2748: 45;
2749: 45;
2750: 45;
2751: 45;
2752: 45;
2753: 45;
2754: 45;
2755: 45;
2756: 45;
2757: 45;
2758: 45;
2759: 45;
2760: 45;
2761: 45;
2762: 45;
2763: 45;
2764: 45;
2765: 45;
2766: 45;
2767: 45;
2768: 45;
2769: 45;
2770: 45;
2771: 45;
2772: 45;
2773: 45;
2774: 45;
2775: 45;
2776: 45;
2777: 45;
2778: 45;
2779: 45;
2780: 45;
2781: 45;
2782: 45;
2783: 45;
2784: 45;
2785: 45;
2786: 45;
2787: 45;
2788: 45;
2789: 45;
2790: 45;
2791: 45;
2792: 45;
2793: 45;
2794: 45;
2795: 45;
2796: 45;
2797: 45;
2798: 45;
2799: 45;
2800: 45;
2801: 45;
2802: 45;
2803: 45;
2804: 45;
2805: 45;
2806: 45;
2807: 45;
2808: 45;
2809: 45;
2810: 45;
2811: 45;
2812: 45;
2813: 45;
2814: 45;
2815: 45;
2816: 45;
2817: 45;
2818: 45;
2819: 45;
2820: 45;
2821: 45;
2822: 45;
2823: 45;
2824: 45;
2825: 45;
2826: 45;
2827: 45;
2828: 45;
2829: 45;
2830: 45;
2831: 45;
2832: 45;
2833: 45;
2834: 45;
2835: 45;
2836: 45;
2837: 45;
2838: 45;
2839: 45;
2840: 45;
2841: 45;
2842: 45;
2843: 45;
2844: 45;
2845: 45;
2846: 45;
2847: 45;
2848: 45;
2849: 45;
2850: 45;
2851: 45;
2852: 45;
2853: 45;
2854: 45;
2855: 45;
2856: 45;
2857: 45;
2858: 45;
2859: 45;
2860: 45;
2861: 45;
2862: 45;
2863: 45;
2864: 45;
2865: 45;
2866: 45;
2867: 45;
2868: 45;
2869: 45;
2870: 45;
2871: 45;
2872: 45;
2873: 45;
2874: 45;
2875: 45;
2876: 45;
2877: 45;
2878: 45;
2879: 45;
2880: 45;
2881: 45;
2882: 45;
2883: 45;
2884: 45;
2885: 45;
2886: 45;
2887: 45;
2888: 45;
2889: 45;
2890: 45;
2891: 45;
2892: 45;
2893: 45;
2894: 45;
2895: 45;
2896: 45;
2897: 45;
2898: 45;
2899: 45;
2900: 45;
2901: 45;
2902: 45;
2903: 45;
2904: 45;
2905: 45;
2906: 45;
2907: 45;
2908: 45;
2909: 45;
2910: 45;
2911: 45;
2912: 45;
2913: 45;
2914: 45;
2915: 45;
2916: 45;
2917: 45;
2918: 45;
2919: 45;
2920: 45;
2921: 45;
2922: 45;
2923: 45;
2924: 45;
2925: 45;
2926: 45;
2927: 45;
2928: 45;
2929: 45;
2930: 45;
2931: 45;
2932: 45;
2933: 45;
2934: 45;
2935: 45;
2936: 45;
2937: 45;
2938: 45;
2939: 45;
2940: 45;
2941: 45;
2942: 45;
2943: 45;
2944: 45;
2945: 45;
2946: 45;
2947: 45;
2948: 45;
2949: 45;
2950: 45;
2951: 45;
2952: 45;
2953: 45;
2954: 45;
2955: 45;
2956: 45;
2957: 45;
2958: 45;
2959: 45;
2960: 45;
2961: 45;
2962: 45;
2963: 45;
2964: 45;
2965: 45;
2966: 45;
2967: 45;
2968: 45;
2969: 45;
2970: 45;
2971: 45;
2972: 45;
2973: 45;
2974: 45;
2975: 45;
2976: 45;
2977: 45;
2978: 45;
2979: 45;
2980: 45;
2981: 45;
2982: 45;
2983: 45;
2984: 45;
2985: 45;
2986: 46;
2987: 46;
2988: 46;
2989: 46;
2990: 46;
2991: 46;
2992: 46;
2993: 46;
2994: 46;
2995: 46;
2996: 46;
2997: 46;
2998: 46;
2999: 46;
3000: 46;
3001: 46;
3002: 46;
3003: 46;
3004: 46;
3005: 46;
3006: 46;
3007: 46;
3008: 46;
3009: 46;
3010: 46;
3011: 46;
3012: 46;
3013: 46;
3014: 46;
3015: 46;
3016: 46;
3017: 46;
3018: 46;
3019: 46;
3020: 46;
3021: 46;
3022: 46;
3023: 46;
3024: 46;
3025: 46;
3026: 46;
3027: 46;
3028: 46;
3029: 46;
3030: 46;
3031: 46;
3032: 46;
3033: 46;
3034: 46;
3035: 46;
3036: 46;
3037: 46;
3038: 46;
3039: 46;
3040: 46;
3041: 46;
3042: 46;
3043: 46;
3044: 46;
3045: 46;
3046: 46;
3047: 46;
3048: 46;
3049: 46;
3050: 46;
3051: 46;
3052: 46;
3053: 46;
3054: 46;
3055: 46;
3056: 46;
3057: 46;
3058: 46;
3059: 46;
3060: 46;
3061: 46;
3062: 46;
3063: 46;
3064: 46;
3065: 46;
3066: 46;
3067: 46;
3068: 46;
3069: 46;
3070: 46;
3071: 46;
3072: 46;
3073: 46;
3074: 46;
3075: 46;
3076: 46;
3077: 46;
3078: 46;
3079: 46;
3080: 46;
3081: 46;
3082: 46;
3083: 46;
3084: 46;
3085: 46;
3086: 46;
3087: 46;
3088: 46;
3089: 46;
3090: 46;
3091: 46;
3092: 46;
3093: 46;
3094: 46;
3095: 46;
3096: 46;
3097: 46;
3098: 46;
3099: 46;
3100: 46;
3101: 46;
3102: 46;
3103: 46;
3104: 46;
3105: 46;
3106: 46;
3107: 46;
3108: 46;
3109: 46;
3110: 46;
3111: 46;
3112: 46;
3113: 46;
3114: 46;
3115: 46;
3116: 46;
3117: 46;
3118: 46;
3119: 46;
3120: 46;
3121: 46;
3122: 46;
3123: 46;
3124: 46;
3125: 46;
3126: 46;
3127: 46;
3128: 46;
3129: 46;
3130: 46;
3131: 46;
3132: 46;
3133: 46;
3134: 46;
3135: 46;
3136: 46;
3137: 46;
3138: 46;
3139: 46;
3140: 46;
3141: 46;
3142: 46;
3143: 46;
3144: 46;
3145: 46;
3146: 46;
3147: 46;
3148: 46;
3149: 46;
3150: 46;
3151: 46;
3152: 46;
3153: 46;
3154: 46;
3155: 46;
3156: 46;
3157: 46;
3158: 46;
3159: 46;
3160: 46;
3161: 46;
3162: 46;
3163: 46;
3164: 46;
3165: 46;
3166: 46;
3167: 46;
3168: 46;
3169: 46;
3170: 46;
3171: 46;
3172: 46;
3173: 46;
3174: 46;
3175: 46;
3176: 46;
3177: 46;
3178: 46;
3179: 46;
3180: 46;
3181: 46;
3182: 46;
3183: 46;
3184: 46;
3185: 46;
3186: 46;
3187: 46;
3188: 46;
3189: 46;
3190: 46;
3191: 46;
3192: 46;
3193: 46;
3194: 46;
3195: 46;
3196: 46;
3197: 46;
3198: 46;
3199: 46;
3200: 46;
3201: 46;
3202: 46;
3203: 46;
3204: 46;
3205: 46;
3206: 46;
3207: 46;
3208: 46;
3209: 46;
3210: 46;
3211: 46;
3212: 46;
3213: 46;
3214: 46;
3215: 46;
3216: 46;
3217: 46;
3218: 46;
3219: 46;
3220: 46;
3221: 46;
3222: 46;
3223: 46;
3224: 46;
3225: 46;
3226: 46;
3227: 46;
3228: 46;
3229: 46;
3230: 46;
3231: 46;
3232: 46;
3233: 46;
3234: 46;
3235: 46;
3236: 46;
3237: 46;
3238: 46;
3239: 46;
3240: 46;
3241: 46;
3242: 46;
3243: 46;
3244: 46;
3245: 46;
3246: 46;
3247: 46;
3248: 46;
3249: 46;
3250: 46;
3251: 46;
3252: 46;
3253: 46;
3254: 46;
3255: 46;
3256: 46;
3257: 46;
3258: 46;
3259: 46;
3260: 46;
3261: 46;
3262: 46;
3263: 46;
3264: 46;
3265: 46;
3266: 46;
3267: 46;
3268: 46;
3269: 46;
3270: 46;
3271: 46;
3272: 46;
3273: 46;
3274: 46;
3275: 46;
3276: 46;
3277: 46;
3278: 46;
3279: 46;
3280: 46;
3281: 46;
3282: 46;
3283: 46;
3284: 46;
3285: 46;
3286: 46;
3287: 46;
3288: 46;
3289: 46;
3290: 46;
3291: 46;
3292: 46;
3293: 46;
3294: 46;
3295: 46;
3296: 46;
3297: 46;
3298: 46;
3299: 46;
3300: 46;
3301: 46;
3302: 46;
3303: 46;
3304: 46;
3305: 46;
3306: 46;
3307: 46;
3308: 46;
3309: 46;
3310: 46;
3311: 46;
3312: 46;
3313: 46;
3314: 46;
3315: 46;
3316: 46;
3317: 46;
3318: 46;
3319: 46;
3320: 46;
3321: 46;
3322: 46;
3323: 46;
3324: 46;
3325: 46;
3326: 46;
3327: 46;
3328: 46;
3329: 46;
3330: 46;
3331: 46;
3332: 46;
3333: 46;
3334: 46;
3335: 46;
3336: 46;
3337: 46;
3338: 46;
3339: 46;
3340: 46;
3341: 46;
3342: 46;
3343: 46;
3344: 46;
3345: 46;
3346: 46;
3347: 46;
3348: 46;
3349: 46;
3350: 47;
3351: 47;
3352: 47;
3353: 47;
3354: 47;
3355: 47;
3356: 47;
3357: 47;
3358: 47;
3359: 47;
3360: 47;
3361: 47;
3362: 47;
3363: 47;
3364: 47;
3365: 47;
3366: 47;
3367: 47;
3368: 47;
3369: 47;
3370: 47;
3371: 47;
3372: 47;
3373: 47;
3374: 47;
3375: 47;
3376: 47;
3377: 47;
3378: 47;
3379: 47;
3380: 47;
3381: 47;
3382: 47;
3383: 47;
3384: 47;
3385: 47;
3386: 47;
3387: 47;
3388: 47;
3389: 47;
3390: 47;
3391: 47;
3392: 47;
3393: 47;
3394: 47;
3395: 47;
3396: 47;
3397: 47;
3398: 47;
3399: 47;
3400: 47;
3401: 47;
3402: 47;
3403: 47;
3404: 47;
3405: 47;
3406: 47;
3407: 47;
3408: 47;
3409: 47;
3410: 47;
3411: 47;
3412: 47;
3413: 47;
3414: 47;
3415: 47;
3416: 47;
3417: 47;
3418: 47;
3419: 47;
3420: 47;
3421: 47;
3422: 47;
3423: 47;
3424: 47;
3425: 47;
3426: 47;
3427: 47;
3428: 47;
3429: 47;
3430: 47;
3431: 47;
3432: 47;
3433: 47;
3434: 47;
3435: 47;
3436: 47;
3437: 47;
3438: 47;
3439: 47;
3440: 47;
3441: 47;
3442: 47;
3443: 47;
3444: 47;
3445: 47;
3446: 47;
3447: 47;
3448: 47;
3449: 47;
3450: 47;
3451: 47;
3452: 47;
3453: 47;
3454: 47;
3455: 47;
3456: 47;
3457: 47;
3458: 47;
3459: 47;
3460: 47;
3461: 47;
3462: 47;
3463: 47;
3464: 47;
3465: 47;
3466: 47;
3467: 47;
3468: 47;
3469: 47;
3470: 47;
3471: 47;
3472: 47;
3473: 47;
3474: 47;
3475: 47;
3476: 47;
3477: 47;
3478: 47;
3479: 47;
3480: 47;
3481: 47;
3482: 47;
3483: 47;
3484: 47;
3485: 47;
3486: 47;
3487: 47;
3488: 47;
3489: 47;
3490: 47;
3491: 47;
3492: 47;
3493: 47;
3494: 47;
3495: 47;
3496: 47;
3497: 47;
3498: 47;
3499: 47;
3500: 47;
3501: 47;
3502: 47;
3503: 47;
3504: 47;
3505: 47;
3506: 47;
3507: 47;
3508: 47;
3509: 47;
3510: 47;
3511: 47;
3512: 47;
3513: 47;
3514: 47;
3515: 47;
3516: 47;
3517: 47;
3518: 47;
3519: 47;
3520: 47;
3521: 47;
3522: 47;
3523: 47;
3524: 47;
3525: 47;
3526: 47;
3527: 47;
3528: 47;
3529: 47;
3530: 47;
3531: 47;
3532: 47;
3533: 47;
3534: 47;
3535: 47;
3536: 47;
3537: 47;
3538: 47;
3539: 47;
3540: 47;
3541: 47;
3542: 47;
3543: 47;
3544: 47;
3545: 47;
3546: 47;
3547: 47;
3548: 47;
3549: 47;
3550: 47;
3551: 47;
3552: 47;
3553: 47;
3554: 47;
3555: 47;
3556: 47;
3557: 47;
3558: 47;
3559: 47;
3560: 47;
3561: 47;
3562: 47;
3563: 47;
3564: 47;
3565: 47;
3566: 47;
3567: 47;
3568: 47;
3569: 47;
3570: 47;
3571: 47;
3572: 47;
3573: 47;
3574: 47;
3575: 47;
3576: 47;
3577: 47;
3578: 47;
3579: 47;
3580: 47;
3581: 47;
3582: 47;
3583: 47;
3584: 47;
3585: 47;
3586: 47;
3587: 47;
3588: 47;
3589: 47;
3590: 47;
3591: 47;
3592: 47;
3593: 47;
3594: 47;
3595: 47;
3596: 47;
3597: 47;
3598: 47;
3599: 47;
3600: 47;
3601: 47;
3602: 47;
3603: 47;
3604: 47;
3605: 47;
3606: 47;
3607: 47;
3608: 47;
3609: 47;
3610: 47;
3611: 47;
3612: 47;
3613: 47;
3614: 47;
3615: 47;
3616: 47;
3617: 47;
3618: 47;
3619: 47;
3620: 47;
3621: 47;
3622: 47;
3623: 47;
3624: 47;
3625: 47;
3626: 47;
3627: 47;
3628: 47;
3629: 47;
3630: 47;
3631: 47;
3632: 47;
3633: 47;
3634: 47;
3635: 47;
3636: 47;
3637: 47;
3638: 47;
3639: 47;
3640: 47;
3641: 47;
3642: 47;
3643: 47;
3644: 47;
3645: 47;
3646: 47;
3647: 47;
3648: 47;
3649: 47;
3650: 47;
3651: 47;
3652: 47;
3653: 47;
3654: 47;
3655: 47;
3656: 47;
3657: 47;
3658: 47;
3659: 47;
3660: 47;
3661: 47;
3662: 47;
3663: 47;
3664: 47;
3665: 47;
3666: 47;
3667: 47;
3668: 47;
3669: 47;
3670: 47;
3671: 47;
3672: 47;
3673: 47;
3674: 47;
3675: 47;
3676: 47;
3677: 47;
3678: 47;
3679: 47;
3680: 47;
3681: 47;
3682: 47;
3683: 47;
3684: 47;
3685: 47;
3686: 47;
3687: 47;
3688: 47;
3689: 47;
3690: 47;
3691: 47;
3692: 47;
3693: 47;
3694: 47;
3695: 47;
3696: 47;
3697: 47;
3698: 47;
3699: 47;
3700: 47;
3701: 47;
3702: 47;
3703: 47;
3704: 47;
3705: 47;
3706: 47;
3707: 47;
3708: 47;
3709: 47;
3710: 47;
3711: 47;
3712: 47;
3713: 47;
3714: 47;
3715: 47;
3716: 47;
3717: 47;
3718: 47;
3719: 47;
3720: 47;
3721: 47;
3722: 47;
3723: 47;
3724: 47;
3725: 47;
3726: 47;
3727: 47;
3728: 47;
3729: 47;
3730: 47;
3731: 47;
3732: 47;
3733: 47;
3734: 47;
3735: 47;
3736: 47;
3737: 47;
3738: 47;
3739: 47;
3740: 47;
3741: 47;
3742: 47;
3743: 47;
3744: 47;
3745: 47;
3746: 47;
3747: 47;
3748: 47;
3749: 47;
3750: 47;
3751: 47;
3752: 47;
3753: 47;
3754: 47;
3755: 47;
3756: 47;
3757: 47;
3758: 47;
3759: 48;
3760: 48;
3761: 48;
3762: 48;
3763: 48;
3764: 48;
3765: 48;
3766: 48;
3767: 48;
3768: 48;
3769: 48;
3770: 48;
3771: 48;
3772: 48;
3773: 48;
3774: 48;
3775: 48;
3776: 48;
3777: 48;
3778: 48;
3779: 48;
3780: 48;
3781: 48;
3782: 48;
3783: 48;
3784: 48;
3785: 48;
3786: 48;
3787: 48;
3788: 48;
3789: 48;
3790: 48;
3791: 48;
3792: 48;
3793: 48;
3794: 48;
3795: 48;
3796: 48;
3797: 48;
3798: 48;
3799: 48;
3800: 48;
3801: 48;
3802: 48;
3803: 48;
3804: 48;
3805: 48;
3806: 48;
3807: 48;
3808: 48;
3809: 48;
3810: 48;
3811: 48;
3812: 48;
3813: 48;
3814: 48;
3815: 48;
3816: 48;
3817: 48;
3818: 48;
3819: 48;
3820: 48;
3821: 48;
3822: 48;
3823: 48;
3824: 48;
3825: 48;
3826: 48;
3827: 48;
3828: 48;
3829: 48;
3830: 48;
3831: 48;
3832: 48;
3833: 48;
3834: 48;
3835: 48;
3836: 48;
3837: 48;
3838: 48;
3839: 48;
3840: 48;
3841: 48;
3842: 48;
3843: 48;
3844: 48;
3845: 48;
3846: 48;
3847: 48;
3848: 48;
3849: 48;
3850: 48;
3851: 48;
3852: 48;
3853: 48;
3854: 48;
3855: 48;
3856: 48;
3857: 48;
3858: 48;
3859: 48;
3860: 48;
3861: 48;
3862: 48;
3863: 48;
3864: 48;
3865: 48;
3866: 48;
3867: 48;
3868: 48;
3869: 48;
3870: 48;
3871: 48;
3872: 48;
3873: 48;
3874: 48;
3875: 48;
3876: 48;
3877: 48;
3878: 48;
3879: 48;
3880: 48;
3881: 48;
3882: 48;
3883: 48;
3884: 48;
3885: 48;
3886: 48;
3887: 48;
3888: 48;
3889: 48;
3890: 48;
3891: 48;
3892: 48;
3893: 48;
3894: 48;
3895: 48;
3896: 48;
3897: 48;
3898: 48;
3899: 48;
3900: 48;
3901: 48;
3902: 48;
3903: 48;
3904: 48;
3905: 48;
3906: 48;
3907: 48;
3908: 48;
3909: 48;
3910: 48;
3911: 48;
3912: 48;
3913: 48;
3914: 48;
3915: 48;
3916: 48;
3917: 48;
3918: 48;
3919: 48;
3920: 48;
3921: 48;
3922: 48;
3923: 48;
3924: 48;
3925: 48;
3926: 48;
3927: 48;
3928: 48;
3929: 48;
3930: 48;
3931: 48;
3932: 48;
3933: 48;
3934: 48;
3935: 48;
3936: 48;
3937: 48;
3938: 48;
3939: 48;
3940: 48;
3941: 48;
3942: 48;
3943: 48;
3944: 48;
3945: 48;
3946: 48;
3947: 48;
3948: 48;
3949: 48;
3950: 48;
3951: 48;
3952: 48;
3953: 48;
3954: 48;
3955: 48;
3956: 48;
3957: 48;
3958: 48;
3959: 48;
3960: 48;
3961: 48;
3962: 48;
3963: 48;
3964: 48;
3965: 48;
3966: 48;
3967: 48;
3968: 48;
3969: 48;
3970: 48;
3971: 48;
3972: 48;
3973: 48;
3974: 48;
3975: 48;
3976: 48;
3977: 48;
3978: 48;
3979: 48;
3980: 48;
3981: 48;
3982: 48;
3983: 48;
3984: 48;
3985: 48;
3986: 48;
3987: 48;
3988: 48;
3989: 48;
3990: 48;
3991: 48;
3992: 48;
3993: 48;
3994: 48;
3995: 48;
3996: 48;
3997: 48;
3998: 48;
3999: 48;
4000: 48;
4001: 48;
4002: 48;
4003: 48;
4004: 48;
4005: 48;
4006: 48;
4007: 48;
4008: 48;
4009: 48;
4010: 48;
4011: 48;
4012: 48;
4013: 48;
4014: 48;
4015: 48;
4016: 48;
4017: 48;
4018: 48;
4019: 48;
4020: 48;
4021: 48;
4022: 48;
4023: 48;
4024: 48;
4025: 48;
4026: 48;
4027: 48;
4028: 48;
4029: 48;
4030: 48;
4031: 48;
4032: 48;
4033: 48;
4034: 48;
4035: 48;
4036: 48;
4037: 48;
4038: 48;
4039: 48;
4040: 48;
4041: 48;
4042: 48;
4043: 48;
4044: 48;
4045: 48;
4046: 48;
4047: 48;
4048: 48;
4049: 48;
4050: 48;
4051: 48;
4052: 48;
4053: 48;
4054: 48;
4055: 48;
4056: 48;
4057: 48;
4058: 48;
4059: 48;
4060: 48;
4061: 48;
4062: 48;
4063: 48;
4064: 48;
4065: 48;
4066: 48;
4067: 48;
4068: 48;
4069: 48;
4070: 48;
4071: 48;
4072: 48;
4073: 48;
4074: 48;
4075: 48;
4076: 48;
4077: 48;
4078: 48;
4079: 48;
4080: 48;
4081: 48;
4082: 48;
4083: 48;
4084: 48;
4085: 48;
4086: 48;
4087: 48;
4088: 48;
4089: 48;
4090: 48;
4091: 48;
4092: 48;
4093: 48;
4094: 48;
4095: 48;
4096: 48;
4097: 48;
4098: 48;
4099: 48;
4100: 48;
4101: 48;
4102: 48;
4103: 48;
4104: 48;
4105: 48;
4106: 48;
4107: 48;
4108: 48;
4109: 48;
4110: 48;
4111: 48;
4112: 48;
4113: 48;
4114: 48;
4115: 48;
4116: 48;
4117: 48;
4118: 48;
4119: 48;
4120: 48;
4121: 48;
4122: 48;
4123: 48;
4124: 48;
4125: 48;
4126: 48;
4127: 48;
4128: 48;
4129: 48;
4130: 48;
4131: 48;
4132: 48;
4133: 48;
4134: 48;
4135: 48;
4136: 48;
4137: 48;
4138: 48;
4139: 48;
4140: 48;
4141: 48;
4142: 48;
4143: 48;
4144: 48;
4145: 48;
4146: 48;
4147: 48;
4148: 48;
4149: 48;
4150: 48;
4151: 48;
4152: 48;
4153: 48;
4154: 48;
4155: 48;
4156: 48;
4157: 48;
4158: 48;
4159: 48;
4160: 48;
4161: 48;
4162: 48;
4163: 48;
4164: 48;
4165: 48;
4166: 48;
4167: 48;
4168: 48;
4169: 48;
4170: 48;
4171: 48;
4172: 48;
4173: 48;
4174: 48;
4175: 48;
4176: 48;
4177: 48;
4178: 48;
4179: 48;
4180: 48;
4181: 48;
4182: 48;
4183: 48;
4184: 48;
4185: 48;
4186: 48;
4187: 48;
4188: 48;
4189: 48;
4190: 48;
4191: 48;
4192: 48;
4193: 48;
4194: 48;
4195: 48;
4196: 48;
4197: 48;
4198: 48;
4199: 48;
4200: 48;
4201: 48;
4202: 48;
4203: 48;
4204: 48;
4205: 48;
4206: 48;
4207: 48;
4208: 48;
4209: 48;
4210: 48;
4211: 48;
4212: 48;
4213: 48;
4214: 48;
4215: 48;
4216: 48;
4217: 49;
4218: 49;
4219: 49;
4220: 49;
4221: 49;
4222: 49;
4223: 49;
4224: 49;
4225: 49;
4226: 49;
4227: 49;
4228: 49;
4229: 49;
4230: 49;
4231: 49;
4232: 49;
4233: 49;
4234: 49;
4235: 49;
4236: 49;
4237: 49;
4238: 49;
4239: 49;
4240: 49;
4241: 49;
4242: 49;
4243: 49;
4244: 49;
4245: 49;
4246: 49;
4247: 49;
4248: 49;
4249: 49;
4250: 49;
4251: 49;
4252: 49;
4253: 49;
4254: 49;
4255: 49;
4256: 49;
4257: 49;
4258: 49;
4259: 49;
4260: 49;
4261: 49;
4262: 49;
4263: 49;
4264: 49;
4265: 49;
4266: 49;
4267: 49;
4268: 49;
4269: 49;
4270: 49;
4271: 49;
4272: 49;
4273: 49;
4274: 49;
4275: 49;
4276: 49;
4277: 49;
4278: 49;
4279: 49;
4280: 49;
4281: 49;
4282: 49;
4283: 49;
4284: 49;
4285: 49;
4286: 49;
4287: 49;
4288: 49;
4289: 49;
4290: 49;
4291: 49;
4292: 49;
4293: 49;
4294: 49;
4295: 49;
4296: 49;
4297: 49;
4298: 49;
4299: 49;
4300: 49;
4301: 49;
4302: 49;
4303: 49;
4304: 49;
4305: 49;
4306: 49;
4307: 49;
4308: 49;
4309: 49;
4310: 49;
4311: 49;
4312: 49;
4313: 49;
4314: 49;
4315: 49;
4316: 49;
4317: 49;
4318: 49;
4319: 49;
4320: 49;
4321: 49;
4322: 49;
4323: 49;
4324: 49;
4325: 49;
4326: 49;
4327: 49;
4328: 49;
4329: 49;
4330: 49;
4331: 49;
4332: 49;
4333: 49;
4334: 49;
4335: 49;
4336: 49;
4337: 49;
4338: 49;
4339: 49;
4340: 49;
4341: 49;
4342: 49;
4343: 49;
4344: 49;
4345: 49;
4346: 49;
4347: 49;
4348: 49;
4349: 49;
4350: 49;
4351: 49;
4352: 49;
4353: 49;
4354: 49;
4355: 49;
4356: 49;
4357: 49;
4358: 49;
4359: 49;
4360: 49;
4361: 49;
4362: 49;
4363: 49;
4364: 49;
4365: 49;
4366: 49;
4367: 49;
4368: 49;
4369: 49;
4370: 49;
4371: 49;
4372: 49;
4373: 49;
4374: 49;
4375: 49;
4376: 49;
4377: 49;
4378: 49;
4379: 49;
4380: 49;
4381: 49;
4382: 49;
4383: 49;
4384: 49;
4385: 49;
4386: 49;
4387: 49;
4388: 49;
4389: 49;
4390: 49;
4391: 49;
4392: 49;
4393: 49;
4394: 49;
4395: 49;
4396: 49;
4397: 49;
4398: 49;
4399: 49;
4400: 49;
4401: 49;
4402: 49;
4403: 49;
4404: 49;
4405: 49;
4406: 49;
4407: 49;
4408: 49;
4409: 49;
4410: 49;
4411: 49;
4412: 49;
4413: 49;
4414: 49;
4415: 49;
4416: 49;
4417: 49;
4418: 49;
4419: 49;
4420: 49;
4421: 49;
4422: 49;
4423: 49;
4424: 49;
4425: 49;
4426: 49;
4427: 49;
4428: 49;
4429: 49;
4430: 49;
4431: 49;
4432: 49;
4433: 49;
4434: 49;
4435: 49;
4436: 49;
4437: 49;
4438: 49;
4439: 49;
4440: 49;
4441: 49;
4442: 49;
4443: 49;
4444: 49;
4445: 49;
4446: 49;
4447: 49;
4448: 49;
4449: 49;
4450: 49;
4451: 49;
4452: 49;
4453: 49;
4454: 49;
4455: 49;
4456: 49;
4457: 49;
4458: 49;
4459: 49;
4460: 49;
4461: 49;
4462: 49;
4463: 49;
4464: 49;
4465: 49;
4466: 49;
4467: 49;
4468: 49;
4469: 49;
4470: 49;
4471: 49;
4472: 49;
4473: 49;
4474: 49;
4475: 49;
4476: 49;
4477: 49;
4478: 49;
4479: 49;
4480: 49;
4481: 49;
4482: 49;
4483: 49;
4484: 49;
4485: 49;
4486: 49;
4487: 49;
4488: 49;
4489: 49;
4490: 49;
4491: 49;
4492: 49;
4493: 49;
4494: 49;
4495: 49;
4496: 49;
4497: 49;
4498: 49;
4499: 49;
4500: 49;
4501: 49;
4502: 49;
4503: 49;
4504: 49;
4505: 49;
4506: 49;
4507: 49;
4508: 49;
4509: 49;
4510: 49;
4511: 49;
4512: 49;
4513: 49;
4514: 49;
4515: 49;
4516: 49;
4517: 49;
4518: 49;
4519: 49;
4520: 49;
4521: 49;
4522: 49;
4523: 49;
4524: 49;
4525: 49;
4526: 49;
4527: 49;
4528: 49;
4529: 49;
4530: 49;
4531: 49;
4532: 49;
4533: 49;
4534: 49;
4535: 49;
4536: 49;
4537: 49;
4538: 49;
4539: 49;
4540: 49;
4541: 49;
4542: 49;
4543: 49;
4544: 49;
4545: 49;
4546: 49;
4547: 49;
4548: 49;
4549: 49;
4550: 49;
4551: 49;
4552: 49;
4553: 49;
4554: 49;
4555: 49;
4556: 49;
4557: 49;
4558: 49;
4559: 49;
4560: 49;
4561: 49;
4562: 49;
4563: 49;
4564: 49;
4565: 49;
4566: 49;
4567: 49;
4568: 49;
4569: 49;
4570: 49;
4571: 49;
4572: 49;
4573: 49;
4574: 49;
4575: 49;
4576: 49;
4577: 49;
4578: 49;
4579: 49;
4580: 49;
4581: 49;
4582: 49;
4583: 49;
4584: 49;
4585: 49;
4586: 49;
4587: 49;
4588: 49;
4589: 49;
4590: 49;
4591: 49;
4592: 49;
4593: 49;
4594: 49;
4595: 49;
4596: 49;
4597: 49;
4598: 49;
4599: 49;
4600: 49;
4601: 49;
4602: 49;
4603: 49;
4604: 49;
4605: 49;
4606: 49;
4607: 49;
4608: 49;
4609: 49;
4610: 49;
4611: 49;
4612: 49;
4613: 49;
4614: 49;
4615: 49;
4616: 49;
4617: 49;
4618: 49;
4619: 49;
4620: 49;
4621: 49;
4622: 49;
4623: 49;
4624: 49;
4625: 49;
4626: 49;
4627: 49;
4628: 49;
4629: 49;
4630: 49;
4631: 49;
4632: 49;
4633: 49;
4634: 49;
4635: 49;
4636: 49;
4637: 49;
4638: 49;
4639: 49;
4640: 49;
4641: 49;
4642: 49;
4643: 49;
4644: 49;
4645: 49;
4646: 49;
4647: 49;
4648: 49;
4649: 49;
4650: 49;
4651: 49;
4652: 49;
4653: 49;
4654: 49;
4655: 49;
4656: 49;
4657: 49;
4658: 49;
4659: 49;
4660: 49;
4661: 49;
4662: 49;
4663: 49;
4664: 49;
4665: 49;
4666: 49;
4667: 49;
4668: 49;
4669: 49;
4670: 49;
4671: 49;
4672: 49;
4673: 49;
4674: 49;
4675: 49;
4676: 49;
4677: 49;
4678: 49;
4679: 49;
4680: 49;
4681: 49;
4682: 49;
4683: 49;
4684: 49;
4685: 49;
4686: 49;
4687: 49;
4688: 49;
4689: 49;
4690: 49;
4691: 49;
4692: 49;
4693: 49;
4694: 49;
4695: 49;
4696: 49;
4697: 49;
4698: 49;
4699: 49;
4700: 49;
4701: 49;
4702: 49;
4703: 49;
4704: 49;
4705: 49;
4706: 49;
4707: 49;
4708: 49;
4709: 49;
4710: 49;
4711: 49;
4712: 49;
4713: 49;
4714: 49;
4715: 49;
4716: 49;
4717: 49;
4718: 49;
4719: 49;
4720: 49;
4721: 49;
4722: 49;
4723: 49;
4724: 49;
4725: 49;
4726: 49;
4727: 49;
4728: 49;
4729: 49;
4730: 49;
4731: 49;
4732: 4a;
4733: 4a;
4734: 4a;
4735: 4a;
4736: 4a;
4737: 4a;
4738: 4a;
4739: 4a;
4740: 4a;
4741: 4a;
4742: 4a;
4743: 4a;
4744: 4a;
4745: 4a;
4746: 4a;
4747: 4a;
4748: 4a;
4749: 4a;
4750: 4a;
4751: 4a;
4752: 4a;
4753: 4a;
4754: 4a;
4755: 4a;
4756: 4a;
4757: 4a;
4758: 4a;
4759: 4a;
4760: 4a;
4761: 4a;
4762: 4a;
4763: 4a;
4764: 4a;
4765: 4a;
4766: 4a;
4767: 4a;
4768: 4a;
4769: 4a;
4770: 4a;
4771: 4a;
4772: 4a;
4773: 4a;
4774: 4a;
4775: 4a;
4776: 4a;
4777: 4a;
4778: 4a;
4779: 4a;
4780: 4a;
4781: 4a;
4782: 4a;
4783: 4a;
4784: 4a;
4785: 4a;
4786: 4a;
4787: 4a;
4788: 4a;
4789: 4a;
4790: 4a;
4791: 4a;
4792: 4a;
4793: 4a;
4794: 4a;
4795: 4a;
4796: 4a;
4797: 4a;
4798: 4a;
4799: 4a;
4800: 4a;
4801: 4a;
4802: 4a;
4803: 4a;
4804: 4a;
4805: 4a;
4806: 4a;
4807: 4a;
4808: 4a;
4809: 4a;
4810: 4a;
4811: 4a;
4812: 4a;
4813: 4a;
4814: 4a;
4815: 4a;
4816: 4a;
4817: 4a;
4818: 4a;
4819: 4a;
4820: 4a;
4821: 4a;
4822: 4a;
4823: 4a;
4824: 4a;
4825: 4a;
4826: 4a;
4827: 4a;
4828: 4a;
4829: 4a;
4830: 4a;
4831: 4a;
4832: 4a;
4833: 4a;
4834: 4a;
4835: 4a;
4836: 4a;
4837: 4a;
4838: 4a;
4839: 4a;
4840: 4a;
4841: 4a;
4842: 4a;
4843: 4a;
4844: 4a;
4845: 4a;
4846: 4a;
4847: 4a;
4848: 4a;
4849: 4a;
4850: 4a;
4851: 4a;
4852: 4a;
4853: 4a;
4854: 4a;
4855: 4a;
4856: 4a;
4857: 4a;
4858: 4a;
4859: 4a;
4860: 4a;
4861: 4a;
4862: 4a;
4863: 4a;
4864: 4a;
4865: 4a;
4866: 4a;
4867: 4a;
4868: 4a;
4869: 4a;
4870: 4a;
4871: 4a;
4872: 4a;
4873: 4a;
4874: 4a;
4875: 4a;
4876: 4a;
4877: 4a;
4878: 4a;
4879: 4a;
4880: 4a;
4881: 4a;
4882: 4a;
4883: 4a;
4884: 4a;
4885: 4a;
4886: 4a;
4887: 4a;
4888: 4a;
4889: 4a;
4890: 4a;
4891: 4a;
4892: 4a;
4893: 4a;
4894: 4a;
4895: 4a;
4896: 4a;
4897: 4a;
4898: 4a;
4899: 4a;
4900: 4a;
4901: 4a;
4902: 4a;
4903: 4a;
4904: 4a;
4905: 4a;
4906: 4a;
4907: 4a;
4908: 4a;
4909: 4a;
4910: 4a;
4911: 4a;
4912: 4a;
4913: 4a;
4914: 4a;
4915: 4a;
4916: 4a;
4917: 4a;
4918: 4a;
4919: 4a;
4920: 4a;
4921: 4a;
4922: 4a;
4923: 4a;
4924: 4a;
4925: 4a;
4926: 4a;
4927: 4a;
4928: 4a;
4929: 4a;
4930: 4a;
4931: 4a;
4932: 4a;
4933: 4a;
4934: 4a;
4935: 4a;
4936: 4a;
4937: 4a;
4938: 4a;
4939: 4a;
4940: 4a;
4941: 4a;
4942: 4a;
4943: 4a;
4944: 4a;
4945: 4a;
4946: 4a;
4947: 4a;
4948: 4a;
4949: 4a;
4950: 4a;
4951: 4a;
4952: 4a;
4953: 4a;
4954: 4a;
4955: 4a;
4956: 4a;
4957: 4a;
4958: 4a;
4959: 4a;
4960: 4a;
4961: 4a;
4962: 4a;
4963: 4a;
4964: 4a;
4965: 4a;
4966: 4a;
4967: 4a;
4968: 4a;
4969: 4a;
4970: 4a;
4971: 4a;
4972: 4a;
4973: 4a;
4974: 4a;
4975: 4a;
4976: 4a;
4977: 4a;
4978: 4a;
4979: 4a;
4980: 4a;
4981: 4a;
4982: 4a;
4983: 4a;
4984: 4a;
4985: 4a;
4986: 4a;
4987: 4a;
4988: 4a;
4989: 4a;
4990: 4a;
4991: 4a;
4992: 4a;
4993: 4a;
4994: 4a;
4995: 4a;
4996: 4a;
4997: 4a;
4998: 4a;
4999: 4a;
5000: 4a;
5001: 4a;
5002: 4a;
5003: 4a;
5004: 4a;
5005: 4a;
5006: 4a;
5007: 4a;
5008: 4a;
5009: 4a;
5010: 4a;
5011: 4a;
5012: 4a;
5013: 4a;
5014: 4a;
5015: 4a;
5016: 4a;
5017: 4a;
5018: 4a;
5019: 4a;
5020: 4a;
5021: 4a;
5022: 4a;
5023: 4a;
5024: 4a;
5025: 4a;
5026: 4a;
5027: 4a;
5028: 4a;
5029: 4a;
5030: 4a;
5031: 4a;
5032: 4a;
5033: 4a;
5034: 4a;
5035: 4a;
5036: 4a;
5037: 4a;
5038: 4a;
5039: 4a;
5040: 4a;
5041: 4a;
5042: 4a;
5043: 4a;
5044: 4a;
5045: 4a;
5046: 4a;
5047: 4a;
5048: 4a;
5049: 4a;
5050: 4a;
5051: 4a;
5052: 4a;
5053: 4a;
5054: 4a;
5055: 4a;
5056: 4a;
5057: 4a;
5058: 4a;
5059: 4a;
5060: 4a;
5061: 4a;
5062: 4a;
5063: 4a;
5064: 4a;
5065: 4a;
5066: 4a;
5067: 4a;
5068: 4a;
5069: 4a;
5070: 4a;
5071: 4a;
5072: 4a;
5073: 4a;
5074: 4a;
5075: 4a;
5076: 4a;
5077: 4a;
5078: 4a;
5079: 4a;
5080: 4a;
5081: 4a;
5082: 4a;
5083: 4a;
5084: 4a;
5085: 4a;
5086: 4a;
5087: 4a;
5088: 4a;
5089: 4a;
5090: 4a;
5091: 4a;
5092: 4a;
5093: 4a;
5094: 4a;
5095: 4a;
5096: 4a;
5097: 4a;
5098: 4a;
5099: 4a;
5100: 4a;
5101: 4a;
5102: 4a;
5103: 4a;
5104: 4a;
5105: 4a;
5106: 4a;
5107: 4a;
5108: 4a;
5109: 4a;
5110: 4a;
5111: 4a;
5112: 4a;
5113: 4a;
5114: 4a;
5115: 4a;
5116: 4a;
5117: 4a;
5118: 4a;
5119: 4a;
5120: 4a;
5121: 4a;
5122: 4a;
5123: 4a;
5124: 4a;
5125: 4a;
5126: 4a;
5127: 4a;
5128: 4a;
5129: 4a;
5130: 4a;
5131: 4a;
5132: 4a;
5133: 4a;
5134: 4a;
5135: 4a;
5136: 4a;
5137: 4a;
5138: 4a;
5139: 4a;
5140: 4a;
5141: 4a;
5142: 4a;
5143: 4a;
5144: 4a;
5145: 4a;
5146: 4a;
5147: 4a;
5148: 4a;
5149: 4a;
5150: 4a;
5151: 4a;
5152: 4a;
5153: 4a;
5154: 4a;
5155: 4a;
5156: 4a;
5157: 4a;
5158: 4a;
5159: 4a;
5160: 4a;
5161: 4a;
5162: 4a;
5163: 4a;
5164: 4a;
5165: 4a;
5166: 4a;
5167: 4a;
5168: 4a;
5169: 4a;
5170: 4a;
5171: 4a;
5172: 4a;
5173: 4a;
5174: 4a;
5175: 4a;
5176: 4a;
5177: 4a;
5178: 4a;
5179: 4a;
5180: 4a;
5181: 4a;
5182: 4a;
5183: 4a;
5184: 4a;
5185: 4a;
5186: 4a;
5187: 4a;
5188: 4a;
5189: 4a;
5190: 4a;
5191: 4a;
5192: 4a;
5193: 4a;
5194: 4a;
5195: 4a;
5196: 4a;
5197: 4a;
5198: 4a;
5199: 4a;
5200: 4a;
5201: 4a;
5202: 4a;
5203: 4a;
5204: 4a;
5205: 4a;
5206: 4a;
5207: 4a;
5208: 4a;
5209: 4a;
5210: 4a;
5211: 4a;
5212: 4a;
5213: 4a;
5214: 4a;
5215: 4a;
5216: 4a;
5217: 4a;
5218: 4a;
5219: 4a;
5220: 4a;
5221: 4a;
5222: 4a;
5223: 4a;
5224: 4a;
5225: 4a;
5226: 4a;
5227: 4a;
5228: 4a;
5229: 4a;
5230: 4a;
5231: 4a;
5232: 4a;
5233: 4a;
5234: 4a;
5235: 4a;
5236: 4a;
5237: 4a;
5238: 4a;
5239: 4a;
5240: 4a;
5241: 4a;
5242: 4a;
5243: 4a;
5244: 4a;
5245: 4a;
5246: 4a;
5247: 4a;
5248: 4a;
5249: 4a;
5250: 4a;
5251: 4a;
5252: 4a;
5253: 4a;
5254: 4a;
5255: 4a;
5256: 4a;
5257: 4a;
5258: 4a;
5259: 4a;
5260: 4a;
5261: 4a;
5262: 4a;
5263: 4a;
5264: 4a;
5265: 4a;
5266: 4a;
5267: 4a;
5268: 4a;
5269: 4a;
5270: 4a;
5271: 4a;
5272: 4a;
5273: 4a;
5274: 4a;
5275: 4a;
5276: 4a;
5277: 4a;
5278: 4a;
5279: 4a;
5280: 4a;
5281: 4a;
5282: 4a;
5283: 4a;
5284: 4a;
5285: 4a;
5286: 4a;
5287: 4a;
5288: 4a;
5289: 4a;
5290: 4a;
5291: 4a;
5292: 4a;
5293: 4a;
5294: 4a;
5295: 4a;
5296: 4a;
5297: 4a;
5298: 4a;
5299: 4a;
5300: 4a;
5301: 4a;
5302: 4a;
5303: 4a;
5304: 4a;
5305: 4a;
5306: 4a;
5307: 4a;
5308: 4a;
5309: 4b;
5310: 4b;
5311: 4b;
5312: 4b;
5313: 4b;
5314: 4b;
5315: 4b;
5316: 4b;
5317: 4b;
5318: 4b;
5319: 4b;
5320: 4b;
5321: 4b;
5322: 4b;
5323: 4b;
5324: 4b;
5325: 4b;
5326: 4b;
5327: 4b;
5328: 4b;
5329: 4b;
5330: 4b;
5331: 4b;
5332: 4b;
5333: 4b;
5334: 4b;
5335: 4b;
5336: 4b;
5337: 4b;
5338: 4b;
5339: 4b;
5340: 4b;
5341: 4b;
5342: 4b;
5343: 4b;
5344: 4b;
5345: 4b;
5346: 4b;
5347: 4b;
5348: 4b;
5349: 4b;
5350: 4b;
5351: 4b;
5352: 4b;
5353: 4b;
5354: 4b;
5355: 4b;
5356: 4b;
5357: 4b;
5358: 4b;
5359: 4b;
5360: 4b;
5361: 4b;
5362: 4b;
5363: 4b;
5364: 4b;
5365: 4b;
5366: 4b;
5367: 4b;
5368: 4b;
5369: 4b;
5370: 4b;
5371: 4b;
5372: 4b;
5373: 4b;
5374: 4b;
5375: 4b;
5376: 4b;
5377: 4b;
5378: 4b;
5379: 4b;
5380: 4b;
5381: 4b;
5382: 4b;
5383: 4b;
5384: 4b;
5385: 4b;
5386: 4b;
5387: 4b;
5388: 4b;
5389: 4b;
5390: 4b;
5391: 4b;
5392: 4b;
5393: 4b;
5394: 4b;
5395: 4b;
5396: 4b;
5397: 4b;
5398: 4b;
5399: 4b;
5400: 4b;
5401: 4b;
5402: 4b;
5403: 4b;
5404: 4b;
5405: 4b;
5406: 4b;
5407: 4b;
5408: 4b;
5409: 4b;
5410: 4b;
5411: 4b;
5412: 4b;
5413: 4b;
5414: 4b;
5415: 4b;
5416: 4b;
5417: 4b;
5418: 4b;
5419: 4b;
5420: 4b;
5421: 4b;
5422: 4b;
5423: 4b;
5424: 4b;
5425: 4b;
5426: 4b;
5427: 4b;
5428: 4b;
5429: 4b;
5430: 4b;
5431: 4b;
5432: 4b;
5433: 4b;
5434: 4b;
5435: 4b;
5436: 4b;
5437: 4b;
5438: 4b;
5439: 4b;
5440: 4b;
5441: 4b;
5442: 4b;
5443: 4b;
5444: 4b;
5445: 4b;
5446: 4b;
5447: 4b;
5448: 4b;
5449: 4b;
5450: 4b;
5451: 4b;
5452: 4b;
5453: 4b;
5454: 4b;
5455: 4b;
5456: 4b;
5457: 4b;
5458: 4b;
5459: 4b;
5460: 4b;
5461: 4b;
5462: 4b;
5463: 4b;
5464: 4b;
5465: 4b;
5466: 4b;
5467: 4b;
5468: 4b;
5469: 4b;
5470: 4b;
5471: 4b;
5472: 4b;
5473: 4b;
5474: 4b;
5475: 4b;
5476: 4b;
5477: 4b;
5478: 4b;
5479: 4b;
5480: 4b;
5481: 4b;
5482: 4b;
5483: 4b;
5484: 4b;
5485: 4b;
5486: 4b;
5487: 4b;
5488: 4b;
5489: 4b;
5490: 4b;
5491: 4b;
5492: 4b;
5493: 4b;
5494: 4b;
5495: 4b;
5496: 4b;
5497: 4b;
5498: 4b;
5499: 4b;
5500: 4b;
5501: 4b;
5502: 4b;
5503: 4b;
5504: 4b;
5505: 4b;
5506: 4b;
5507: 4b;
5508: 4b;
5509: 4b;
5510: 4b;
5511: 4b;
5512: 4b;
5513: 4b;
5514: 4b;
5515: 4b;
5516: 4b;
5517: 4b;
5518: 4b;
5519: 4b;
5520: 4b;
5521: 4b;
5522: 4b;
5523: 4b;
5524: 4b;
5525: 4b;
5526: 4b;
5527: 4b;
5528: 4b;
5529: 4b;
5530: 4b;
5531: 4b;
5532: 4b;
5533: 4b;
5534: 4b;
5535: 4b;
5536: 4b;
5537: 4b;
5538: 4b;
5539: 4b;
5540: 4b;
5541: 4b;
5542: 4b;
5543: 4b;
5544: 4b;
5545: 4b;
5546: 4b;
5547: 4b;
5548: 4b;
5549: 4b;
5550: 4b;
5551: 4b;
5552: 4b;
5553: 4b;
5554: 4b;
5555: 4b;
5556: 4b;
5557: 4b;
5558: 4b;
5559: 4b;
5560: 4b;
5561: 4b;
5562: 4b;
5563: 4b;
5564: 4b;
5565: 4b;
5566: 4b;
5567: 4b;
5568: 4b;
5569: 4b;
5570: 4b;
5571: 4b;
5572: 4b;
5573: 4b;
5574: 4b;
5575: 4b;
5576: 4b;
5577: 4b;
5578: 4b;
5579: 4b;
5580: 4b;
5581: 4b;
5582: 4b;
5583: 4b;
5584: 4b;
5585: 4b;
5586: 4b;
5587: 4b;
5588: 4b;
5589: 4b;
5590: 4b;
5591: 4b;
5592: 4b;
5593: 4b;
5594: 4b;
5595: 4b;
5596: 4b;
5597: 4b;
5598: 4b;
5599: 4b;
5600: 4b;
5601: 4b;
5602: 4b;
5603: 4b;
5604: 4b;
5605: 4b;
5606: 4b;
5607: 4b;
5608: 4b;
5609: 4b;
5610: 4b;
5611: 4b;
5612: 4b;
5613: 4b;
5614: 4b;
5615: 4b;
5616: 4b;
5617: 4b;
5618: 4b;
5619: 4b;
5620: 4b;
5621: 4b;
5622: 4b;
5623: 4b;
5624: 4b;
5625: 4b;
5626: 4b;
5627: 4b;
5628: 4b;
5629: 4b;
5630: 4b;
5631: 4b;
5632: 4b;
5633: 4b;
5634: 4b;
5635: 4b;
5636: 4b;
5637: 4b;
5638: 4b;
5639: 4b;
5640: 4b;
5641: 4b;
5642: 4b;
5643: 4b;
5644: 4b;
5645: 4b;
5646: 4b;
5647: 4b;
5648: 4b;
5649: 4b;
5650: 4b;
5651: 4b;
5652: 4b;
5653: 4b;
5654: 4b;
5655: 4b;
5656: 4b;
5657: 4b;
5658: 4b;
5659: 4b;
5660: 4b;
5661: 4b;
5662: 4b;
5663: 4b;
5664: 4b;
5665: 4b;
5666: 4b;
5667: 4b;
5668: 4b;
5669: 4b;
5670: 4b;
5671: 4b;
5672: 4b;
5673: 4b;
5674: 4b;
5675: 4b;
5676: 4b;
5677: 4b;
5678: 4b;
5679: 4b;
5680: 4b;
5681: 4b;
5682: 4b;
5683: 4b;
5684: 4b;
5685: 4b;
5686: 4b;
5687: 4b;
5688: 4b;
5689: 4b;
5690: 4b;
5691: 4b;
5692: 4b;
5693: 4b;
5694: 4b;
5695: 4b;
5696: 4b;
5697: 4b;
5698: 4b;
5699: 4b;
5700: 4b;
5701: 4b;
5702: 4b;
5703: 4b;
5704: 4b;
5705: 4b;
5706: 4b;
5707: 4b;
5708: 4b;
5709: 4b;
5710: 4b;
5711: 4b;
5712: 4b;
5713: 4b;
5714: 4b;
5715: 4b;
5716: 4b;
5717: 4b;
5718: 4b;
5719: 4b;
5720: 4b;
5721: 4b;
5722: 4b;
5723: 4b;
5724: 4b;
5725: 4b;
5726: 4b;
5727: 4b;
5728: 4b;
5729: 4b;
5730: 4b;
5731: 4b;
5732: 4b;
5733: 4b;
5734: 4b;
5735: 4b;
5736: 4b;
5737: 4b;
5738: 4b;
5739: 4b;
5740: 4b;
5741: 4b;
5742: 4b;
5743: 4b;
5744: 4b;
5745: 4b;
5746: 4b;
5747: 4b;
5748: 4b;
5749: 4b;
5750: 4b;
5751: 4b;
5752: 4b;
5753: 4b;
5754: 4b;
5755: 4b;
5756: 4b;
5757: 4b;
5758: 4b;
5759: 4b;
5760: 4b;
5761: 4b;
5762: 4b;
5763: 4b;
5764: 4b;
5765: 4b;
5766: 4b;
5767: 4b;
5768: 4b;
5769: 4b;
5770: 4b;
5771: 4b;
5772: 4b;
5773: 4b;
5774: 4b;
5775: 4b;
5776: 4b;
5777: 4b;
5778: 4b;
5779: 4b;
5780: 4b;
5781: 4b;
5782: 4b;
5783: 4b;
5784: 4b;
5785: 4b;
5786: 4b;
5787: 4b;
5788: 4b;
5789: 4b;
5790: 4b;
5791: 4b;
5792: 4b;
5793: 4b;
5794: 4b;
5795: 4b;
5796: 4b;
5797: 4b;
5798: 4b;
5799: 4b;
5800: 4b;
5801: 4b;
5802: 4b;
5803: 4b;
5804: 4b;
5805: 4b;
5806: 4b;
5807: 4b;
5808: 4b;
5809: 4b;
5810: 4b;
5811: 4b;
5812: 4b;
5813: 4b;
5814: 4b;
5815: 4b;
5816: 4b;
5817: 4b;
5818: 4b;
5819: 4b;
5820: 4b;
5821: 4b;
5822: 4b;
5823: 4b;
5824: 4b;
5825: 4b;
5826: 4b;
5827: 4b;
5828: 4b;
5829: 4b;
5830: 4b;
5831: 4b;
5832: 4b;
5833: 4b;
5834: 4b;
5835: 4b;
5836: 4b;
5837: 4b;
5838: 4b;
5839: 4b;
5840: 4b;
5841: 4b;
5842: 4b;
5843: 4b;
5844: 4b;
5845: 4b;
5846: 4b;
5847: 4b;
5848: 4b;
5849: 4b;
5850: 4b;
5851: 4b;
5852: 4b;
5853: 4b;
5854: 4b;
5855: 4b;
5856: 4b;
5857: 4b;
5858: 4b;
5859: 4b;
5860: 4b;
5861: 4b;
5862: 4b;
5863: 4b;
5864: 4b;
5865: 4b;
5866: 4b;
5867: 4b;
5868: 4b;
5869: 4b;
5870: 4b;
5871: 4b;
5872: 4b;
5873: 4b;
5874: 4b;
5875: 4b;
5876: 4b;
5877: 4b;
5878: 4b;
5879: 4b;
5880: 4b;
5881: 4b;
5882: 4b;
5883: 4b;
5884: 4b;
5885: 4b;
5886: 4b;
5887: 4b;
5888: 4b;
5889: 4b;
5890: 4b;
5891: 4b;
5892: 4b;
5893: 4b;
5894: 4b;
5895: 4b;
5896: 4b;
5897: 4b;
5898: 4b;
5899: 4b;
5900: 4b;
5901: 4b;
5902: 4b;
5903: 4b;
5904: 4b;
5905: 4b;
5906: 4b;
5907: 4b;
5908: 4b;
5909: 4b;
5910: 4b;
5911: 4b;
5912: 4b;
5913: 4b;
5914: 4b;
5915: 4b;
5916: 4b;
5917: 4b;
5918: 4b;
5919: 4b;
5920: 4b;
5921: 4b;
5922: 4b;
5923: 4b;
5924: 4b;
5925: 4b;
5926: 4b;
5927: 4b;
5928: 4b;
5929: 4b;
5930: 4b;
5931: 4b;
5932: 4b;
5933: 4b;
5934: 4b;
5935: 4b;
5936: 4b;
5937: 4b;
5938: 4b;
5939: 4b;
5940: 4b;
5941: 4b;
5942: 4b;
5943: 4b;
5944: 4b;
5945: 4b;
5946: 4b;
5947: 4b;
5948: 4b;
5949: 4b;
5950: 4b;
5951: 4b;
5952: 4b;
5953: 4b;
5954: 4b;
5955: 4b;
5956: 4b;
5957: 4c;
5958: 4c;
5959: 4c;
5960: 4c;
5961: 4c;
5962: 4c;
5963: 4c;
5964: 4c;
5965: 4c;
5966: 4c;
5967: 4c;
5968: 4c;
5969: 4c;
5970: 4c;
5971: 4c;
5972: 4c;
5973: 4c;
5974: 4c;
5975: 4c;
5976: 4c;
5977: 4c;
5978: 4c;
5979: 4c;
5980: 4c;
5981: 4c;
5982: 4c;
5983: 4c;
5984: 4c;
5985: 4c;
5986: 4c;
5987: 4c;
5988: 4c;
5989: 4c;
5990: 4c;
5991: 4c;
5992: 4c;
5993: 4c;
5994: 4c;
5995: 4c;
5996: 4c;
5997: 4c;
5998: 4c;
5999: 4c;
6000: 4c;
6001: 4c;
6002: 4c;
6003: 4c;
6004: 4c;
6005: 4c;
6006: 4c;
6007: 4c;
6008: 4c;
6009: 4c;
6010: 4c;
6011: 4c;
6012: 4c;
6013: 4c;
6014: 4c;
6015: 4c;
6016: 4c;
6017: 4c;
6018: 4c;
6019: 4c;
6020: 4c;
6021: 4c;
6022: 4c;
6023: 4c;
6024: 4c;
6025: 4c;
6026: 4c;
6027: 4c;
6028: 4c;
6029: 4c;
6030: 4c;
6031: 4c;
6032: 4c;
6033: 4c;
6034: 4c;
6035: 4c;
6036: 4c;
6037: 4c;
6038: 4c;
6039: 4c;
6040: 4c;
6041: 4c;
6042: 4c;
6043: 4c;
6044: 4c;
6045: 4c;
6046: 4c;
6047: 4c;
6048: 4c;
6049: 4c;
6050: 4c;
6051: 4c;
6052: 4c;
6053: 4c;
6054: 4c;
6055: 4c;
6056: 4c;
6057: 4c;
6058: 4c;
6059: 4c;
6060: 4c;
6061: 4c;
6062: 4c;
6063: 4c;
6064: 4c;
6065: 4c;
6066: 4c;
6067: 4c;
6068: 4c;
6069: 4c;
6070: 4c;
6071: 4c;
6072: 4c;
6073: 4c;
6074: 4c;
6075: 4c;
6076: 4c;
6077: 4c;
6078: 4c;
6079: 4c;
6080: 4c;
6081: 4c;
6082: 4c;
6083: 4c;
6084: 4c;
6085: 4c;
6086: 4c;
6087: 4c;
6088: 4c;
6089: 4c;
6090: 4c;
6091: 4c;
6092: 4c;
6093: 4c;
6094: 4c;
6095: 4c;
6096: 4c;
6097: 4c;
6098: 4c;
6099: 4c;
6100: 4c;
6101: 4c;
6102: 4c;
6103: 4c;
6104: 4c;
6105: 4c;
6106: 4c;
6107: 4c;
6108: 4c;
6109: 4c;
6110: 4c;
6111: 4c;
6112: 4c;
6113: 4c;
6114: 4c;
6115: 4c;
6116: 4c;
6117: 4c;
6118: 4c;
6119: 4c;
6120: 4c;
6121: 4c;
6122: 4c;
6123: 4c;
6124: 4c;
6125: 4c;
6126: 4c;
6127: 4c;
6128: 4c;
6129: 4c;
6130: 4c;
6131: 4c;
6132: 4c;
6133: 4c;
6134: 4c;
6135: 4c;
6136: 4c;
6137: 4c;
6138: 4c;
6139: 4c;
6140: 4c;
6141: 4c;
6142: 4c;
6143: 4c;
6144: 4c;
6145: 4c;
6146: 4c;
6147: 4c;
6148: 4c;
6149: 4c;
6150: 4c;
6151: 4c;
6152: 4c;
6153: 4c;
6154: 4c;
6155: 4c;
6156: 4c;
6157: 4c;
6158: 4c;
6159: 4c;
6160: 4c;
6161: 4c;
6162: 4c;
6163: 4c;
6164: 4c;
6165: 4c;
6166: 4c;
6167: 4c;
6168: 4c;
6169: 4c;
6170: 4c;
6171: 4c;
6172: 4c;
6173: 4c;
6174: 4c;
6175: 4c;
6176: 4c;
6177: 4c;
6178: 4c;
6179: 4c;
6180: 4c;
6181: 4c;
6182: 4c;
6183: 4c;
6184: 4c;
6185: 4c;
6186: 4c;
6187: 4c;
6188: 4c;
6189: 4c;
6190: 4c;
6191: 4c;
6192: 4c;
6193: 4c;
6194: 4c;
6195: 4c;
6196: 4c;
6197: 4c;
6198: 4c;
6199: 4c;
6200: 4c;
6201: 4c;
6202: 4c;
6203: 4c;
6204: 4c;
6205: 4c;
6206: 4c;
6207: 4c;
6208: 4c;
6209: 4c;
6210: 4c;
6211: 4c;
6212: 4c;
6213: 4c;
6214: 4c;
6215: 4c;
6216: 4c;
6217: 4c;
6218: 4c;
6219: 4c;
6220: 4c;
6221: 4c;
6222: 4c;
6223: 4c;
6224: 4c;
6225: 4c;
6226: 4c;
6227: 4c;
6228: 4c;
6229: 4c;
6230: 4c;
6231: 4c;
6232: 4c;
6233: 4c;
6234: 4c;
6235: 4c;
6236: 4c;
6237: 4c;
6238: 4c;
6239: 4c;
6240: 4c;
6241: 4c;
6242: 4c;
6243: 4c;
6244: 4c;
6245: 4c;
6246: 4c;
6247: 4c;
6248: 4c;
6249: 4c;
6250: 4c;
6251: 4c;
6252: 4c;
6253: 4c;
6254: 4c;
6255: 4c;
6256: 4c;
6257: 4c;
6258: 4c;
6259: 4c;
6260: 4c;
6261: 4c;
6262: 4c;
6263: 4c;
6264: 4c;
6265: 4c;
6266: 4c;
6267: 4c;
6268: 4c;
6269: 4c;
6270: 4c;
6271: 4c;
6272: 4c;
6273: 4c;
6274: 4c;
6275: 4c;
6276: 4c;
6277: 4c;
6278: 4c;
6279: 4c;
6280: 4c;
6281: 4c;
6282: 4c;
6283: 4c;
6284: 4c;
6285: 4c;
6286: 4c;
6287: 4c;
6288: 4c;
6289: 4c;
6290: 4c;
6291: 4c;
6292: 4c;
6293: 4c;
6294: 4c;
6295: 4c;
6296: 4c;
6297: 4c;
6298: 4c;
6299: 4c;
6300: 4c;
6301: 4c;
6302: 4c;
6303: 4c;
6304: 4c;
6305: 4c;
6306: 4c;
6307: 4c;
6308: 4c;
6309: 4c;
6310: 4c;
6311: 4c;
6312: 4c;
6313: 4c;
6314: 4c;
6315: 4c;
6316: 4c;
6317: 4c;
6318: 4c;
6319: 4c;
6320: 4c;
6321: 4c;
6322: 4c;
6323: 4c;
6324: 4c;
6325: 4c;
6326: 4c;
6327: 4c;
6328: 4c;
6329: 4c;
6330: 4c;
6331: 4c;
6332: 4c;
6333: 4c;
6334: 4c;
6335: 4c;
6336: 4c;
6337: 4c;
6338: 4c;
6339: 4c;
6340: 4c;
6341: 4c;
6342: 4c;
6343: 4c;
6344: 4c;
6345: 4c;
6346: 4c;
6347: 4c;
6348: 4c;
6349: 4c;
6350: 4c;
6351: 4c;
6352: 4c;
6353: 4c;
6354: 4c;
6355: 4c;
6356: 4c;
6357: 4c;
6358: 4c;
6359: 4c;
6360: 4c;
6361: 4c;
6362: 4c;
6363: 4c;
6364: 4c;
6365: 4c;
6366: 4c;
6367: 4c;
6368: 4c;
6369: 4c;
6370: 4c;
6371: 4c;
6372: 4c;
6373: 4c;
6374: 4c;
6375: 4c;
6376: 4c;
6377: 4c;
6378: 4c;
6379: 4c;
6380: 4c;
6381: 4c;
6382: 4c;
6383: 4c;
6384: 4c;
6385: 4c;
6386: 4c;
6387: 4c;
6388: 4c;
6389: 4c;
6390: 4c;
6391: 4c;
6392: 4c;
6393: 4c;
6394: 4c;
6395: 4c;
6396: 4c;
6397: 4c;
6398: 4c;
6399: 4c;
6400: 4c;
6401: 4c;
6402: 4c;
6403: 4c;
6404: 4c;
6405: 4c;
6406: 4c;
6407: 4c;
6408: 4c;
6409: 4c;
6410: 4c;
6411: 4c;
6412: 4c;
6413: 4c;
6414: 4c;
6415: 4c;
6416: 4c;
6417: 4c;
6418: 4c;
6419: 4c;
6420: 4c;
6421: 4c;
6422: 4c;
6423: 4c;
6424: 4c;
6425: 4c;
6426: 4c;
6427: 4c;
6428: 4c;
6429: 4c;
6430: 4c;
6431: 4c;
6432: 4c;
6433: 4c;
6434: 4c;
6435: 4c;
6436: 4c;
6437: 4c;
6438: 4c;
6439: 4c;
6440: 4c;
6441: 4c;
6442: 4c;
6443: 4c;
6444: 4c;
6445: 4c;
6446: 4c;
6447: 4c;
6448: 4c;
6449: 4c;
6450: 4c;
6451: 4c;
6452: 4c;
6453: 4c;
6454: 4c;
6455: 4c;
6456: 4c;
6457: 4c;
6458: 4c;
6459: 4c;
6460: 4c;
6461: 4c;
6462: 4c;
6463: 4c;
6464: 4c;
6465: 4c;
6466: 4c;
6467: 4c;
6468: 4c;
6469: 4c;
6470: 4c;
6471: 4c;
6472: 4c;
6473: 4c;
6474: 4c;
6475: 4c;
6476: 4c;
6477: 4c;
6478: 4c;
6479: 4c;
6480: 4c;
6481: 4c;
6482: 4c;
6483: 4c;
6484: 4c;
6485: 4c;
6486: 4c;
6487: 4c;
6488: 4c;
6489: 4c;
6490: 4c;
6491: 4c;
6492: 4c;
6493: 4c;
6494: 4c;
6495: 4c;
6496: 4c;
6497: 4c;
6498: 4c;
6499: 4c;
6500: 4c;
6501: 4c;
6502: 4c;
6503: 4c;
6504: 4c;
6505: 4c;
6506: 4c;
6507: 4c;
6508: 4c;
6509: 4c;
6510: 4c;
6511: 4c;
6512: 4c;
6513: 4c;
6514: 4c;
6515: 4c;
6516: 4c;
6517: 4c;
6518: 4c;
6519: 4c;
6520: 4c;
6521: 4c;
6522: 4c;
6523: 4c;
6524: 4c;
6525: 4c;
6526: 4c;
6527: 4c;
6528: 4c;
6529: 4c;
6530: 4c;
6531: 4c;
6532: 4c;
6533: 4c;
6534: 4c;
6535: 4c;
6536: 4c;
6537: 4c;
6538: 4c;
6539: 4c;
6540: 4c;
6541: 4c;
6542: 4c;
6543: 4c;
6544: 4c;
6545: 4c;
6546: 4c;
6547: 4c;
6548: 4c;
6549: 4c;
6550: 4c;
6551: 4c;
6552: 4c;
6553: 4c;
6554: 4c;
6555: 4c;
6556: 4c;
6557: 4c;
6558: 4c;
6559: 4c;
6560: 4c;
6561: 4c;
6562: 4c;
6563: 4c;
6564: 4c;
6565: 4c;
6566: 4c;
6567: 4c;
6568: 4c;
6569: 4c;
6570: 4c;
6571: 4c;
6572: 4c;
6573: 4c;
6574: 4c;
6575: 4c;
6576: 4c;
6577: 4c;
6578: 4c;
6579: 4c;
6580: 4c;
6581: 4c;
6582: 4c;
6583: 4c;
6584: 4c;
6585: 4c;
6586: 4c;
6587: 4c;
6588: 4c;
6589: 4c;
6590: 4c;
6591: 4c;
6592: 4c;
6593: 4c;
6594: 4c;
6595: 4c;
6596: 4c;
6597: 4c;
6598: 4c;
6599: 4c;
6600: 4c;
6601: 4c;
6602: 4c;
6603: 4c;
6604: 4c;
6605: 4c;
6606: 4c;
6607: 4c;
6608: 4c;
6609: 4c;
6610: 4c;
6611: 4c;
6612: 4c;
6613: 4c;
6614: 4c;
6615: 4c;
6616: 4c;
6617: 4c;
6618: 4c;
6619: 4c;
6620: 4c;
6621: 4c;
6622: 4c;
6623: 4c;
6624: 4c;
6625: 4c;
6626: 4c;
6627: 4c;
6628: 4c;
6629: 4c;
6630: 4c;
6631: 4c;
6632: 4c;
6633: 4c;
6634: 4c;
6635: 4c;
6636: 4c;
6637: 4c;
6638: 4c;
6639: 4c;
6640: 4c;
6641: 4c;
6642: 4c;
6643: 4c;
6644: 4c;
6645: 4c;
6646: 4c;
6647: 4c;
6648: 4c;
6649: 4c;
6650: 4c;
6651: 4c;
6652: 4c;
6653: 4c;
6654: 4c;
6655: 4c;
6656: 4c;
6657: 4c;
6658: 4c;
6659: 4c;
6660: 4c;
6661: 4c;
6662: 4c;
6663: 4c;
6664: 4c;
6665: 4c;
6666: 4c;
6667: 4c;
6668: 4c;
6669: 4c;
6670: 4c;
6671: 4c;
6672: 4c;
6673: 4c;
6674: 4c;
6675: 4c;
6676: 4c;
6677: 4c;
6678: 4c;
6679: 4c;
6680: 4c;
6681: 4c;
6682: 4c;
6683: 4c;
6684: 4d;
6685: 4d;
6686: 4d;
6687: 4d;
6688: 4d;
6689: 4d;
6690: 4d;
6691: 4d;
6692: 4d;
6693: 4d;
6694: 4d;
6695: 4d;
6696: 4d;
6697: 4d;
6698: 4d;
6699: 4d;
6700: 4d;
6701: 4d;
6702: 4d;
6703: 4d;
6704: 4d;
6705: 4d;
6706: 4d;
6707: 4d;
6708: 4d;
6709: 4d;
6710: 4d;
6711: 4d;
6712: 4d;
6713: 4d;
6714: 4d;
6715: 4d;
6716: 4d;
6717: 4d;
6718: 4d;
6719: 4d;
6720: 4d;
6721: 4d;
6722: 4d;
6723: 4d;
6724: 4d;
6725: 4d;
6726: 4d;
6727: 4d;
6728: 4d;
6729: 4d;
6730: 4d;
6731: 4d;
6732: 4d;
6733: 4d;
6734: 4d;
6735: 4d;
6736: 4d;
6737: 4d;
6738: 4d;
6739: 4d;
6740: 4d;
6741: 4d;
6742: 4d;
6743: 4d;
6744: 4d;
6745: 4d;
6746: 4d;
6747: 4d;
6748: 4d;
6749: 4d;
6750: 4d;
6751: 4d;
6752: 4d;
6753: 4d;
6754: 4d;
6755: 4d;
6756: 4d;
6757: 4d;
6758: 4d;
6759: 4d;
6760: 4d;
6761: 4d;
6762: 4d;
6763: 4d;
6764: 4d;
6765: 4d;
6766: 4d;
6767: 4d;
6768: 4d;
6769: 4d;
6770: 4d;
6771: 4d;
6772: 4d;
6773: 4d;
6774: 4d;
6775: 4d;
6776: 4d;
6777: 4d;
6778: 4d;
6779: 4d;
6780: 4d;
6781: 4d;
6782: 4d;
6783: 4d;
6784: 4d;
6785: 4d;
6786: 4d;
6787: 4d;
6788: 4d;
6789: 4d;
6790: 4d;
6791: 4d;
6792: 4d;
6793: 4d;
6794: 4d;
6795: 4d;
6796: 4d;
6797: 4d;
6798: 4d;
6799: 4d;
6800: 4d;
6801: 4d;
6802: 4d;
6803: 4d;
6804: 4d;
6805: 4d;
6806: 4d;
6807: 4d;
6808: 4d;
6809: 4d;
6810: 4d;
6811: 4d;
6812: 4d;
6813: 4d;
6814: 4d;
6815: 4d;
6816: 4d;
6817: 4d;
6818: 4d;
6819: 4d;
6820: 4d;
6821: 4d;
6822: 4d;
6823: 4d;
6824: 4d;
6825: 4d;
6826: 4d;
6827: 4d;
6828: 4d;
6829: 4d;
6830: 4d;
6831: 4d;
6832: 4d;
6833: 4d;
6834: 4d;
6835: 4d;
6836: 4d;
6837: 4d;
6838: 4d;
6839: 4d;
6840: 4d;
6841: 4d;
6842: 4d;
6843: 4d;
6844: 4d;
6845: 4d;
6846: 4d;
6847: 4d;
6848: 4d;
6849: 4d;
6850: 4d;
6851: 4d;
6852: 4d;
6853: 4d;
6854: 4d;
6855: 4d;
6856: 4d;
6857: 4d;
6858: 4d;
6859: 4d;
6860: 4d;
6861: 4d;
6862: 4d;
6863: 4d;
6864: 4d;
6865: 4d;
6866: 4d;
6867: 4d;
6868: 4d;
6869: 4d;
6870: 4d;
6871: 4d;
6872: 4d;
6873: 4d;
6874: 4d;
6875: 4d;
6876: 4d;
6877: 4d;
6878: 4d;
6879: 4d;
6880: 4d;
6881: 4d;
6882: 4d;
6883: 4d;
6884: 4d;
6885: 4d;
6886: 4d;
6887: 4d;
6888: 4d;
6889: 4d;
6890: 4d;
6891: 4d;
6892: 4d;
6893: 4d;
6894: 4d;
6895: 4d;
6896: 4d;
6897: 4d;
6898: 4d;
6899: 4d;
6900: 4d;
6901: 4d;
6902: 4d;
6903: 4d;
6904: 4d;
6905: 4d;
6906: 4d;
6907: 4d;
6908: 4d;
6909: 4d;
6910: 4d;
6911: 4d;
6912: 4d;
6913: 4d;
6914: 4d;
6915: 4d;
6916: 4d;
6917: 4d;
6918: 4d;
6919: 4d;
6920: 4d;
6921: 4d;
6922: 4d;
6923: 4d;
6924: 4d;
6925: 4d;
6926: 4d;
6927: 4d;
6928: 4d;
6929: 4d;
6930: 4d;
6931: 4d;
6932: 4d;
6933: 4d;
6934: 4d;
6935: 4d;
6936: 4d;
6937: 4d;
6938: 4d;
6939: 4d;
6940: 4d;
6941: 4d;
6942: 4d;
6943: 4d;
6944: 4d;
6945: 4d;
6946: 4d;
6947: 4d;
6948: 4d;
6949: 4d;
6950: 4d;
6951: 4d;
6952: 4d;
6953: 4d;
6954: 4d;
6955: 4d;
6956: 4d;
6957: 4d;
6958: 4d;
6959: 4d;
6960: 4d;
6961: 4d;
6962: 4d;
6963: 4d;
6964: 4d;
6965: 4d;
6966: 4d;
6967: 4d;
6968: 4d;
6969: 4d;
6970: 4d;
6971: 4d;
6972: 4d;
6973: 4d;
6974: 4d;
6975: 4d;
6976: 4d;
6977: 4d;
6978: 4d;
6979: 4d;
6980: 4d;
6981: 4d;
6982: 4d;
6983: 4d;
6984: 4d;
6985: 4d;
6986: 4d;
6987: 4d;
6988: 4d;
6989: 4d;
6990: 4d;
6991: 4d;
6992: 4d;
6993: 4d;
6994: 4d;
6995: 4d;
6996: 4d;
6997: 4d;
6998: 4d;
6999: 4d;
7000: 4d;
7001: 4d;
7002: 4d;
7003: 4d;
7004: 4d;
7005: 4d;
7006: 4d;
7007: 4d;
7008: 4d;
7009: 4d;
7010: 4d;
7011: 4d;
7012: 4d;
7013: 4d;
7014: 4d;
7015: 4d;
7016: 4d;
7017: 4d;
7018: 4d;
7019: 4d;
7020: 4d;
7021: 4d;
7022: 4d;
7023: 4d;
7024: 4d;
7025: 4d;
7026: 4d;
7027: 4d;
7028: 4d;
7029: 4d;
7030: 4d;
7031: 4d;
7032: 4d;
7033: 4d;
7034: 4d;
7035: 4d;
7036: 4d;
7037: 4d;
7038: 4d;
7039: 4d;
7040: 4d;
7041: 4d;
7042: 4d;
7043: 4d;
7044: 4d;
7045: 4d;
7046: 4d;
7047: 4d;
7048: 4d;
7049: 4d;
7050: 4d;
7051: 4d;
7052: 4d;
7053: 4d;
7054: 4d;
7055: 4d;
7056: 4d;
7057: 4d;
7058: 4d;
7059: 4d;
7060: 4d;
7061: 4d;
7062: 4d;
7063: 4d;
7064: 4d;
7065: 4d;
7066: 4d;
7067: 4d;
7068: 4d;
7069: 4d;
7070: 4d;
7071: 4d;
7072: 4d;
7073: 4d;
7074: 4d;
7075: 4d;
7076: 4d;
7077: 4d;
7078: 4d;
7079: 4d;
7080: 4d;
7081: 4d;
7082: 4d;
7083: 4d;
7084: 4d;
7085: 4d;
7086: 4d;
7087: 4d;
7088: 4d;
7089: 4d;
7090: 4d;
7091: 4d;
7092: 4d;
7093: 4d;
7094: 4d;
7095: 4d;
7096: 4d;
7097: 4d;
7098: 4d;
7099: 4d;
7100: 4d;
7101: 4d;
7102: 4d;
7103: 4d;
7104: 4d;
7105: 4d;
7106: 4d;
7107: 4d;
7108: 4d;
7109: 4d;
7110: 4d;
7111: 4d;
7112: 4d;
7113: 4d;
7114: 4d;
7115: 4d;
7116: 4d;
7117: 4d;
7118: 4d;
7119: 4d;
7120: 4d;
7121: 4d;
7122: 4d;
7123: 4d;
7124: 4d;
7125: 4d;
7126: 4d;
7127: 4d;
7128: 4d;
7129: 4d;
7130: 4d;
7131: 4d;
7132: 4d;
7133: 4d;
7134: 4d;
7135: 4d;
7136: 4d;
7137: 4d;
7138: 4d;
7139: 4d;
7140: 4d;
7141: 4d;
7142: 4d;
7143: 4d;
7144: 4d;
7145: 4d;
7146: 4d;
7147: 4d;
7148: 4d;
7149: 4d;
7150: 4d;
7151: 4d;
7152: 4d;
7153: 4d;
7154: 4d;
7155: 4d;
7156: 4d;
7157: 4d;
7158: 4d;
7159: 4d;
7160: 4d;
7161: 4d;
7162: 4d;
7163: 4d;
7164: 4d;
7165: 4d;
7166: 4d;
7167: 4d;
7168: 4d;
7169: 4d;
7170: 4d;
7171: 4d;
7172: 4d;
7173: 4d;
7174: 4d;
7175: 4d;
7176: 4d;
7177: 4d;
7178: 4d;
7179: 4d;
7180: 4d;
7181: 4d;
7182: 4d;
7183: 4d;
7184: 4d;
7185: 4d;
7186: 4d;
7187: 4d;
7188: 4d;
7189: 4d;
7190: 4d;
7191: 4d;
7192: 4d;
7193: 4d;
7194: 4d;
7195: 4d;
7196: 4d;
7197: 4d;
7198: 4d;
7199: 4d;
7200: 4d;
7201: 4d;
7202: 4d;
7203: 4d;
7204: 4d;
7205: 4d;
7206: 4d;
7207: 4d;
7208: 4d;
7209: 4d;
7210: 4d;
7211: 4d;
7212: 4d;
7213: 4d;
7214: 4d;
7215: 4d;
7216: 4d;
7217: 4d;
7218: 4d;
7219: 4d;
7220: 4d;
7221: 4d;
7222: 4d;
7223: 4d;
7224: 4d;
7225: 4d;
7226: 4d;
7227: 4d;
7228: 4d;
7229: 4d;
7230: 4d;
7231: 4d;
7232: 4d;
7233: 4d;
7234: 4d;
7235: 4d;
7236: 4d;
7237: 4d;
7238: 4d;
7239: 4d;
7240: 4d;
7241: 4d;
7242: 4d;
7243: 4d;
7244: 4d;
7245: 4d;
7246: 4d;
7247: 4d;
7248: 4d;
7249: 4d;
7250: 4d;
7251: 4d;
7252: 4d;
7253: 4d;
7254: 4d;
7255: 4d;
7256: 4d;
7257: 4d;
7258: 4d;
7259: 4d;
7260: 4d;
7261: 4d;
7262: 4d;
7263: 4d;
7264: 4d;
7265: 4d;
7266: 4d;
7267: 4d;
7268: 4d;
7269: 4d;
7270: 4d;
7271: 4d;
7272: 4d;
7273: 4d;
7274: 4d;
7275: 4d;
7276: 4d;
7277: 4d;
7278: 4d;
7279: 4d;
7280: 4d;
7281: 4d;
7282: 4d;
7283: 4d;
7284: 4d;
7285: 4d;
7286: 4d;
7287: 4d;
7288: 4d;
7289: 4d;
7290: 4d;
7291: 4d;
7292: 4d;
7293: 4d;
7294: 4d;
7295: 4d;
7296: 4d;
7297: 4d;
7298: 4d;
7299: 4d;
7300: 4d;
7301: 4d;
7302: 4d;
7303: 4d;
7304: 4d;
7305: 4d;
7306: 4d;
7307: 4d;
7308: 4d;
7309: 4d;
7310: 4d;
7311: 4d;
7312: 4d;
7313: 4d;
7314: 4d;
7315: 4d;
7316: 4d;
7317: 4d;
7318: 4d;
7319: 4d;
7320: 4d;
7321: 4d;
7322: 4d;
7323: 4d;
7324: 4d;
7325: 4d;
7326: 4d;
7327: 4d;
7328: 4d;
7329: 4d;
7330: 4d;
7331: 4d;
7332: 4d;
7333: 4d;
7334: 4d;
7335: 4d;
7336: 4d;
7337: 4d;
7338: 4d;
7339: 4d;
7340: 4d;
7341: 4d;
7342: 4d;
7343: 4d;
7344: 4d;
7345: 4d;
7346: 4d;
7347: 4d;
7348: 4d;
7349: 4d;
7350: 4d;
7351: 4d;
7352: 4d;
7353: 4d;
7354: 4d;
7355: 4d;
7356: 4d;
7357: 4d;
7358: 4d;
7359: 4d;
7360: 4d;
7361: 4d;
7362: 4d;
7363: 4d;
7364: 4d;
7365: 4d;
7366: 4d;
7367: 4d;
7368: 4d;
7369: 4d;
7370: 4d;
7371: 4d;
7372: 4d;
7373: 4d;
7374: 4d;
7375: 4d;
7376: 4d;
7377: 4d;
7378: 4d;
7379: 4d;
7380: 4d;
7381: 4d;
7382: 4d;
7383: 4d;
7384: 4d;
7385: 4d;
7386: 4d;
7387: 4d;
7388: 4d;
7389: 4d;
7390: 4d;
7391: 4d;
7392: 4d;
7393: 4d;
7394: 4d;
7395: 4d;
7396: 4d;
7397: 4d;
7398: 4d;
7399: 4d;
7400: 4d;
7401: 4d;
7402: 4d;
7403: 4d;
7404: 4d;
7405: 4d;
7406: 4d;
7407: 4d;
7408: 4d;
7409: 4d;
7410: 4d;
7411: 4d;
7412: 4d;
7413: 4d;
7414: 4d;
7415: 4d;
7416: 4d;
7417: 4d;
7418: 4d;
7419: 4d;
7420: 4d;
7421: 4d;
7422: 4d;
7423: 4d;
7424: 4d;
7425: 4d;
7426: 4d;
7427: 4d;
7428: 4d;
7429: 4d;
7430: 4d;
7431: 4d;
7432: 4d;
7433: 4d;
7434: 4d;
7435: 4d;
7436: 4d;
7437: 4d;
7438: 4d;
7439: 4d;
7440: 4d;
7441: 4d;
7442: 4d;
7443: 4d;
7444: 4d;
7445: 4d;
7446: 4d;
7447: 4d;
7448: 4d;
7449: 4d;
7450: 4d;
7451: 4d;
7452: 4d;
7453: 4d;
7454: 4d;
7455: 4d;
7456: 4d;
7457: 4d;
7458: 4d;
7459: 4d;
7460: 4d;
7461: 4d;
7462: 4d;
7463: 4d;
7464: 4d;
7465: 4d;
7466: 4d;
7467: 4d;
7468: 4d;
7469: 4d;
7470: 4d;
7471: 4d;
7472: 4d;
7473: 4d;
7474: 4d;
7475: 4d;
7476: 4d;
7477: 4d;
7478: 4d;
7479: 4d;
7480: 4d;
7481: 4d;
7482: 4d;
7483: 4d;
7484: 4d;
7485: 4d;
7486: 4d;
7487: 4d;
7488: 4d;
7489: 4d;
7490: 4d;
7491: 4d;
7492: 4d;
7493: 4d;
7494: 4d;
7495: 4d;
7496: 4d;
7497: 4d;
7498: 4d;
7499: 4e;
7500: 4e;
7501: 4e;
7502: 4e;
7503: 4e;
7504: 4e;
7505: 4e;
7506: 4e;
7507: 4e;
7508: 4e;
7509: 4e;
7510: 4e;
7511: 4e;
7512: 4e;
7513: 4e;
7514: 4e;
7515: 4e;
7516: 4e;
7517: 4e;
7518: 4e;
7519: 4e;
7520: 4e;
7521: 4e;
7522: 4e;
7523: 4e;
7524: 4e;
7525: 4e;
7526: 4e;
7527: 4e;
7528: 4e;
7529: 4e;
7530: 4e;
7531: 4e;
7532: 4e;
7533: 4e;
7534: 4e;
7535: 4e;
7536: 4e;
7537: 4e;
7538: 4e;
7539: 4e;
7540: 4e;
7541: 4e;
7542: 4e;
7543: 4e;
7544: 4e;
7545: 4e;
7546: 4e;
7547: 4e;
7548: 4e;
7549: 4e;
7550: 4e;
7551: 4e;
7552: 4e;
7553: 4e;
7554: 4e;
7555: 4e;
7556: 4e;
7557: 4e;
7558: 4e;
7559: 4e;
7560: 4e;
7561: 4e;
7562: 4e;
7563: 4e;
7564: 4e;
7565: 4e;
7566: 4e;
7567: 4e;
7568: 4e;
7569: 4e;
7570: 4e;
7571: 4e;
7572: 4e;
7573: 4e;
7574: 4e;
7575: 4e;
7576: 4e;
7577: 4e;
7578: 4e;
7579: 4e;
7580: 4e;
7581: 4e;
7582: 4e;
7583: 4e;
7584: 4e;
7585: 4e;
7586: 4e;
7587: 4e;
7588: 4e;
7589: 4e;
7590: 4e;
7591: 4e;
7592: 4e;
7593: 4e;
7594: 4e;
7595: 4e;
7596: 4e;
7597: 4e;
7598: 4e;
7599: 4e;
7600: 4e;
7601: 4e;
7602: 4e;
7603: 4e;
7604: 4e;
7605: 4e;
7606: 4e;
7607: 4e;
7608: 4e;
7609: 4e;
7610: 4e;
7611: 4e;
7612: 4e;
7613: 4e;
7614: 4e;
7615: 4e;
7616: 4e;
7617: 4e;
7618: 4e;
7619: 4e;
7620: 4e;
7621: 4e;
7622: 4e;
7623: 4e;
7624: 4e;
7625: 4e;
7626: 4e;
7627: 4e;
7628: 4e;
7629: 4e;
7630: 4e;
7631: 4e;
7632: 4e;
7633: 4e;
7634: 4e;
7635: 4e;
7636: 4e;
7637: 4e;
7638: 4e;
7639: 4e;
7640: 4e;
7641: 4e;
7642: 4e;
7643: 4e;
7644: 4e;
7645: 4e;
7646: 4e;
7647: 4e;
7648: 4e;
7649: 4e;
7650: 4e;
7651: 4e;
7652: 4e;
7653: 4e;
7654: 4e;
7655: 4e;
7656: 4e;
7657: 4e;
7658: 4e;
7659: 4e;
7660: 4e;
7661: 4e;
7662: 4e;
7663: 4e;
7664: 4e;
7665: 4e;
7666: 4e;
7667: 4e;
7668: 4e;
7669: 4e;
7670: 4e;
7671: 4e;
7672: 4e;
7673: 4e;
7674: 4e;
7675: 4e;
7676: 4e;
7677: 4e;
7678: 4e;
7679: 4e;
7680: 4e;
7681: 4e;
7682: 4e;
7683: 4e;
7684: 4e;
7685: 4e;
7686: 4e;
7687: 4e;
7688: 4e;
7689: 4e;
7690: 4e;
7691: 4e;
7692: 4e;
7693: 4e;
7694: 4e;
7695: 4e;
7696: 4e;
7697: 4e;
7698: 4e;
7699: 4e;
7700: 4e;
7701: 4e;
7702: 4e;
7703: 4e;
7704: 4e;
7705: 4e;
7706: 4e;
7707: 4e;
7708: 4e;
7709: 4e;
7710: 4e;
7711: 4e;
7712: 4e;
7713: 4e;
7714: 4e;
7715: 4e;
7716: 4e;
7717: 4e;
7718: 4e;
7719: 4e;
7720: 4e;
7721: 4e;
7722: 4e;
7723: 4e;
7724: 4e;
7725: 4e;
7726: 4e;
7727: 4e;
7728: 4e;
7729: 4e;
7730: 4e;
7731: 4e;
7732: 4e;
7733: 4e;
7734: 4e;
7735: 4e;
7736: 4e;
7737: 4e;
7738: 4e;
7739: 4e;
7740: 4e;
7741: 4e;
7742: 4e;
7743: 4e;
7744: 4e;
7745: 4e;
7746: 4e;
7747: 4e;
7748: 4e;
7749: 4e;
7750: 4e;
7751: 4e;
7752: 4e;
7753: 4e;
7754: 4e;
7755: 4e;
7756: 4e;
7757: 4e;
7758: 4e;
7759: 4e;
7760: 4e;
7761: 4e;
7762: 4e;
7763: 4e;
7764: 4e;
7765: 4e;
7766: 4e;
7767: 4e;
7768: 4e;
7769: 4e;
7770: 4e;
7771: 4e;
7772: 4e;
7773: 4e;
7774: 4e;
7775: 4e;
7776: 4e;
7777: 4e;
7778: 4e;
7779: 4e;
7780: 4e;
7781: 4e;
7782: 4e;
7783: 4e;
7784: 4e;
7785: 4e;
7786: 4e;
7787: 4e;
7788: 4e;
7789: 4e;
7790: 4e;
7791: 4e;
7792: 4e;
7793: 4e;
7794: 4e;
7795: 4e;
7796: 4e;
7797: 4e;
7798: 4e;
7799: 4e;
7800: 4e;
7801: 4e;
7802: 4e;
7803: 4e;
7804: 4e;
7805: 4e;
7806: 4e;
7807: 4e;
7808: 4e;
7809: 4e;
7810: 4e;
7811: 4e;
7812: 4e;
7813: 4e;
7814: 4e;
7815: 4e;
7816: 4e;
7817: 4e;
7818: 4e;
7819: 4e;
7820: 4e;
7821: 4e;
7822: 4e;
7823: 4e;
7824: 4e;
7825: 4e;
7826: 4e;
7827: 4e;
7828: 4e;
7829: 4e;
7830: 4e;
7831: 4e;
7832: 4e;
7833: 4e;
7834: 4e;
7835: 4e;
7836: 4e;
7837: 4e;
7838: 4e;
7839: 4e;
7840: 4e;
7841: 4e;
7842: 4e;
7843: 4e;
7844: 4e;
7845: 4e;
7846: 4e;
7847: 4e;
7848: 4e;
7849: 4e;
7850: 4e;
7851: 4e;
7852: 4e;
7853: 4e;
7854: 4e;
7855: 4e;
7856: 4e;
7857: 4e;
7858: 4e;
7859: 4e;
7860: 4e;
7861: 4e;
7862: 4e;
7863: 4e;
7864: 4e;
7865: 4e;
7866: 4e;
7867: 4e;
7868: 4e;
7869: 4e;
7870: 4e;
7871: 4e;
7872: 4e;
7873: 4e;
7874: 4e;
7875: 4e;
7876: 4e;
7877: 4e;
7878: 4e;
7879: 4e;
7880: 4e;
7881: 4e;
7882: 4e;
7883: 4e;
7884: 4e;
7885: 4e;
7886: 4e;
7887: 4e;
7888: 4e;
7889: 4e;
7890: 4e;
7891: 4e;
7892: 4e;
7893: 4e;
7894: 4e;
7895: 4e;
7896: 4e;
7897: 4e;
7898: 4e;
7899: 4e;
7900: 4e;
7901: 4e;
7902: 4e;
7903: 4e;
7904: 4e;
7905: 4e;
7906: 4e;
7907: 4e;
7908: 4e;
7909: 4e;
7910: 4e;
7911: 4e;
7912: 4e;
7913: 4e;
7914: 4e;
7915: 4e;
7916: 4e;
7917: 4e;
7918: 4e;
7919: 4e;
7920: 4e;
7921: 4e;
7922: 4e;
7923: 4e;
7924: 4e;
7925: 4e;
7926: 4e;
7927: 4e;
7928: 4e;
7929: 4e;
7930: 4e;
7931: 4e;
7932: 4e;
7933: 4e;
7934: 4e;
7935: 4e;
7936: 4e;
7937: 4e;
7938: 4e;
7939: 4e;
7940: 4e;
7941: 4e;
7942: 4e;
7943: 4e;
7944: 4e;
7945: 4e;
7946: 4e;
7947: 4e;
7948: 4e;
7949: 4e;
7950: 4e;
7951: 4e;
7952: 4e;
7953: 4e;
7954: 4e;
7955: 4e;
7956: 4e;
7957: 4e;
7958: 4e;
7959: 4e;
7960: 4e;
7961: 4e;
7962: 4e;
7963: 4e;
7964: 4e;
7965: 4e;
7966: 4e;
7967: 4e;
7968: 4e;
7969: 4e;
7970: 4e;
7971: 4e;
7972: 4e;
7973: 4e;
7974: 4e;
7975: 4e;
7976: 4e;
7977: 4e;
7978: 4e;
7979: 4e;
7980: 4e;
7981: 4e;
7982: 4e;
7983: 4e;
7984: 4e;
7985: 4e;
7986: 4e;
7987: 4e;
7988: 4e;
7989: 4e;
7990: 4e;
7991: 4e;
7992: 4e;
7993: 4e;
7994: 4e;
7995: 4e;
7996: 4e;
7997: 4e;
7998: 4e;
7999: 4e;
8000: 4e;
8001: 4e;
8002: 4e;
8003: 4e;
8004: 4e;
8005: 4e;
8006: 4e;
8007: 4e;
8008: 4e;
8009: 4e;
8010: 4e;
8011: 4e;
8012: 4e;
8013: 4e;
8014: 4e;
8015: 4e;
8016: 4e;
8017: 4e;
8018: 4e;
8019: 4e;
8020: 4e;
8021: 4e;
8022: 4e;
8023: 4e;
8024: 4e;
8025: 4e;
8026: 4e;
8027: 4e;
8028: 4e;
8029: 4e;
8030: 4e;
8031: 4e;
8032: 4e;
8033: 4e;
8034: 4e;
8035: 4e;
8036: 4e;
8037: 4e;
8038: 4e;
8039: 4e;
8040: 4e;
8041: 4e;
8042: 4e;
8043: 4e;
8044: 4e;
8045: 4e;
8046: 4e;
8047: 4e;
8048: 4e;
8049: 4e;
8050: 4e;
8051: 4e;
8052: 4e;
8053: 4e;
8054: 4e;
8055: 4e;
8056: 4e;
8057: 4e;
8058: 4e;
8059: 4e;
8060: 4e;
8061: 4e;
8062: 4e;
8063: 4e;
8064: 4e;
8065: 4e;
8066: 4e;
8067: 4e;
8068: 4e;
8069: 4e;
8070: 4e;
8071: 4e;
8072: 4e;
8073: 4e;
8074: 4e;
8075: 4e;
8076: 4e;
8077: 4e;
8078: 4e;
8079: 4e;
8080: 4e;
8081: 4e;
8082: 4e;
8083: 4e;
8084: 4e;
8085: 4e;
8086: 4e;
8087: 4e;
8088: 4e;
8089: 4e;
8090: 4e;
8091: 4e;
8092: 4e;
8093: 4e;
8094: 4e;
8095: 4e;
8096: 4e;
8097: 4e;
8098: 4e;
8099: 4e;
8100: 4e;
8101: 4e;
8102: 4e;
8103: 4e;
8104: 4e;
8105: 4e;
8106: 4e;
8107: 4e;
8108: 4e;
8109: 4e;
8110: 4e;
8111: 4e;
8112: 4e;
8113: 4e;
8114: 4e;
8115: 4e;
8116: 4e;
8117: 4e;
8118: 4e;
8119: 4e;
8120: 4e;
8121: 4e;
8122: 4e;
8123: 4e;
8124: 4e;
8125: 4e;
8126: 4e;
8127: 4e;
8128: 4e;
8129: 4e;
8130: 4e;
8131: 4e;
8132: 4e;
8133: 4e;
8134: 4e;
8135: 4e;
8136: 4e;
8137: 4e;
8138: 4e;
8139: 4e;
8140: 4e;
8141: 4e;
8142: 4e;
8143: 4e;
8144: 4e;
8145: 4e;
8146: 4e;
8147: 4e;
8148: 4e;
8149: 4e;
8150: 4e;
8151: 4e;
8152: 4e;
8153: 4e;
8154: 4e;
8155: 4e;
8156: 4e;
8157: 4e;
8158: 4e;
8159: 4e;
8160: 4e;
8161: 4e;
8162: 4e;
8163: 4e;
8164: 4e;
8165: 4e;
8166: 4e;
8167: 4e;
8168: 4e;
8169: 4e;
8170: 4e;
8171: 4e;
8172: 4e;
8173: 4e;
8174: 4e;
8175: 4e;
8176: 4e;
8177: 4e;
8178: 4e;
8179: 4e;
8180: 4e;
8181: 4e;
8182: 4e;
8183: 4e;
8184: 4e;
8185: 4e;
8186: 4e;
8187: 4e;
8188: 4e;
8189: 4e;
8190: 4e;
8191: 4e;
8192: 4e;
8193: 4e;
8194: 4e;
8195: 4e;
8196: 4e;
8197: 4e;
8198: 4e;
8199: 4e;
8200: 4e;
8201: 4e;
8202: 4e;
8203: 4e;
8204: 4e;
8205: 4e;
8206: 4e;
8207: 4e;
8208: 4e;
8209: 4e;
8210: 4e;
8211: 4e;
8212: 4e;
8213: 4e;
8214: 4e;
8215: 4e;
8216: 4e;
8217: 4e;
8218: 4e;
8219: 4e;
8220: 4e;
8221: 4e;
8222: 4e;
8223: 4e;
8224: 4e;
8225: 4e;
8226: 4e;
8227: 4e;
8228: 4e;
8229: 4e;
8230: 4e;
8231: 4e;
8232: 4e;
8233: 4e;
8234: 4e;
8235: 4e;
8236: 4e;
8237: 4e;
8238: 4e;
8239: 4e;
8240: 4e;
8241: 4e;
8242: 4e;
8243: 4e;
8244: 4e;
8245: 4e;
8246: 4e;
8247: 4e;
8248: 4e;
8249: 4e;
8250: 4e;
8251: 4e;
8252: 4e;
8253: 4e;
8254: 4e;
8255: 4e;
8256: 4e;
8257: 4e;
8258: 4e;
8259: 4e;
8260: 4e;
8261: 4e;
8262: 4e;
8263: 4e;
8264: 4e;
8265: 4e;
8266: 4e;
8267: 4e;
8268: 4e;
8269: 4e;
8270: 4e;
8271: 4e;
8272: 4e;
8273: 4e;
8274: 4e;
8275: 4e;
8276: 4e;
8277: 4e;
8278: 4e;
8279: 4e;
8280: 4e;
8281: 4e;
8282: 4e;
8283: 4e;
8284: 4e;
8285: 4e;
8286: 4e;
8287: 4e;
8288: 4e;
8289: 4e;
8290: 4e;
8291: 4e;
8292: 4e;
8293: 4e;
8294: 4e;
8295: 4e;
8296: 4e;
8297: 4e;
8298: 4e;
8299: 4e;
8300: 4e;
8301: 4e;
8302: 4e;
8303: 4e;
8304: 4e;
8305: 4e;
8306: 4e;
8307: 4e;
8308: 4e;
8309: 4e;
8310: 4e;
8311: 4e;
8312: 4e;
8313: 4e;
8314: 4e;
8315: 4e;
8316: 4e;
8317: 4e;
8318: 4e;
8319: 4e;
8320: 4e;
8321: 4e;
8322: 4e;
8323: 4e;
8324: 4e;
8325: 4e;
8326: 4e;
8327: 4e;
8328: 4e;
8329: 4e;
8330: 4e;
8331: 4e;
8332: 4e;
8333: 4e;
8334: 4e;
8335: 4e;
8336: 4e;
8337: 4e;
8338: 4e;
8339: 4e;
8340: 4e;
8341: 4e;
8342: 4e;
8343: 4e;
8344: 4e;
8345: 4e;
8346: 4e;
8347: 4e;
8348: 4e;
8349: 4e;
8350: 4e;
8351: 4e;
8352: 4e;
8353: 4e;
8354: 4e;
8355: 4e;
8356: 4e;
8357: 4e;
8358: 4e;
8359: 4e;
8360: 4e;
8361: 4e;
8362: 4e;
8363: 4e;
8364: 4e;
8365: 4e;
8366: 4e;
8367: 4e;
8368: 4e;
8369: 4e;
8370: 4e;
8371: 4e;
8372: 4e;
8373: 4e;
8374: 4e;
8375: 4e;
8376: 4e;
8377: 4e;
8378: 4e;
8379: 4e;
8380: 4e;
8381: 4e;
8382: 4e;
8383: 4e;
8384: 4e;
8385: 4e;
8386: 4e;
8387: 4e;
8388: 4e;
8389: 4e;
8390: 4e;
8391: 4e;
8392: 4e;
8393: 4e;
8394: 4e;
8395: 4e;
8396: 4e;
8397: 4e;
8398: 4e;
8399: 4e;
8400: 4e;
8401: 4e;
8402: 4e;
8403: 4e;
8404: 4e;
8405: 4e;
8406: 4e;
8407: 4e;
8408: 4e;
8409: 4e;
8410: 4e;
8411: 4e;
8412: 4e;
8413: 4e;
8414: 4f;
8415: 4f;
8416: 4f;
8417: 4f;
8418: 4f;
8419: 4f;
8420: 4f;
8421: 4f;
8422: 4f;
8423: 4f;
8424: 4f;
8425: 4f;
8426: 4f;
8427: 4f;
8428: 4f;
8429: 4f;
8430: 4f;
8431: 4f;
8432: 4f;
8433: 4f;
8434: 4f;
8435: 4f;
8436: 4f;
8437: 4f;
8438: 4f;
8439: 4f;
8440: 4f;
8441: 4f;
8442: 4f;
8443: 4f;
8444: 4f;
8445: 4f;
8446: 4f;
8447: 4f;
8448: 4f;
8449: 4f;
8450: 4f;
8451: 4f;
8452: 4f;
8453: 4f;
8454: 4f;
8455: 4f;
8456: 4f;
8457: 4f;
8458: 4f;
8459: 4f;
8460: 4f;
8461: 4f;
8462: 4f;
8463: 4f;
8464: 4f;
8465: 4f;
8466: 4f;
8467: 4f;
8468: 4f;
8469: 4f;
8470: 4f;
8471: 4f;
8472: 4f;
8473: 4f;
8474: 4f;
8475: 4f;
8476: 4f;
8477: 4f;
8478: 4f;
8479: 4f;
8480: 4f;
8481: 4f;
8482: 4f;
8483: 4f;
8484: 4f;
8485: 4f;
8486: 4f;
8487: 4f;
8488: 4f;
8489: 4f;
8490: 4f;
8491: 4f;
8492: 4f;
8493: 4f;
8494: 4f;
8495: 4f;
8496: 4f;
8497: 4f;
8498: 4f;
8499: 4f;
8500: 4f;
8501: 4f;
8502: 4f;
8503: 4f;
8504: 4f;
8505: 4f;
8506: 4f;
8507: 4f;
8508: 4f;
8509: 4f;
8510: 4f;
8511: 4f;
8512: 4f;
8513: 4f;
8514: 4f;
8515: 4f;
8516: 4f;
8517: 4f;
8518: 4f;
8519: 4f;
8520: 4f;
8521: 4f;
8522: 4f;
8523: 4f;
8524: 4f;
8525: 4f;
8526: 4f;
8527: 4f;
8528: 4f;
8529: 4f;
8530: 4f;
8531: 4f;
8532: 4f;
8533: 4f;
8534: 4f;
8535: 4f;
8536: 4f;
8537: 4f;
8538: 4f;
8539: 4f;
8540: 4f;
8541: 4f;
8542: 4f;
8543: 4f;
8544: 4f;
8545: 4f;
8546: 4f;
8547: 4f;
8548: 4f;
8549: 4f;
8550: 4f;
8551: 4f;
8552: 4f;
8553: 4f;
8554: 4f;
8555: 4f;
8556: 4f;
8557: 4f;
8558: 4f;
8559: 4f;
8560: 4f;
8561: 4f;
8562: 4f;
8563: 4f;
8564: 4f;
8565: 4f;
8566: 4f;
8567: 4f;
8568: 4f;
8569: 4f;
8570: 4f;
8571: 4f;
8572: 4f;
8573: 4f;
8574: 4f;
8575: 4f;
8576: 4f;
8577: 4f;
8578: 4f;
8579: 4f;
8580: 4f;
8581: 4f;
8582: 4f;
8583: 4f;
8584: 4f;
8585: 4f;
8586: 4f;
8587: 4f;
8588: 4f;
8589: 4f;
8590: 4f;
8591: 4f;
8592: 4f;
8593: 4f;
8594: 4f;
8595: 4f;
8596: 4f;
8597: 4f;
8598: 4f;
8599: 4f;
8600: 4f;
8601: 4f;
8602: 4f;
8603: 4f;
8604: 4f;
8605: 4f;
8606: 4f;
8607: 4f;
8608: 4f;
8609: 4f;
8610: 4f;
8611: 4f;
8612: 4f;
8613: 4f;
8614: 4f;
8615: 4f;
8616: 4f;
8617: 4f;
8618: 4f;
8619: 4f;
8620: 4f;
8621: 4f;
8622: 4f;
8623: 4f;
8624: 4f;
8625: 4f;
8626: 4f;
8627: 4f;
8628: 4f;
8629: 4f;
8630: 4f;
8631: 4f;
8632: 4f;
8633: 4f;
8634: 4f;
8635: 4f;
8636: 4f;
8637: 4f;
8638: 4f;
8639: 4f;
8640: 4f;
8641: 4f;
8642: 4f;
8643: 4f;
8644: 4f;
8645: 4f;
8646: 4f;
8647: 4f;
8648: 4f;
8649: 4f;
8650: 4f;
8651: 4f;
8652: 4f;
8653: 4f;
8654: 4f;
8655: 4f;
8656: 4f;
8657: 4f;
8658: 4f;
8659: 4f;
8660: 4f;
8661: 4f;
8662: 4f;
8663: 4f;
8664: 4f;
8665: 4f;
8666: 4f;
8667: 4f;
8668: 4f;
8669: 4f;
8670: 4f;
8671: 4f;
8672: 4f;
8673: 4f;
8674: 4f;
8675: 4f;
8676: 4f;
8677: 4f;
8678: 4f;
8679: 4f;
8680: 4f;
8681: 4f;
8682: 4f;
8683: 4f;
8684: 4f;
8685: 4f;
8686: 4f;
8687: 4f;
8688: 4f;
8689: 4f;
8690: 4f;
8691: 4f;
8692: 4f;
8693: 4f;
8694: 4f;
8695: 4f;
8696: 4f;
8697: 4f;
8698: 4f;
8699: 4f;
8700: 4f;
8701: 4f;
8702: 4f;
8703: 4f;
8704: 4f;
8705: 4f;
8706: 4f;
8707: 4f;
8708: 4f;
8709: 4f;
8710: 4f;
8711: 4f;
8712: 4f;
8713: 4f;
8714: 4f;
8715: 4f;
8716: 4f;
8717: 4f;
8718: 4f;
8719: 4f;
8720: 4f;
8721: 4f;
8722: 4f;
8723: 4f;
8724: 4f;
8725: 4f;
8726: 4f;
8727: 4f;
8728: 4f;
8729: 4f;
8730: 4f;
8731: 4f;
8732: 4f;
8733: 4f;
8734: 4f;
8735: 4f;
8736: 4f;
8737: 4f;
8738: 4f;
8739: 4f;
8740: 4f;
8741: 4f;
8742: 4f;
8743: 4f;
8744: 4f;
8745: 4f;
8746: 4f;
8747: 4f;
8748: 4f;
8749: 4f;
8750: 4f;
8751: 4f;
8752: 4f;
8753: 4f;
8754: 4f;
8755: 4f;
8756: 4f;
8757: 4f;
8758: 4f;
8759: 4f;
8760: 4f;
8761: 4f;
8762: 4f;
8763: 4f;
8764: 4f;
8765: 4f;
8766: 4f;
8767: 4f;
8768: 4f;
8769: 4f;
8770: 4f;
8771: 4f;
8772: 4f;
8773: 4f;
8774: 4f;
8775: 4f;
8776: 4f;
8777: 4f;
8778: 4f;
8779: 4f;
8780: 4f;
8781: 4f;
8782: 4f;
8783: 4f;
8784: 4f;
8785: 4f;
8786: 4f;
8787: 4f;
8788: 4f;
8789: 4f;
8790: 4f;
8791: 4f;
8792: 4f;
8793: 4f;
8794: 4f;
8795: 4f;
8796: 4f;
8797: 4f;
8798: 4f;
8799: 4f;
8800: 4f;
8801: 4f;
8802: 4f;
8803: 4f;
8804: 4f;
8805: 4f;
8806: 4f;
8807: 4f;
8808: 4f;
8809: 4f;
8810: 4f;
8811: 4f;
8812: 4f;
8813: 4f;
8814: 4f;
8815: 4f;
8816: 4f;
8817: 4f;
8818: 4f;
8819: 4f;
8820: 4f;
8821: 4f;
8822: 4f;
8823: 4f;
8824: 4f;
8825: 4f;
8826: 4f;
8827: 4f;
8828: 4f;
8829: 4f;
8830: 4f;
8831: 4f;
8832: 4f;
8833: 4f;
8834: 4f;
8835: 4f;
8836: 4f;
8837: 4f;
8838: 4f;
8839: 4f;
8840: 4f;
8841: 4f;
8842: 4f;
8843: 4f;
8844: 4f;
8845: 4f;
8846: 4f;
8847: 4f;
8848: 4f;
8849: 4f;
8850: 4f;
8851: 4f;
8852: 4f;
8853: 4f;
8854: 4f;
8855: 4f;
8856: 4f;
8857: 4f;
8858: 4f;
8859: 4f;
8860: 4f;
8861: 4f;
8862: 4f;
8863: 4f;
8864: 4f;
8865: 4f;
8866: 4f;
8867: 4f;
8868: 4f;
8869: 4f;
8870: 4f;
8871: 4f;
8872: 4f;
8873: 4f;
8874: 4f;
8875: 4f;
8876: 4f;
8877: 4f;
8878: 4f;
8879: 4f;
8880: 4f;
8881: 4f;
8882: 4f;
8883: 4f;
8884: 4f;
8885: 4f;
8886: 4f;
8887: 4f;
8888: 4f;
8889: 4f;
8890: 4f;
8891: 4f;
8892: 4f;
8893: 4f;
8894: 4f;
8895: 4f;
8896: 4f;
8897: 4f;
8898: 4f;
8899: 4f;
8900: 4f;
8901: 4f;
8902: 4f;
8903: 4f;
8904: 4f;
8905: 4f;
8906: 4f;
8907: 4f;
8908: 4f;
8909: 4f;
8910: 4f;
8911: 4f;
8912: 4f;
8913: 4f;
8914: 4f;
8915: 4f;
8916: 4f;
8917: 4f;
8918: 4f;
8919: 4f;
8920: 4f;
8921: 4f;
8922: 4f;
8923: 4f;
8924: 4f;
8925: 4f;
8926: 4f;
8927: 4f;
8928: 4f;
8929: 4f;
8930: 4f;
8931: 4f;
8932: 4f;
8933: 4f;
8934: 4f;
8935: 4f;
8936: 4f;
8937: 4f;
8938: 4f;
8939: 4f;
8940: 4f;
8941: 4f;
8942: 4f;
8943: 4f;
8944: 4f;
8945: 4f;
8946: 4f;
8947: 4f;
8948: 4f;
8949: 4f;
8950: 4f;
8951: 4f;
8952: 4f;
8953: 4f;
8954: 4f;
8955: 4f;
8956: 4f;
8957: 4f;
8958: 4f;
8959: 4f;
8960: 4f;
8961: 4f;
8962: 4f;
8963: 4f;
8964: 4f;
8965: 4f;
8966: 4f;
8967: 4f;
8968: 4f;
8969: 4f;
8970: 4f;
8971: 4f;
8972: 4f;
8973: 4f;
8974: 4f;
8975: 4f;
8976: 4f;
8977: 4f;
8978: 4f;
8979: 4f;
8980: 4f;
8981: 4f;
8982: 4f;
8983: 4f;
8984: 4f;
8985: 4f;
8986: 4f;
8987: 4f;
8988: 4f;
8989: 4f;
8990: 4f;
8991: 4f;
8992: 4f;
8993: 4f;
8994: 4f;
8995: 4f;
8996: 4f;
8997: 4f;
8998: 4f;
8999: 4f;
9000: 4f;
9001: 4f;
9002: 4f;
9003: 4f;
9004: 4f;
9005: 4f;
9006: 4f;
9007: 4f;
9008: 4f;
9009: 4f;
9010: 4f;
9011: 4f;
9012: 4f;
9013: 4f;
9014: 4f;
9015: 4f;
9016: 4f;
9017: 4f;
9018: 4f;
9019: 4f;
9020: 4f;
9021: 4f;
9022: 4f;
9023: 4f;
9024: 4f;
9025: 4f;
9026: 4f;
9027: 4f;
9028: 4f;
9029: 4f;
9030: 4f;
9031: 4f;
9032: 4f;
9033: 4f;
9034: 4f;
9035: 4f;
9036: 4f;
9037: 4f;
9038: 4f;
9039: 4f;
9040: 4f;
9041: 4f;
9042: 4f;
9043: 4f;
9044: 4f;
9045: 4f;
9046: 4f;
9047: 4f;
9048: 4f;
9049: 4f;
9050: 4f;
9051: 4f;
9052: 4f;
9053: 4f;
9054: 4f;
9055: 4f;
9056: 4f;
9057: 4f;
9058: 4f;
9059: 4f;
9060: 4f;
9061: 4f;
9062: 4f;
9063: 4f;
9064: 4f;
9065: 4f;
9066: 4f;
9067: 4f;
9068: 4f;
9069: 4f;
9070: 4f;
9071: 4f;
9072: 4f;
9073: 4f;
9074: 4f;
9075: 4f;
9076: 4f;
9077: 4f;
9078: 4f;
9079: 4f;
9080: 4f;
9081: 4f;
9082: 4f;
9083: 4f;
9084: 4f;
9085: 4f;
9086: 4f;
9087: 4f;
9088: 4f;
9089: 4f;
9090: 4f;
9091: 4f;
9092: 4f;
9093: 4f;
9094: 4f;
9095: 4f;
9096: 4f;
9097: 4f;
9098: 4f;
9099: 4f;
9100: 4f;
9101: 4f;
9102: 4f;
9103: 4f;
9104: 4f;
9105: 4f;
9106: 4f;
9107: 4f;
9108: 4f;
9109: 4f;
9110: 4f;
9111: 4f;
9112: 4f;
9113: 4f;
9114: 4f;
9115: 4f;
9116: 4f;
9117: 4f;
9118: 4f;
9119: 4f;
9120: 4f;
9121: 4f;
9122: 4f;
9123: 4f;
9124: 4f;
9125: 4f;
9126: 4f;
9127: 4f;
9128: 4f;
9129: 4f;
9130: 4f;
9131: 4f;
9132: 4f;
9133: 4f;
9134: 4f;
9135: 4f;
9136: 4f;
9137: 4f;
9138: 4f;
9139: 4f;
9140: 4f;
9141: 4f;
9142: 4f;
9143: 4f;
9144: 4f;
9145: 4f;
9146: 4f;
9147: 4f;
9148: 4f;
9149: 4f;
9150: 4f;
9151: 4f;
9152: 4f;
9153: 4f;
9154: 4f;
9155: 4f;
9156: 4f;
9157: 4f;
9158: 4f;
9159: 4f;
9160: 4f;
9161: 4f;
9162: 4f;
9163: 4f;
9164: 4f;
9165: 4f;
9166: 4f;
9167: 4f;
9168: 4f;
9169: 4f;
9170: 4f;
9171: 4f;
9172: 4f;
9173: 4f;
9174: 4f;
9175: 4f;
9176: 4f;
9177: 4f;
9178: 4f;
9179: 4f;
9180: 4f;
9181: 4f;
9182: 4f;
9183: 4f;
9184: 4f;
9185: 4f;
9186: 4f;
9187: 4f;
9188: 4f;
9189: 4f;
9190: 4f;
9191: 4f;
9192: 4f;
9193: 4f;
9194: 4f;
9195: 4f;
9196: 4f;
9197: 4f;
9198: 4f;
9199: 4f;
9200: 4f;
9201: 4f;
9202: 4f;
9203: 4f;
9204: 4f;
9205: 4f;
9206: 4f;
9207: 4f;
9208: 4f;
9209: 4f;
9210: 4f;
9211: 4f;
9212: 4f;
9213: 4f;
9214: 4f;
9215: 4f;
9216: 4f;
9217: 4f;
9218: 4f;
9219: 4f;
9220: 4f;
9221: 4f;
9222: 4f;
9223: 4f;
9224: 4f;
9225: 4f;
9226: 4f;
9227: 4f;
9228: 4f;
9229: 4f;
9230: 4f;
9231: 4f;
9232: 4f;
9233: 4f;
9234: 4f;
9235: 4f;
9236: 4f;
9237: 4f;
9238: 4f;
9239: 4f;
9240: 4f;
9241: 4f;
9242: 4f;
9243: 4f;
9244: 4f;
9245: 4f;
9246: 4f;
9247: 4f;
9248: 4f;
9249: 4f;
9250: 4f;
9251: 4f;
9252: 4f;
9253: 4f;
9254: 4f;
9255: 4f;
9256: 4f;
9257: 4f;
9258: 4f;
9259: 4f;
9260: 4f;
9261: 4f;
9262: 4f;
9263: 4f;
9264: 4f;
9265: 4f;
9266: 4f;
9267: 4f;
9268: 4f;
9269: 4f;
9270: 4f;
9271: 4f;
9272: 4f;
9273: 4f;
9274: 4f;
9275: 4f;
9276: 4f;
9277: 4f;
9278: 4f;
9279: 4f;
9280: 4f;
9281: 4f;
9282: 4f;
9283: 4f;
9284: 4f;
9285: 4f;
9286: 4f;
9287: 4f;
9288: 4f;
9289: 4f;
9290: 4f;
9291: 4f;
9292: 4f;
9293: 4f;
9294: 4f;
9295: 4f;
9296: 4f;
9297: 4f;
9298: 4f;
9299: 4f;
9300: 4f;
9301: 4f;
9302: 4f;
9303: 4f;
9304: 4f;
9305: 4f;
9306: 4f;
9307: 4f;
9308: 4f;
9309: 4f;
9310: 4f;
9311: 4f;
9312: 4f;
9313: 4f;
9314: 4f;
9315: 4f;
9316: 4f;
9317: 4f;
9318: 4f;
9319: 4f;
9320: 4f;
9321: 4f;
9322: 4f;
9323: 4f;
9324: 4f;
9325: 4f;
9326: 4f;
9327: 4f;
9328: 4f;
9329: 4f;
9330: 4f;
9331: 4f;
9332: 4f;
9333: 4f;
9334: 4f;
9335: 4f;
9336: 4f;
9337: 4f;
9338: 4f;
9339: 4f;
9340: 4f;
9341: 4f;
9342: 4f;
9343: 4f;
9344: 4f;
9345: 4f;
9346: 4f;
9347: 4f;
9348: 4f;
9349: 4f;
9350: 4f;
9351: 4f;
9352: 4f;
9353: 4f;
9354: 4f;
9355: 4f;
9356: 4f;
9357: 4f;
9358: 4f;
9359: 4f;
9360: 4f;
9361: 4f;
9362: 4f;
9363: 4f;
9364: 4f;
9365: 4f;
9366: 4f;
9367: 4f;
9368: 4f;
9369: 4f;
9370: 4f;
9371: 4f;
9372: 4f;
9373: 4f;
9374: 4f;
9375: 4f;
9376: 4f;
9377: 4f;
9378: 4f;
9379: 4f;
9380: 4f;
9381: 4f;
9382: 4f;
9383: 4f;
9384: 4f;
9385: 4f;
9386: 4f;
9387: 4f;
9388: 4f;
9389: 4f;
9390: 4f;
9391: 4f;
9392: 4f;
9393: 4f;
9394: 4f;
9395: 4f;
9396: 4f;
9397: 4f;
9398: 4f;
9399: 4f;
9400: 4f;
9401: 4f;
9402: 4f;
9403: 4f;
9404: 4f;
9405: 4f;
9406: 4f;
9407: 4f;
9408: 4f;
9409: 4f;
9410: 4f;
9411: 4f;
9412: 4f;
9413: 4f;
9414: 4f;
9415: 4f;
9416: 4f;
9417: 4f;
9418: 4f;
9419: 4f;
9420: 4f;
9421: 4f;
9422: 4f;
9423: 4f;
9424: 4f;
9425: 4f;
9426: 4f;
9427: 4f;
9428: 4f;
9429: 4f;
9430: 4f;
9431: 4f;
9432: 4f;
9433: 4f;
9434: 4f;
9435: 4f;
9436: 4f;
9437: 4f;
9438: 4f;
9439: 4f;
9440: 4f;
9441: 50;
9442: 50;
9443: 50;
9444: 50;
9445: 50;
9446: 50;
9447: 50;
9448: 50;
9449: 50;
9450: 50;
9451: 50;
9452: 50;
9453: 50;
9454: 50;
9455: 50;
9456: 50;
9457: 50;
9458: 50;
9459: 50;
9460: 50;
9461: 50;
9462: 50;
9463: 50;
9464: 50;
9465: 50;
9466: 50;
9467: 50;
9468: 50;
9469: 50;
9470: 50;
9471: 50;
9472: 50;
9473: 50;
9474: 50;
9475: 50;
9476: 50;
9477: 50;
9478: 50;
9479: 50;
9480: 50;
9481: 50;
9482: 50;
9483: 50;
9484: 50;
9485: 50;
9486: 50;
9487: 50;
9488: 50;
9489: 50;
9490: 50;
9491: 50;
9492: 50;
9493: 50;
9494: 50;
9495: 50;
9496: 50;
9497: 50;
9498: 50;
9499: 50;
9500: 50;
9501: 50;
9502: 50;
9503: 50;
9504: 50;
9505: 50;
9506: 50;
9507: 50;
9508: 50;
9509: 50;
9510: 50;
9511: 50;
9512: 50;
9513: 50;
9514: 50;
9515: 50;
9516: 50;
9517: 50;
9518: 50;
9519: 50;
9520: 50;
9521: 50;
9522: 50;
9523: 50;
9524: 50;
9525: 50;
9526: 50;
9527: 50;
9528: 50;
9529: 50;
9530: 50;
9531: 50;
9532: 50;
9533: 50;
9534: 50;
9535: 50;
9536: 50;
9537: 50;
9538: 50;
9539: 50;
9540: 50;
9541: 50;
9542: 50;
9543: 50;
9544: 50;
9545: 50;
9546: 50;
9547: 50;
9548: 50;
9549: 50;
9550: 50;
9551: 50;
9552: 50;
9553: 50;
9554: 50;
9555: 50;
9556: 50;
9557: 50;
9558: 50;
9559: 50;
9560: 50;
9561: 50;
9562: 50;
9563: 50;
9564: 50;
9565: 50;
9566: 50;
9567: 50;
9568: 50;
9569: 50;
9570: 50;
9571: 50;
9572: 50;
9573: 50;
9574: 50;
9575: 50;
9576: 50;
9577: 50;
9578: 50;
9579: 50;
9580: 50;
9581: 50;
9582: 50;
9583: 50;
9584: 50;
9585: 50;
9586: 50;
9587: 50;
9588: 50;
9589: 50;
9590: 50;
9591: 50;
9592: 50;
9593: 50;
9594: 50;
9595: 50;
9596: 50;
9597: 50;
9598: 50;
9599: 50;
9600: 50;
9601: 50;
9602: 50;
9603: 50;
9604: 50;
9605: 50;
9606: 50;
9607: 50;
9608: 50;
9609: 50;
9610: 50;
9611: 50;
9612: 50;
9613: 50;
9614: 50;
9615: 50;
9616: 50;
9617: 50;
9618: 50;
9619: 50;
9620: 50;
9621: 50;
9622: 50;
9623: 50;
9624: 50;
9625: 50;
9626: 50;
9627: 50;
9628: 50;
9629: 50;
9630: 50;
9631: 50;
9632: 50;
9633: 50;
9634: 50;
9635: 50;
9636: 50;
9637: 50;
9638: 50;
9639: 50;
9640: 50;
9641: 50;
9642: 50;
9643: 50;
9644: 50;
9645: 50;
9646: 50;
9647: 50;
9648: 50;
9649: 50;
9650: 50;
9651: 50;
9652: 50;
9653: 50;
9654: 50;
9655: 50;
9656: 50;
9657: 50;
9658: 50;
9659: 50;
9660: 50;
9661: 50;
9662: 50;
9663: 50;
9664: 50;
9665: 50;
9666: 50;
9667: 50;
9668: 50;
9669: 50;
9670: 50;
9671: 50;
9672: 50;
9673: 50;
9674: 50;
9675: 50;
9676: 50;
9677: 50;
9678: 50;
9679: 50;
9680: 50;
9681: 50;
9682: 50;
9683: 50;
9684: 50;
9685: 50;
9686: 50;
9687: 50;
9688: 50;
9689: 50;
9690: 50;
9691: 50;
9692: 50;
9693: 50;
9694: 50;
9695: 50;
9696: 50;
9697: 50;
9698: 50;
9699: 50;
9700: 50;
9701: 50;
9702: 50;
9703: 50;
9704: 50;
9705: 50;
9706: 50;
9707: 50;
9708: 50;
9709: 50;
9710: 50;
9711: 50;
9712: 50;
9713: 50;
9714: 50;
9715: 50;
9716: 50;
9717: 50;
9718: 50;
9719: 50;
9720: 50;
9721: 50;
9722: 50;
9723: 50;
9724: 50;
9725: 50;
9726: 50;
9727: 50;
9728: 50;
9729: 50;
9730: 50;
9731: 50;
9732: 50;
9733: 50;
9734: 50;
9735: 50;
9736: 50;
9737: 50;
9738: 50;
9739: 50;
9740: 50;
9741: 50;
9742: 50;
9743: 50;
9744: 50;
9745: 50;
9746: 50;
9747: 50;
9748: 50;
9749: 50;
9750: 50;
9751: 50;
9752: 50;
9753: 50;
9754: 50;
9755: 50;
9756: 50;
9757: 50;
9758: 50;
9759: 50;
9760: 50;
9761: 50;
9762: 50;
9763: 50;
9764: 50;
9765: 50;
9766: 50;
9767: 50;
9768: 50;
9769: 50;
9770: 50;
9771: 50;
9772: 50;
9773: 50;
9774: 50;
9775: 50;
9776: 50;
9777: 50;
9778: 50;
9779: 50;
9780: 50;
9781: 50;
9782: 50;
9783: 50;
9784: 50;
9785: 50;
9786: 50;
9787: 50;
9788: 50;
9789: 50;
9790: 50;
9791: 50;
9792: 50;
9793: 50;
9794: 50;
9795: 50;
9796: 50;
9797: 50;
9798: 50;
9799: 50;
9800: 50;
9801: 50;
9802: 50;
9803: 50;
9804: 50;
9805: 50;
9806: 50;
9807: 50;
9808: 50;
9809: 50;
9810: 50;
9811: 50;
9812: 50;
9813: 50;
9814: 50;
9815: 50;
9816: 50;
9817: 50;
9818: 50;
9819: 50;
9820: 50;
9821: 50;
9822: 50;
9823: 50;
9824: 50;
9825: 50;
9826: 50;
9827: 50;
9828: 50;
9829: 50;
9830: 50;
9831: 50;
9832: 50;
9833: 50;
9834: 50;
9835: 50;
9836: 50;
9837: 50;
9838: 50;
9839: 50;
9840: 50;
9841: 50;
9842: 50;
9843: 50;
9844: 50;
9845: 50;
9846: 50;
9847: 50;
9848: 50;
9849: 50;
9850: 50;
9851: 50;
9852: 50;
9853: 50;
9854: 50;
9855: 50;
9856: 50;
9857: 50;
9858: 50;
9859: 50;
9860: 50;
9861: 50;
9862: 50;
9863: 50;
9864: 50;
9865: 50;
9866: 50;
9867: 50;
9868: 50;
9869: 50;
9870: 50;
9871: 50;
9872: 50;
9873: 50;
9874: 50;
9875: 50;
9876: 50;
9877: 50;
9878: 50;
9879: 50;
9880: 50;
9881: 50;
9882: 50;
9883: 50;
9884: 50;
9885: 50;
9886: 50;
9887: 50;
9888: 50;
9889: 50;
9890: 50;
9891: 50;
9892: 50;
9893: 50;
9894: 50;
9895: 50;
9896: 50;
9897: 50;
9898: 50;
9899: 50;
9900: 50;
9901: 50;
9902: 50;
9903: 50;
9904: 50;
9905: 50;
9906: 50;
9907: 50;
9908: 50;
9909: 50;
9910: 50;
9911: 50;
9912: 50;
9913: 50;
9914: 50;
9915: 50;
9916: 50;
9917: 50;
9918: 50;
9919: 50;
9920: 50;
9921: 50;
9922: 50;
9923: 50;
9924: 50;
9925: 50;
9926: 50;
9927: 50;
9928: 50;
9929: 50;
9930: 50;
9931: 50;
9932: 50;
9933: 50;
9934: 50;
9935: 50;
9936: 50;
9937: 50;
9938: 50;
9939: 50;
9940: 50;
9941: 50;
9942: 50;
9943: 50;
9944: 50;
9945: 50;
9946: 50;
9947: 50;
9948: 50;
9949: 50;
9950: 50;
9951: 50;
9952: 50;
9953: 50;
9954: 50;
9955: 50;
9956: 50;
9957: 50;
9958: 50;
9959: 50;
9960: 50;
9961: 50;
9962: 50;
9963: 50;
9964: 50;
9965: 50;
9966: 50;
9967: 50;
9968: 50;
9969: 50;
9970: 50;
9971: 50;
9972: 50;
9973: 50;
9974: 50;
9975: 50;
9976: 50;
9977: 50;
9978: 50;
9979: 50;
9980: 50;
9981: 50;
9982: 50;
9983: 50;
9984: 50;
9985: 50;
9986: 50;
9987: 50;
9988: 50;
9989: 50;
9990: 50;
9991: 50;
9992: 50;
9993: 50;
9994: 50;
9995: 50;
9996: 50;
9997: 50;
9998: 50;
9999: 50;
10000: 50;
10001: 50;
10002: 50;
10003: 50;
10004: 50;
10005: 50;
10006: 50;
10007: 50;
10008: 50;
10009: 50;
10010: 50;
10011: 50;
10012: 50;
10013: 50;
10014: 50;
10015: 50;
10016: 50;
10017: 50;
10018: 50;
10019: 50;
10020: 50;
10021: 50;
10022: 50;
10023: 50;
10024: 50;
10025: 50;
10026: 50;
10027: 50;
10028: 50;
10029: 50;
10030: 50;
10031: 50;
10032: 50;
10033: 50;
10034: 50;
10035: 50;
10036: 50;
10037: 50;
10038: 50;
10039: 50;
10040: 50;
10041: 50;
10042: 50;
10043: 50;
10044: 50;
10045: 50;
10046: 50;
10047: 50;
10048: 50;
10049: 50;
10050: 50;
10051: 50;
10052: 50;
10053: 50;
10054: 50;
10055: 50;
10056: 50;
10057: 50;
10058: 50;
10059: 50;
10060: 50;
10061: 50;
10062: 50;
10063: 50;
10064: 50;
10065: 50;
10066: 50;
10067: 50;
10068: 50;
10069: 50;
10070: 50;
10071: 50;
10072: 50;
10073: 50;
10074: 50;
10075: 50;
10076: 50;
10077: 50;
10078: 50;
10079: 50;
10080: 50;
10081: 50;
10082: 50;
10083: 50;
10084: 50;
10085: 50;
10086: 50;
10087: 50;
10088: 50;
10089: 50;
10090: 50;
10091: 50;
10092: 50;
10093: 50;
10094: 50;
10095: 50;
10096: 50;
10097: 50;
10098: 50;
10099: 50;
10100: 50;
10101: 50;
10102: 50;
10103: 50;
10104: 50;
10105: 50;
10106: 50;
10107: 50;
10108: 50;
10109: 50;
10110: 50;
10111: 50;
10112: 50;
10113: 50;
10114: 50;
10115: 50;
10116: 50;
10117: 50;
10118: 50;
10119: 50;
10120: 50;
10121: 50;
10122: 50;
10123: 50;
10124: 50;
10125: 50;
10126: 50;
10127: 50;
10128: 50;
10129: 50;
10130: 50;
10131: 50;
10132: 50;
10133: 50;
10134: 50;
10135: 50;
10136: 50;
10137: 50;
10138: 50;
10139: 50;
10140: 50;
10141: 50;
10142: 50;
10143: 50;
10144: 50;
10145: 50;
10146: 50;
10147: 50;
10148: 50;
10149: 50;
10150: 50;
10151: 50;
10152: 50;
10153: 50;
10154: 50;
10155: 50;
10156: 50;
10157: 50;
10158: 50;
10159: 50;
10160: 50;
10161: 50;
10162: 50;
10163: 50;
10164: 50;
10165: 50;
10166: 50;
10167: 50;
10168: 50;
10169: 50;
10170: 50;
10171: 50;
10172: 50;
10173: 50;
10174: 50;
10175: 50;
10176: 50;
10177: 50;
10178: 50;
10179: 50;
10180: 50;
10181: 50;
10182: 50;
10183: 50;
10184: 50;
10185: 50;
10186: 50;
10187: 50;
10188: 50;
10189: 50;
10190: 50;
10191: 50;
10192: 50;
10193: 50;
10194: 50;
10195: 50;
10196: 50;
10197: 50;
10198: 50;
10199: 50;
10200: 50;
10201: 50;
10202: 50;
10203: 50;
10204: 50;
10205: 50;
10206: 50;
10207: 50;
10208: 50;
10209: 50;
10210: 50;
10211: 50;
10212: 50;
10213: 50;
10214: 50;
10215: 50;
10216: 50;
10217: 50;
10218: 50;
10219: 50;
10220: 50;
10221: 50;
10222: 50;
10223: 50;
10224: 50;
10225: 50;
10226: 50;
10227: 50;
10228: 50;
10229: 50;
10230: 50;
10231: 50;
10232: 50;
10233: 50;
10234: 50;
10235: 50;
10236: 50;
10237: 50;
10238: 50;
10239: 50;
10240: 50;
10241: 50;
10242: 50;
10243: 50;
10244: 50;
10245: 50;
10246: 50;
10247: 50;
10248: 50;
10249: 50;
10250: 50;
10251: 50;
10252: 50;
10253: 50;
10254: 50;
10255: 50;
10256: 50;
10257: 50;
10258: 50;
10259: 50;
10260: 50;
10261: 50;
10262: 50;
10263: 50;
10264: 50;
10265: 50;
10266: 50;
10267: 50;
10268: 50;
10269: 50;
10270: 50;
10271: 50;
10272: 50;
10273: 50;
10274: 50;
10275: 50;
10276: 50;
10277: 50;
10278: 50;
10279: 50;
10280: 50;
10281: 50;
10282: 50;
10283: 50;
10284: 50;
10285: 50;
10286: 50;
10287: 50;
10288: 50;
10289: 50;
10290: 50;
10291: 50;
10292: 50;
10293: 50;
10294: 50;
10295: 50;
10296: 50;
10297: 50;
10298: 50;
10299: 50;
10300: 50;
10301: 50;
10302: 50;
10303: 50;
10304: 50;
10305: 50;
10306: 50;
10307: 50;
10308: 50;
10309: 50;
10310: 50;
10311: 50;
10312: 50;
10313: 50;
10314: 50;
10315: 50;
10316: 50;
10317: 50;
10318: 50;
10319: 50;
10320: 50;
10321: 50;
10322: 50;
10323: 50;
10324: 50;
10325: 50;
10326: 50;
10327: 50;
10328: 50;
10329: 50;
10330: 50;
10331: 50;
10332: 50;
10333: 50;
10334: 50;
10335: 50;
10336: 50;
10337: 50;
10338: 50;
10339: 50;
10340: 50;
10341: 50;
10342: 50;
10343: 50;
10344: 50;
10345: 50;
10346: 50;
10347: 50;
10348: 50;
10349: 50;
10350: 50;
10351: 50;
10352: 50;
10353: 50;
10354: 50;
10355: 50;
10356: 50;
10357: 50;
10358: 50;
10359: 50;
10360: 50;
10361: 50;
10362: 50;
10363: 50;
10364: 50;
10365: 50;
10366: 50;
10367: 50;
10368: 50;
10369: 50;
10370: 50;
10371: 50;
10372: 50;
10373: 50;
10374: 50;
10375: 50;
10376: 50;
10377: 50;
10378: 50;
10379: 50;
10380: 50;
10381: 50;
10382: 50;
10383: 50;
10384: 50;
10385: 50;
10386: 50;
10387: 50;
10388: 50;
10389: 50;
10390: 50;
10391: 50;
10392: 50;
10393: 50;
10394: 50;
10395: 50;
10396: 50;
10397: 50;
10398: 50;
10399: 50;
10400: 50;
10401: 50;
10402: 50;
10403: 50;
10404: 50;
10405: 50;
10406: 50;
10407: 50;
10408: 50;
10409: 50;
10410: 50;
10411: 50;
10412: 50;
10413: 50;
10414: 50;
10415: 50;
10416: 50;
10417: 50;
10418: 50;
10419: 50;
10420: 50;
10421: 50;
10422: 50;
10423: 50;
10424: 50;
10425: 50;
10426: 50;
10427: 50;
10428: 50;
10429: 50;
10430: 50;
10431: 50;
10432: 50;
10433: 50;
10434: 50;
10435: 50;
10436: 50;
10437: 50;
10438: 50;
10439: 50;
10440: 50;
10441: 50;
10442: 50;
10443: 50;
10444: 50;
10445: 50;
10446: 50;
10447: 50;
10448: 50;
10449: 50;
10450: 50;
10451: 50;
10452: 50;
10453: 50;
10454: 50;
10455: 50;
10456: 50;
10457: 50;
10458: 50;
10459: 50;
10460: 50;
10461: 50;
10462: 50;
10463: 50;
10464: 50;
10465: 50;
10466: 50;
10467: 50;
10468: 50;
10469: 50;
10470: 50;
10471: 50;
10472: 50;
10473: 50;
10474: 50;
10475: 50;
10476: 50;
10477: 50;
10478: 50;
10479: 50;
10480: 50;
10481: 50;
10482: 50;
10483: 50;
10484: 50;
10485: 50;
10486: 50;
10487: 50;
10488: 50;
10489: 50;
10490: 50;
10491: 50;
10492: 50;
10493: 50;
10494: 50;
10495: 50;
10496: 50;
10497: 50;
10498: 50;
10499: 50;
10500: 50;
10501: 50;
10502: 50;
10503: 50;
10504: 50;
10505: 50;
10506: 50;
10507: 50;
10508: 50;
10509: 50;
10510: 50;
10511: 50;
10512: 50;
10513: 50;
10514: 50;
10515: 50;
10516: 50;
10517: 50;
10518: 50;
10519: 50;
10520: 50;
10521: 50;
10522: 50;
10523: 50;
10524: 50;
10525: 50;
10526: 50;
10527: 50;
10528: 50;
10529: 50;
10530: 50;
10531: 50;
10532: 50;
10533: 50;
10534: 50;
10535: 50;
10536: 50;
10537: 50;
10538: 50;
10539: 50;
10540: 50;
10541: 50;
10542: 50;
10543: 50;
10544: 50;
10545: 50;
10546: 50;
10547: 50;
10548: 50;
10549: 50;
10550: 50;
10551: 50;
10552: 50;
10553: 50;
10554: 50;
10555: 50;
10556: 50;
10557: 50;
10558: 50;
10559: 50;
10560: 50;
10561: 50;
10562: 50;
10563: 50;
10564: 50;
10565: 50;
10566: 50;
10567: 50;
10568: 50;
10569: 50;
10570: 50;
10571: 50;
10572: 50;
10573: 50;
10574: 50;
10575: 50;
10576: 50;
10577: 50;
10578: 50;
10579: 50;
10580: 50;
10581: 50;
10582: 50;
10583: 50;
10584: 50;
10585: 50;
10586: 50;
10587: 50;
10588: 50;
10589: 50;
10590: 50;
10591: 50;
10592: 50;
10593: 51;
10594: 51;
10595: 51;
10596: 51;
10597: 51;
10598: 51;
10599: 51;
10600: 51;
10601: 51;
10602: 51;
10603: 51;
10604: 51;
10605: 51;
10606: 51;
10607: 51;
10608: 51;
10609: 51;
10610: 51;
10611: 51;
10612: 51;
10613: 51;
10614: 51;
10615: 51;
10616: 51;
10617: 51;
10618: 51;
10619: 51;
10620: 51;
10621: 51;
10622: 51;
10623: 51;
10624: 51;
10625: 51;
10626: 51;
10627: 51;
10628: 51;
10629: 51;
10630: 51;
10631: 51;
10632: 51;
10633: 51;
10634: 51;
10635: 51;
10636: 51;
10637: 51;
10638: 51;
10639: 51;
10640: 51;
10641: 51;
10642: 51;
10643: 51;
10644: 51;
10645: 51;
10646: 51;
10647: 51;
10648: 51;
10649: 51;
10650: 51;
10651: 51;
10652: 51;
10653: 51;
10654: 51;
10655: 51;
10656: 51;
10657: 51;
10658: 51;
10659: 51;
10660: 51;
10661: 51;
10662: 51;
10663: 51;
10664: 51;
10665: 51;
10666: 51;
10667: 51;
10668: 51;
10669: 51;
10670: 51;
10671: 51;
10672: 51;
10673: 51;
10674: 51;
10675: 51;
10676: 51;
10677: 51;
10678: 51;
10679: 51;
10680: 51;
10681: 51;
10682: 51;
10683: 51;
10684: 51;
10685: 51;
10686: 51;
10687: 51;
10688: 51;
10689: 51;
10690: 51;
10691: 51;
10692: 51;
10693: 51;
10694: 51;
10695: 51;
10696: 51;
10697: 51;
10698: 51;
10699: 51;
10700: 51;
10701: 51;
10702: 51;
10703: 51;
10704: 51;
10705: 51;
10706: 51;
10707: 51;
10708: 51;
10709: 51;
10710: 51;
10711: 51;
10712: 51;
10713: 51;
10714: 51;
10715: 51;
10716: 51;
10717: 51;
10718: 51;
10719: 51;
10720: 51;
10721: 51;
10722: 51;
10723: 51;
10724: 51;
10725: 51;
10726: 51;
10727: 51;
10728: 51;
10729: 51;
10730: 51;
10731: 51;
10732: 51;
10733: 51;
10734: 51;
10735: 51;
10736: 51;
10737: 51;
10738: 51;
10739: 51;
10740: 51;
10741: 51;
10742: 51;
10743: 51;
10744: 51;
10745: 51;
10746: 51;
10747: 51;
10748: 51;
10749: 51;
10750: 51;
10751: 51;
10752: 51;
10753: 51;
10754: 51;
10755: 51;
10756: 51;
10757: 51;
10758: 51;
10759: 51;
10760: 51;
10761: 51;
10762: 51;
10763: 51;
10764: 51;
10765: 51;
10766: 51;
10767: 51;
10768: 51;
10769: 51;
10770: 51;
10771: 51;
10772: 51;
10773: 51;
10774: 51;
10775: 51;
10776: 51;
10777: 51;
10778: 51;
10779: 51;
10780: 51;
10781: 51;
10782: 51;
10783: 51;
10784: 51;
10785: 51;
10786: 51;
10787: 51;
10788: 51;
10789: 51;
10790: 51;
10791: 51;
10792: 51;
10793: 51;
10794: 51;
10795: 51;
10796: 51;
10797: 51;
10798: 51;
10799: 51;
10800: 51;
10801: 51;
10802: 51;
10803: 51;
10804: 51;
10805: 51;
10806: 51;
10807: 51;
10808: 51;
10809: 51;
10810: 51;
10811: 51;
10812: 51;
10813: 51;
10814: 51;
10815: 51;
10816: 51;
10817: 51;
10818: 51;
10819: 51;
10820: 51;
10821: 51;
10822: 51;
10823: 51;
10824: 51;
10825: 51;
10826: 51;
10827: 51;
10828: 51;
10829: 51;
10830: 51;
10831: 51;
10832: 51;
10833: 51;
10834: 51;
10835: 51;
10836: 51;
10837: 51;
10838: 51;
10839: 51;
10840: 51;
10841: 51;
10842: 51;
10843: 51;
10844: 51;
10845: 51;
10846: 51;
10847: 51;
10848: 51;
10849: 51;
10850: 51;
10851: 51;
10852: 51;
10853: 51;
10854: 51;
10855: 51;
10856: 51;
10857: 51;
10858: 51;
10859: 51;
10860: 51;
10861: 51;
10862: 51;
10863: 51;
10864: 51;
10865: 51;
10866: 51;
10867: 51;
10868: 51;
10869: 51;
10870: 51;
10871: 51;
10872: 51;
10873: 51;
10874: 51;
10875: 51;
10876: 51;
10877: 51;
10878: 51;
10879: 51;
10880: 51;
10881: 51;
10882: 51;
10883: 51;
10884: 51;
10885: 51;
10886: 51;
10887: 51;
10888: 51;
10889: 51;
10890: 51;
10891: 51;
10892: 51;
10893: 51;
10894: 51;
10895: 51;
10896: 51;
10897: 51;
10898: 51;
10899: 51;
10900: 51;
10901: 51;
10902: 51;
10903: 51;
10904: 51;
10905: 51;
10906: 51;
10907: 51;
10908: 51;
10909: 51;
10910: 51;
10911: 51;
10912: 51;
10913: 51;
10914: 51;
10915: 51;
10916: 51;
10917: 51;
10918: 51;
10919: 51;
10920: 51;
10921: 51;
10922: 51;
10923: 51;
10924: 51;
10925: 51;
10926: 51;
10927: 51;
10928: 51;
10929: 51;
10930: 51;
10931: 51;
10932: 51;
10933: 51;
10934: 51;
10935: 51;
10936: 51;
10937: 51;
10938: 51;
10939: 51;
10940: 51;
10941: 51;
10942: 51;
10943: 51;
10944: 51;
10945: 51;
10946: 51;
10947: 51;
10948: 51;
10949: 51;
10950: 51;
10951: 51;
10952: 51;
10953: 51;
10954: 51;
10955: 51;
10956: 51;
10957: 51;
10958: 51;
10959: 51;
10960: 51;
10961: 51;
10962: 51;
10963: 51;
10964: 51;
10965: 51;
10966: 51;
10967: 51;
10968: 51;
10969: 51;
10970: 51;
10971: 51;
10972: 51;
10973: 51;
10974: 51;
10975: 51;
10976: 51;
10977: 51;
10978: 51;
10979: 51;
10980: 51;
10981: 51;
10982: 51;
10983: 51;
10984: 51;
10985: 51;
10986: 51;
10987: 51;
10988: 51;
10989: 51;
10990: 51;
10991: 51;
10992: 51;
10993: 51;
10994: 51;
10995: 51;
10996: 51;
10997: 51;
10998: 51;
10999: 51;
11000: 51;
11001: 51;
11002: 51;
11003: 51;
11004: 51;
11005: 51;
11006: 51;
11007: 51;
11008: 51;
11009: 51;
11010: 51;
11011: 51;
11012: 51;
11013: 51;
11014: 51;
11015: 51;
11016: 51;
11017: 51;
11018: 51;
11019: 51;
11020: 51;
11021: 51;
11022: 51;
11023: 51;
11024: 51;
11025: 51;
11026: 51;
11027: 51;
11028: 51;
11029: 51;
11030: 51;
11031: 51;
11032: 51;
11033: 51;
11034: 51;
11035: 51;
11036: 51;
11037: 51;
11038: 51;
11039: 51;
11040: 51;
11041: 51;
11042: 51;
11043: 51;
11044: 51;
11045: 51;
11046: 51;
11047: 51;
11048: 51;
11049: 51;
11050: 51;
11051: 51;
11052: 51;
11053: 51;
11054: 51;
11055: 51;
11056: 51;
11057: 51;
11058: 51;
11059: 51;
11060: 51;
11061: 51;
11062: 51;
11063: 51;
11064: 51;
11065: 51;
11066: 51;
11067: 51;
11068: 51;
11069: 51;
11070: 51;
11071: 51;
11072: 51;
11073: 51;
11074: 51;
11075: 51;
11076: 51;
11077: 51;
11078: 51;
11079: 51;
11080: 51;
11081: 51;
11082: 51;
11083: 51;
11084: 51;
11085: 51;
11086: 51;
11087: 51;
11088: 51;
11089: 51;
11090: 51;
11091: 51;
11092: 51;
11093: 51;
11094: 51;
11095: 51;
11096: 51;
11097: 51;
11098: 51;
11099: 51;
11100: 51;
11101: 51;
11102: 51;
11103: 51;
11104: 51;
11105: 51;
11106: 51;
11107: 51;
11108: 51;
11109: 51;
11110: 51;
11111: 51;
11112: 51;
11113: 51;
11114: 51;
11115: 51;
11116: 51;
11117: 51;
11118: 51;
11119: 51;
11120: 51;
11121: 51;
11122: 51;
11123: 51;
11124: 51;
11125: 51;
11126: 51;
11127: 51;
11128: 51;
11129: 51;
11130: 51;
11131: 51;
11132: 51;
11133: 51;
11134: 51;
11135: 51;
11136: 51;
11137: 51;
11138: 51;
11139: 51;
11140: 51;
11141: 51;
11142: 51;
11143: 51;
11144: 51;
11145: 51;
11146: 51;
11147: 51;
11148: 51;
11149: 51;
11150: 51;
11151: 51;
11152: 51;
11153: 51;
11154: 51;
11155: 51;
11156: 51;
11157: 51;
11158: 51;
11159: 51;
11160: 51;
11161: 51;
11162: 51;
11163: 51;
11164: 51;
11165: 51;
11166: 51;
11167: 51;
11168: 51;
11169: 51;
11170: 51;
11171: 51;
11172: 51;
11173: 51;
11174: 51;
11175: 51;
11176: 51;
11177: 51;
11178: 51;
11179: 51;
11180: 51;
11181: 51;
11182: 51;
11183: 51;
11184: 51;
11185: 51;
11186: 51;
11187: 51;
11188: 51;
11189: 51;
11190: 51;
11191: 51;
11192: 51;
11193: 51;
11194: 51;
11195: 51;
11196: 51;
11197: 51;
11198: 51;
11199: 51;
11200: 51;
11201: 51;
11202: 51;
11203: 51;
11204: 51;
11205: 51;
11206: 51;
11207: 51;
11208: 51;
11209: 51;
11210: 51;
11211: 51;
11212: 51;
11213: 51;
11214: 51;
11215: 51;
11216: 51;
11217: 51;
11218: 51;
11219: 51;
11220: 51;
11221: 51;
11222: 51;
11223: 51;
11224: 51;
11225: 51;
11226: 51;
11227: 51;
11228: 51;
11229: 51;
11230: 51;
11231: 51;
11232: 51;
11233: 51;
11234: 51;
11235: 51;
11236: 51;
11237: 51;
11238: 51;
11239: 51;
11240: 51;
11241: 51;
11242: 51;
11243: 51;
11244: 51;
11245: 51;
11246: 51;
11247: 51;
11248: 51;
11249: 51;
11250: 51;
11251: 51;
11252: 51;
11253: 51;
11254: 51;
11255: 51;
11256: 51;
11257: 51;
11258: 51;
11259: 51;
11260: 51;
11261: 51;
11262: 51;
11263: 51;
11264: 51;
11265: 51;
11266: 51;
11267: 51;
11268: 51;
11269: 51;
11270: 51;
11271: 51;
11272: 51;
11273: 51;
11274: 51;
11275: 51;
11276: 51;
11277: 51;
11278: 51;
11279: 51;
11280: 51;
11281: 51;
11282: 51;
11283: 51;
11284: 51;
11285: 51;
11286: 51;
11287: 51;
11288: 51;
11289: 51;
11290: 51;
11291: 51;
11292: 51;
11293: 51;
11294: 51;
11295: 51;
11296: 51;
11297: 51;
11298: 51;
11299: 51;
11300: 51;
11301: 51;
11302: 51;
11303: 51;
11304: 51;
11305: 51;
11306: 51;
11307: 51;
11308: 51;
11309: 51;
11310: 51;
11311: 51;
11312: 51;
11313: 51;
11314: 51;
11315: 51;
11316: 51;
11317: 51;
11318: 51;
11319: 51;
11320: 51;
11321: 51;
11322: 51;
11323: 51;
11324: 51;
11325: 51;
11326: 51;
11327: 51;
11328: 51;
11329: 51;
11330: 51;
11331: 51;
11332: 51;
11333: 51;
11334: 51;
11335: 51;
11336: 51;
11337: 51;
11338: 51;
11339: 51;
11340: 51;
11341: 51;
11342: 51;
11343: 51;
11344: 51;
11345: 51;
11346: 51;
11347: 51;
11348: 51;
11349: 51;
11350: 51;
11351: 51;
11352: 51;
11353: 51;
11354: 51;
11355: 51;
11356: 51;
11357: 51;
11358: 51;
11359: 51;
11360: 51;
11361: 51;
11362: 51;
11363: 51;
11364: 51;
11365: 51;
11366: 51;
11367: 51;
11368: 51;
11369: 51;
11370: 51;
11371: 51;
11372: 51;
11373: 51;
11374: 51;
11375: 51;
11376: 51;
11377: 51;
11378: 51;
11379: 51;
11380: 51;
11381: 51;
11382: 51;
11383: 51;
11384: 51;
11385: 51;
11386: 51;
11387: 51;
11388: 51;
11389: 51;
11390: 51;
11391: 51;
11392: 51;
11393: 51;
11394: 51;
11395: 51;
11396: 51;
11397: 51;
11398: 51;
11399: 51;
11400: 51;
11401: 51;
11402: 51;
11403: 51;
11404: 51;
11405: 51;
11406: 51;
11407: 51;
11408: 51;
11409: 51;
11410: 51;
11411: 51;
11412: 51;
11413: 51;
11414: 51;
11415: 51;
11416: 51;
11417: 51;
11418: 51;
11419: 51;
11420: 51;
11421: 51;
11422: 51;
11423: 51;
11424: 51;
11425: 51;
11426: 51;
11427: 51;
11428: 51;
11429: 51;
11430: 51;
11431: 51;
11432: 51;
11433: 51;
11434: 51;
11435: 51;
11436: 51;
11437: 51;
11438: 51;
11439: 51;
11440: 51;
11441: 51;
11442: 51;
11443: 51;
11444: 51;
11445: 51;
11446: 51;
11447: 51;
11448: 51;
11449: 51;
11450: 51;
11451: 51;
11452: 51;
11453: 51;
11454: 51;
11455: 51;
11456: 51;
11457: 51;
11458: 51;
11459: 51;
11460: 51;
11461: 51;
11462: 51;
11463: 51;
11464: 51;
11465: 51;
11466: 51;
11467: 51;
11468: 51;
11469: 51;
11470: 51;
11471: 51;
11472: 51;
11473: 51;
11474: 51;
11475: 51;
11476: 51;
11477: 51;
11478: 51;
11479: 51;
11480: 51;
11481: 51;
11482: 51;
11483: 51;
11484: 51;
11485: 51;
11486: 51;
11487: 51;
11488: 51;
11489: 51;
11490: 51;
11491: 51;
11492: 51;
11493: 51;
11494: 51;
11495: 51;
11496: 51;
11497: 51;
11498: 51;
11499: 51;
11500: 51;
11501: 51;
11502: 51;
11503: 51;
11504: 51;
11505: 51;
11506: 51;
11507: 51;
11508: 51;
11509: 51;
11510: 51;
11511: 51;
11512: 51;
11513: 51;
11514: 51;
11515: 51;
11516: 51;
11517: 51;
11518: 51;
11519: 51;
11520: 51;
11521: 51;
11522: 51;
11523: 51;
11524: 51;
11525: 51;
11526: 51;
11527: 51;
11528: 51;
11529: 51;
11530: 51;
11531: 51;
11532: 51;
11533: 51;
11534: 51;
11535: 51;
11536: 51;
11537: 51;
11538: 51;
11539: 51;
11540: 51;
11541: 51;
11542: 51;
11543: 51;
11544: 51;
11545: 51;
11546: 51;
11547: 51;
11548: 51;
11549: 51;
11550: 51;
11551: 51;
11552: 51;
11553: 51;
11554: 51;
11555: 51;
11556: 51;
11557: 51;
11558: 51;
11559: 51;
11560: 51;
11561: 51;
11562: 51;
11563: 51;
11564: 51;
11565: 51;
11566: 51;
11567: 51;
11568: 51;
11569: 51;
11570: 51;
11571: 51;
11572: 51;
11573: 51;
11574: 51;
11575: 51;
11576: 51;
11577: 51;
11578: 51;
11579: 51;
11580: 51;
11581: 51;
11582: 51;
11583: 51;
11584: 51;
11585: 51;
11586: 51;
11587: 51;
11588: 51;
11589: 51;
11590: 51;
11591: 51;
11592: 51;
11593: 51;
11594: 51;
11595: 51;
11596: 51;
11597: 51;
11598: 51;
11599: 51;
11600: 51;
11601: 51;
11602: 51;
11603: 51;
11604: 51;
11605: 51;
11606: 51;
11607: 51;
11608: 51;
11609: 51;
11610: 51;
11611: 51;
11612: 51;
11613: 51;
11614: 51;
11615: 51;
11616: 51;
11617: 51;
11618: 51;
11619: 51;
11620: 51;
11621: 51;
11622: 51;
11623: 51;
11624: 51;
11625: 51;
11626: 51;
11627: 51;
11628: 51;
11629: 51;
11630: 51;
11631: 51;
11632: 51;
11633: 51;
11634: 51;
11635: 51;
11636: 51;
11637: 51;
11638: 51;
11639: 51;
11640: 51;
11641: 51;
11642: 51;
11643: 51;
11644: 51;
11645: 51;
11646: 51;
11647: 51;
11648: 51;
11649: 51;
11650: 51;
11651: 51;
11652: 51;
11653: 51;
11654: 51;
11655: 51;
11656: 51;
11657: 51;
11658: 51;
11659: 51;
11660: 51;
11661: 51;
11662: 51;
11663: 51;
11664: 51;
11665: 51;
11666: 51;
11667: 51;
11668: 51;
11669: 51;
11670: 51;
11671: 51;
11672: 51;
11673: 51;
11674: 51;
11675: 51;
11676: 51;
11677: 51;
11678: 51;
11679: 51;
11680: 51;
11681: 51;
11682: 51;
11683: 51;
11684: 51;
11685: 51;
11686: 51;
11687: 51;
11688: 51;
11689: 51;
11690: 51;
11691: 51;
11692: 51;
11693: 51;
11694: 51;
11695: 51;
11696: 51;
11697: 51;
11698: 51;
11699: 51;
11700: 51;
11701: 51;
11702: 51;
11703: 51;
11704: 51;
11705: 51;
11706: 51;
11707: 51;
11708: 51;
11709: 51;
11710: 51;
11711: 51;
11712: 51;
11713: 51;
11714: 51;
11715: 51;
11716: 51;
11717: 51;
11718: 51;
11719: 51;
11720: 51;
11721: 51;
11722: 51;
11723: 51;
11724: 51;
11725: 51;
11726: 51;
11727: 51;
11728: 51;
11729: 51;
11730: 51;
11731: 51;
11732: 51;
11733: 51;
11734: 51;
11735: 51;
11736: 51;
11737: 51;
11738: 51;
11739: 51;
11740: 51;
11741: 51;
11742: 51;
11743: 51;
11744: 51;
11745: 51;
11746: 51;
11747: 51;
11748: 51;
11749: 51;
11750: 51;
11751: 51;
11752: 51;
11753: 51;
11754: 51;
11755: 51;
11756: 51;
11757: 51;
11758: 51;
11759: 51;
11760: 51;
11761: 51;
11762: 51;
11763: 51;
11764: 51;
11765: 51;
11766: 51;
11767: 51;
11768: 51;
11769: 51;
11770: 51;
11771: 51;
11772: 51;
11773: 51;
11774: 51;
11775: 51;
11776: 51;
11777: 51;
11778: 51;
11779: 51;
11780: 51;
11781: 51;
11782: 51;
11783: 51;
11784: 51;
11785: 51;
11786: 51;
11787: 51;
11788: 51;
11789: 51;
11790: 51;
11791: 51;
11792: 51;
11793: 51;
11794: 51;
11795: 51;
11796: 51;
11797: 51;
11798: 51;
11799: 51;
11800: 51;
11801: 51;
11802: 51;
11803: 51;
11804: 51;
11805: 51;
11806: 51;
11807: 51;
11808: 51;
11809: 51;
11810: 51;
11811: 51;
11812: 51;
11813: 51;
11814: 51;
11815: 51;
11816: 51;
11817: 51;
11818: 51;
11819: 51;
11820: 51;
11821: 51;
11822: 51;
11823: 51;
11824: 51;
11825: 51;
11826: 51;
11827: 51;
11828: 51;
11829: 51;
11830: 51;
11831: 51;
11832: 51;
11833: 51;
11834: 51;
11835: 51;
11836: 51;
11837: 51;
11838: 51;
11839: 51;
11840: 51;
11841: 51;
11842: 51;
11843: 51;
11844: 51;
11845: 51;
11846: 51;
11847: 51;
11848: 51;
11849: 51;
11850: 51;
11851: 51;
11852: 51;
11853: 51;
11854: 51;
11855: 51;
11856: 51;
11857: 51;
11858: 51;
11859: 51;
11860: 51;
11861: 51;
11862: 51;
11863: 51;
11864: 51;
11865: 51;
11866: 51;
11867: 51;
11868: 51;
11869: 51;
11870: 51;
11871: 51;
11872: 51;
11873: 51;
11874: 51;
11875: 51;
11876: 51;
11877: 51;
11878: 51;
11879: 51;
11880: 51;
11881: 51;
11882: 51;
11883: 51;
11884: 51;
11885: 51;
11886: 52;
11887: 52;
11888: 52;
11889: 52;
11890: 52;
11891: 52;
11892: 52;
11893: 52;
11894: 52;
11895: 52;
11896: 52;
11897: 52;
11898: 52;
11899: 52;
11900: 52;
11901: 52;
11902: 52;
11903: 52;
11904: 52;
11905: 52;
11906: 52;
11907: 52;
11908: 52;
11909: 52;
11910: 52;
11911: 52;
11912: 52;
11913: 52;
11914: 52;
11915: 52;
11916: 52;
11917: 52;
11918: 52;
11919: 52;
11920: 52;
11921: 52;
11922: 52;
11923: 52;
11924: 52;
11925: 52;
11926: 52;
11927: 52;
11928: 52;
11929: 52;
11930: 52;
11931: 52;
11932: 52;
11933: 52;
11934: 52;
11935: 52;
11936: 52;
11937: 52;
11938: 52;
11939: 52;
11940: 52;
11941: 52;
11942: 52;
11943: 52;
11944: 52;
11945: 52;
11946: 52;
11947: 52;
11948: 52;
11949: 52;
11950: 52;
11951: 52;
11952: 52;
11953: 52;
11954: 52;
11955: 52;
11956: 52;
11957: 52;
11958: 52;
11959: 52;
11960: 52;
11961: 52;
11962: 52;
11963: 52;
11964: 52;
11965: 52;
11966: 52;
11967: 52;
11968: 52;
11969: 52;
11970: 52;
11971: 52;
11972: 52;
11973: 52;
11974: 52;
11975: 52;
11976: 52;
11977: 52;
11978: 52;
11979: 52;
11980: 52;
11981: 52;
11982: 52;
11983: 52;
11984: 52;
11985: 52;
11986: 52;
11987: 52;
11988: 52;
11989: 52;
11990: 52;
11991: 52;
11992: 52;
11993: 52;
11994: 52;
11995: 52;
11996: 52;
11997: 52;
11998: 52;
11999: 52;
12000: 52;
12001: 52;
12002: 52;
12003: 52;
12004: 52;
12005: 52;
12006: 52;
12007: 52;
12008: 52;
12009: 52;
12010: 52;
12011: 52;
12012: 52;
12013: 52;
12014: 52;
12015: 52;
12016: 52;
12017: 52;
12018: 52;
12019: 52;
12020: 52;
12021: 52;
12022: 52;
12023: 52;
12024: 52;
12025: 52;
12026: 52;
12027: 52;
12028: 52;
12029: 52;
12030: 52;
12031: 52;
12032: 52;
12033: 52;
12034: 52;
12035: 52;
12036: 52;
12037: 52;
12038: 52;
12039: 52;
12040: 52;
12041: 52;
12042: 52;
12043: 52;
12044: 52;
12045: 52;
12046: 52;
12047: 52;
12048: 52;
12049: 52;
12050: 52;
12051: 52;
12052: 52;
12053: 52;
12054: 52;
12055: 52;
12056: 52;
12057: 52;
12058: 52;
12059: 52;
12060: 52;
12061: 52;
12062: 52;
12063: 52;
12064: 52;
12065: 52;
12066: 52;
12067: 52;
12068: 52;
12069: 52;
12070: 52;
12071: 52;
12072: 52;
12073: 52;
12074: 52;
12075: 52;
12076: 52;
12077: 52;
12078: 52;
12079: 52;
12080: 52;
12081: 52;
12082: 52;
12083: 52;
12084: 52;
12085: 52;
12086: 52;
12087: 52;
12088: 52;
12089: 52;
12090: 52;
12091: 52;
12092: 52;
12093: 52;
12094: 52;
12095: 52;
12096: 52;
12097: 52;
12098: 52;
12099: 52;
12100: 52;
12101: 52;
12102: 52;
12103: 52;
12104: 52;
12105: 52;
12106: 52;
12107: 52;
12108: 52;
12109: 52;
12110: 52;
12111: 52;
12112: 52;
12113: 52;
12114: 52;
12115: 52;
12116: 52;
12117: 52;
12118: 52;
12119: 52;
12120: 52;
12121: 52;
12122: 52;
12123: 52;
12124: 52;
12125: 52;
12126: 52;
12127: 52;
12128: 52;
12129: 52;
12130: 52;
12131: 52;
12132: 52;
12133: 52;
12134: 52;
12135: 52;
12136: 52;
12137: 52;
12138: 52;
12139: 52;
12140: 52;
12141: 52;
12142: 52;
12143: 52;
12144: 52;
12145: 52;
12146: 52;
12147: 52;
12148: 52;
12149: 52;
12150: 52;
12151: 52;
12152: 52;
12153: 52;
12154: 52;
12155: 52;
12156: 52;
12157: 52;
12158: 52;
12159: 52;
12160: 52;
12161: 52;
12162: 52;
12163: 52;
12164: 52;
12165: 52;
12166: 52;
12167: 52;
12168: 52;
12169: 52;
12170: 52;
12171: 52;
12172: 52;
12173: 52;
12174: 52;
12175: 52;
12176: 52;
12177: 52;
12178: 52;
12179: 52;
12180: 52;
12181: 52;
12182: 52;
12183: 52;
12184: 52;
12185: 52;
12186: 52;
12187: 52;
12188: 52;
12189: 52;
12190: 52;
12191: 52;
12192: 52;
12193: 52;
12194: 52;
12195: 52;
12196: 52;
12197: 52;
12198: 52;
12199: 52;
12200: 52;
12201: 52;
12202: 52;
12203: 52;
12204: 52;
12205: 52;
12206: 52;
12207: 52;
12208: 52;
12209: 52;
12210: 52;
12211: 52;
12212: 52;
12213: 52;
12214: 52;
12215: 52;
12216: 52;
12217: 52;
12218: 52;
12219: 52;
12220: 52;
12221: 52;
12222: 52;
12223: 52;
12224: 52;
12225: 52;
12226: 52;
12227: 52;
12228: 52;
12229: 52;
12230: 52;
12231: 52;
12232: 52;
12233: 52;
12234: 52;
12235: 52;
12236: 52;
12237: 52;
12238: 52;
12239: 52;
12240: 52;
12241: 52;
12242: 52;
12243: 52;
12244: 52;
12245: 52;
12246: 52;
12247: 52;
12248: 52;
12249: 52;
12250: 52;
12251: 52;
12252: 52;
12253: 52;
12254: 52;
12255: 52;
12256: 52;
12257: 52;
12258: 52;
12259: 52;
12260: 52;
12261: 52;
12262: 52;
12263: 52;
12264: 52;
12265: 52;
12266: 52;
12267: 52;
12268: 52;
12269: 52;
12270: 52;
12271: 52;
12272: 52;
12273: 52;
12274: 52;
12275: 52;
12276: 52;
12277: 52;
12278: 52;
12279: 52;
12280: 52;
12281: 52;
12282: 52;
12283: 52;
12284: 52;
12285: 52;
12286: 52;
12287: 52;
12288: 52;
12289: 52;
12290: 52;
12291: 52;
12292: 52;
12293: 52;
12294: 52;
12295: 52;
12296: 52;
12297: 52;
12298: 52;
12299: 52;
12300: 52;
12301: 52;
12302: 52;
12303: 52;
12304: 52;
12305: 52;
12306: 52;
12307: 52;
12308: 52;
12309: 52;
12310: 52;
12311: 52;
12312: 52;
12313: 52;
12314: 52;
12315: 52;
12316: 52;
12317: 52;
12318: 52;
12319: 52;
12320: 52;
12321: 52;
12322: 52;
12323: 52;
12324: 52;
12325: 52;
12326: 52;
12327: 52;
12328: 52;
12329: 52;
12330: 52;
12331: 52;
12332: 52;
12333: 52;
12334: 52;
12335: 52;
12336: 52;
12337: 52;
12338: 52;
12339: 52;
12340: 52;
12341: 52;
12342: 52;
12343: 52;
12344: 52;
12345: 52;
12346: 52;
12347: 52;
12348: 52;
12349: 52;
12350: 52;
12351: 52;
12352: 52;
12353: 52;
12354: 52;
12355: 52;
12356: 52;
12357: 52;
12358: 52;
12359: 52;
12360: 52;
12361: 52;
12362: 52;
12363: 52;
12364: 52;
12365: 52;
12366: 52;
12367: 52;
12368: 52;
12369: 52;
12370: 52;
12371: 52;
12372: 52;
12373: 52;
12374: 52;
12375: 52;
12376: 52;
12377: 52;
12378: 52;
12379: 52;
12380: 52;
12381: 52;
12382: 52;
12383: 52;
12384: 52;
12385: 52;
12386: 52;
12387: 52;
12388: 52;
12389: 52;
12390: 52;
12391: 52;
12392: 52;
12393: 52;
12394: 52;
12395: 52;
12396: 52;
12397: 52;
12398: 52;
12399: 52;
12400: 52;
12401: 52;
12402: 52;
12403: 52;
12404: 52;
12405: 52;
12406: 52;
12407: 52;
12408: 52;
12409: 52;
12410: 52;
12411: 52;
12412: 52;
12413: 52;
12414: 52;
12415: 52;
12416: 52;
12417: 52;
12418: 52;
12419: 52;
12420: 52;
12421: 52;
12422: 52;
12423: 52;
12424: 52;
12425: 52;
12426: 52;
12427: 52;
12428: 52;
12429: 52;
12430: 52;
12431: 52;
12432: 52;
12433: 52;
12434: 52;
12435: 52;
12436: 52;
12437: 52;
12438: 52;
12439: 52;
12440: 52;
12441: 52;
12442: 52;
12443: 52;
12444: 52;
12445: 52;
12446: 52;
12447: 52;
12448: 52;
12449: 52;
12450: 52;
12451: 52;
12452: 52;
12453: 52;
12454: 52;
12455: 52;
12456: 52;
12457: 52;
12458: 52;
12459: 52;
12460: 52;
12461: 52;
12462: 52;
12463: 52;
12464: 52;
12465: 52;
12466: 52;
12467: 52;
12468: 52;
12469: 52;
12470: 52;
12471: 52;
12472: 52;
12473: 52;
12474: 52;
12475: 52;
12476: 52;
12477: 52;
12478: 52;
12479: 52;
12480: 52;
12481: 52;
12482: 52;
12483: 52;
12484: 52;
12485: 52;
12486: 52;
12487: 52;
12488: 52;
12489: 52;
12490: 52;
12491: 52;
12492: 52;
12493: 52;
12494: 52;
12495: 52;
12496: 52;
12497: 52;
12498: 52;
12499: 52;
12500: 52;
12501: 52;
12502: 52;
12503: 52;
12504: 52;
12505: 52;
12506: 52;
12507: 52;
12508: 52;
12509: 52;
12510: 52;
12511: 52;
12512: 52;
12513: 52;
12514: 52;
12515: 52;
12516: 52;
12517: 52;
12518: 52;
12519: 52;
12520: 52;
12521: 52;
12522: 52;
12523: 52;
12524: 52;
12525: 52;
12526: 52;
12527: 52;
12528: 52;
12529: 52;
12530: 52;
12531: 52;
12532: 52;
12533: 52;
12534: 52;
12535: 52;
12536: 52;
12537: 52;
12538: 52;
12539: 52;
12540: 52;
12541: 52;
12542: 52;
12543: 52;
12544: 52;
12545: 52;
12546: 52;
12547: 52;
12548: 52;
12549: 52;
12550: 52;
12551: 52;
12552: 52;
12553: 52;
12554: 52;
12555: 52;
12556: 52;
12557: 52;
12558: 52;
12559: 52;
12560: 52;
12561: 52;
12562: 52;
12563: 52;
12564: 52;
12565: 52;
12566: 52;
12567: 52;
12568: 52;
12569: 52;
12570: 52;
12571: 52;
12572: 52;
12573: 52;
12574: 52;
12575: 52;
12576: 52;
12577: 52;
12578: 52;
12579: 52;
12580: 52;
12581: 52;
12582: 52;
12583: 52;
12584: 52;
12585: 52;
12586: 52;
12587: 52;
12588: 52;
12589: 52;
12590: 52;
12591: 52;
12592: 52;
12593: 52;
12594: 52;
12595: 52;
12596: 52;
12597: 52;
12598: 52;
12599: 52;
12600: 52;
12601: 52;
12602: 52;
12603: 52;
12604: 52;
12605: 52;
12606: 52;
12607: 52;
12608: 52;
12609: 52;
12610: 52;
12611: 52;
12612: 52;
12613: 52;
12614: 52;
12615: 52;
12616: 52;
12617: 52;
12618: 52;
12619: 52;
12620: 52;
12621: 52;
12622: 52;
12623: 52;
12624: 52;
12625: 52;
12626: 52;
12627: 52;
12628: 52;
12629: 52;
12630: 52;
12631: 52;
12632: 52;
12633: 52;
12634: 52;
12635: 52;
12636: 52;
12637: 52;
12638: 52;
12639: 52;
12640: 52;
12641: 52;
12642: 52;
12643: 52;
12644: 52;
12645: 52;
12646: 52;
12647: 52;
12648: 52;
12649: 52;
12650: 52;
12651: 52;
12652: 52;
12653: 52;
12654: 52;
12655: 52;
12656: 52;
12657: 52;
12658: 52;
12659: 52;
12660: 52;
12661: 52;
12662: 52;
12663: 52;
12664: 52;
12665: 52;
12666: 52;
12667: 52;
12668: 52;
12669: 52;
12670: 52;
12671: 52;
12672: 52;
12673: 52;
12674: 52;
12675: 52;
12676: 52;
12677: 52;
12678: 52;
12679: 52;
12680: 52;
12681: 52;
12682: 52;
12683: 52;
12684: 52;
12685: 52;
12686: 52;
12687: 52;
12688: 52;
12689: 52;
12690: 52;
12691: 52;
12692: 52;
12693: 52;
12694: 52;
12695: 52;
12696: 52;
12697: 52;
12698: 52;
12699: 52;
12700: 52;
12701: 52;
12702: 52;
12703: 52;
12704: 52;
12705: 52;
12706: 52;
12707: 52;
12708: 52;
12709: 52;
12710: 52;
12711: 52;
12712: 52;
12713: 52;
12714: 52;
12715: 52;
12716: 52;
12717: 52;
12718: 52;
12719: 52;
12720: 52;
12721: 52;
12722: 52;
12723: 52;
12724: 52;
12725: 52;
12726: 52;
12727: 52;
12728: 52;
12729: 52;
12730: 52;
12731: 52;
12732: 52;
12733: 52;
12734: 52;
12735: 52;
12736: 52;
12737: 52;
12738: 52;
12739: 52;
12740: 52;
12741: 52;
12742: 52;
12743: 52;
12744: 52;
12745: 52;
12746: 52;
12747: 52;
12748: 52;
12749: 52;
12750: 52;
12751: 52;
12752: 52;
12753: 52;
12754: 52;
12755: 52;
12756: 52;
12757: 52;
12758: 52;
12759: 52;
12760: 52;
12761: 52;
12762: 52;
12763: 52;
12764: 52;
12765: 52;
12766: 52;
12767: 52;
12768: 52;
12769: 52;
12770: 52;
12771: 52;
12772: 52;
12773: 52;
12774: 52;
12775: 52;
12776: 52;
12777: 52;
12778: 52;
12779: 52;
12780: 52;
12781: 52;
12782: 52;
12783: 52;
12784: 52;
12785: 52;
12786: 52;
12787: 52;
12788: 52;
12789: 52;
12790: 52;
12791: 52;
12792: 52;
12793: 52;
12794: 52;
12795: 52;
12796: 52;
12797: 52;
12798: 52;
12799: 52;
12800: 52;
12801: 52;
12802: 52;
12803: 52;
12804: 52;
12805: 52;
12806: 52;
12807: 52;
12808: 52;
12809: 52;
12810: 52;
12811: 52;
12812: 52;
12813: 52;
12814: 52;
12815: 52;
12816: 52;
12817: 52;
12818: 52;
12819: 52;
12820: 52;
12821: 52;
12822: 52;
12823: 52;
12824: 52;
12825: 52;
12826: 52;
12827: 52;
12828: 52;
12829: 52;
12830: 52;
12831: 52;
12832: 52;
12833: 52;
12834: 52;
12835: 52;
12836: 52;
12837: 52;
12838: 52;
12839: 52;
12840: 52;
12841: 52;
12842: 52;
12843: 52;
12844: 52;
12845: 52;
12846: 52;
12847: 52;
12848: 52;
12849: 52;
12850: 52;
12851: 52;
12852: 52;
12853: 52;
12854: 52;
12855: 52;
12856: 52;
12857: 52;
12858: 52;
12859: 52;
12860: 52;
12861: 52;
12862: 52;
12863: 52;
12864: 52;
12865: 52;
12866: 52;
12867: 52;
12868: 52;
12869: 52;
12870: 52;
12871: 52;
12872: 52;
12873: 52;
12874: 52;
12875: 52;
12876: 52;
12877: 52;
12878: 52;
12879: 52;
12880: 52;
12881: 52;
12882: 52;
12883: 52;
12884: 52;
12885: 52;
12886: 52;
12887: 52;
12888: 52;
12889: 52;
12890: 52;
12891: 52;
12892: 52;
12893: 52;
12894: 52;
12895: 52;
12896: 52;
12897: 52;
12898: 52;
12899: 52;
12900: 52;
12901: 52;
12902: 52;
12903: 52;
12904: 52;
12905: 52;
12906: 52;
12907: 52;
12908: 52;
12909: 52;
12910: 52;
12911: 52;
12912: 52;
12913: 52;
12914: 52;
12915: 52;
12916: 52;
12917: 52;
12918: 52;
12919: 52;
12920: 52;
12921: 52;
12922: 52;
12923: 52;
12924: 52;
12925: 52;
12926: 52;
12927: 52;
12928: 52;
12929: 52;
12930: 52;
12931: 52;
12932: 52;
12933: 52;
12934: 52;
12935: 52;
12936: 52;
12937: 52;
12938: 52;
12939: 52;
12940: 52;
12941: 52;
12942: 52;
12943: 52;
12944: 52;
12945: 52;
12946: 52;
12947: 52;
12948: 52;
12949: 52;
12950: 52;
12951: 52;
12952: 52;
12953: 52;
12954: 52;
12955: 52;
12956: 52;
12957: 52;
12958: 52;
12959: 52;
12960: 52;
12961: 52;
12962: 52;
12963: 52;
12964: 52;
12965: 52;
12966: 52;
12967: 52;
12968: 52;
12969: 52;
12970: 52;
12971: 52;
12972: 52;
12973: 52;
12974: 52;
12975: 52;
12976: 52;
12977: 52;
12978: 52;
12979: 52;
12980: 52;
12981: 52;
12982: 52;
12983: 52;
12984: 52;
12985: 52;
12986: 52;
12987: 52;
12988: 52;
12989: 52;
12990: 52;
12991: 52;
12992: 52;
12993: 52;
12994: 52;
12995: 52;
12996: 52;
12997: 52;
12998: 52;
12999: 52;
13000: 52;
13001: 52;
13002: 52;
13003: 52;
13004: 52;
13005: 52;
13006: 52;
13007: 52;
13008: 52;
13009: 52;
13010: 52;
13011: 52;
13012: 52;
13013: 52;
13014: 52;
13015: 52;
13016: 52;
13017: 52;
13018: 52;
13019: 52;
13020: 52;
13021: 52;
13022: 52;
13023: 52;
13024: 52;
13025: 52;
13026: 52;
13027: 52;
13028: 52;
13029: 52;
13030: 52;
13031: 52;
13032: 52;
13033: 52;
13034: 52;
13035: 52;
13036: 52;
13037: 52;
13038: 52;
13039: 52;
13040: 52;
13041: 52;
13042: 52;
13043: 52;
13044: 52;
13045: 52;
13046: 52;
13047: 52;
13048: 52;
13049: 52;
13050: 52;
13051: 52;
13052: 52;
13053: 52;
13054: 52;
13055: 52;
13056: 52;
13057: 52;
13058: 52;
13059: 52;
13060: 52;
13061: 52;
13062: 52;
13063: 52;
13064: 52;
13065: 52;
13066: 52;
13067: 52;
13068: 52;
13069: 52;
13070: 52;
13071: 52;
13072: 52;
13073: 52;
13074: 52;
13075: 52;
13076: 52;
13077: 52;
13078: 52;
13079: 52;
13080: 52;
13081: 52;
13082: 52;
13083: 52;
13084: 52;
13085: 52;
13086: 52;
13087: 52;
13088: 52;
13089: 52;
13090: 52;
13091: 52;
13092: 52;
13093: 52;
13094: 52;
13095: 52;
13096: 52;
13097: 52;
13098: 52;
13099: 52;
13100: 52;
13101: 52;
13102: 52;
13103: 52;
13104: 52;
13105: 52;
13106: 52;
13107: 52;
13108: 52;
13109: 52;
13110: 52;
13111: 52;
13112: 52;
13113: 52;
13114: 52;
13115: 52;
13116: 52;
13117: 52;
13118: 52;
13119: 52;
13120: 52;
13121: 52;
13122: 52;
13123: 52;
13124: 52;
13125: 52;
13126: 52;
13127: 52;
13128: 52;
13129: 52;
13130: 52;
13131: 52;
13132: 52;
13133: 52;
13134: 52;
13135: 52;
13136: 52;
13137: 52;
13138: 52;
13139: 52;
13140: 52;
13141: 52;
13142: 52;
13143: 52;
13144: 52;
13145: 52;
13146: 52;
13147: 52;
13148: 52;
13149: 52;
13150: 52;
13151: 52;
13152: 52;
13153: 52;
13154: 52;
13155: 52;
13156: 52;
13157: 52;
13158: 52;
13159: 52;
13160: 52;
13161: 52;
13162: 52;
13163: 52;
13164: 52;
13165: 52;
13166: 52;
13167: 52;
13168: 52;
13169: 52;
13170: 52;
13171: 52;
13172: 52;
13173: 52;
13174: 52;
13175: 52;
13176: 52;
13177: 52;
13178: 52;
13179: 52;
13180: 52;
13181: 52;
13182: 52;
13183: 52;
13184: 52;
13185: 52;
13186: 52;
13187: 52;
13188: 52;
13189: 52;
13190: 52;
13191: 52;
13192: 52;
13193: 52;
13194: 52;
13195: 52;
13196: 52;
13197: 52;
13198: 52;
13199: 52;
13200: 52;
13201: 52;
13202: 52;
13203: 52;
13204: 52;
13205: 52;
13206: 52;
13207: 52;
13208: 52;
13209: 52;
13210: 52;
13211: 52;
13212: 52;
13213: 52;
13214: 52;
13215: 52;
13216: 52;
13217: 52;
13218: 52;
13219: 52;
13220: 52;
13221: 52;
13222: 52;
13223: 52;
13224: 52;
13225: 52;
13226: 52;
13227: 52;
13228: 52;
13229: 52;
13230: 52;
13231: 52;
13232: 52;
13233: 52;
13234: 52;
13235: 52;
13236: 52;
13237: 52;
13238: 52;
13239: 52;
13240: 52;
13241: 52;
13242: 52;
13243: 52;
13244: 52;
13245: 52;
13246: 52;
13247: 52;
13248: 52;
13249: 52;
13250: 52;
13251: 52;
13252: 52;
13253: 52;
13254: 52;
13255: 52;
13256: 52;
13257: 52;
13258: 52;
13259: 52;
13260: 52;
13261: 52;
13262: 52;
13263: 52;
13264: 52;
13265: 52;
13266: 52;
13267: 52;
13268: 52;
13269: 52;
13270: 52;
13271: 52;
13272: 52;
13273: 52;
13274: 52;
13275: 52;
13276: 52;
13277: 52;
13278: 52;
13279: 52;
13280: 52;
13281: 52;
13282: 52;
13283: 52;
13284: 52;
13285: 52;
13286: 52;
13287: 52;
13288: 52;
13289: 52;
13290: 52;
13291: 52;
13292: 52;
13293: 52;
13294: 52;
13295: 52;
13296: 52;
13297: 52;
13298: 52;
13299: 52;
13300: 52;
13301: 52;
13302: 52;
13303: 52;
13304: 52;
13305: 52;
13306: 52;
13307: 52;
13308: 52;
13309: 52;
13310: 52;
13311: 52;
13312: 52;
13313: 52;
13314: 52;
13315: 52;
13316: 52;
13317: 52;
13318: 52;
13319: 52;
13320: 52;
13321: 52;
13322: 52;
13323: 52;
13324: 52;
13325: 52;
13326: 52;
13327: 52;
13328: 52;
13329: 52;
13330: 52;
13331: 52;
13332: 52;
13333: 52;
13334: 52;
13335: 52;
13336: 53;
13337: 53;
13338: 53;
13339: 53;
13340: 53;
13341: 53;
13342: 53;
13343: 53;
13344: 53;
13345: 53;
13346: 53;
13347: 53;
13348: 53;
13349: 53;
13350: 53;
13351: 53;
13352: 53;
13353: 53;
13354: 53;
13355: 53;
13356: 53;
13357: 53;
13358: 53;
13359: 53;
13360: 53;
13361: 53;
13362: 53;
13363: 53;
13364: 53;
13365: 53;
13366: 53;
13367: 53;
13368: 53;
13369: 53;
13370: 53;
13371: 53;
13372: 53;
13373: 53;
13374: 53;
13375: 53;
13376: 53;
13377: 53;
13378: 53;
13379: 53;
13380: 53;
13381: 53;
13382: 53;
13383: 53;
13384: 53;
13385: 53;
13386: 53;
13387: 53;
13388: 53;
13389: 53;
13390: 53;
13391: 53;
13392: 53;
13393: 53;
13394: 53;
13395: 53;
13396: 53;
13397: 53;
13398: 53;
13399: 53;
13400: 53;
13401: 53;
13402: 53;
13403: 53;
13404: 53;
13405: 53;
13406: 53;
13407: 53;
13408: 53;
13409: 53;
13410: 53;
13411: 53;
13412: 53;
13413: 53;
13414: 53;
13415: 53;
13416: 53;
13417: 53;
13418: 53;
13419: 53;
13420: 53;
13421: 53;
13422: 53;
13423: 53;
13424: 53;
13425: 53;
13426: 53;
13427: 53;
13428: 53;
13429: 53;
13430: 53;
13431: 53;
13432: 53;
13433: 53;
13434: 53;
13435: 53;
13436: 53;
13437: 53;
13438: 53;
13439: 53;
13440: 53;
13441: 53;
13442: 53;
13443: 53;
13444: 53;
13445: 53;
13446: 53;
13447: 53;
13448: 53;
13449: 53;
13450: 53;
13451: 53;
13452: 53;
13453: 53;
13454: 53;
13455: 53;
13456: 53;
13457: 53;
13458: 53;
13459: 53;
13460: 53;
13461: 53;
13462: 53;
13463: 53;
13464: 53;
13465: 53;
13466: 53;
13467: 53;
13468: 53;
13469: 53;
13470: 53;
13471: 53;
13472: 53;
13473: 53;
13474: 53;
13475: 53;
13476: 53;
13477: 53;
13478: 53;
13479: 53;
13480: 53;
13481: 53;
13482: 53;
13483: 53;
13484: 53;
13485: 53;
13486: 53;
13487: 53;
13488: 53;
13489: 53;
13490: 53;
13491: 53;
13492: 53;
13493: 53;
13494: 53;
13495: 53;
13496: 53;
13497: 53;
13498: 53;
13499: 53;
13500: 53;
13501: 53;
13502: 53;
13503: 53;
13504: 53;
13505: 53;
13506: 53;
13507: 53;
13508: 53;
13509: 53;
13510: 53;
13511: 53;
13512: 53;
13513: 53;
13514: 53;
13515: 53;
13516: 53;
13517: 53;
13518: 53;
13519: 53;
13520: 53;
13521: 53;
13522: 53;
13523: 53;
13524: 53;
13525: 53;
13526: 53;
13527: 53;
13528: 53;
13529: 53;
13530: 53;
13531: 53;
13532: 53;
13533: 53;
13534: 53;
13535: 53;
13536: 53;
13537: 53;
13538: 53;
13539: 53;
13540: 53;
13541: 53;
13542: 53;
13543: 53;
13544: 53;
13545: 53;
13546: 53;
13547: 53;
13548: 53;
13549: 53;
13550: 53;
13551: 53;
13552: 53;
13553: 53;
13554: 53;
13555: 53;
13556: 53;
13557: 53;
13558: 53;
13559: 53;
13560: 53;
13561: 53;
13562: 53;
13563: 53;
13564: 53;
13565: 53;
13566: 53;
13567: 53;
13568: 53;
13569: 53;
13570: 53;
13571: 53;
13572: 53;
13573: 53;
13574: 53;
13575: 53;
13576: 53;
13577: 53;
13578: 53;
13579: 53;
13580: 53;
13581: 53;
13582: 53;
13583: 53;
13584: 53;
13585: 53;
13586: 53;
13587: 53;
13588: 53;
13589: 53;
13590: 53;
13591: 53;
13592: 53;
13593: 53;
13594: 53;
13595: 53;
13596: 53;
13597: 53;
13598: 53;
13599: 53;
13600: 53;
13601: 53;
13602: 53;
13603: 53;
13604: 53;
13605: 53;
13606: 53;
13607: 53;
13608: 53;
13609: 53;
13610: 53;
13611: 53;
13612: 53;
13613: 53;
13614: 53;
13615: 53;
13616: 53;
13617: 53;
13618: 53;
13619: 53;
13620: 53;
13621: 53;
13622: 53;
13623: 53;
13624: 53;
13625: 53;
13626: 53;
13627: 53;
13628: 53;
13629: 53;
13630: 53;
13631: 53;
13632: 53;
13633: 53;
13634: 53;
13635: 53;
13636: 53;
13637: 53;
13638: 53;
13639: 53;
13640: 53;
13641: 53;
13642: 53;
13643: 53;
13644: 53;
13645: 53;
13646: 53;
13647: 53;
13648: 53;
13649: 53;
13650: 53;
13651: 53;
13652: 53;
13653: 53;
13654: 53;
13655: 53;
13656: 53;
13657: 53;
13658: 53;
13659: 53;
13660: 53;
13661: 53;
13662: 53;
13663: 53;
13664: 53;
13665: 53;
13666: 53;
13667: 53;
13668: 53;
13669: 53;
13670: 53;
13671: 53;
13672: 53;
13673: 53;
13674: 53;
13675: 53;
13676: 53;
13677: 53;
13678: 53;
13679: 53;
13680: 53;
13681: 53;
13682: 53;
13683: 53;
13684: 53;
13685: 53;
13686: 53;
13687: 53;
13688: 53;
13689: 53;
13690: 53;
13691: 53;
13692: 53;
13693: 53;
13694: 53;
13695: 53;
13696: 53;
13697: 53;
13698: 53;
13699: 53;
13700: 53;
13701: 53;
13702: 53;
13703: 53;
13704: 53;
13705: 53;
13706: 53;
13707: 53;
13708: 53;
13709: 53;
13710: 53;
13711: 53;
13712: 53;
13713: 53;
13714: 53;
13715: 53;
13716: 53;
13717: 53;
13718: 53;
13719: 53;
13720: 53;
13721: 53;
13722: 53;
13723: 53;
13724: 53;
13725: 53;
13726: 53;
13727: 53;
13728: 53;
13729: 53;
13730: 53;
13731: 53;
13732: 53;
13733: 53;
13734: 53;
13735: 53;
13736: 53;
13737: 53;
13738: 53;
13739: 53;
13740: 53;
13741: 53;
13742: 53;
13743: 53;
13744: 53;
13745: 53;
13746: 53;
13747: 53;
13748: 53;
13749: 53;
13750: 53;
13751: 53;
13752: 53;
13753: 53;
13754: 53;
13755: 53;
13756: 53;
13757: 53;
13758: 53;
13759: 53;
13760: 53;
13761: 53;
13762: 53;
13763: 53;
13764: 53;
13765: 53;
13766: 53;
13767: 53;
13768: 53;
13769: 53;
13770: 53;
13771: 53;
13772: 53;
13773: 53;
13774: 53;
13775: 53;
13776: 53;
13777: 53;
13778: 53;
13779: 53;
13780: 53;
13781: 53;
13782: 53;
13783: 53;
13784: 53;
13785: 53;
13786: 53;
13787: 53;
13788: 53;
13789: 53;
13790: 53;
13791: 53;
13792: 53;
13793: 53;
13794: 53;
13795: 53;
13796: 53;
13797: 53;
13798: 53;
13799: 53;
13800: 53;
13801: 53;
13802: 53;
13803: 53;
13804: 53;
13805: 53;
13806: 53;
13807: 53;
13808: 53;
13809: 53;
13810: 53;
13811: 53;
13812: 53;
13813: 53;
13814: 53;
13815: 53;
13816: 53;
13817: 53;
13818: 53;
13819: 53;
13820: 53;
13821: 53;
13822: 53;
13823: 53;
13824: 53;
13825: 53;
13826: 53;
13827: 53;
13828: 53;
13829: 53;
13830: 53;
13831: 53;
13832: 53;
13833: 53;
13834: 53;
13835: 53;
13836: 53;
13837: 53;
13838: 53;
13839: 53;
13840: 53;
13841: 53;
13842: 53;
13843: 53;
13844: 53;
13845: 53;
13846: 53;
13847: 53;
13848: 53;
13849: 53;
13850: 53;
13851: 53;
13852: 53;
13853: 53;
13854: 53;
13855: 53;
13856: 53;
13857: 53;
13858: 53;
13859: 53;
13860: 53;
13861: 53;
13862: 53;
13863: 53;
13864: 53;
13865: 53;
13866: 53;
13867: 53;
13868: 53;
13869: 53;
13870: 53;
13871: 53;
13872: 53;
13873: 53;
13874: 53;
13875: 53;
13876: 53;
13877: 53;
13878: 53;
13879: 53;
13880: 53;
13881: 53;
13882: 53;
13883: 53;
13884: 53;
13885: 53;
13886: 53;
13887: 53;
13888: 53;
13889: 53;
13890: 53;
13891: 53;
13892: 53;
13893: 53;
13894: 53;
13895: 53;
13896: 53;
13897: 53;
13898: 53;
13899: 53;
13900: 53;
13901: 53;
13902: 53;
13903: 53;
13904: 53;
13905: 53;
13906: 53;
13907: 53;
13908: 53;
13909: 53;
13910: 53;
13911: 53;
13912: 53;
13913: 53;
13914: 53;
13915: 53;
13916: 53;
13917: 53;
13918: 53;
13919: 53;
13920: 53;
13921: 53;
13922: 53;
13923: 53;
13924: 53;
13925: 53;
13926: 53;
13927: 53;
13928: 53;
13929: 53;
13930: 53;
13931: 53;
13932: 53;
13933: 53;
13934: 53;
13935: 53;
13936: 53;
13937: 53;
13938: 53;
13939: 53;
13940: 53;
13941: 53;
13942: 53;
13943: 53;
13944: 53;
13945: 53;
13946: 53;
13947: 53;
13948: 53;
13949: 53;
13950: 53;
13951: 53;
13952: 53;
13953: 53;
13954: 53;
13955: 53;
13956: 53;
13957: 53;
13958: 53;
13959: 53;
13960: 53;
13961: 53;
13962: 53;
13963: 53;
13964: 53;
13965: 53;
13966: 53;
13967: 53;
13968: 53;
13969: 53;
13970: 53;
13971: 53;
13972: 53;
13973: 53;
13974: 53;
13975: 53;
13976: 53;
13977: 53;
13978: 53;
13979: 53;
13980: 53;
13981: 53;
13982: 53;
13983: 53;
13984: 53;
13985: 53;
13986: 53;
13987: 53;
13988: 53;
13989: 53;
13990: 53;
13991: 53;
13992: 53;
13993: 53;
13994: 53;
13995: 53;
13996: 53;
13997: 53;
13998: 53;
13999: 53;
14000: 53;
14001: 53;
14002: 53;
14003: 53;
14004: 53;
14005: 53;
14006: 53;
14007: 53;
14008: 53;
14009: 53;
14010: 53;
14011: 53;
14012: 53;
14013: 53;
14014: 53;
14015: 53;
14016: 53;
14017: 53;
14018: 53;
14019: 53;
14020: 53;
14021: 53;
14022: 53;
14023: 53;
14024: 53;
14025: 53;
14026: 53;
14027: 53;
14028: 53;
14029: 53;
14030: 53;
14031: 53;
14032: 53;
14033: 53;
14034: 53;
14035: 53;
14036: 53;
14037: 53;
14038: 53;
14039: 53;
14040: 53;
14041: 53;
14042: 53;
14043: 53;
14044: 53;
14045: 53;
14046: 53;
14047: 53;
14048: 53;
14049: 53;
14050: 53;
14051: 53;
14052: 53;
14053: 53;
14054: 53;
14055: 53;
14056: 53;
14057: 53;
14058: 53;
14059: 53;
14060: 53;
14061: 53;
14062: 53;
14063: 53;
14064: 53;
14065: 53;
14066: 53;
14067: 53;
14068: 53;
14069: 53;
14070: 53;
14071: 53;
14072: 53;
14073: 53;
14074: 53;
14075: 53;
14076: 53;
14077: 53;
14078: 53;
14079: 53;
14080: 53;
14081: 53;
14082: 53;
14083: 53;
14084: 53;
14085: 53;
14086: 53;
14087: 53;
14088: 53;
14089: 53;
14090: 53;
14091: 53;
14092: 53;
14093: 53;
14094: 53;
14095: 53;
14096: 53;
14097: 53;
14098: 53;
14099: 53;
14100: 53;
14101: 53;
14102: 53;
14103: 53;
14104: 53;
14105: 53;
14106: 53;
14107: 53;
14108: 53;
14109: 53;
14110: 53;
14111: 53;
14112: 53;
14113: 53;
14114: 53;
14115: 53;
14116: 53;
14117: 53;
14118: 53;
14119: 53;
14120: 53;
14121: 53;
14122: 53;
14123: 53;
14124: 53;
14125: 53;
14126: 53;
14127: 53;
14128: 53;
14129: 53;
14130: 53;
14131: 53;
14132: 53;
14133: 53;
14134: 53;
14135: 53;
14136: 53;
14137: 53;
14138: 53;
14139: 53;
14140: 53;
14141: 53;
14142: 53;
14143: 53;
14144: 53;
14145: 53;
14146: 53;
14147: 53;
14148: 53;
14149: 53;
14150: 53;
14151: 53;
14152: 53;
14153: 53;
14154: 53;
14155: 53;
14156: 53;
14157: 53;
14158: 53;
14159: 53;
14160: 53;
14161: 53;
14162: 53;
14163: 53;
14164: 53;
14165: 53;
14166: 53;
14167: 53;
14168: 53;
14169: 53;
14170: 53;
14171: 53;
14172: 53;
14173: 53;
14174: 53;
14175: 53;
14176: 53;
14177: 53;
14178: 53;
14179: 53;
14180: 53;
14181: 53;
14182: 53;
14183: 53;
14184: 53;
14185: 53;
14186: 53;
14187: 53;
14188: 53;
14189: 53;
14190: 53;
14191: 53;
14192: 53;
14193: 53;
14194: 53;
14195: 53;
14196: 53;
14197: 53;
14198: 53;
14199: 53;
14200: 53;
14201: 53;
14202: 53;
14203: 53;
14204: 53;
14205: 53;
14206: 53;
14207: 53;
14208: 53;
14209: 53;
14210: 53;
14211: 53;
14212: 53;
14213: 53;
14214: 53;
14215: 53;
14216: 53;
14217: 53;
14218: 53;
14219: 53;
14220: 53;
14221: 53;
14222: 53;
14223: 53;
14224: 53;
14225: 53;
14226: 53;
14227: 53;
14228: 53;
14229: 53;
14230: 53;
14231: 53;
14232: 53;
14233: 53;
14234: 53;
14235: 53;
14236: 53;
14237: 53;
14238: 53;
14239: 53;
14240: 53;
14241: 53;
14242: 53;
14243: 53;
14244: 53;
14245: 53;
14246: 53;
14247: 53;
14248: 53;
14249: 53;
14250: 53;
14251: 53;
14252: 53;
14253: 53;
14254: 53;
14255: 53;
14256: 53;
14257: 53;
14258: 53;
14259: 53;
14260: 53;
14261: 53;
14262: 53;
14263: 53;
14264: 53;
14265: 53;
14266: 53;
14267: 53;
14268: 53;
14269: 53;
14270: 53;
14271: 53;
14272: 53;
14273: 53;
14274: 53;
14275: 53;
14276: 53;
14277: 53;
14278: 53;
14279: 53;
14280: 53;
14281: 53;
14282: 53;
14283: 53;
14284: 53;
14285: 53;
14286: 53;
14287: 53;
14288: 53;
14289: 53;
14290: 53;
14291: 53;
14292: 53;
14293: 53;
14294: 53;
14295: 53;
14296: 53;
14297: 53;
14298: 53;
14299: 53;
14300: 53;
14301: 53;
14302: 53;
14303: 53;
14304: 53;
14305: 53;
14306: 53;
14307: 53;
14308: 53;
14309: 53;
14310: 53;
14311: 53;
14312: 53;
14313: 53;
14314: 53;
14315: 53;
14316: 53;
14317: 53;
14318: 53;
14319: 53;
14320: 53;
14321: 53;
14322: 53;
14323: 53;
14324: 53;
14325: 53;
14326: 53;
14327: 53;
14328: 53;
14329: 53;
14330: 53;
14331: 53;
14332: 53;
14333: 53;
14334: 53;
14335: 53;
14336: 53;
14337: 53;
14338: 53;
14339: 53;
14340: 53;
14341: 53;
14342: 53;
14343: 53;
14344: 53;
14345: 53;
14346: 53;
14347: 53;
14348: 53;
14349: 53;
14350: 53;
14351: 53;
14352: 53;
14353: 53;
14354: 53;
14355: 53;
14356: 53;
14357: 53;
14358: 53;
14359: 53;
14360: 53;
14361: 53;
14362: 53;
14363: 53;
14364: 53;
14365: 53;
14366: 53;
14367: 53;
14368: 53;
14369: 53;
14370: 53;
14371: 53;
14372: 53;
14373: 53;
14374: 53;
14375: 53;
14376: 53;
14377: 53;
14378: 53;
14379: 53;
14380: 53;
14381: 53;
14382: 53;
14383: 53;
14384: 53;
14385: 53;
14386: 53;
14387: 53;
14388: 53;
14389: 53;
14390: 53;
14391: 53;
14392: 53;
14393: 53;
14394: 53;
14395: 53;
14396: 53;
14397: 53;
14398: 53;
14399: 53;
14400: 53;
14401: 53;
14402: 53;
14403: 53;
14404: 53;
14405: 53;
14406: 53;
14407: 53;
14408: 53;
14409: 53;
14410: 53;
14411: 53;
14412: 53;
14413: 53;
14414: 53;
14415: 53;
14416: 53;
14417: 53;
14418: 53;
14419: 53;
14420: 53;
14421: 53;
14422: 53;
14423: 53;
14424: 53;
14425: 53;
14426: 53;
14427: 53;
14428: 53;
14429: 53;
14430: 53;
14431: 53;
14432: 53;
14433: 53;
14434: 53;
14435: 53;
14436: 53;
14437: 53;
14438: 53;
14439: 53;
14440: 53;
14441: 53;
14442: 53;
14443: 53;
14444: 53;
14445: 53;
14446: 53;
14447: 53;
14448: 53;
14449: 53;
14450: 53;
14451: 53;
14452: 53;
14453: 53;
14454: 53;
14455: 53;
14456: 53;
14457: 53;
14458: 53;
14459: 53;
14460: 53;
14461: 53;
14462: 53;
14463: 53;
14464: 53;
14465: 53;
14466: 53;
14467: 53;
14468: 53;
14469: 53;
14470: 53;
14471: 53;
14472: 53;
14473: 53;
14474: 53;
14475: 53;
14476: 53;
14477: 53;
14478: 53;
14479: 53;
14480: 53;
14481: 53;
14482: 53;
14483: 53;
14484: 53;
14485: 53;
14486: 53;
14487: 53;
14488: 53;
14489: 53;
14490: 53;
14491: 53;
14492: 53;
14493: 53;
14494: 53;
14495: 53;
14496: 53;
14497: 53;
14498: 53;
14499: 53;
14500: 53;
14501: 53;
14502: 53;
14503: 53;
14504: 53;
14505: 53;
14506: 53;
14507: 53;
14508: 53;
14509: 53;
14510: 53;
14511: 53;
14512: 53;
14513: 53;
14514: 53;
14515: 53;
14516: 53;
14517: 53;
14518: 53;
14519: 53;
14520: 53;
14521: 53;
14522: 53;
14523: 53;
14524: 53;
14525: 53;
14526: 53;
14527: 53;
14528: 53;
14529: 53;
14530: 53;
14531: 53;
14532: 53;
14533: 53;
14534: 53;
14535: 53;
14536: 53;
14537: 53;
14538: 53;
14539: 53;
14540: 53;
14541: 53;
14542: 53;
14543: 53;
14544: 53;
14545: 53;
14546: 53;
14547: 53;
14548: 53;
14549: 53;
14550: 53;
14551: 53;
14552: 53;
14553: 53;
14554: 53;
14555: 53;
14556: 53;
14557: 53;
14558: 53;
14559: 53;
14560: 53;
14561: 53;
14562: 53;
14563: 53;
14564: 53;
14565: 53;
14566: 53;
14567: 53;
14568: 53;
14569: 53;
14570: 53;
14571: 53;
14572: 53;
14573: 53;
14574: 53;
14575: 53;
14576: 53;
14577: 53;
14578: 53;
14579: 53;
14580: 53;
14581: 53;
14582: 53;
14583: 53;
14584: 53;
14585: 53;
14586: 53;
14587: 53;
14588: 53;
14589: 53;
14590: 53;
14591: 53;
14592: 53;
14593: 53;
14594: 53;
14595: 53;
14596: 53;
14597: 53;
14598: 53;
14599: 53;
14600: 53;
14601: 53;
14602: 53;
14603: 53;
14604: 53;
14605: 53;
14606: 53;
14607: 53;
14608: 53;
14609: 53;
14610: 53;
14611: 53;
14612: 53;
14613: 53;
14614: 53;
14615: 53;
14616: 53;
14617: 53;
14618: 53;
14619: 53;
14620: 53;
14621: 53;
14622: 53;
14623: 53;
14624: 53;
14625: 53;
14626: 53;
14627: 53;
14628: 53;
14629: 53;
14630: 53;
14631: 53;
14632: 53;
14633: 53;
14634: 53;
14635: 53;
14636: 53;
14637: 53;
14638: 53;
14639: 53;
14640: 53;
14641: 53;
14642: 53;
14643: 53;
14644: 53;
14645: 53;
14646: 53;
14647: 53;
14648: 53;
14649: 53;
14650: 53;
14651: 53;
14652: 53;
14653: 53;
14654: 53;
14655: 53;
14656: 53;
14657: 53;
14658: 53;
14659: 53;
14660: 53;
14661: 53;
14662: 53;
14663: 53;
14664: 53;
14665: 53;
14666: 53;
14667: 53;
14668: 53;
14669: 53;
14670: 53;
14671: 53;
14672: 53;
14673: 53;
14674: 53;
14675: 53;
14676: 53;
14677: 53;
14678: 53;
14679: 53;
14680: 53;
14681: 53;
14682: 53;
14683: 53;
14684: 53;
14685: 53;
14686: 53;
14687: 53;
14688: 53;
14689: 53;
14690: 53;
14691: 53;
14692: 53;
14693: 53;
14694: 53;
14695: 53;
14696: 53;
14697: 53;
14698: 53;
14699: 53;
14700: 53;
14701: 53;
14702: 53;
14703: 53;
14704: 53;
14705: 53;
14706: 53;
14707: 53;
14708: 53;
14709: 53;
14710: 53;
14711: 53;
14712: 53;
14713: 53;
14714: 53;
14715: 53;
14716: 53;
14717: 53;
14718: 53;
14719: 53;
14720: 53;
14721: 53;
14722: 53;
14723: 53;
14724: 53;
14725: 53;
14726: 53;
14727: 53;
14728: 53;
14729: 53;
14730: 53;
14731: 53;
14732: 53;
14733: 53;
14734: 53;
14735: 53;
14736: 53;
14737: 53;
14738: 53;
14739: 53;
14740: 53;
14741: 53;
14742: 53;
14743: 53;
14744: 53;
14745: 53;
14746: 53;
14747: 53;
14748: 53;
14749: 53;
14750: 53;
14751: 53;
14752: 53;
14753: 53;
14754: 53;
14755: 53;
14756: 53;
14757: 53;
14758: 53;
14759: 53;
14760: 53;
14761: 53;
14762: 53;
14763: 53;
14764: 53;
14765: 53;
14766: 53;
14767: 53;
14768: 53;
14769: 53;
14770: 53;
14771: 53;
14772: 53;
14773: 53;
14774: 53;
14775: 53;
14776: 53;
14777: 53;
14778: 53;
14779: 53;
14780: 53;
14781: 53;
14782: 53;
14783: 53;
14784: 53;
14785: 53;
14786: 53;
14787: 53;
14788: 53;
14789: 53;
14790: 53;
14791: 53;
14792: 53;
14793: 53;
14794: 53;
14795: 53;
14796: 53;
14797: 53;
14798: 53;
14799: 53;
14800: 53;
14801: 53;
14802: 53;
14803: 53;
14804: 53;
14805: 53;
14806: 53;
14807: 53;
14808: 53;
14809: 53;
14810: 53;
14811: 53;
14812: 53;
14813: 53;
14814: 53;
14815: 53;
14816: 53;
14817: 53;
14818: 53;
14819: 53;
14820: 53;
14821: 53;
14822: 53;
14823: 53;
14824: 53;
14825: 53;
14826: 53;
14827: 53;
14828: 53;
14829: 53;
14830: 53;
14831: 53;
14832: 53;
14833: 53;
14834: 53;
14835: 53;
14836: 53;
14837: 53;
14838: 53;
14839: 53;
14840: 53;
14841: 53;
14842: 53;
14843: 53;
14844: 53;
14845: 53;
14846: 53;
14847: 53;
14848: 53;
14849: 53;
14850: 53;
14851: 53;
14852: 53;
14853: 53;
14854: 53;
14855: 53;
14856: 53;
14857: 53;
14858: 53;
14859: 53;
14860: 53;
14861: 53;
14862: 53;
14863: 53;
14864: 53;
14865: 53;
14866: 53;
14867: 53;
14868: 53;
14869: 53;
14870: 53;
14871: 53;
14872: 53;
14873: 53;
14874: 53;
14875: 53;
14876: 53;
14877: 53;
14878: 53;
14879: 53;
14880: 53;
14881: 53;
14882: 53;
14883: 53;
14884: 53;
14885: 53;
14886: 53;
14887: 53;
14888: 53;
14889: 53;
14890: 53;
14891: 53;
14892: 53;
14893: 53;
14894: 53;
14895: 53;
14896: 53;
14897: 53;
14898: 53;
14899: 53;
14900: 53;
14901: 53;
14902: 53;
14903: 53;
14904: 53;
14905: 53;
14906: 53;
14907: 53;
14908: 53;
14909: 53;
14910: 53;
14911: 53;
14912: 53;
14913: 53;
14914: 53;
14915: 53;
14916: 53;
14917: 53;
14918: 53;
14919: 53;
14920: 53;
14921: 53;
14922: 53;
14923: 53;
14924: 53;
14925: 53;
14926: 53;
14927: 53;
14928: 53;
14929: 53;
14930: 53;
14931: 53;
14932: 53;
14933: 53;
14934: 53;
14935: 53;
14936: 53;
14937: 53;
14938: 53;
14939: 53;
14940: 53;
14941: 53;
14942: 53;
14943: 53;
14944: 53;
14945: 53;
14946: 53;
14947: 53;
14948: 53;
14949: 53;
14950: 53;
14951: 53;
14952: 53;
14953: 53;
14954: 53;
14955: 53;
14956: 53;
14957: 53;
14958: 53;
14959: 53;
14960: 53;
14961: 53;
14962: 53;
14963: 54;
14964: 54;
14965: 54;
14966: 54;
14967: 54;
14968: 54;
14969: 54;
14970: 54;
14971: 54;
14972: 54;
14973: 54;
14974: 54;
14975: 54;
14976: 54;
14977: 54;
14978: 54;
14979: 54;
14980: 54;
14981: 54;
14982: 54;
14983: 54;
14984: 54;
14985: 54;
14986: 54;
14987: 54;
14988: 54;
14989: 54;
14990: 54;
14991: 54;
14992: 54;
14993: 54;
14994: 54;
14995: 54;
14996: 54;
14997: 54;
14998: 54;
14999: 54;
15000: 54;
15001: 54;
15002: 54;
15003: 54;
15004: 54;
15005: 54;
15006: 54;
15007: 54;
15008: 54;
15009: 54;
15010: 54;
15011: 54;
15012: 54;
15013: 54;
15014: 54;
15015: 54;
15016: 54;
15017: 54;
15018: 54;
15019: 54;
15020: 54;
15021: 54;
15022: 54;
15023: 54;
15024: 54;
15025: 54;
15026: 54;
15027: 54;
15028: 54;
15029: 54;
15030: 54;
15031: 54;
15032: 54;
15033: 54;
15034: 54;
15035: 54;
15036: 54;
15037: 54;
15038: 54;
15039: 54;
15040: 54;
15041: 54;
15042: 54;
15043: 54;
15044: 54;
15045: 54;
15046: 54;
15047: 54;
15048: 54;
15049: 54;
15050: 54;
15051: 54;
15052: 54;
15053: 54;
15054: 54;
15055: 54;
15056: 54;
15057: 54;
15058: 54;
15059: 54;
15060: 54;
15061: 54;
15062: 54;
15063: 54;
15064: 54;
15065: 54;
15066: 54;
15067: 54;
15068: 54;
15069: 54;
15070: 54;
15071: 54;
15072: 54;
15073: 54;
15074: 54;
15075: 54;
15076: 54;
15077: 54;
15078: 54;
15079: 54;
15080: 54;
15081: 54;
15082: 54;
15083: 54;
15084: 54;
15085: 54;
15086: 54;
15087: 54;
15088: 54;
15089: 54;
15090: 54;
15091: 54;
15092: 54;
15093: 54;
15094: 54;
15095: 54;
15096: 54;
15097: 54;
15098: 54;
15099: 54;
15100: 54;
15101: 54;
15102: 54;
15103: 54;
15104: 54;
15105: 54;
15106: 54;
15107: 54;
15108: 54;
15109: 54;
15110: 54;
15111: 54;
15112: 54;
15113: 54;
15114: 54;
15115: 54;
15116: 54;
15117: 54;
15118: 54;
15119: 54;
15120: 54;
15121: 54;
15122: 54;
15123: 54;
15124: 54;
15125: 54;
15126: 54;
15127: 54;
15128: 54;
15129: 54;
15130: 54;
15131: 54;
15132: 54;
15133: 54;
15134: 54;
15135: 54;
15136: 54;
15137: 54;
15138: 54;
15139: 54;
15140: 54;
15141: 54;
15142: 54;
15143: 54;
15144: 54;
15145: 54;
15146: 54;
15147: 54;
15148: 54;
15149: 54;
15150: 54;
15151: 54;
15152: 54;
15153: 54;
15154: 54;
15155: 54;
15156: 54;
15157: 54;
15158: 54;
15159: 54;
15160: 54;
15161: 54;
15162: 54;
15163: 54;
15164: 54;
15165: 54;
15166: 54;
15167: 54;
15168: 54;
15169: 54;
15170: 54;
15171: 54;
15172: 54;
15173: 54;
15174: 54;
15175: 54;
15176: 54;
15177: 54;
15178: 54;
15179: 54;
15180: 54;
15181: 54;
15182: 54;
15183: 54;
15184: 54;
15185: 54;
15186: 54;
15187: 54;
15188: 54;
15189: 54;
15190: 54;
15191: 54;
15192: 54;
15193: 54;
15194: 54;
15195: 54;
15196: 54;
15197: 54;
15198: 54;
15199: 54;
15200: 54;
15201: 54;
15202: 54;
15203: 54;
15204: 54;
15205: 54;
15206: 54;
15207: 54;
15208: 54;
15209: 54;
15210: 54;
15211: 54;
15212: 54;
15213: 54;
15214: 54;
15215: 54;
15216: 54;
15217: 54;
15218: 54;
15219: 54;
15220: 54;
15221: 54;
15222: 54;
15223: 54;
15224: 54;
15225: 54;
15226: 54;
15227: 54;
15228: 54;
15229: 54;
15230: 54;
15231: 54;
15232: 54;
15233: 54;
15234: 54;
15235: 54;
15236: 54;
15237: 54;
15238: 54;
15239: 54;
15240: 54;
15241: 54;
15242: 54;
15243: 54;
15244: 54;
15245: 54;
15246: 54;
15247: 54;
15248: 54;
15249: 54;
15250: 54;
15251: 54;
15252: 54;
15253: 54;
15254: 54;
15255: 54;
15256: 54;
15257: 54;
15258: 54;
15259: 54;
15260: 54;
15261: 54;
15262: 54;
15263: 54;
15264: 54;
15265: 54;
15266: 54;
15267: 54;
15268: 54;
15269: 54;
15270: 54;
15271: 54;
15272: 54;
15273: 54;
15274: 54;
15275: 54;
15276: 54;
15277: 54;
15278: 54;
15279: 54;
15280: 54;
15281: 54;
15282: 54;
15283: 54;
15284: 54;
15285: 54;
15286: 54;
15287: 54;
15288: 54;
15289: 54;
15290: 54;
15291: 54;
15292: 54;
15293: 54;
15294: 54;
15295: 54;
15296: 54;
15297: 54;
15298: 54;
15299: 54;
15300: 54;
15301: 54;
15302: 54;
15303: 54;
15304: 54;
15305: 54;
15306: 54;
15307: 54;
15308: 54;
15309: 54;
15310: 54;
15311: 54;
15312: 54;
15313: 54;
15314: 54;
15315: 54;
15316: 54;
15317: 54;
15318: 54;
15319: 54;
15320: 54;
15321: 54;
15322: 54;
15323: 54;
15324: 54;
15325: 54;
15326: 54;
15327: 54;
15328: 54;
15329: 54;
15330: 54;
15331: 54;
15332: 54;
15333: 54;
15334: 54;
15335: 54;
15336: 54;
15337: 54;
15338: 54;
15339: 54;
15340: 54;
15341: 54;
15342: 54;
15343: 54;
15344: 54;
15345: 54;
15346: 54;
15347: 54;
15348: 54;
15349: 54;
15350: 54;
15351: 54;
15352: 54;
15353: 54;
15354: 54;
15355: 54;
15356: 54;
15357: 54;
15358: 54;
15359: 54;
15360: 54;
15361: 54;
15362: 54;
15363: 54;
15364: 54;
15365: 54;
15366: 54;
15367: 54;
15368: 54;
15369: 54;
15370: 54;
15371: 54;
15372: 54;
15373: 54;
15374: 54;
15375: 54;
15376: 54;
15377: 54;
15378: 54;
15379: 54;
15380: 54;
15381: 54;
15382: 54;
15383: 54;
15384: 54;
15385: 54;
15386: 54;
15387: 54;
15388: 54;
15389: 54;
15390: 54;
15391: 54;
15392: 54;
15393: 54;
15394: 54;
15395: 54;
15396: 54;
15397: 54;
15398: 54;
15399: 54;
15400: 54;
15401: 54;
15402: 54;
15403: 54;
15404: 54;
15405: 54;
15406: 54;
15407: 54;
15408: 54;
15409: 54;
15410: 54;
15411: 54;
15412: 54;
15413: 54;
15414: 54;
15415: 54;
15416: 54;
15417: 54;
15418: 54;
15419: 54;
15420: 54;
15421: 54;
15422: 54;
15423: 54;
15424: 54;
15425: 54;
15426: 54;
15427: 54;
15428: 54;
15429: 54;
15430: 54;
15431: 54;
15432: 54;
15433: 54;
15434: 54;
15435: 54;
15436: 54;
15437: 54;
15438: 54;
15439: 54;
15440: 54;
15441: 54;
15442: 54;
15443: 54;
15444: 54;
15445: 54;
15446: 54;
15447: 54;
15448: 54;
15449: 54;
15450: 54;
15451: 54;
15452: 54;
15453: 54;
15454: 54;
15455: 54;
15456: 54;
15457: 54;
15458: 54;
15459: 54;
15460: 54;
15461: 54;
15462: 54;
15463: 54;
15464: 54;
15465: 54;
15466: 54;
15467: 54;
15468: 54;
15469: 54;
15470: 54;
15471: 54;
15472: 54;
15473: 54;
15474: 54;
15475: 54;
15476: 54;
15477: 54;
15478: 54;
15479: 54;
15480: 54;
15481: 54;
15482: 54;
15483: 54;
15484: 54;
15485: 54;
15486: 54;
15487: 54;
15488: 54;
15489: 54;
15490: 54;
15491: 54;
15492: 54;
15493: 54;
15494: 54;
15495: 54;
15496: 54;
15497: 54;
15498: 54;
15499: 54;
15500: 54;
15501: 54;
15502: 54;
15503: 54;
15504: 54;
15505: 54;
15506: 54;
15507: 54;
15508: 54;
15509: 54;
15510: 54;
15511: 54;
15512: 54;
15513: 54;
15514: 54;
15515: 54;
15516: 54;
15517: 54;
15518: 54;
15519: 54;
15520: 54;
15521: 54;
15522: 54;
15523: 54;
15524: 54;
15525: 54;
15526: 54;
15527: 54;
15528: 54;
15529: 54;
15530: 54;
15531: 54;
15532: 54;
15533: 54;
15534: 54;
15535: 54;
15536: 54;
15537: 54;
15538: 54;
15539: 54;
15540: 54;
15541: 54;
15542: 54;
15543: 54;
15544: 54;
15545: 54;
15546: 54;
15547: 54;
15548: 54;
15549: 54;
15550: 54;
15551: 54;
15552: 54;
15553: 54;
15554: 54;
15555: 54;
15556: 54;
15557: 54;
15558: 54;
15559: 54;
15560: 54;
15561: 54;
15562: 54;
15563: 54;
15564: 54;
15565: 54;
15566: 54;
15567: 54;
15568: 54;
15569: 54;
15570: 54;
15571: 54;
15572: 54;
15573: 54;
15574: 54;
15575: 54;
15576: 54;
15577: 54;
15578: 54;
15579: 54;
15580: 54;
15581: 54;
15582: 54;
15583: 54;
15584: 54;
15585: 54;
15586: 54;
15587: 54;
15588: 54;
15589: 54;
15590: 54;
15591: 54;
15592: 54;
15593: 54;
15594: 54;
15595: 54;
15596: 54;
15597: 54;
15598: 54;
15599: 54;
15600: 54;
15601: 54;
15602: 54;
15603: 54;
15604: 54;
15605: 54;
15606: 54;
15607: 54;
15608: 54;
15609: 54;
15610: 54;
15611: 54;
15612: 54;
15613: 54;
15614: 54;
15615: 54;
15616: 54;
15617: 54;
15618: 54;
15619: 54;
15620: 54;
15621: 54;
15622: 54;
15623: 54;
15624: 54;
15625: 54;
15626: 54;
15627: 54;
15628: 54;
15629: 54;
15630: 54;
15631: 54;
15632: 54;
15633: 54;
15634: 54;
15635: 54;
15636: 54;
15637: 54;
15638: 54;
15639: 54;
15640: 54;
15641: 54;
15642: 54;
15643: 54;
15644: 54;
15645: 54;
15646: 54;
15647: 54;
15648: 54;
15649: 54;
15650: 54;
15651: 54;
15652: 54;
15653: 54;
15654: 54;
15655: 54;
15656: 54;
15657: 54;
15658: 54;
15659: 54;
15660: 54;
15661: 54;
15662: 54;
15663: 54;
15664: 54;
15665: 54;
15666: 54;
15667: 54;
15668: 54;
15669: 54;
15670: 54;
15671: 54;
15672: 54;
15673: 54;
15674: 54;
15675: 54;
15676: 54;
15677: 54;
15678: 54;
15679: 54;
15680: 54;
15681: 54;
15682: 54;
15683: 54;
15684: 54;
15685: 54;
15686: 54;
15687: 54;
15688: 54;
15689: 54;
15690: 54;
15691: 54;
15692: 54;
15693: 54;
15694: 54;
15695: 54;
15696: 54;
15697: 54;
15698: 54;
15699: 54;
15700: 54;
15701: 54;
15702: 54;
15703: 54;
15704: 54;
15705: 54;
15706: 54;
15707: 54;
15708: 54;
15709: 54;
15710: 54;
15711: 54;
15712: 54;
15713: 54;
15714: 54;
15715: 54;
15716: 54;
15717: 54;
15718: 54;
15719: 54;
15720: 54;
15721: 54;
15722: 54;
15723: 54;
15724: 54;
15725: 54;
15726: 54;
15727: 54;
15728: 54;
15729: 54;
15730: 54;
15731: 54;
15732: 54;
15733: 54;
15734: 54;
15735: 54;
15736: 54;
15737: 54;
15738: 54;
15739: 54;
15740: 54;
15741: 54;
15742: 54;
15743: 54;
15744: 54;
15745: 54;
15746: 54;
15747: 54;
15748: 54;
15749: 54;
15750: 54;
15751: 54;
15752: 54;
15753: 54;
15754: 54;
15755: 54;
15756: 54;
15757: 54;
15758: 54;
15759: 54;
15760: 54;
15761: 54;
15762: 54;
15763: 54;
15764: 54;
15765: 54;
15766: 54;
15767: 54;
15768: 54;
15769: 54;
15770: 54;
15771: 54;
15772: 54;
15773: 54;
15774: 54;
15775: 54;
15776: 54;
15777: 54;
15778: 54;
15779: 54;
15780: 54;
15781: 54;
15782: 54;
15783: 54;
15784: 54;
15785: 54;
15786: 54;
15787: 54;
15788: 54;
15789: 54;
15790: 54;
15791: 54;
15792: 54;
15793: 54;
15794: 54;
15795: 54;
15796: 54;
15797: 54;
15798: 54;
15799: 54;
15800: 54;
15801: 54;
15802: 54;
15803: 54;
15804: 54;
15805: 54;
15806: 54;
15807: 54;
15808: 54;
15809: 54;
15810: 54;
15811: 54;
15812: 54;
15813: 54;
15814: 54;
15815: 54;
15816: 54;
15817: 54;
15818: 54;
15819: 54;
15820: 54;
15821: 54;
15822: 54;
15823: 54;
15824: 54;
15825: 54;
15826: 54;
15827: 54;
15828: 54;
15829: 54;
15830: 54;
15831: 54;
15832: 54;
15833: 54;
15834: 54;
15835: 54;
15836: 54;
15837: 54;
15838: 54;
15839: 54;
15840: 54;
15841: 54;
15842: 54;
15843: 54;
15844: 54;
15845: 54;
15846: 54;
15847: 54;
15848: 54;
15849: 54;
15850: 54;
15851: 54;
15852: 54;
15853: 54;
15854: 54;
15855: 54;
15856: 54;
15857: 54;
15858: 54;
15859: 54;
15860: 54;
15861: 54;
15862: 54;
15863: 54;
15864: 54;
15865: 54;
15866: 54;
15867: 54;
15868: 54;
15869: 54;
15870: 54;
15871: 54;
15872: 54;
15873: 54;
15874: 54;
15875: 54;
15876: 54;
15877: 54;
15878: 54;
15879: 54;
15880: 54;
15881: 54;
15882: 54;
15883: 54;
15884: 54;
15885: 54;
15886: 54;
15887: 54;
15888: 54;
15889: 54;
15890: 54;
15891: 54;
15892: 54;
15893: 54;
15894: 54;
15895: 54;
15896: 54;
15897: 54;
15898: 54;
15899: 54;
15900: 54;
15901: 54;
15902: 54;
15903: 54;
15904: 54;
15905: 54;
15906: 54;
15907: 54;
15908: 54;
15909: 54;
15910: 54;
15911: 54;
15912: 54;
15913: 54;
15914: 54;
15915: 54;
15916: 54;
15917: 54;
15918: 54;
15919: 54;
15920: 54;
15921: 54;
15922: 54;
15923: 54;
15924: 54;
15925: 54;
15926: 54;
15927: 54;
15928: 54;
15929: 54;
15930: 54;
15931: 54;
15932: 54;
15933: 54;
15934: 54;
15935: 54;
15936: 54;
15937: 54;
15938: 54;
15939: 54;
15940: 54;
15941: 54;
15942: 54;
15943: 54;
15944: 54;
15945: 54;
15946: 54;
15947: 54;
15948: 54;
15949: 54;
15950: 54;
15951: 54;
15952: 54;
15953: 54;
15954: 54;
15955: 54;
15956: 54;
15957: 54;
15958: 54;
15959: 54;
15960: 54;
15961: 54;
15962: 54;
15963: 54;
15964: 54;
15965: 54;
15966: 54;
15967: 54;
15968: 54;
15969: 54;
15970: 54;
15971: 54;
15972: 54;
15973: 54;
15974: 54;
15975: 54;
15976: 54;
15977: 54;
15978: 54;
15979: 54;
15980: 54;
15981: 54;
15982: 54;
15983: 54;
15984: 54;
15985: 54;
15986: 54;
15987: 54;
15988: 54;
15989: 54;
15990: 54;
15991: 54;
15992: 54;
15993: 54;
15994: 54;
15995: 54;
15996: 54;
15997: 54;
15998: 54;
15999: 54;
16000: 54;
16001: 54;
16002: 54;
16003: 54;
16004: 54;
16005: 54;
16006: 54;
16007: 54;
16008: 54;
16009: 54;
16010: 54;
16011: 54;
16012: 54;
16013: 54;
16014: 54;
16015: 54;
16016: 54;
16017: 54;
16018: 54;
16019: 54;
16020: 54;
16021: 54;
16022: 54;
16023: 54;
16024: 54;
16025: 54;
16026: 54;
16027: 54;
16028: 54;
16029: 54;
16030: 54;
16031: 54;
16032: 54;
16033: 54;
16034: 54;
16035: 54;
16036: 54;
16037: 54;
16038: 54;
16039: 54;
16040: 54;
16041: 54;
16042: 54;
16043: 54;
16044: 54;
16045: 54;
16046: 54;
16047: 54;
16048: 54;
16049: 54;
16050: 54;
16051: 54;
16052: 54;
16053: 54;
16054: 54;
16055: 54;
16056: 54;
16057: 54;
16058: 54;
16059: 54;
16060: 54;
16061: 54;
16062: 54;
16063: 54;
16064: 54;
16065: 54;
16066: 54;
16067: 54;
16068: 54;
16069: 54;
16070: 54;
16071: 54;
16072: 54;
16073: 54;
16074: 54;
16075: 54;
16076: 54;
16077: 54;
16078: 54;
16079: 54;
16080: 54;
16081: 54;
16082: 54;
16083: 54;
16084: 54;
16085: 54;
16086: 54;
16087: 54;
16088: 54;
16089: 54;
16090: 54;
16091: 54;
16092: 54;
16093: 54;
16094: 54;
16095: 54;
16096: 54;
16097: 54;
16098: 54;
16099: 54;
16100: 54;
16101: 54;
16102: 54;
16103: 54;
16104: 54;
16105: 54;
16106: 54;
16107: 54;
16108: 54;
16109: 54;
16110: 54;
16111: 54;
16112: 54;
16113: 54;
16114: 54;
16115: 54;
16116: 54;
16117: 54;
16118: 54;
16119: 54;
16120: 54;
16121: 54;
16122: 54;
16123: 54;
16124: 54;
16125: 54;
16126: 54;
16127: 54;
16128: 54;
16129: 54;
16130: 54;
16131: 54;
16132: 54;
16133: 54;
16134: 54;
16135: 54;
16136: 54;
16137: 54;
16138: 54;
16139: 54;
16140: 54;
16141: 54;
16142: 54;
16143: 54;
16144: 54;
16145: 54;
16146: 54;
16147: 54;
16148: 54;
16149: 54;
16150: 54;
16151: 54;
16152: 54;
16153: 54;
16154: 54;
16155: 54;
16156: 54;
16157: 54;
16158: 54;
16159: 54;
16160: 54;
16161: 54;
16162: 54;
16163: 54;
16164: 54;
16165: 54;
16166: 54;
16167: 54;
16168: 54;
16169: 54;
16170: 54;
16171: 54;
16172: 54;
16173: 54;
16174: 54;
16175: 54;
16176: 54;
16177: 54;
16178: 54;
16179: 54;
16180: 54;
16181: 54;
16182: 54;
16183: 54;
16184: 54;
16185: 54;
16186: 54;
16187: 54;
16188: 54;
16189: 54;
16190: 54;
16191: 54;
16192: 54;
16193: 54;
16194: 54;
16195: 54;
16196: 54;
16197: 54;
16198: 54;
16199: 54;
16200: 54;
16201: 54;
16202: 54;
16203: 54;
16204: 54;
16205: 54;
16206: 54;
16207: 54;
16208: 54;
16209: 54;
16210: 54;
16211: 54;
16212: 54;
16213: 54;
16214: 54;
16215: 54;
16216: 54;
16217: 54;
16218: 54;
16219: 54;
16220: 54;
16221: 54;
16222: 54;
16223: 54;
16224: 54;
16225: 54;
16226: 54;
16227: 54;
16228: 54;
16229: 54;
16230: 54;
16231: 54;
16232: 54;
16233: 54;
16234: 54;
16235: 54;
16236: 54;
16237: 54;
16238: 54;
16239: 54;
16240: 54;
16241: 54;
16242: 54;
16243: 54;
16244: 54;
16245: 54;
16246: 54;
16247: 54;
16248: 54;
16249: 54;
16250: 54;
16251: 54;
16252: 54;
16253: 54;
16254: 54;
16255: 54;
16256: 54;
16257: 54;
16258: 54;
16259: 54;
16260: 54;
16261: 54;
16262: 54;
16263: 54;
16264: 54;
16265: 54;
16266: 54;
16267: 54;
16268: 54;
16269: 54;
16270: 54;
16271: 54;
16272: 54;
16273: 54;
16274: 54;
16275: 54;
16276: 54;
16277: 54;
16278: 54;
16279: 54;
16280: 54;
16281: 54;
16282: 54;
16283: 54;
16284: 54;
16285: 54;
16286: 54;
16287: 54;
16288: 54;
16289: 54;
16290: 54;
16291: 54;
16292: 54;
16293: 54;
16294: 54;
16295: 54;
16296: 54;
16297: 54;
16298: 54;
16299: 54;
16300: 54;
16301: 54;
16302: 54;
16303: 54;
16304: 54;
16305: 54;
16306: 54;
16307: 54;
16308: 54;
16309: 54;
16310: 54;
16311: 54;
16312: 54;
16313: 54;
16314: 54;
16315: 54;
16316: 54;
16317: 54;
16318: 54;
16319: 54;
16320: 54;
16321: 54;
16322: 54;
16323: 54;
16324: 54;
16325: 54;
16326: 54;
16327: 54;
16328: 54;
16329: 54;
16330: 54;
16331: 54;
16332: 54;
16333: 54;
16334: 54;
16335: 54;
16336: 54;
16337: 54;
16338: 54;
16339: 54;
16340: 54;
16341: 54;
16342: 54;
16343: 54;
16344: 54;
16345: 54;
16346: 54;
16347: 54;
16348: 54;
16349: 54;
16350: 54;
16351: 54;
16352: 54;
16353: 54;
16354: 54;
16355: 54;
16356: 54;
16357: 54;
16358: 54;
16359: 54;
16360: 54;
16361: 54;
16362: 54;
16363: 54;
16364: 54;
16365: 54;
16366: 54;
16367: 54;
16368: 54;
16369: 54;
16370: 54;
16371: 54;
16372: 54;
16373: 54;
16374: 54;
16375: 54;
16376: 54;
16377: 54;
16378: 54;
16379: 54;
16380: 54;
16381: 54;
16382: 54;
16383: 54;
16384: 54;
16385: 54;
16386: 54;
16387: 54;
16388: 54;
16389: 54;
16390: 54;
16391: 54;
16392: 54;
16393: 54;
16394: 54;
16395: 54;
16396: 54;
16397: 54;
16398: 54;
16399: 54;
16400: 54;
16401: 54;
16402: 54;
16403: 54;
16404: 54;
16405: 54;
16406: 54;
16407: 54;
16408: 54;
16409: 54;
16410: 54;
16411: 54;
16412: 54;
16413: 54;
16414: 54;
16415: 54;
16416: 54;
16417: 54;
16418: 54;
16419: 54;
16420: 54;
16421: 54;
16422: 54;
16423: 54;
16424: 54;
16425: 54;
16426: 54;
16427: 54;
16428: 54;
16429: 54;
16430: 54;
16431: 54;
16432: 54;
16433: 54;
16434: 54;
16435: 54;
16436: 54;
16437: 54;
16438: 54;
16439: 54;
16440: 54;
16441: 54;
16442: 54;
16443: 54;
16444: 54;
16445: 54;
16446: 54;
16447: 54;
16448: 54;
16449: 54;
16450: 54;
16451: 54;
16452: 54;
16453: 54;
16454: 54;
16455: 54;
16456: 54;
16457: 54;
16458: 54;
16459: 54;
16460: 54;
16461: 54;
16462: 54;
16463: 54;
16464: 54;
16465: 54;
16466: 54;
16467: 54;
16468: 54;
16469: 54;
16470: 54;
16471: 54;
16472: 54;
16473: 54;
16474: 54;
16475: 54;
16476: 54;
16477: 54;
16478: 54;
16479: 54;
16480: 54;
16481: 54;
16482: 54;
16483: 54;
16484: 54;
16485: 54;
16486: 54;
16487: 54;
16488: 54;
16489: 54;
16490: 54;
16491: 54;
16492: 54;
16493: 54;
16494: 54;
16495: 54;
16496: 54;
16497: 54;
16498: 54;
16499: 54;
16500: 54;
16501: 54;
16502: 54;
16503: 54;
16504: 54;
16505: 54;
16506: 54;
16507: 54;
16508: 54;
16509: 54;
16510: 54;
16511: 54;
16512: 54;
16513: 54;
16514: 54;
16515: 54;
16516: 54;
16517: 54;
16518: 54;
16519: 54;
16520: 54;
16521: 54;
16522: 54;
16523: 54;
16524: 54;
16525: 54;
16526: 54;
16527: 54;
16528: 54;
16529: 54;
16530: 54;
16531: 54;
16532: 54;
16533: 54;
16534: 54;
16535: 54;
16536: 54;
16537: 54;
16538: 54;
16539: 54;
16540: 54;
16541: 54;
16542: 54;
16543: 54;
16544: 54;
16545: 54;
16546: 54;
16547: 54;
16548: 54;
16549: 54;
16550: 54;
16551: 54;
16552: 54;
16553: 54;
16554: 54;
16555: 54;
16556: 54;
16557: 54;
16558: 54;
16559: 54;
16560: 54;
16561: 54;
16562: 54;
16563: 54;
16564: 54;
16565: 54;
16566: 54;
16567: 54;
16568: 54;
16569: 54;
16570: 54;
16571: 54;
16572: 54;
16573: 54;
16574: 54;
16575: 54;
16576: 54;
16577: 54;
16578: 54;
16579: 54;
16580: 54;
16581: 54;
16582: 54;
16583: 54;
16584: 54;
16585: 54;
16586: 54;
16587: 54;
16588: 54;
16589: 54;
16590: 54;
16591: 54;
16592: 54;
16593: 54;
16594: 54;
16595: 54;
16596: 54;
16597: 54;
16598: 54;
16599: 54;
16600: 54;
16601: 54;
16602: 54;
16603: 54;
16604: 54;
16605: 54;
16606: 54;
16607: 54;
16608: 54;
16609: 54;
16610: 54;
16611: 54;
16612: 54;
16613: 54;
16614: 54;
16615: 54;
16616: 54;
16617: 54;
16618: 54;
16619: 54;
16620: 54;
16621: 54;
16622: 54;
16623: 54;
16624: 54;
16625: 54;
16626: 54;
16627: 54;
16628: 54;
16629: 54;
16630: 54;
16631: 54;
16632: 54;
16633: 54;
16634: 54;
16635: 54;
16636: 54;
16637: 54;
16638: 54;
16639: 54;
16640: 54;
16641: 54;
16642: 54;
16643: 54;
16644: 54;
16645: 54;
16646: 54;
16647: 54;
16648: 54;
16649: 54;
16650: 54;
16651: 54;
16652: 54;
16653: 54;
16654: 54;
16655: 54;
16656: 54;
16657: 54;
16658: 54;
16659: 54;
16660: 54;
16661: 54;
16662: 54;
16663: 54;
16664: 54;
16665: 54;
16666: 54;
16667: 54;
16668: 54;
16669: 54;
16670: 54;
16671: 54;
16672: 54;
16673: 54;
16674: 54;
16675: 54;
16676: 54;
16677: 54;
16678: 54;
16679: 54;
16680: 54;
16681: 54;
16682: 54;
16683: 54;
16684: 54;
16685: 54;
16686: 54;
16687: 54;
16688: 54;
16689: 54;
16690: 54;
16691: 54;
16692: 54;
16693: 54;
16694: 54;
16695: 54;
16696: 54;
16697: 54;
16698: 54;
16699: 54;
16700: 54;
16701: 54;
16702: 54;
16703: 54;
16704: 54;
16705: 54;
16706: 54;
16707: 54;
16708: 54;
16709: 54;
16710: 54;
16711: 54;
16712: 54;
16713: 54;
16714: 54;
16715: 54;
16716: 54;
16717: 54;
16718: 54;
16719: 54;
16720: 54;
16721: 54;
16722: 54;
16723: 54;
16724: 54;
16725: 54;
16726: 54;
16727: 54;
16728: 54;
16729: 54;
16730: 54;
16731: 54;
16732: 54;
16733: 54;
16734: 54;
16735: 54;
16736: 54;
16737: 54;
16738: 54;
16739: 54;
16740: 54;
16741: 54;
16742: 54;
16743: 54;
16744: 54;
16745: 54;
16746: 54;
16747: 54;
16748: 54;
16749: 54;
16750: 54;
16751: 54;
16752: 54;
16753: 54;
16754: 54;
16755: 54;
16756: 54;
16757: 54;
16758: 54;
16759: 54;
16760: 54;
16761: 54;
16762: 54;
16763: 54;
16764: 54;
16765: 54;
16766: 54;
16767: 54;
16768: 54;
16769: 54;
16770: 54;
16771: 54;
16772: 54;
16773: 54;
16774: 54;
16775: 54;
16776: 54;
16777: 54;
16778: 54;
16779: 54;
16780: 54;
16781: 54;
16782: 54;
16783: 54;
16784: 54;
16785: 54;
16786: 54;
16787: 54;
16788: 54;
16789: 55;
16790: 55;
16791: 55;
16792: 55;
16793: 55;
16794: 55;
16795: 55;
16796: 55;
16797: 55;
16798: 55;
16799: 55;
16800: 55;
16801: 55;
16802: 55;
16803: 55;
16804: 55;
16805: 55;
16806: 55;
16807: 55;
16808: 55;
16809: 55;
16810: 55;
16811: 55;
16812: 55;
16813: 55;
16814: 55;
16815: 55;
16816: 55;
16817: 55;
16818: 55;
16819: 55;
16820: 55;
16821: 55;
16822: 55;
16823: 55;
16824: 55;
16825: 55;
16826: 55;
16827: 55;
16828: 55;
16829: 55;
16830: 55;
16831: 55;
16832: 55;
16833: 55;
16834: 55;
16835: 55;
16836: 55;
16837: 55;
16838: 55;
16839: 55;
16840: 55;
16841: 55;
16842: 55;
16843: 55;
16844: 55;
16845: 55;
16846: 55;
16847: 55;
16848: 55;
16849: 55;
16850: 55;
16851: 55;
16852: 55;
16853: 55;
16854: 55;
16855: 55;
16856: 55;
16857: 55;
16858: 55;
16859: 55;
16860: 55;
16861: 55;
16862: 55;
16863: 55;
16864: 55;
16865: 55;
16866: 55;
16867: 55;
16868: 55;
16869: 55;
16870: 55;
16871: 55;
16872: 55;
16873: 55;
16874: 55;
16875: 55;
16876: 55;
16877: 55;
16878: 55;
16879: 55;
16880: 55;
16881: 55;
16882: 55;
16883: 55;
16884: 55;
16885: 55;
16886: 55;
16887: 55;
16888: 55;
16889: 55;
16890: 55;
16891: 55;
16892: 55;
16893: 55;
16894: 55;
16895: 55;
16896: 55;
16897: 55;
16898: 55;
16899: 55;
16900: 55;
16901: 55;
16902: 55;
16903: 55;
16904: 55;
16905: 55;
16906: 55;
16907: 55;
16908: 55;
16909: 55;
16910: 55;
16911: 55;
16912: 55;
16913: 55;
16914: 55;
16915: 55;
16916: 55;
16917: 55;
16918: 55;
16919: 55;
16920: 55;
16921: 55;
16922: 55;
16923: 55;
16924: 55;
16925: 55;
16926: 55;
16927: 55;
16928: 55;
16929: 55;
16930: 55;
16931: 55;
16932: 55;
16933: 55;
16934: 55;
16935: 55;
16936: 55;
16937: 55;
16938: 55;
16939: 55;
16940: 55;
16941: 55;
16942: 55;
16943: 55;
16944: 55;
16945: 55;
16946: 55;
16947: 55;
16948: 55;
16949: 55;
16950: 55;
16951: 55;
16952: 55;
16953: 55;
16954: 55;
16955: 55;
16956: 55;
16957: 55;
16958: 55;
16959: 55;
16960: 55;
16961: 55;
16962: 55;
16963: 55;
16964: 55;
16965: 55;
16966: 55;
16967: 55;
16968: 55;
16969: 55;
16970: 55;
16971: 55;
16972: 55;
16973: 55;
16974: 55;
16975: 55;
16976: 55;
16977: 55;
16978: 55;
16979: 55;
16980: 55;
16981: 55;
16982: 55;
16983: 55;
16984: 55;
16985: 55;
16986: 55;
16987: 55;
16988: 55;
16989: 55;
16990: 55;
16991: 55;
16992: 55;
16993: 55;
16994: 55;
16995: 55;
16996: 55;
16997: 55;
16998: 55;
16999: 55;
17000: 55;
17001: 55;
17002: 55;
17003: 55;
17004: 55;
17005: 55;
17006: 55;
17007: 55;
17008: 55;
17009: 55;
17010: 55;
17011: 55;
17012: 55;
17013: 55;
17014: 55;
17015: 55;
17016: 55;
17017: 55;
17018: 55;
17019: 55;
17020: 55;
17021: 55;
17022: 55;
17023: 55;
17024: 55;
17025: 55;
17026: 55;
17027: 55;
17028: 55;
17029: 55;
17030: 55;
17031: 55;
17032: 55;
17033: 55;
17034: 55;
17035: 55;
17036: 55;
17037: 55;
17038: 55;
17039: 55;
17040: 55;
17041: 55;
17042: 55;
17043: 55;
17044: 55;
17045: 55;
17046: 55;
17047: 55;
17048: 55;
17049: 55;
17050: 55;
17051: 55;
17052: 55;
17053: 55;
17054: 55;
17055: 55;
17056: 55;
17057: 55;
17058: 55;
17059: 55;
17060: 55;
17061: 55;
17062: 55;
17063: 55;
17064: 55;
17065: 55;
17066: 55;
17067: 55;
17068: 55;
17069: 55;
17070: 55;
17071: 55;
17072: 55;
17073: 55;
17074: 55;
17075: 55;
17076: 55;
17077: 55;
17078: 55;
17079: 55;
17080: 55;
17081: 55;
17082: 55;
17083: 55;
17084: 55;
17085: 55;
17086: 55;
17087: 55;
17088: 55;
17089: 55;
17090: 55;
17091: 55;
17092: 55;
17093: 55;
17094: 55;
17095: 55;
17096: 55;
17097: 55;
17098: 55;
17099: 55;
17100: 55;
17101: 55;
17102: 55;
17103: 55;
17104: 55;
17105: 55;
17106: 55;
17107: 55;
17108: 55;
17109: 55;
17110: 55;
17111: 55;
17112: 55;
17113: 55;
17114: 55;
17115: 55;
17116: 55;
17117: 55;
17118: 55;
17119: 55;
17120: 55;
17121: 55;
17122: 55;
17123: 55;
17124: 55;
17125: 55;
17126: 55;
17127: 55;
17128: 55;
17129: 55;
17130: 55;
17131: 55;
17132: 55;
17133: 55;
17134: 55;
17135: 55;
17136: 55;
17137: 55;
17138: 55;
17139: 55;
17140: 55;
17141: 55;
17142: 55;
17143: 55;
17144: 55;
17145: 55;
17146: 55;
17147: 55;
17148: 55;
17149: 55;
17150: 55;
17151: 55;
17152: 55;
17153: 55;
17154: 55;
17155: 55;
17156: 55;
17157: 55;
17158: 55;
17159: 55;
17160: 55;
17161: 55;
17162: 55;
17163: 55;
17164: 55;
17165: 55;
17166: 55;
17167: 55;
17168: 55;
17169: 55;
17170: 55;
17171: 55;
17172: 55;
17173: 55;
17174: 55;
17175: 55;
17176: 55;
17177: 55;
17178: 55;
17179: 55;
17180: 55;
17181: 55;
17182: 55;
17183: 55;
17184: 55;
17185: 55;
17186: 55;
17187: 55;
17188: 55;
17189: 55;
17190: 55;
17191: 55;
17192: 55;
17193: 55;
17194: 55;
17195: 55;
17196: 55;
17197: 55;
17198: 55;
17199: 55;
17200: 55;
17201: 55;
17202: 55;
17203: 55;
17204: 55;
17205: 55;
17206: 55;
17207: 55;
17208: 55;
17209: 55;
17210: 55;
17211: 55;
17212: 55;
17213: 55;
17214: 55;
17215: 55;
17216: 55;
17217: 55;
17218: 55;
17219: 55;
17220: 55;
17221: 55;
17222: 55;
17223: 55;
17224: 55;
17225: 55;
17226: 55;
17227: 55;
17228: 55;
17229: 55;
17230: 55;
17231: 55;
17232: 55;
17233: 55;
17234: 55;
17235: 55;
17236: 55;
17237: 55;
17238: 55;
17239: 55;
17240: 55;
17241: 55;
17242: 55;
17243: 55;
17244: 55;
17245: 55;
17246: 55;
17247: 55;
17248: 55;
17249: 55;
17250: 55;
17251: 55;
17252: 55;
17253: 55;
17254: 55;
17255: 55;
17256: 55;
17257: 55;
17258: 55;
17259: 55;
17260: 55;
17261: 55;
17262: 55;
17263: 55;
17264: 55;
17265: 55;
17266: 55;
17267: 55;
17268: 55;
17269: 55;
17270: 55;
17271: 55;
17272: 55;
17273: 55;
17274: 55;
17275: 55;
17276: 55;
17277: 55;
17278: 55;
17279: 55;
17280: 55;
17281: 55;
17282: 55;
17283: 55;
17284: 55;
17285: 55;
17286: 55;
17287: 55;
17288: 55;
17289: 55;
17290: 55;
17291: 55;
17292: 55;
17293: 55;
17294: 55;
17295: 55;
17296: 55;
17297: 55;
17298: 55;
17299: 55;
17300: 55;
17301: 55;
17302: 55;
17303: 55;
17304: 55;
17305: 55;
17306: 55;
17307: 55;
17308: 55;
17309: 55;
17310: 55;
17311: 55;
17312: 55;
17313: 55;
17314: 55;
17315: 55;
17316: 55;
17317: 55;
17318: 55;
17319: 55;
17320: 55;
17321: 55;
17322: 55;
17323: 55;
17324: 55;
17325: 55;
17326: 55;
17327: 55;
17328: 55;
17329: 55;
17330: 55;
17331: 55;
17332: 55;
17333: 55;
17334: 55;
17335: 55;
17336: 55;
17337: 55;
17338: 55;
17339: 55;
17340: 55;
17341: 55;
17342: 55;
17343: 55;
17344: 55;
17345: 55;
17346: 55;
17347: 55;
17348: 55;
17349: 55;
17350: 55;
17351: 55;
17352: 55;
17353: 55;
17354: 55;
17355: 55;
17356: 55;
17357: 55;
17358: 55;
17359: 55;
17360: 55;
17361: 55;
17362: 55;
17363: 55;
17364: 55;
17365: 55;
17366: 55;
17367: 55;
17368: 55;
17369: 55;
17370: 55;
17371: 55;
17372: 55;
17373: 55;
17374: 55;
17375: 55;
17376: 55;
17377: 55;
17378: 55;
17379: 55;
17380: 55;
17381: 55;
17382: 55;
17383: 55;
17384: 55;
17385: 55;
17386: 55;
17387: 55;
17388: 55;
17389: 55;
17390: 55;
17391: 55;
17392: 55;
17393: 55;
17394: 55;
17395: 55;
17396: 55;
17397: 55;
17398: 55;
17399: 55;
17400: 55;
17401: 55;
17402: 55;
17403: 55;
17404: 55;
17405: 55;
17406: 55;
17407: 55;
17408: 55;
17409: 55;
17410: 55;
17411: 55;
17412: 55;
17413: 55;
17414: 55;
17415: 55;
17416: 55;
17417: 55;
17418: 55;
17419: 55;
17420: 55;
17421: 55;
17422: 55;
17423: 55;
17424: 55;
17425: 55;
17426: 55;
17427: 55;
17428: 55;
17429: 55;
17430: 55;
17431: 55;
17432: 55;
17433: 55;
17434: 55;
17435: 55;
17436: 55;
17437: 55;
17438: 55;
17439: 55;
17440: 55;
17441: 55;
17442: 55;
17443: 55;
17444: 55;
17445: 55;
17446: 55;
17447: 55;
17448: 55;
17449: 55;
17450: 55;
17451: 55;
17452: 55;
17453: 55;
17454: 55;
17455: 55;
17456: 55;
17457: 55;
17458: 55;
17459: 55;
17460: 55;
17461: 55;
17462: 55;
17463: 55;
17464: 55;
17465: 55;
17466: 55;
17467: 55;
17468: 55;
17469: 55;
17470: 55;
17471: 55;
17472: 55;
17473: 55;
17474: 55;
17475: 55;
17476: 55;
17477: 55;
17478: 55;
17479: 55;
17480: 55;
17481: 55;
17482: 55;
17483: 55;
17484: 55;
17485: 55;
17486: 55;
17487: 55;
17488: 55;
17489: 55;
17490: 55;
17491: 55;
17492: 55;
17493: 55;
17494: 55;
17495: 55;
17496: 55;
17497: 55;
17498: 55;
17499: 55;
17500: 55;
17501: 55;
17502: 55;
17503: 55;
17504: 55;
17505: 55;
17506: 55;
17507: 55;
17508: 55;
17509: 55;
17510: 55;
17511: 55;
17512: 55;
17513: 55;
17514: 55;
17515: 55;
17516: 55;
17517: 55;
17518: 55;
17519: 55;
17520: 55;
17521: 55;
17522: 55;
17523: 55;
17524: 55;
17525: 55;
17526: 55;
17527: 55;
17528: 55;
17529: 55;
17530: 55;
17531: 55;
17532: 55;
17533: 55;
17534: 55;
17535: 55;
17536: 55;
17537: 55;
17538: 55;
17539: 55;
17540: 55;
17541: 55;
17542: 55;
17543: 55;
17544: 55;
17545: 55;
17546: 55;
17547: 55;
17548: 55;
17549: 55;
17550: 55;
17551: 55;
17552: 55;
17553: 55;
17554: 55;
17555: 55;
17556: 55;
17557: 55;
17558: 55;
17559: 55;
17560: 55;
17561: 55;
17562: 55;
17563: 55;
17564: 55;
17565: 55;
17566: 55;
17567: 55;
17568: 55;
17569: 55;
17570: 55;
17571: 55;
17572: 55;
17573: 55;
17574: 55;
17575: 55;
17576: 55;
17577: 55;
17578: 55;
17579: 55;
17580: 55;
17581: 55;
17582: 55;
17583: 55;
17584: 55;
17585: 55;
17586: 55;
17587: 55;
17588: 55;
17589: 55;
17590: 55;
17591: 55;
17592: 55;
17593: 55;
17594: 55;
17595: 55;
17596: 55;
17597: 55;
17598: 55;
17599: 55;
17600: 55;
17601: 55;
17602: 55;
17603: 55;
17604: 55;
17605: 55;
17606: 55;
17607: 55;
17608: 55;
17609: 55;
17610: 55;
17611: 55;
17612: 55;
17613: 55;
17614: 55;
17615: 55;
17616: 55;
17617: 55;
17618: 55;
17619: 55;
17620: 55;
17621: 55;
17622: 55;
17623: 55;
17624: 55;
17625: 55;
17626: 55;
17627: 55;
17628: 55;
17629: 55;
17630: 55;
17631: 55;
17632: 55;
17633: 55;
17634: 55;
17635: 55;
17636: 55;
17637: 55;
17638: 55;
17639: 55;
17640: 55;
17641: 55;
17642: 55;
17643: 55;
17644: 55;
17645: 55;
17646: 55;
17647: 55;
17648: 55;
17649: 55;
17650: 55;
17651: 55;
17652: 55;
17653: 55;
17654: 55;
17655: 55;
17656: 55;
17657: 55;
17658: 55;
17659: 55;
17660: 55;
17661: 55;
17662: 55;
17663: 55;
17664: 55;
17665: 55;
17666: 55;
17667: 55;
17668: 55;
17669: 55;
17670: 55;
17671: 55;
17672: 55;
17673: 55;
17674: 55;
17675: 55;
17676: 55;
17677: 55;
17678: 55;
17679: 55;
17680: 55;
17681: 55;
17682: 55;
17683: 55;
17684: 55;
17685: 55;
17686: 55;
17687: 55;
17688: 55;
17689: 55;
17690: 55;
17691: 55;
17692: 55;
17693: 55;
17694: 55;
17695: 55;
17696: 55;
17697: 55;
17698: 55;
17699: 55;
17700: 55;
17701: 55;
17702: 55;
17703: 55;
17704: 55;
17705: 55;
17706: 55;
17707: 55;
17708: 55;
17709: 55;
17710: 55;
17711: 55;
17712: 55;
17713: 55;
17714: 55;
17715: 55;
17716: 55;
17717: 55;
17718: 55;
17719: 55;
17720: 55;
17721: 55;
17722: 55;
17723: 55;
17724: 55;
17725: 55;
17726: 55;
17727: 55;
17728: 55;
17729: 55;
17730: 55;
17731: 55;
17732: 55;
17733: 55;
17734: 55;
17735: 55;
17736: 55;
17737: 55;
17738: 55;
17739: 55;
17740: 55;
17741: 55;
17742: 55;
17743: 55;
17744: 55;
17745: 55;
17746: 55;
17747: 55;
17748: 55;
17749: 55;
17750: 55;
17751: 55;
17752: 55;
17753: 55;
17754: 55;
17755: 55;
17756: 55;
17757: 55;
17758: 55;
17759: 55;
17760: 55;
17761: 55;
17762: 55;
17763: 55;
17764: 55;
17765: 55;
17766: 55;
17767: 55;
17768: 55;
17769: 55;
17770: 55;
17771: 55;
17772: 55;
17773: 55;
17774: 55;
17775: 55;
17776: 55;
17777: 55;
17778: 55;
17779: 55;
17780: 55;
17781: 55;
17782: 55;
17783: 55;
17784: 55;
17785: 55;
17786: 55;
17787: 55;
17788: 55;
17789: 55;
17790: 55;
17791: 55;
17792: 55;
17793: 55;
17794: 55;
17795: 55;
17796: 55;
17797: 55;
17798: 55;
17799: 55;
17800: 55;
17801: 55;
17802: 55;
17803: 55;
17804: 55;
17805: 55;
17806: 55;
17807: 55;
17808: 55;
17809: 55;
17810: 55;
17811: 55;
17812: 55;
17813: 55;
17814: 55;
17815: 55;
17816: 55;
17817: 55;
17818: 55;
17819: 55;
17820: 55;
17821: 55;
17822: 55;
17823: 55;
17824: 55;
17825: 55;
17826: 55;
17827: 55;
17828: 55;
17829: 55;
17830: 55;
17831: 55;
17832: 55;
17833: 55;
17834: 55;
17835: 55;
17836: 55;
17837: 55;
17838: 55;
17839: 55;
17840: 55;
17841: 55;
17842: 55;
17843: 55;
17844: 55;
17845: 55;
17846: 55;
17847: 55;
17848: 55;
17849: 55;
17850: 55;
17851: 55;
17852: 55;
17853: 55;
17854: 55;
17855: 55;
17856: 55;
17857: 55;
17858: 55;
17859: 55;
17860: 55;
17861: 55;
17862: 55;
17863: 55;
17864: 55;
17865: 55;
17866: 55;
17867: 55;
17868: 55;
17869: 55;
17870: 55;
17871: 55;
17872: 55;
17873: 55;
17874: 55;
17875: 55;
17876: 55;
17877: 55;
17878: 55;
17879: 55;
17880: 55;
17881: 55;
17882: 55;
17883: 55;
17884: 55;
17885: 55;
17886: 55;
17887: 55;
17888: 55;
17889: 55;
17890: 55;
17891: 55;
17892: 55;
17893: 55;
17894: 55;
17895: 55;
17896: 55;
17897: 55;
17898: 55;
17899: 55;
17900: 55;
17901: 55;
17902: 55;
17903: 55;
17904: 55;
17905: 55;
17906: 55;
17907: 55;
17908: 55;
17909: 55;
17910: 55;
17911: 55;
17912: 55;
17913: 55;
17914: 55;
17915: 55;
17916: 55;
17917: 55;
17918: 55;
17919: 55;
17920: 55;
17921: 55;
17922: 55;
17923: 55;
17924: 55;
17925: 55;
17926: 55;
17927: 55;
17928: 55;
17929: 55;
17930: 55;
17931: 55;
17932: 55;
17933: 55;
17934: 55;
17935: 55;
17936: 55;
17937: 55;
17938: 55;
17939: 55;
17940: 55;
17941: 55;
17942: 55;
17943: 55;
17944: 55;
17945: 55;
17946: 55;
17947: 55;
17948: 55;
17949: 55;
17950: 55;
17951: 55;
17952: 55;
17953: 55;
17954: 55;
17955: 55;
17956: 55;
17957: 55;
17958: 55;
17959: 55;
17960: 55;
17961: 55;
17962: 55;
17963: 55;
17964: 55;
17965: 55;
17966: 55;
17967: 55;
17968: 55;
17969: 55;
17970: 55;
17971: 55;
17972: 55;
17973: 55;
17974: 55;
17975: 55;
17976: 55;
17977: 55;
17978: 55;
17979: 55;
17980: 55;
17981: 55;
17982: 55;
17983: 55;
17984: 55;
17985: 55;
17986: 55;
17987: 55;
17988: 55;
17989: 55;
17990: 55;
17991: 55;
17992: 55;
17993: 55;
17994: 55;
17995: 55;
17996: 55;
17997: 55;
17998: 55;
17999: 55;
18000: 55;
18001: 55;
18002: 55;
18003: 55;
18004: 55;
18005: 55;
18006: 55;
18007: 55;
18008: 55;
18009: 55;
18010: 55;
18011: 55;
18012: 55;
18013: 55;
18014: 55;
18015: 55;
18016: 55;
18017: 55;
18018: 55;
18019: 55;
18020: 55;
18021: 55;
18022: 55;
18023: 55;
18024: 55;
18025: 55;
18026: 55;
18027: 55;
18028: 55;
18029: 55;
18030: 55;
18031: 55;
18032: 55;
18033: 55;
18034: 55;
18035: 55;
18036: 55;
18037: 55;
18038: 55;
18039: 55;
18040: 55;
18041: 55;
18042: 55;
18043: 55;
18044: 55;
18045: 55;
18046: 55;
18047: 55;
18048: 55;
18049: 55;
18050: 55;
18051: 55;
18052: 55;
18053: 55;
18054: 55;
18055: 55;
18056: 55;
18057: 55;
18058: 55;
18059: 55;
18060: 55;
18061: 55;
18062: 55;
18063: 55;
18064: 55;
18065: 55;
18066: 55;
18067: 55;
18068: 55;
18069: 55;
18070: 55;
18071: 55;
18072: 55;
18073: 55;
18074: 55;
18075: 55;
18076: 55;
18077: 55;
18078: 55;
18079: 55;
18080: 55;
18081: 55;
18082: 55;
18083: 55;
18084: 55;
18085: 55;
18086: 55;
18087: 55;
18088: 55;
18089: 55;
18090: 55;
18091: 55;
18092: 55;
18093: 55;
18094: 55;
18095: 55;
18096: 55;
18097: 55;
18098: 55;
18099: 55;
18100: 55;
18101: 55;
18102: 55;
18103: 55;
18104: 55;
18105: 55;
18106: 55;
18107: 55;
18108: 55;
18109: 55;
18110: 55;
18111: 55;
18112: 55;
18113: 55;
18114: 55;
18115: 55;
18116: 55;
18117: 55;
18118: 55;
18119: 55;
18120: 55;
18121: 55;
18122: 55;
18123: 55;
18124: 55;
18125: 55;
18126: 55;
18127: 55;
18128: 55;
18129: 55;
18130: 55;
18131: 55;
18132: 55;
18133: 55;
18134: 55;
18135: 55;
18136: 55;
18137: 55;
18138: 55;
18139: 55;
18140: 55;
18141: 55;
18142: 55;
18143: 55;
18144: 55;
18145: 55;
18146: 55;
18147: 55;
18148: 55;
18149: 55;
18150: 55;
18151: 55;
18152: 55;
18153: 55;
18154: 55;
18155: 55;
18156: 55;
18157: 55;
18158: 55;
18159: 55;
18160: 55;
18161: 55;
18162: 55;
18163: 55;
18164: 55;
18165: 55;
18166: 55;
18167: 55;
18168: 55;
18169: 55;
18170: 55;
18171: 55;
18172: 55;
18173: 55;
18174: 55;
18175: 55;
18176: 55;
18177: 55;
18178: 55;
18179: 55;
18180: 55;
18181: 55;
18182: 55;
18183: 55;
18184: 55;
18185: 55;
18186: 55;
18187: 55;
18188: 55;
18189: 55;
18190: 55;
18191: 55;
18192: 55;
18193: 55;
18194: 55;
18195: 55;
18196: 55;
18197: 55;
18198: 55;
18199: 55;
18200: 55;
18201: 55;
18202: 55;
18203: 55;
18204: 55;
18205: 55;
18206: 55;
18207: 55;
18208: 55;
18209: 55;
18210: 55;
18211: 55;
18212: 55;
18213: 55;
18214: 55;
18215: 55;
18216: 55;
18217: 55;
18218: 55;
18219: 55;
18220: 55;
18221: 55;
18222: 55;
18223: 55;
18224: 55;
18225: 55;
18226: 55;
18227: 55;
18228: 55;
18229: 55;
18230: 55;
18231: 55;
18232: 55;
18233: 55;
18234: 55;
18235: 55;
18236: 55;
18237: 55;
18238: 55;
18239: 55;
18240: 55;
18241: 55;
18242: 55;
18243: 55;
18244: 55;
18245: 55;
18246: 55;
18247: 55;
18248: 55;
18249: 55;
18250: 55;
18251: 55;
18252: 55;
18253: 55;
18254: 55;
18255: 55;
18256: 55;
18257: 55;
18258: 55;
18259: 55;
18260: 55;
18261: 55;
18262: 55;
18263: 55;
18264: 55;
18265: 55;
18266: 55;
18267: 55;
18268: 55;
18269: 55;
18270: 55;
18271: 55;
18272: 55;
18273: 55;
18274: 55;
18275: 55;
18276: 55;
18277: 55;
18278: 55;
18279: 55;
18280: 55;
18281: 55;
18282: 55;
18283: 55;
18284: 55;
18285: 55;
18286: 55;
18287: 55;
18288: 55;
18289: 55;
18290: 55;
18291: 55;
18292: 55;
18293: 55;
18294: 55;
18295: 55;
18296: 55;
18297: 55;
18298: 55;
18299: 55;
18300: 55;
18301: 55;
18302: 55;
18303: 55;
18304: 55;
18305: 55;
18306: 55;
18307: 55;
18308: 55;
18309: 55;
18310: 55;
18311: 55;
18312: 55;
18313: 55;
18314: 55;
18315: 55;
18316: 55;
18317: 55;
18318: 55;
18319: 55;
18320: 55;
18321: 55;
18322: 55;
18323: 55;
18324: 55;
18325: 55;
18326: 55;
18327: 55;
18328: 55;
18329: 55;
18330: 55;
18331: 55;
18332: 55;
18333: 55;
18334: 55;
18335: 55;
18336: 55;
18337: 55;
18338: 55;
18339: 55;
18340: 55;
18341: 55;
18342: 55;
18343: 55;
18344: 55;
18345: 55;
18346: 55;
18347: 55;
18348: 55;
18349: 55;
18350: 55;
18351: 55;
18352: 55;
18353: 55;
18354: 55;
18355: 55;
18356: 55;
18357: 55;
18358: 55;
18359: 55;
18360: 55;
18361: 55;
18362: 55;
18363: 55;
18364: 55;
18365: 55;
18366: 55;
18367: 55;
18368: 55;
18369: 55;
18370: 55;
18371: 55;
18372: 55;
18373: 55;
18374: 55;
18375: 55;
18376: 55;
18377: 55;
18378: 55;
18379: 55;
18380: 55;
18381: 55;
18382: 55;
18383: 55;
18384: 55;
18385: 55;
18386: 55;
18387: 55;
18388: 55;
18389: 55;
18390: 55;
18391: 55;
18392: 55;
18393: 55;
18394: 55;
18395: 55;
18396: 55;
18397: 55;
18398: 55;
18399: 55;
18400: 55;
18401: 55;
18402: 55;
18403: 55;
18404: 55;
18405: 55;
18406: 55;
18407: 55;
18408: 55;
18409: 55;
18410: 55;
18411: 55;
18412: 55;
18413: 55;
18414: 55;
18415: 55;
18416: 55;
18417: 55;
18418: 55;
18419: 55;
18420: 55;
18421: 55;
18422: 55;
18423: 55;
18424: 55;
18425: 55;
18426: 55;
18427: 55;
18428: 55;
18429: 55;
18430: 55;
18431: 55;
18432: 55;
18433: 55;
18434: 55;
18435: 55;
18436: 55;
18437: 55;
18438: 55;
18439: 55;
18440: 55;
18441: 55;
18442: 55;
18443: 55;
18444: 55;
18445: 55;
18446: 55;
18447: 55;
18448: 55;
18449: 55;
18450: 55;
18451: 55;
18452: 55;
18453: 55;
18454: 55;
18455: 55;
18456: 55;
18457: 55;
18458: 55;
18459: 55;
18460: 55;
18461: 55;
18462: 55;
18463: 55;
18464: 55;
18465: 55;
18466: 55;
18467: 55;
18468: 55;
18469: 55;
18470: 55;
18471: 55;
18472: 55;
18473: 55;
18474: 55;
18475: 55;
18476: 55;
18477: 55;
18478: 55;
18479: 55;
18480: 55;
18481: 55;
18482: 55;
18483: 55;
18484: 55;
18485: 55;
18486: 55;
18487: 55;
18488: 55;
18489: 55;
18490: 55;
18491: 55;
18492: 55;
18493: 55;
18494: 55;
18495: 55;
18496: 55;
18497: 55;
18498: 55;
18499: 55;
18500: 55;
18501: 55;
18502: 55;
18503: 55;
18504: 55;
18505: 55;
18506: 55;
18507: 55;
18508: 55;
18509: 55;
18510: 55;
18511: 55;
18512: 55;
18513: 55;
18514: 55;
18515: 55;
18516: 55;
18517: 55;
18518: 55;
18519: 55;
18520: 55;
18521: 55;
18522: 55;
18523: 55;
18524: 55;
18525: 55;
18526: 55;
18527: 55;
18528: 55;
18529: 55;
18530: 55;
18531: 55;
18532: 55;
18533: 55;
18534: 55;
18535: 55;
18536: 55;
18537: 55;
18538: 55;
18539: 55;
18540: 55;
18541: 55;
18542: 55;
18543: 55;
18544: 55;
18545: 55;
18546: 55;
18547: 55;
18548: 55;
18549: 55;
18550: 55;
18551: 55;
18552: 55;
18553: 55;
18554: 55;
18555: 55;
18556: 55;
18557: 55;
18558: 55;
18559: 55;
18560: 55;
18561: 55;
18562: 55;
18563: 55;
18564: 55;
18565: 55;
18566: 55;
18567: 55;
18568: 55;
18569: 55;
18570: 55;
18571: 55;
18572: 55;
18573: 55;
18574: 55;
18575: 55;
18576: 55;
18577: 55;
18578: 55;
18579: 55;
18580: 55;
18581: 55;
18582: 55;
18583: 55;
18584: 55;
18585: 55;
18586: 55;
18587: 55;
18588: 55;
18589: 55;
18590: 55;
18591: 55;
18592: 55;
18593: 55;
18594: 55;
18595: 55;
18596: 55;
18597: 55;
18598: 55;
18599: 55;
18600: 55;
18601: 55;
18602: 55;
18603: 55;
18604: 55;
18605: 55;
18606: 55;
18607: 55;
18608: 55;
18609: 55;
18610: 55;
18611: 55;
18612: 55;
18613: 55;
18614: 55;
18615: 55;
18616: 55;
18617: 55;
18618: 55;
18619: 55;
18620: 55;
18621: 55;
18622: 55;
18623: 55;
18624: 55;
18625: 55;
18626: 55;
18627: 55;
18628: 55;
18629: 55;
18630: 55;
18631: 55;
18632: 55;
18633: 55;
18634: 55;
18635: 55;
18636: 55;
18637: 55;
18638: 55;
18639: 55;
18640: 55;
18641: 55;
18642: 55;
18643: 55;
18644: 55;
18645: 55;
18646: 55;
18647: 55;
18648: 55;
18649: 55;
18650: 55;
18651: 55;
18652: 55;
18653: 55;
18654: 55;
18655: 55;
18656: 55;
18657: 55;
18658: 55;
18659: 55;
18660: 55;
18661: 55;
18662: 55;
18663: 55;
18664: 55;
18665: 55;
18666: 55;
18667: 55;
18668: 55;
18669: 55;
18670: 55;
18671: 55;
18672: 55;
18673: 55;
18674: 55;
18675: 55;
18676: 55;
18677: 55;
18678: 55;
18679: 55;
18680: 55;
18681: 55;
18682: 55;
18683: 55;
18684: 55;
18685: 55;
18686: 55;
18687: 55;
18688: 55;
18689: 55;
18690: 55;
18691: 55;
18692: 55;
18693: 55;
18694: 55;
18695: 55;
18696: 55;
18697: 55;
18698: 55;
18699: 55;
18700: 55;
18701: 55;
18702: 55;
18703: 55;
18704: 55;
18705: 55;
18706: 55;
18707: 55;
18708: 55;
18709: 55;
18710: 55;
18711: 55;
18712: 55;
18713: 55;
18714: 55;
18715: 55;
18716: 55;
18717: 55;
18718: 55;
18719: 55;
18720: 55;
18721: 55;
18722: 55;
18723: 55;
18724: 55;
18725: 55;
18726: 55;
18727: 55;
18728: 55;
18729: 55;
18730: 55;
18731: 55;
18732: 55;
18733: 55;
18734: 55;
18735: 55;
18736: 55;
18737: 55;
18738: 55;
18739: 55;
18740: 55;
18741: 55;
18742: 55;
18743: 55;
18744: 55;
18745: 55;
18746: 55;
18747: 55;
18748: 55;
18749: 55;
18750: 55;
18751: 55;
18752: 55;
18753: 55;
18754: 55;
18755: 55;
18756: 55;
18757: 55;
18758: 55;
18759: 55;
18760: 55;
18761: 55;
18762: 55;
18763: 55;
18764: 55;
18765: 55;
18766: 55;
18767: 55;
18768: 55;
18769: 55;
18770: 55;
18771: 55;
18772: 55;
18773: 55;
18774: 55;
18775: 55;
18776: 55;
18777: 55;
18778: 55;
18779: 55;
18780: 55;
18781: 55;
18782: 55;
18783: 55;
18784: 55;
18785: 55;
18786: 55;
18787: 55;
18788: 55;
18789: 55;
18790: 55;
18791: 55;
18792: 55;
18793: 55;
18794: 55;
18795: 55;
18796: 55;
18797: 55;
18798: 55;
18799: 55;
18800: 55;
18801: 55;
18802: 55;
18803: 55;
18804: 55;
18805: 55;
18806: 55;
18807: 55;
18808: 55;
18809: 55;
18810: 55;
18811: 55;
18812: 55;
18813: 55;
18814: 55;
18815: 55;
18816: 55;
18817: 55;
18818: 55;
18819: 55;
18820: 55;
18821: 55;
18822: 55;
18823: 55;
18824: 55;
18825: 55;
18826: 55;
18827: 55;
18828: 55;
18829: 55;
18830: 55;
18831: 55;
18832: 55;
18833: 55;
18834: 55;
18835: 55;
18836: 55;
18837: 56;
18838: 56;
18839: 56;
18840: 56;
18841: 56;
18842: 56;
18843: 56;
18844: 56;
18845: 56;
18846: 56;
18847: 56;
18848: 56;
18849: 56;
18850: 56;
18851: 56;
18852: 56;
18853: 56;
18854: 56;
18855: 56;
18856: 56;
18857: 56;
18858: 56;
18859: 56;
18860: 56;
18861: 56;
18862: 56;
18863: 56;
18864: 56;
18865: 56;
18866: 56;
18867: 56;
18868: 56;
18869: 56;
18870: 56;
18871: 56;
18872: 56;
18873: 56;
18874: 56;
18875: 56;
18876: 56;
18877: 56;
18878: 56;
18879: 56;
18880: 56;
18881: 56;
18882: 56;
18883: 56;
18884: 56;
18885: 56;
18886: 56;
18887: 56;
18888: 56;
18889: 56;
18890: 56;
18891: 56;
18892: 56;
18893: 56;
18894: 56;
18895: 56;
18896: 56;
18897: 56;
18898: 56;
18899: 56;
18900: 56;
18901: 56;
18902: 56;
18903: 56;
18904: 56;
18905: 56;
18906: 56;
18907: 56;
18908: 56;
18909: 56;
18910: 56;
18911: 56;
18912: 56;
18913: 56;
18914: 56;
18915: 56;
18916: 56;
18917: 56;
18918: 56;
18919: 56;
18920: 56;
18921: 56;
18922: 56;
18923: 56;
18924: 56;
18925: 56;
18926: 56;
18927: 56;
18928: 56;
18929: 56;
18930: 56;
18931: 56;
18932: 56;
18933: 56;
18934: 56;
18935: 56;
18936: 56;
18937: 56;
18938: 56;
18939: 56;
18940: 56;
18941: 56;
18942: 56;
18943: 56;
18944: 56;
18945: 56;
18946: 56;
18947: 56;
18948: 56;
18949: 56;
18950: 56;
18951: 56;
18952: 56;
18953: 56;
18954: 56;
18955: 56;
18956: 56;
18957: 56;
18958: 56;
18959: 56;
18960: 56;
18961: 56;
18962: 56;
18963: 56;
18964: 56;
18965: 56;
18966: 56;
18967: 56;
18968: 56;
18969: 56;
18970: 56;
18971: 56;
18972: 56;
18973: 56;
18974: 56;
18975: 56;
18976: 56;
18977: 56;
18978: 56;
18979: 56;
18980: 56;
18981: 56;
18982: 56;
18983: 56;
18984: 56;
18985: 56;
18986: 56;
18987: 56;
18988: 56;
18989: 56;
18990: 56;
18991: 56;
18992: 56;
18993: 56;
18994: 56;
18995: 56;
18996: 56;
18997: 56;
18998: 56;
18999: 56;
19000: 56;
19001: 56;
19002: 56;
19003: 56;
19004: 56;
19005: 56;
19006: 56;
19007: 56;
19008: 56;
19009: 56;
19010: 56;
19011: 56;
19012: 56;
19013: 56;
19014: 56;
19015: 56;
19016: 56;
19017: 56;
19018: 56;
19019: 56;
19020: 56;
19021: 56;
19022: 56;
19023: 56;
19024: 56;
19025: 56;
19026: 56;
19027: 56;
19028: 56;
19029: 56;
19030: 56;
19031: 56;
19032: 56;
19033: 56;
19034: 56;
19035: 56;
19036: 56;
19037: 56;
19038: 56;
19039: 56;
19040: 56;
19041: 56;
19042: 56;
19043: 56;
19044: 56;
19045: 56;
19046: 56;
19047: 56;
19048: 56;
19049: 56;
19050: 56;
19051: 56;
19052: 56;
19053: 56;
19054: 56;
19055: 56;
19056: 56;
19057: 56;
19058: 56;
19059: 56;
19060: 56;
19061: 56;
19062: 56;
19063: 56;
19064: 56;
19065: 56;
19066: 56;
19067: 56;
19068: 56;
19069: 56;
19070: 56;
19071: 56;
19072: 56;
19073: 56;
19074: 56;
19075: 56;
19076: 56;
19077: 56;
19078: 56;
19079: 56;
19080: 56;
19081: 56;
19082: 56;
19083: 56;
19084: 56;
19085: 56;
19086: 56;
19087: 56;
19088: 56;
19089: 56;
19090: 56;
19091: 56;
19092: 56;
19093: 56;
19094: 56;
19095: 56;
19096: 56;
19097: 56;
19098: 56;
19099: 56;
19100: 56;
19101: 56;
19102: 56;
19103: 56;
19104: 56;
19105: 56;
19106: 56;
19107: 56;
19108: 56;
19109: 56;
19110: 56;
19111: 56;
19112: 56;
19113: 56;
19114: 56;
19115: 56;
19116: 56;
19117: 56;
19118: 56;
19119: 56;
19120: 56;
19121: 56;
19122: 56;
19123: 56;
19124: 56;
19125: 56;
19126: 56;
19127: 56;
19128: 56;
19129: 56;
19130: 56;
19131: 56;
19132: 56;
19133: 56;
19134: 56;
19135: 56;
19136: 56;
19137: 56;
19138: 56;
19139: 56;
19140: 56;
19141: 56;
19142: 56;
19143: 56;
19144: 56;
19145: 56;
19146: 56;
19147: 56;
19148: 56;
19149: 56;
19150: 56;
19151: 56;
19152: 56;
19153: 56;
19154: 56;
19155: 56;
19156: 56;
19157: 56;
19158: 56;
19159: 56;
19160: 56;
19161: 56;
19162: 56;
19163: 56;
19164: 56;
19165: 56;
19166: 56;
19167: 56;
19168: 56;
19169: 56;
19170: 56;
19171: 56;
19172: 56;
19173: 56;
19174: 56;
19175: 56;
19176: 56;
19177: 56;
19178: 56;
19179: 56;
19180: 56;
19181: 56;
19182: 56;
19183: 56;
19184: 56;
19185: 56;
19186: 56;
19187: 56;
19188: 56;
19189: 56;
19190: 56;
19191: 56;
19192: 56;
19193: 56;
19194: 56;
19195: 56;
19196: 56;
19197: 56;
19198: 56;
19199: 56;
19200: 56;
19201: 56;
19202: 56;
19203: 56;
19204: 56;
19205: 56;
19206: 56;
19207: 56;
19208: 56;
19209: 56;
19210: 56;
19211: 56;
19212: 56;
19213: 56;
19214: 56;
19215: 56;
19216: 56;
19217: 56;
19218: 56;
19219: 56;
19220: 56;
19221: 56;
19222: 56;
19223: 56;
19224: 56;
19225: 56;
19226: 56;
19227: 56;
19228: 56;
19229: 56;
19230: 56;
19231: 56;
19232: 56;
19233: 56;
19234: 56;
19235: 56;
19236: 56;
19237: 56;
19238: 56;
19239: 56;
19240: 56;
19241: 56;
19242: 56;
19243: 56;
19244: 56;
19245: 56;
19246: 56;
19247: 56;
19248: 56;
19249: 56;
19250: 56;
19251: 56;
19252: 56;
19253: 56;
19254: 56;
19255: 56;
19256: 56;
19257: 56;
19258: 56;
19259: 56;
19260: 56;
19261: 56;
19262: 56;
19263: 56;
19264: 56;
19265: 56;
19266: 56;
19267: 56;
19268: 56;
19269: 56;
19270: 56;
19271: 56;
19272: 56;
19273: 56;
19274: 56;
19275: 56;
19276: 56;
19277: 56;
19278: 56;
19279: 56;
19280: 56;
19281: 56;
19282: 56;
19283: 56;
19284: 56;
19285: 56;
19286: 56;
19287: 56;
19288: 56;
19289: 56;
19290: 56;
19291: 56;
19292: 56;
19293: 56;
19294: 56;
19295: 56;
19296: 56;
19297: 56;
19298: 56;
19299: 56;
19300: 56;
19301: 56;
19302: 56;
19303: 56;
19304: 56;
19305: 56;
19306: 56;
19307: 56;
19308: 56;
19309: 56;
19310: 56;
19311: 56;
19312: 56;
19313: 56;
19314: 56;
19315: 56;
19316: 56;
19317: 56;
19318: 56;
19319: 56;
19320: 56;
19321: 56;
19322: 56;
19323: 56;
19324: 56;
19325: 56;
19326: 56;
19327: 56;
19328: 56;
19329: 56;
19330: 56;
19331: 56;
19332: 56;
19333: 56;
19334: 56;
19335: 56;
19336: 56;
19337: 56;
19338: 56;
19339: 56;
19340: 56;
19341: 56;
19342: 56;
19343: 56;
19344: 56;
19345: 56;
19346: 56;
19347: 56;
19348: 56;
19349: 56;
19350: 56;
19351: 56;
19352: 56;
19353: 56;
19354: 56;
19355: 56;
19356: 56;
19357: 56;
19358: 56;
19359: 56;
19360: 56;
19361: 56;
19362: 56;
19363: 56;
19364: 56;
19365: 56;
19366: 56;
19367: 56;
19368: 56;
19369: 56;
19370: 56;
19371: 56;
19372: 56;
19373: 56;
19374: 56;
19375: 56;
19376: 56;
19377: 56;
19378: 56;
19379: 56;
19380: 56;
19381: 56;
19382: 56;
19383: 56;
19384: 56;
19385: 56;
19386: 56;
19387: 56;
19388: 56;
19389: 56;
19390: 56;
19391: 56;
19392: 56;
19393: 56;
19394: 56;
19395: 56;
19396: 56;
19397: 56;
19398: 56;
19399: 56;
19400: 56;
19401: 56;
19402: 56;
19403: 56;
19404: 56;
19405: 56;
19406: 56;
19407: 56;
19408: 56;
19409: 56;
19410: 56;
19411: 56;
19412: 56;
19413: 56;
19414: 56;
19415: 56;
19416: 56;
19417: 56;
19418: 56;
19419: 56;
19420: 56;
19421: 56;
19422: 56;
19423: 56;
19424: 56;
19425: 56;
19426: 56;
19427: 56;
19428: 56;
19429: 56;
19430: 56;
19431: 56;
19432: 56;
19433: 56;
19434: 56;
19435: 56;
19436: 56;
19437: 56;
19438: 56;
19439: 56;
19440: 56;
19441: 56;
19442: 56;
19443: 56;
19444: 56;
19445: 56;
19446: 56;
19447: 56;
19448: 56;
19449: 56;
19450: 56;
19451: 56;
19452: 56;
19453: 56;
19454: 56;
19455: 56;
19456: 56;
19457: 56;
19458: 56;
19459: 56;
19460: 56;
19461: 56;
19462: 56;
19463: 56;
19464: 56;
19465: 56;
19466: 56;
19467: 56;
19468: 56;
19469: 56;
19470: 56;
19471: 56;
19472: 56;
19473: 56;
19474: 56;
19475: 56;
19476: 56;
19477: 56;
19478: 56;
19479: 56;
19480: 56;
19481: 56;
19482: 56;
19483: 56;
19484: 56;
19485: 56;
19486: 56;
19487: 56;
19488: 56;
19489: 56;
19490: 56;
19491: 56;
19492: 56;
19493: 56;
19494: 56;
19495: 56;
19496: 56;
19497: 56;
19498: 56;
19499: 56;
19500: 56;
19501: 56;
19502: 56;
19503: 56;
19504: 56;
19505: 56;
19506: 56;
19507: 56;
19508: 56;
19509: 56;
19510: 56;
19511: 56;
19512: 56;
19513: 56;
19514: 56;
19515: 56;
19516: 56;
19517: 56;
19518: 56;
19519: 56;
19520: 56;
19521: 56;
19522: 56;
19523: 56;
19524: 56;
19525: 56;
19526: 56;
19527: 56;
19528: 56;
19529: 56;
19530: 56;
19531: 56;
19532: 56;
19533: 56;
19534: 56;
19535: 56;
19536: 56;
19537: 56;
19538: 56;
19539: 56;
19540: 56;
19541: 56;
19542: 56;
19543: 56;
19544: 56;
19545: 56;
19546: 56;
19547: 56;
19548: 56;
19549: 56;
19550: 56;
19551: 56;
19552: 56;
19553: 56;
19554: 56;
19555: 56;
19556: 56;
19557: 56;
19558: 56;
19559: 56;
19560: 56;
19561: 56;
19562: 56;
19563: 56;
19564: 56;
19565: 56;
19566: 56;
19567: 56;
19568: 56;
19569: 56;
19570: 56;
19571: 56;
19572: 56;
19573: 56;
19574: 56;
19575: 56;
19576: 56;
19577: 56;
19578: 56;
19579: 56;
19580: 56;
19581: 56;
19582: 56;
19583: 56;
19584: 56;
19585: 56;
19586: 56;
19587: 56;
19588: 56;
19589: 56;
19590: 56;
19591: 56;
19592: 56;
19593: 56;
19594: 56;
19595: 56;
19596: 56;
19597: 56;
19598: 56;
19599: 56;
19600: 56;
19601: 56;
19602: 56;
19603: 56;
19604: 56;
19605: 56;
19606: 56;
19607: 56;
19608: 56;
19609: 56;
19610: 56;
19611: 56;
19612: 56;
19613: 56;
19614: 56;
19615: 56;
19616: 56;
19617: 56;
19618: 56;
19619: 56;
19620: 56;
19621: 56;
19622: 56;
19623: 56;
19624: 56;
19625: 56;
19626: 56;
19627: 56;
19628: 56;
19629: 56;
19630: 56;
19631: 56;
19632: 56;
19633: 56;
19634: 56;
19635: 56;
19636: 56;
19637: 56;
19638: 56;
19639: 56;
19640: 56;
19641: 56;
19642: 56;
19643: 56;
19644: 56;
19645: 56;
19646: 56;
19647: 56;
19648: 56;
19649: 56;
19650: 56;
19651: 56;
19652: 56;
19653: 56;
19654: 56;
19655: 56;
19656: 56;
19657: 56;
19658: 56;
19659: 56;
19660: 56;
19661: 56;
19662: 56;
19663: 56;
19664: 56;
19665: 56;
19666: 56;
19667: 56;
19668: 56;
19669: 56;
19670: 56;
19671: 56;
19672: 56;
19673: 56;
19674: 56;
19675: 56;
19676: 56;
19677: 56;
19678: 56;
19679: 56;
19680: 56;
19681: 56;
19682: 56;
19683: 56;
19684: 56;
19685: 56;
19686: 56;
19687: 56;
19688: 56;
19689: 56;
19690: 56;
19691: 56;
19692: 56;
19693: 56;
19694: 56;
19695: 56;
19696: 56;
19697: 56;
19698: 56;
19699: 56;
19700: 56;
19701: 56;
19702: 56;
19703: 56;
19704: 56;
19705: 56;
19706: 56;
19707: 56;
19708: 56;
19709: 56;
19710: 56;
19711: 56;
19712: 56;
19713: 56;
19714: 56;
19715: 56;
19716: 56;
19717: 56;
19718: 56;
19719: 56;
19720: 56;
19721: 56;
19722: 56;
19723: 56;
19724: 56;
19725: 56;
19726: 56;
19727: 56;
19728: 56;
19729: 56;
19730: 56;
19731: 56;
19732: 56;
19733: 56;
19734: 56;
19735: 56;
19736: 56;
19737: 56;
19738: 56;
19739: 56;
19740: 56;
19741: 56;
19742: 56;
19743: 56;
19744: 56;
19745: 56;
19746: 56;
19747: 56;
19748: 56;
19749: 56;
19750: 56;
19751: 56;
19752: 56;
19753: 56;
19754: 56;
19755: 56;
19756: 56;
19757: 56;
19758: 56;
19759: 56;
19760: 56;
19761: 56;
19762: 56;
19763: 56;
19764: 56;
19765: 56;
19766: 56;
19767: 56;
19768: 56;
19769: 56;
19770: 56;
19771: 56;
19772: 56;
19773: 56;
19774: 56;
19775: 56;
19776: 56;
19777: 56;
19778: 56;
19779: 56;
19780: 56;
19781: 56;
19782: 56;
19783: 56;
19784: 56;
19785: 56;
19786: 56;
19787: 56;
19788: 56;
19789: 56;
19790: 56;
19791: 56;
19792: 56;
19793: 56;
19794: 56;
19795: 56;
19796: 56;
19797: 56;
19798: 56;
19799: 56;
19800: 56;
19801: 56;
19802: 56;
19803: 56;
19804: 56;
19805: 56;
19806: 56;
19807: 56;
19808: 56;
19809: 56;
19810: 56;
19811: 56;
19812: 56;
19813: 56;
19814: 56;
19815: 56;
19816: 56;
19817: 56;
19818: 56;
19819: 56;
19820: 56;
19821: 56;
19822: 56;
19823: 56;
19824: 56;
19825: 56;
19826: 56;
19827: 56;
19828: 56;
19829: 56;
19830: 56;
19831: 56;
19832: 56;
19833: 56;
19834: 56;
19835: 56;
19836: 56;
19837: 56;
19838: 56;
19839: 56;
19840: 56;
19841: 56;
19842: 56;
19843: 56;
19844: 56;
19845: 56;
19846: 56;
19847: 56;
19848: 56;
19849: 56;
19850: 56;
19851: 56;
19852: 56;
19853: 56;
19854: 56;
19855: 56;
19856: 56;
19857: 56;
19858: 56;
19859: 56;
19860: 56;
19861: 56;
19862: 56;
19863: 56;
19864: 56;
19865: 56;
19866: 56;
19867: 56;
19868: 56;
19869: 56;
19870: 56;
19871: 56;
19872: 56;
19873: 56;
19874: 56;
19875: 56;
19876: 56;
19877: 56;
19878: 56;
19879: 56;
19880: 56;
19881: 56;
19882: 56;
19883: 56;
19884: 56;
19885: 56;
19886: 56;
19887: 56;
19888: 56;
19889: 56;
19890: 56;
19891: 56;
19892: 56;
19893: 56;
19894: 56;
19895: 56;
19896: 56;
19897: 56;
19898: 56;
19899: 56;
19900: 56;
19901: 56;
19902: 56;
19903: 56;
19904: 56;
19905: 56;
19906: 56;
19907: 56;
19908: 56;
19909: 56;
19910: 56;
19911: 56;
19912: 56;
19913: 56;
19914: 56;
19915: 56;
19916: 56;
19917: 56;
19918: 56;
19919: 56;
19920: 56;
19921: 56;
19922: 56;
19923: 56;
19924: 56;
19925: 56;
19926: 56;
19927: 56;
19928: 56;
19929: 56;
19930: 56;
19931: 56;
19932: 56;
19933: 56;
19934: 56;
19935: 56;
19936: 56;
19937: 56;
19938: 56;
19939: 56;
19940: 56;
19941: 56;
19942: 56;
19943: 56;
19944: 56;
19945: 56;
19946: 56;
19947: 56;
19948: 56;
19949: 56;
19950: 56;
19951: 56;
19952: 56;
19953: 56;
19954: 56;
19955: 56;
19956: 56;
19957: 56;
19958: 56;
19959: 56;
19960: 56;
19961: 56;
19962: 56;
19963: 56;
19964: 56;
19965: 56;
19966: 56;
19967: 56;
19968: 56;
19969: 56;
19970: 56;
19971: 56;
19972: 56;
19973: 56;
19974: 56;
19975: 56;
19976: 56;
19977: 56;
19978: 56;
19979: 56;
19980: 56;
19981: 56;
19982: 56;
19983: 56;
19984: 56;
19985: 56;
19986: 56;
19987: 56;
19988: 56;
19989: 56;
19990: 56;
19991: 56;
19992: 56;
19993: 56;
19994: 56;
19995: 56;
19996: 56;
19997: 56;
19998: 56;
19999: 56;
20000: 56;
20001: 56;
20002: 56;
20003: 56;
20004: 56;
20005: 56;
20006: 56;
20007: 56;
20008: 56;
20009: 56;
20010: 56;
20011: 56;
20012: 56;
20013: 56;
20014: 56;
20015: 56;
20016: 56;
20017: 56;
20018: 56;
20019: 56;
20020: 56;
20021: 56;
20022: 56;
20023: 56;
20024: 56;
20025: 56;
20026: 56;
20027: 56;
20028: 56;
20029: 56;
20030: 56;
20031: 56;
20032: 56;
20033: 56;
20034: 56;
20035: 56;
20036: 56;
20037: 56;
20038: 56;
20039: 56;
20040: 56;
20041: 56;
20042: 56;
20043: 56;
20044: 56;
20045: 56;
20046: 56;
20047: 56;
20048: 56;
20049: 56;
20050: 56;
20051: 56;
20052: 56;
20053: 56;
20054: 56;
20055: 56;
20056: 56;
20057: 56;
20058: 56;
20059: 56;
20060: 56;
20061: 56;
20062: 56;
20063: 56;
20064: 56;
20065: 56;
20066: 56;
20067: 56;
20068: 56;
20069: 56;
20070: 56;
20071: 56;
20072: 56;
20073: 56;
20074: 56;
20075: 56;
20076: 56;
20077: 56;
20078: 56;
20079: 56;
20080: 56;
20081: 56;
20082: 56;
20083: 56;
20084: 56;
20085: 56;
20086: 56;
20087: 56;
20088: 56;
20089: 56;
20090: 56;
20091: 56;
20092: 56;
20093: 56;
20094: 56;
20095: 56;
20096: 56;
20097: 56;
20098: 56;
20099: 56;
20100: 56;
20101: 56;
20102: 56;
20103: 56;
20104: 56;
20105: 56;
20106: 56;
20107: 56;
20108: 56;
20109: 56;
20110: 56;
20111: 56;
20112: 56;
20113: 56;
20114: 56;
20115: 56;
20116: 56;
20117: 56;
20118: 56;
20119: 56;
20120: 56;
20121: 56;
20122: 56;
20123: 56;
20124: 56;
20125: 56;
20126: 56;
20127: 56;
20128: 56;
20129: 56;
20130: 56;
20131: 56;
20132: 56;
20133: 56;
20134: 56;
20135: 56;
20136: 56;
20137: 56;
20138: 56;
20139: 56;
20140: 56;
20141: 56;
20142: 56;
20143: 56;
20144: 56;
20145: 56;
20146: 56;
20147: 56;
20148: 56;
20149: 56;
20150: 56;
20151: 56;
20152: 56;
20153: 56;
20154: 56;
20155: 56;
20156: 56;
20157: 56;
20158: 56;
20159: 56;
20160: 56;
20161: 56;
20162: 56;
20163: 56;
20164: 56;
20165: 56;
20166: 56;
20167: 56;
20168: 56;
20169: 56;
20170: 56;
20171: 56;
20172: 56;
20173: 56;
20174: 56;
20175: 56;
20176: 56;
20177: 56;
20178: 56;
20179: 56;
20180: 56;
20181: 56;
20182: 56;
20183: 56;
20184: 56;
20185: 56;
20186: 56;
20187: 56;
20188: 56;
20189: 56;
20190: 56;
20191: 56;
20192: 56;
20193: 56;
20194: 56;
20195: 56;
20196: 56;
20197: 56;
20198: 56;
20199: 56;
20200: 56;
20201: 56;
20202: 56;
20203: 56;
20204: 56;
20205: 56;
20206: 56;
20207: 56;
20208: 56;
20209: 56;
20210: 56;
20211: 56;
20212: 56;
20213: 56;
20214: 56;
20215: 56;
20216: 56;
20217: 56;
20218: 56;
20219: 56;
20220: 56;
20221: 56;
20222: 56;
20223: 56;
20224: 56;
20225: 56;
20226: 56;
20227: 56;
20228: 56;
20229: 56;
20230: 56;
20231: 56;
20232: 56;
20233: 56;
20234: 56;
20235: 56;
20236: 56;
20237: 56;
20238: 56;
20239: 56;
20240: 56;
20241: 56;
20242: 56;
20243: 56;
20244: 56;
20245: 56;
20246: 56;
20247: 56;
20248: 56;
20249: 56;
20250: 56;
20251: 56;
20252: 56;
20253: 56;
20254: 56;
20255: 56;
20256: 56;
20257: 56;
20258: 56;
20259: 56;
20260: 56;
20261: 56;
20262: 56;
20263: 56;
20264: 56;
20265: 56;
20266: 56;
20267: 56;
20268: 56;
20269: 56;
20270: 56;
20271: 56;
20272: 56;
20273: 56;
20274: 56;
20275: 56;
20276: 56;
20277: 56;
20278: 56;
20279: 56;
20280: 56;
20281: 56;
20282: 56;
20283: 56;
20284: 56;
20285: 56;
20286: 56;
20287: 56;
20288: 56;
20289: 56;
20290: 56;
20291: 56;
20292: 56;
20293: 56;
20294: 56;
20295: 56;
20296: 56;
20297: 56;
20298: 56;
20299: 56;
20300: 56;
20301: 56;
20302: 56;
20303: 56;
20304: 56;
20305: 56;
20306: 56;
20307: 56;
20308: 56;
20309: 56;
20310: 56;
20311: 56;
20312: 56;
20313: 56;
20314: 56;
20315: 56;
20316: 56;
20317: 56;
20318: 56;
20319: 56;
20320: 56;
20321: 56;
20322: 56;
20323: 56;
20324: 56;
20325: 56;
20326: 56;
20327: 56;
20328: 56;
20329: 56;
20330: 56;
20331: 56;
20332: 56;
20333: 56;
20334: 56;
20335: 56;
20336: 56;
20337: 56;
20338: 56;
20339: 56;
20340: 56;
20341: 56;
20342: 56;
20343: 56;
20344: 56;
20345: 56;
20346: 56;
20347: 56;
20348: 56;
20349: 56;
20350: 56;
20351: 56;
20352: 56;
20353: 56;
20354: 56;
20355: 56;
20356: 56;
20357: 56;
20358: 56;
20359: 56;
20360: 56;
20361: 56;
20362: 56;
20363: 56;
20364: 56;
20365: 56;
20366: 56;
20367: 56;
20368: 56;
20369: 56;
20370: 56;
20371: 56;
20372: 56;
20373: 56;
20374: 56;
20375: 56;
20376: 56;
20377: 56;
20378: 56;
20379: 56;
20380: 56;
20381: 56;
20382: 56;
20383: 56;
20384: 56;
20385: 56;
20386: 56;
20387: 56;
20388: 56;
20389: 56;
20390: 56;
20391: 56;
20392: 56;
20393: 56;
20394: 56;
20395: 56;
20396: 56;
20397: 56;
20398: 56;
20399: 56;
20400: 56;
20401: 56;
20402: 56;
20403: 56;
20404: 56;
20405: 56;
20406: 56;
20407: 56;
20408: 56;
20409: 56;
20410: 56;
20411: 56;
20412: 56;
20413: 56;
20414: 56;
20415: 56;
20416: 56;
20417: 56;
20418: 56;
20419: 56;
20420: 56;
20421: 56;
20422: 56;
20423: 56;
20424: 56;
20425: 56;
20426: 56;
20427: 56;
20428: 56;
20429: 56;
20430: 56;
20431: 56;
20432: 56;
20433: 56;
20434: 56;
20435: 56;
20436: 56;
20437: 56;
20438: 56;
20439: 56;
20440: 56;
20441: 56;
20442: 56;
20443: 56;
20444: 56;
20445: 56;
20446: 56;
20447: 56;
20448: 56;
20449: 56;
20450: 56;
20451: 56;
20452: 56;
20453: 56;
20454: 56;
20455: 56;
20456: 56;
20457: 56;
20458: 56;
20459: 56;
20460: 56;
20461: 56;
20462: 56;
20463: 56;
20464: 56;
20465: 56;
20466: 56;
20467: 56;
20468: 56;
20469: 56;
20470: 56;
20471: 56;
20472: 56;
20473: 56;
20474: 56;
20475: 56;
20476: 56;
20477: 56;
20478: 56;
20479: 56;
20480: 56;
20481: 56;
20482: 56;
20483: 56;
20484: 56;
20485: 56;
20486: 56;
20487: 56;
20488: 56;
20489: 56;
20490: 56;
20491: 56;
20492: 56;
20493: 56;
20494: 56;
20495: 56;
20496: 56;
20497: 56;
20498: 56;
20499: 56;
20500: 56;
20501: 56;
20502: 56;
20503: 56;
20504: 56;
20505: 56;
20506: 56;
20507: 56;
20508: 56;
20509: 56;
20510: 56;
20511: 56;
20512: 56;
20513: 56;
20514: 56;
20515: 56;
20516: 56;
20517: 56;
20518: 56;
20519: 56;
20520: 56;
20521: 56;
20522: 56;
20523: 56;
20524: 56;
20525: 56;
20526: 56;
20527: 56;
20528: 56;
20529: 56;
20530: 56;
20531: 56;
20532: 56;
20533: 56;
20534: 56;
20535: 56;
20536: 56;
20537: 56;
20538: 56;
20539: 56;
20540: 56;
20541: 56;
20542: 56;
20543: 56;
20544: 56;
20545: 56;
20546: 56;
20547: 56;
20548: 56;
20549: 56;
20550: 56;
20551: 56;
20552: 56;
20553: 56;
20554: 56;
20555: 56;
20556: 56;
20557: 56;
20558: 56;
20559: 56;
20560: 56;
20561: 56;
20562: 56;
20563: 56;
20564: 56;
20565: 56;
20566: 56;
20567: 56;
20568: 56;
20569: 56;
20570: 56;
20571: 56;
20572: 56;
20573: 56;
20574: 56;
20575: 56;
20576: 56;
20577: 56;
20578: 56;
20579: 56;
20580: 56;
20581: 56;
20582: 56;
20583: 56;
20584: 56;
20585: 56;
20586: 56;
20587: 56;
20588: 56;
20589: 56;
20590: 56;
20591: 56;
20592: 56;
20593: 56;
20594: 56;
20595: 56;
20596: 56;
20597: 56;
20598: 56;
20599: 56;
20600: 56;
20601: 56;
20602: 56;
20603: 56;
20604: 56;
20605: 56;
20606: 56;
20607: 56;
20608: 56;
20609: 56;
20610: 56;
20611: 56;
20612: 56;
20613: 56;
20614: 56;
20615: 56;
20616: 56;
20617: 56;
20618: 56;
20619: 56;
20620: 56;
20621: 56;
20622: 56;
20623: 56;
20624: 56;
20625: 56;
20626: 56;
20627: 56;
20628: 56;
20629: 56;
20630: 56;
20631: 56;
20632: 56;
20633: 56;
20634: 56;
20635: 56;
20636: 56;
20637: 56;
20638: 56;
20639: 56;
20640: 56;
20641: 56;
20642: 56;
20643: 56;
20644: 56;
20645: 56;
20646: 56;
20647: 56;
20648: 56;
20649: 56;
20650: 56;
20651: 56;
20652: 56;
20653: 56;
20654: 56;
20655: 56;
20656: 56;
20657: 56;
20658: 56;
20659: 56;
20660: 56;
20661: 56;
20662: 56;
20663: 56;
20664: 56;
20665: 56;
20666: 56;
20667: 56;
20668: 56;
20669: 56;
20670: 56;
20671: 56;
20672: 56;
20673: 56;
20674: 56;
20675: 56;
20676: 56;
20677: 56;
20678: 56;
20679: 56;
20680: 56;
20681: 56;
20682: 56;
20683: 56;
20684: 56;
20685: 56;
20686: 56;
20687: 56;
20688: 56;
20689: 56;
20690: 56;
20691: 56;
20692: 56;
20693: 56;
20694: 56;
20695: 56;
20696: 56;
20697: 56;
20698: 56;
20699: 56;
20700: 56;
20701: 56;
20702: 56;
20703: 56;
20704: 56;
20705: 56;
20706: 56;
20707: 56;
20708: 56;
20709: 56;
20710: 56;
20711: 56;
20712: 56;
20713: 56;
20714: 56;
20715: 56;
20716: 56;
20717: 56;
20718: 56;
20719: 56;
20720: 56;
20721: 56;
20722: 56;
20723: 56;
20724: 56;
20725: 56;
20726: 56;
20727: 56;
20728: 56;
20729: 56;
20730: 56;
20731: 56;
20732: 56;
20733: 56;
20734: 56;
20735: 56;
20736: 56;
20737: 56;
20738: 56;
20739: 56;
20740: 56;
20741: 56;
20742: 56;
20743: 56;
20744: 56;
20745: 56;
20746: 56;
20747: 56;
20748: 56;
20749: 56;
20750: 56;
20751: 56;
20752: 56;
20753: 56;
20754: 56;
20755: 56;
20756: 56;
20757: 56;
20758: 56;
20759: 56;
20760: 56;
20761: 56;
20762: 56;
20763: 56;
20764: 56;
20765: 56;
20766: 56;
20767: 56;
20768: 56;
20769: 56;
20770: 56;
20771: 56;
20772: 56;
20773: 56;
20774: 56;
20775: 56;
20776: 56;
20777: 56;
20778: 56;
20779: 56;
20780: 56;
20781: 56;
20782: 56;
20783: 56;
20784: 56;
20785: 56;
20786: 56;
20787: 56;
20788: 56;
20789: 56;
20790: 56;
20791: 56;
20792: 56;
20793: 56;
20794: 56;
20795: 56;
20796: 56;
20797: 56;
20798: 56;
20799: 56;
20800: 56;
20801: 56;
20802: 56;
20803: 56;
20804: 56;
20805: 56;
20806: 56;
20807: 56;
20808: 56;
20809: 56;
20810: 56;
20811: 56;
20812: 56;
20813: 56;
20814: 56;
20815: 56;
20816: 56;
20817: 56;
20818: 56;
20819: 56;
20820: 56;
20821: 56;
20822: 56;
20823: 56;
20824: 56;
20825: 56;
20826: 56;
20827: 56;
20828: 56;
20829: 56;
20830: 56;
20831: 56;
20832: 56;
20833: 56;
20834: 56;
20835: 56;
20836: 56;
20837: 56;
20838: 56;
20839: 56;
20840: 56;
20841: 56;
20842: 56;
20843: 56;
20844: 56;
20845: 56;
20846: 56;
20847: 56;
20848: 56;
20849: 56;
20850: 56;
20851: 56;
20852: 56;
20853: 56;
20854: 56;
20855: 56;
20856: 56;
20857: 56;
20858: 56;
20859: 56;
20860: 56;
20861: 56;
20862: 56;
20863: 56;
20864: 56;
20865: 56;
20866: 56;
20867: 56;
20868: 56;
20869: 56;
20870: 56;
20871: 56;
20872: 56;
20873: 56;
20874: 56;
20875: 56;
20876: 56;
20877: 56;
20878: 56;
20879: 56;
20880: 56;
20881: 56;
20882: 56;
20883: 56;
20884: 56;
20885: 56;
20886: 56;
20887: 56;
20888: 56;
20889: 56;
20890: 56;
20891: 56;
20892: 56;
20893: 56;
20894: 56;
20895: 56;
20896: 56;
20897: 56;
20898: 56;
20899: 56;
20900: 56;
20901: 56;
20902: 56;
20903: 56;
20904: 56;
20905: 56;
20906: 56;
20907: 56;
20908: 56;
20909: 56;
20910: 56;
20911: 56;
20912: 56;
20913: 56;
20914: 56;
20915: 56;
20916: 56;
20917: 56;
20918: 56;
20919: 56;
20920: 56;
20921: 56;
20922: 56;
20923: 56;
20924: 56;
20925: 56;
20926: 56;
20927: 56;
20928: 56;
20929: 56;
20930: 56;
20931: 56;
20932: 56;
20933: 56;
20934: 56;
20935: 56;
20936: 56;
20937: 56;
20938: 56;
20939: 56;
20940: 56;
20941: 56;
20942: 56;
20943: 56;
20944: 56;
20945: 56;
20946: 56;
20947: 56;
20948: 56;
20949: 56;
20950: 56;
20951: 56;
20952: 56;
20953: 56;
20954: 56;
20955: 56;
20956: 56;
20957: 56;
20958: 56;
20959: 56;
20960: 56;
20961: 56;
20962: 56;
20963: 56;
20964: 56;
20965: 56;
20966: 56;
20967: 56;
20968: 56;
20969: 56;
20970: 56;
20971: 56;
20972: 56;
20973: 56;
20974: 56;
20975: 56;
20976: 56;
20977: 56;
20978: 56;
20979: 56;
20980: 56;
20981: 56;
20982: 56;
20983: 56;
20984: 56;
20985: 56;
20986: 56;
20987: 56;
20988: 56;
20989: 56;
20990: 56;
20991: 56;
20992: 56;
20993: 56;
20994: 56;
20995: 56;
20996: 56;
20997: 56;
20998: 56;
20999: 56;
21000: 56;
21001: 56;
21002: 56;
21003: 56;
21004: 56;
21005: 56;
21006: 56;
21007: 56;
21008: 56;
21009: 56;
21010: 56;
21011: 56;
21012: 56;
21013: 56;
21014: 56;
21015: 56;
21016: 56;
21017: 56;
21018: 56;
21019: 56;
21020: 56;
21021: 56;
21022: 56;
21023: 56;
21024: 56;
21025: 56;
21026: 56;
21027: 56;
21028: 56;
21029: 56;
21030: 56;
21031: 56;
21032: 56;
21033: 56;
21034: 56;
21035: 56;
21036: 56;
21037: 56;
21038: 56;
21039: 56;
21040: 56;
21041: 56;
21042: 56;
21043: 56;
21044: 56;
21045: 56;
21046: 56;
21047: 56;
21048: 56;
21049: 56;
21050: 56;
21051: 56;
21052: 56;
21053: 56;
21054: 56;
21055: 56;
21056: 56;
21057: 56;
21058: 56;
21059: 56;
21060: 56;
21061: 56;
21062: 56;
21063: 56;
21064: 56;
21065: 56;
21066: 56;
21067: 56;
21068: 56;
21069: 56;
21070: 56;
21071: 56;
21072: 56;
21073: 56;
21074: 56;
21075: 56;
21076: 56;
21077: 56;
21078: 56;
21079: 56;
21080: 56;
21081: 56;
21082: 56;
21083: 56;
21084: 56;
21085: 56;
21086: 56;
21087: 56;
21088: 56;
21089: 56;
21090: 56;
21091: 56;
21092: 56;
21093: 56;
21094: 56;
21095: 56;
21096: 56;
21097: 56;
21098: 56;
21099: 56;
21100: 56;
21101: 56;
21102: 56;
21103: 56;
21104: 56;
21105: 56;
21106: 56;
21107: 56;
21108: 56;
21109: 56;
21110: 56;
21111: 56;
21112: 56;
21113: 56;
21114: 56;
21115: 56;
21116: 56;
21117: 56;
21118: 56;
21119: 56;
21120: 56;
21121: 56;
21122: 56;
21123: 56;
21124: 56;
21125: 56;
21126: 56;
21127: 56;
21128: 56;
21129: 56;
21130: 56;
21131: 56;
21132: 56;
21133: 56;
21134: 56;
21135: 57;
21136: 57;
21137: 57;
21138: 57;
21139: 57;
21140: 57;
21141: 57;
21142: 57;
21143: 57;
21144: 57;
21145: 57;
21146: 57;
21147: 57;
21148: 57;
21149: 57;
21150: 57;
21151: 57;
21152: 57;
21153: 57;
21154: 57;
21155: 57;
21156: 57;
21157: 57;
21158: 57;
21159: 57;
21160: 57;
21161: 57;
21162: 57;
21163: 57;
21164: 57;
21165: 57;
21166: 57;
21167: 57;
21168: 57;
21169: 57;
21170: 57;
21171: 57;
21172: 57;
21173: 57;
21174: 57;
21175: 57;
21176: 57;
21177: 57;
21178: 57;
21179: 57;
21180: 57;
21181: 57;
21182: 57;
21183: 57;
21184: 57;
21185: 57;
21186: 57;
21187: 57;
21188: 57;
21189: 57;
21190: 57;
21191: 57;
21192: 57;
21193: 57;
21194: 57;
21195: 57;
21196: 57;
21197: 57;
21198: 57;
21199: 57;
21200: 57;
21201: 57;
21202: 57;
21203: 57;
21204: 57;
21205: 57;
21206: 57;
21207: 57;
21208: 57;
21209: 57;
21210: 57;
21211: 57;
21212: 57;
21213: 57;
21214: 57;
21215: 57;
21216: 57;
21217: 57;
21218: 57;
21219: 57;
21220: 57;
21221: 57;
21222: 57;
21223: 57;
21224: 57;
21225: 57;
21226: 57;
21227: 57;
21228: 57;
21229: 57;
21230: 57;
21231: 57;
21232: 57;
21233: 57;
21234: 57;
21235: 57;
21236: 57;
21237: 57;
21238: 57;
21239: 57;
21240: 57;
21241: 57;
21242: 57;
21243: 57;
21244: 57;
21245: 57;
21246: 57;
21247: 57;
21248: 57;
21249: 57;
21250: 57;
21251: 57;
21252: 57;
21253: 57;
21254: 57;
21255: 57;
21256: 57;
21257: 57;
21258: 57;
21259: 57;
21260: 57;
21261: 57;
21262: 57;
21263: 57;
21264: 57;
21265: 57;
21266: 57;
21267: 57;
21268: 57;
21269: 57;
21270: 57;
21271: 57;
21272: 57;
21273: 57;
21274: 57;
21275: 57;
21276: 57;
21277: 57;
21278: 57;
21279: 57;
21280: 57;
21281: 57;
21282: 57;
21283: 57;
21284: 57;
21285: 57;
21286: 57;
21287: 57;
21288: 57;
21289: 57;
21290: 57;
21291: 57;
21292: 57;
21293: 57;
21294: 57;
21295: 57;
21296: 57;
21297: 57;
21298: 57;
21299: 57;
21300: 57;
21301: 57;
21302: 57;
21303: 57;
21304: 57;
21305: 57;
21306: 57;
21307: 57;
21308: 57;
21309: 57;
21310: 57;
21311: 57;
21312: 57;
21313: 57;
21314: 57;
21315: 57;
21316: 57;
21317: 57;
21318: 57;
21319: 57;
21320: 57;
21321: 57;
21322: 57;
21323: 57;
21324: 57;
21325: 57;
21326: 57;
21327: 57;
21328: 57;
21329: 57;
21330: 57;
21331: 57;
21332: 57;
21333: 57;
21334: 57;
21335: 57;
21336: 57;
21337: 57;
21338: 57;
21339: 57;
21340: 57;
21341: 57;
21342: 57;
21343: 57;
21344: 57;
21345: 57;
21346: 57;
21347: 57;
21348: 57;
21349: 57;
21350: 57;
21351: 57;
21352: 57;
21353: 57;
21354: 57;
21355: 57;
21356: 57;
21357: 57;
21358: 57;
21359: 57;
21360: 57;
21361: 57;
21362: 57;
21363: 57;
21364: 57;
21365: 57;
21366: 57;
21367: 57;
21368: 57;
21369: 57;
21370: 57;
21371: 57;
21372: 57;
21373: 57;
21374: 57;
21375: 57;
21376: 57;
21377: 57;
21378: 57;
21379: 57;
21380: 57;
21381: 57;
21382: 57;
21383: 57;
21384: 57;
21385: 57;
21386: 57;
21387: 57;
21388: 57;
21389: 57;
21390: 57;
21391: 57;
21392: 57;
21393: 57;
21394: 57;
21395: 57;
21396: 57;
21397: 57;
21398: 57;
21399: 57;
21400: 57;
21401: 57;
21402: 57;
21403: 57;
21404: 57;
21405: 57;
21406: 57;
21407: 57;
21408: 57;
21409: 57;
21410: 57;
21411: 57;
21412: 57;
21413: 57;
21414: 57;
21415: 57;
21416: 57;
21417: 57;
21418: 57;
21419: 57;
21420: 57;
21421: 57;
21422: 57;
21423: 57;
21424: 57;
21425: 57;
21426: 57;
21427: 57;
21428: 57;
21429: 57;
21430: 57;
21431: 57;
21432: 57;
21433: 57;
21434: 57;
21435: 57;
21436: 57;
21437: 57;
21438: 57;
21439: 57;
21440: 57;
21441: 57;
21442: 57;
21443: 57;
21444: 57;
21445: 57;
21446: 57;
21447: 57;
21448: 57;
21449: 57;
21450: 57;
21451: 57;
21452: 57;
21453: 57;
21454: 57;
21455: 57;
21456: 57;
21457: 57;
21458: 57;
21459: 57;
21460: 57;
21461: 57;
21462: 57;
21463: 57;
21464: 57;
21465: 57;
21466: 57;
21467: 57;
21468: 57;
21469: 57;
21470: 57;
21471: 57;
21472: 57;
21473: 57;
21474: 57;
21475: 57;
21476: 57;
21477: 57;
21478: 57;
21479: 57;
21480: 57;
21481: 57;
21482: 57;
21483: 57;
21484: 57;
21485: 57;
21486: 57;
21487: 57;
21488: 57;
21489: 57;
21490: 57;
21491: 57;
21492: 57;
21493: 57;
21494: 57;
21495: 57;
21496: 57;
21497: 57;
21498: 57;
21499: 57;
21500: 57;
21501: 57;
21502: 57;
21503: 57;
21504: 57;
21505: 57;
21506: 57;
21507: 57;
21508: 57;
21509: 57;
21510: 57;
21511: 57;
21512: 57;
21513: 57;
21514: 57;
21515: 57;
21516: 57;
21517: 57;
21518: 57;
21519: 57;
21520: 57;
21521: 57;
21522: 57;
21523: 57;
21524: 57;
21525: 57;
21526: 57;
21527: 57;
21528: 57;
21529: 57;
21530: 57;
21531: 57;
21532: 57;
21533: 57;
21534: 57;
21535: 57;
21536: 57;
21537: 57;
21538: 57;
21539: 57;
21540: 57;
21541: 57;
21542: 57;
21543: 57;
21544: 57;
21545: 57;
21546: 57;
21547: 57;
21548: 57;
21549: 57;
21550: 57;
21551: 57;
21552: 57;
21553: 57;
21554: 57;
21555: 57;
21556: 57;
21557: 57;
21558: 57;
21559: 57;
21560: 57;
21561: 57;
21562: 57;
21563: 57;
21564: 57;
21565: 57;
21566: 57;
21567: 57;
21568: 57;
21569: 57;
21570: 57;
21571: 57;
21572: 57;
21573: 57;
21574: 57;
21575: 57;
21576: 57;
21577: 57;
21578: 57;
21579: 57;
21580: 57;
21581: 57;
21582: 57;
21583: 57;
21584: 57;
21585: 57;
21586: 57;
21587: 57;
21588: 57;
21589: 57;
21590: 57;
21591: 57;
21592: 57;
21593: 57;
21594: 57;
21595: 57;
21596: 57;
21597: 57;
21598: 57;
21599: 57;
21600: 57;
21601: 57;
21602: 57;
21603: 57;
21604: 57;
21605: 57;
21606: 57;
21607: 57;
21608: 57;
21609: 57;
21610: 57;
21611: 57;
21612: 57;
21613: 57;
21614: 57;
21615: 57;
21616: 57;
21617: 57;
21618: 57;
21619: 57;
21620: 57;
21621: 57;
21622: 57;
21623: 57;
21624: 57;
21625: 57;
21626: 57;
21627: 57;
21628: 57;
21629: 57;
21630: 57;
21631: 57;
21632: 57;
21633: 57;
21634: 57;
21635: 57;
21636: 57;
21637: 57;
21638: 57;
21639: 57;
21640: 57;
21641: 57;
21642: 57;
21643: 57;
21644: 57;
21645: 57;
21646: 57;
21647: 57;
21648: 57;
21649: 57;
21650: 57;
21651: 57;
21652: 57;
21653: 57;
21654: 57;
21655: 57;
21656: 57;
21657: 57;
21658: 57;
21659: 57;
21660: 57;
21661: 57;
21662: 57;
21663: 57;
21664: 57;
21665: 57;
21666: 57;
21667: 57;
21668: 57;
21669: 57;
21670: 57;
21671: 57;
21672: 57;
21673: 57;
21674: 57;
21675: 57;
21676: 57;
21677: 57;
21678: 57;
21679: 57;
21680: 57;
21681: 57;
21682: 57;
21683: 57;
21684: 57;
21685: 57;
21686: 57;
21687: 57;
21688: 57;
21689: 57;
21690: 57;
21691: 57;
21692: 57;
21693: 57;
21694: 57;
21695: 57;
21696: 57;
21697: 57;
21698: 57;
21699: 57;
21700: 57;
21701: 57;
21702: 57;
21703: 57;
21704: 57;
21705: 57;
21706: 57;
21707: 57;
21708: 57;
21709: 57;
21710: 57;
21711: 57;
21712: 57;
21713: 57;
21714: 57;
21715: 57;
21716: 57;
21717: 57;
21718: 57;
21719: 57;
21720: 57;
21721: 57;
21722: 57;
21723: 57;
21724: 57;
21725: 57;
21726: 57;
21727: 57;
21728: 57;
21729: 57;
21730: 57;
21731: 57;
21732: 57;
21733: 57;
21734: 57;
21735: 57;
21736: 57;
21737: 57;
21738: 57;
21739: 57;
21740: 57;
21741: 57;
21742: 57;
21743: 57;
21744: 57;
21745: 57;
21746: 57;
21747: 57;
21748: 57;
21749: 57;
21750: 57;
21751: 57;
21752: 57;
21753: 57;
21754: 57;
21755: 57;
21756: 57;
21757: 57;
21758: 57;
21759: 57;
21760: 57;
21761: 57;
21762: 57;
21763: 57;
21764: 57;
21765: 57;
21766: 57;
21767: 57;
21768: 57;
21769: 57;
21770: 57;
21771: 57;
21772: 57;
21773: 57;
21774: 57;
21775: 57;
21776: 57;
21777: 57;
21778: 57;
21779: 57;
21780: 57;
21781: 57;
21782: 57;
21783: 57;
21784: 57;
21785: 57;
21786: 57;
21787: 57;
21788: 57;
21789: 57;
21790: 57;
21791: 57;
21792: 57;
21793: 57;
21794: 57;
21795: 57;
21796: 57;
21797: 57;
21798: 57;
21799: 57;
21800: 57;
21801: 57;
21802: 57;
21803: 57;
21804: 57;
21805: 57;
21806: 57;
21807: 57;
21808: 57;
21809: 57;
21810: 57;
21811: 57;
21812: 57;
21813: 57;
21814: 57;
21815: 57;
21816: 57;
21817: 57;
21818: 57;
21819: 57;
21820: 57;
21821: 57;
21822: 57;
21823: 57;
21824: 57;
21825: 57;
21826: 57;
21827: 57;
21828: 57;
21829: 57;
21830: 57;
21831: 57;
21832: 57;
21833: 57;
21834: 57;
21835: 57;
21836: 57;
21837: 57;
21838: 57;
21839: 57;
21840: 57;
21841: 57;
21842: 57;
21843: 57;
21844: 57;
21845: 57;
21846: 57;
21847: 57;
21848: 57;
21849: 57;
21850: 57;
21851: 57;
21852: 57;
21853: 57;
21854: 57;
21855: 57;
21856: 57;
21857: 57;
21858: 57;
21859: 57;
21860: 57;
21861: 57;
21862: 57;
21863: 57;
21864: 57;
21865: 57;
21866: 57;
21867: 57;
21868: 57;
21869: 57;
21870: 57;
21871: 57;
21872: 57;
21873: 57;
21874: 57;
21875: 57;
21876: 57;
21877: 57;
21878: 57;
21879: 57;
21880: 57;
21881: 57;
21882: 57;
21883: 57;
21884: 57;
21885: 57;
21886: 57;
21887: 57;
21888: 57;
21889: 57;
21890: 57;
21891: 57;
21892: 57;
21893: 57;
21894: 57;
21895: 57;
21896: 57;
21897: 57;
21898: 57;
21899: 57;
21900: 57;
21901: 57;
21902: 57;
21903: 57;
21904: 57;
21905: 57;
21906: 57;
21907: 57;
21908: 57;
21909: 57;
21910: 57;
21911: 57;
21912: 57;
21913: 57;
21914: 57;
21915: 57;
21916: 57;
21917: 57;
21918: 57;
21919: 57;
21920: 57;
21921: 57;
21922: 57;
21923: 57;
21924: 57;
21925: 57;
21926: 57;
21927: 57;
21928: 57;
21929: 57;
21930: 57;
21931: 57;
21932: 57;
21933: 57;
21934: 57;
21935: 57;
21936: 57;
21937: 57;
21938: 57;
21939: 57;
21940: 57;
21941: 57;
21942: 57;
21943: 57;
21944: 57;
21945: 57;
21946: 57;
21947: 57;
21948: 57;
21949: 57;
21950: 57;
21951: 57;
21952: 57;
21953: 57;
21954: 57;
21955: 57;
21956: 57;
21957: 57;
21958: 57;
21959: 57;
21960: 57;
21961: 57;
21962: 57;
21963: 57;
21964: 57;
21965: 57;
21966: 57;
21967: 57;
21968: 57;
21969: 57;
21970: 57;
21971: 57;
21972: 57;
21973: 57;
21974: 57;
21975: 57;
21976: 57;
21977: 57;
21978: 57;
21979: 57;
21980: 57;
21981: 57;
21982: 57;
21983: 57;
21984: 57;
21985: 57;
21986: 57;
21987: 57;
21988: 57;
21989: 57;
21990: 57;
21991: 57;
21992: 57;
21993: 57;
21994: 57;
21995: 57;
21996: 57;
21997: 57;
21998: 57;
21999: 57;
22000: 57;
22001: 57;
22002: 57;
22003: 57;
22004: 57;
22005: 57;
22006: 57;
22007: 57;
22008: 57;
22009: 57;
22010: 57;
22011: 57;
22012: 57;
22013: 57;
22014: 57;
22015: 57;
22016: 57;
22017: 57;
22018: 57;
22019: 57;
22020: 57;
22021: 57;
22022: 57;
22023: 57;
22024: 57;
22025: 57;
22026: 57;
22027: 57;
22028: 57;
22029: 57;
22030: 57;
22031: 57;
22032: 57;
22033: 57;
22034: 57;
22035: 57;
22036: 57;
22037: 57;
22038: 57;
22039: 57;
22040: 57;
22041: 57;
22042: 57;
22043: 57;
22044: 57;
22045: 57;
22046: 57;
22047: 57;
22048: 57;
22049: 57;
22050: 57;
22051: 57;
22052: 57;
22053: 57;
22054: 57;
22055: 57;
22056: 57;
22057: 57;
22058: 57;
22059: 57;
22060: 57;
22061: 57;
22062: 57;
22063: 57;
22064: 57;
22065: 57;
22066: 57;
22067: 57;
22068: 57;
22069: 57;
22070: 57;
22071: 57;
22072: 57;
22073: 57;
22074: 57;
22075: 57;
22076: 57;
22077: 57;
22078: 57;
22079: 57;
22080: 57;
22081: 57;
22082: 57;
22083: 57;
22084: 57;
22085: 57;
22086: 57;
22087: 57;
22088: 57;
22089: 57;
22090: 57;
22091: 57;
22092: 57;
22093: 57;
22094: 57;
22095: 57;
22096: 57;
22097: 57;
22098: 57;
22099: 57;
22100: 57;
22101: 57;
22102: 57;
22103: 57;
22104: 57;
22105: 57;
22106: 57;
22107: 57;
22108: 57;
22109: 57;
22110: 57;
22111: 57;
22112: 57;
22113: 57;
22114: 57;
22115: 57;
22116: 57;
22117: 57;
22118: 57;
22119: 57;
22120: 57;
22121: 57;
22122: 57;
22123: 57;
22124: 57;
22125: 57;
22126: 57;
22127: 57;
22128: 57;
22129: 57;
22130: 57;
22131: 57;
22132: 57;
22133: 57;
22134: 57;
22135: 57;
22136: 57;
22137: 57;
22138: 57;
22139: 57;
22140: 57;
22141: 57;
22142: 57;
22143: 57;
22144: 57;
22145: 57;
22146: 57;
22147: 57;
22148: 57;
22149: 57;
22150: 57;
22151: 57;
22152: 57;
22153: 57;
22154: 57;
22155: 57;
22156: 57;
22157: 57;
22158: 57;
22159: 57;
22160: 57;
22161: 57;
22162: 57;
22163: 57;
22164: 57;
22165: 57;
22166: 57;
22167: 57;
22168: 57;
22169: 57;
22170: 57;
22171: 57;
22172: 57;
22173: 57;
22174: 57;
22175: 57;
22176: 57;
22177: 57;
22178: 57;
22179: 57;
22180: 57;
22181: 57;
22182: 57;
22183: 57;
22184: 57;
22185: 57;
22186: 57;
22187: 57;
22188: 57;
22189: 57;
22190: 57;
22191: 57;
22192: 57;
22193: 57;
22194: 57;
22195: 57;
22196: 57;
22197: 57;
22198: 57;
22199: 57;
22200: 57;
22201: 57;
22202: 57;
22203: 57;
22204: 57;
22205: 57;
22206: 57;
22207: 57;
22208: 57;
22209: 57;
22210: 57;
22211: 57;
22212: 57;
22213: 57;
22214: 57;
22215: 57;
22216: 57;
22217: 57;
22218: 57;
22219: 57;
22220: 57;
22221: 57;
22222: 57;
22223: 57;
22224: 57;
22225: 57;
22226: 57;
22227: 57;
22228: 57;
22229: 57;
22230: 57;
22231: 57;
22232: 57;
22233: 57;
22234: 57;
22235: 57;
22236: 57;
22237: 57;
22238: 57;
22239: 57;
22240: 57;
22241: 57;
22242: 57;
22243: 57;
22244: 57;
22245: 57;
22246: 57;
22247: 57;
22248: 57;
22249: 57;
22250: 57;
22251: 57;
22252: 57;
22253: 57;
22254: 57;
22255: 57;
22256: 57;
22257: 57;
22258: 57;
22259: 57;
22260: 57;
22261: 57;
22262: 57;
22263: 57;
22264: 57;
22265: 57;
22266: 57;
22267: 57;
22268: 57;
22269: 57;
22270: 57;
22271: 57;
22272: 57;
22273: 57;
22274: 57;
22275: 57;
22276: 57;
22277: 57;
22278: 57;
22279: 57;
22280: 57;
22281: 57;
22282: 57;
22283: 57;
22284: 57;
22285: 57;
22286: 57;
22287: 57;
22288: 57;
22289: 57;
22290: 57;
22291: 57;
22292: 57;
22293: 57;
22294: 57;
22295: 57;
22296: 57;
22297: 57;
22298: 57;
22299: 57;
22300: 57;
22301: 57;
22302: 57;
22303: 57;
22304: 57;
22305: 57;
22306: 57;
22307: 57;
22308: 57;
22309: 57;
22310: 57;
22311: 57;
22312: 57;
22313: 57;
22314: 57;
22315: 57;
22316: 57;
22317: 57;
22318: 57;
22319: 57;
22320: 57;
22321: 57;
22322: 57;
22323: 57;
22324: 57;
22325: 57;
22326: 57;
22327: 57;
22328: 57;
22329: 57;
22330: 57;
22331: 57;
22332: 57;
22333: 57;
22334: 57;
22335: 57;
22336: 57;
22337: 57;
22338: 57;
22339: 57;
22340: 57;
22341: 57;
22342: 57;
22343: 57;
22344: 57;
22345: 57;
22346: 57;
22347: 57;
22348: 57;
22349: 57;
22350: 57;
22351: 57;
22352: 57;
22353: 57;
22354: 57;
22355: 57;
22356: 57;
22357: 57;
22358: 57;
22359: 57;
22360: 57;
22361: 57;
22362: 57;
22363: 57;
22364: 57;
22365: 57;
22366: 57;
22367: 57;
22368: 57;
22369: 57;
22370: 57;
22371: 57;
22372: 57;
22373: 57;
22374: 57;
22375: 57;
22376: 57;
22377: 57;
22378: 57;
22379: 57;
22380: 57;
22381: 57;
22382: 57;
22383: 57;
22384: 57;
22385: 57;
22386: 57;
22387: 57;
22388: 57;
22389: 57;
22390: 57;
22391: 57;
22392: 57;
22393: 57;
22394: 57;
22395: 57;
22396: 57;
22397: 57;
22398: 57;
22399: 57;
22400: 57;
22401: 57;
22402: 57;
22403: 57;
22404: 57;
22405: 57;
22406: 57;
22407: 57;
22408: 57;
22409: 57;
22410: 57;
22411: 57;
22412: 57;
22413: 57;
22414: 57;
22415: 57;
22416: 57;
22417: 57;
22418: 57;
22419: 57;
22420: 57;
22421: 57;
22422: 57;
22423: 57;
22424: 57;
22425: 57;
22426: 57;
22427: 57;
22428: 57;
22429: 57;
22430: 57;
22431: 57;
22432: 57;
22433: 57;
22434: 57;
22435: 57;
22436: 57;
22437: 57;
22438: 57;
22439: 57;
22440: 57;
22441: 57;
22442: 57;
22443: 57;
22444: 57;
22445: 57;
22446: 57;
22447: 57;
22448: 57;
22449: 57;
22450: 57;
22451: 57;
22452: 57;
22453: 57;
22454: 57;
22455: 57;
22456: 57;
22457: 57;
22458: 57;
22459: 57;
22460: 57;
22461: 57;
22462: 57;
22463: 57;
22464: 57;
22465: 57;
22466: 57;
22467: 57;
22468: 57;
22469: 57;
22470: 57;
22471: 57;
22472: 57;
22473: 57;
22474: 57;
22475: 57;
22476: 57;
22477: 57;
22478: 57;
22479: 57;
22480: 57;
22481: 57;
22482: 57;
22483: 57;
22484: 57;
22485: 57;
22486: 57;
22487: 57;
22488: 57;
22489: 57;
22490: 57;
22491: 57;
22492: 57;
22493: 57;
22494: 57;
22495: 57;
22496: 57;
22497: 57;
22498: 57;
22499: 57;
22500: 57;
22501: 57;
22502: 57;
22503: 57;
22504: 57;
22505: 57;
22506: 57;
22507: 57;
22508: 57;
22509: 57;
22510: 57;
22511: 57;
22512: 57;
22513: 57;
22514: 57;
22515: 57;
22516: 57;
22517: 57;
22518: 57;
22519: 57;
22520: 57;
22521: 57;
22522: 57;
22523: 57;
22524: 57;
22525: 57;
22526: 57;
22527: 57;
22528: 57;
22529: 57;
22530: 57;
22531: 57;
22532: 57;
22533: 57;
22534: 57;
22535: 57;
22536: 57;
22537: 57;
22538: 57;
22539: 57;
22540: 57;
22541: 57;
22542: 57;
22543: 57;
22544: 57;
22545: 57;
22546: 57;
22547: 57;
22548: 57;
22549: 57;
22550: 57;
22551: 57;
22552: 57;
22553: 57;
22554: 57;
22555: 57;
22556: 57;
22557: 57;
22558: 57;
22559: 57;
22560: 57;
22561: 57;
22562: 57;
22563: 57;
22564: 57;
22565: 57;
22566: 57;
22567: 57;
22568: 57;
22569: 57;
22570: 57;
22571: 57;
22572: 57;
22573: 57;
22574: 57;
22575: 57;
22576: 57;
22577: 57;
22578: 57;
22579: 57;
22580: 57;
22581: 57;
22582: 57;
22583: 57;
22584: 57;
22585: 57;
22586: 57;
22587: 57;
22588: 57;
22589: 57;
22590: 57;
22591: 57;
22592: 57;
22593: 57;
22594: 57;
22595: 57;
22596: 57;
22597: 57;
22598: 57;
22599: 57;
22600: 57;
22601: 57;
22602: 57;
22603: 57;
22604: 57;
22605: 57;
22606: 57;
22607: 57;
22608: 57;
22609: 57;
22610: 57;
22611: 57;
22612: 57;
22613: 57;
22614: 57;
22615: 57;
22616: 57;
22617: 57;
22618: 57;
22619: 57;
22620: 57;
22621: 57;
22622: 57;
22623: 57;
22624: 57;
22625: 57;
22626: 57;
22627: 57;
22628: 57;
22629: 57;
22630: 57;
22631: 57;
22632: 57;
22633: 57;
22634: 57;
22635: 57;
22636: 57;
22637: 57;
22638: 57;
22639: 57;
22640: 57;
22641: 57;
22642: 57;
22643: 57;
22644: 57;
22645: 57;
22646: 57;
22647: 57;
22648: 57;
22649: 57;
22650: 57;
22651: 57;
22652: 57;
22653: 57;
22654: 57;
22655: 57;
22656: 57;
22657: 57;
22658: 57;
22659: 57;
22660: 57;
22661: 57;
22662: 57;
22663: 57;
22664: 57;
22665: 57;
22666: 57;
22667: 57;
22668: 57;
22669: 57;
22670: 57;
22671: 57;
22672: 57;
22673: 57;
22674: 57;
22675: 57;
22676: 57;
22677: 57;
22678: 57;
22679: 57;
22680: 57;
22681: 57;
22682: 57;
22683: 57;
22684: 57;
22685: 57;
22686: 57;
22687: 57;
22688: 57;
22689: 57;
22690: 57;
22691: 57;
22692: 57;
22693: 57;
22694: 57;
22695: 57;
22696: 57;
22697: 57;
22698: 57;
22699: 57;
22700: 57;
22701: 57;
22702: 57;
22703: 57;
22704: 57;
22705: 57;
22706: 57;
22707: 57;
22708: 57;
22709: 57;
22710: 57;
22711: 57;
22712: 57;
22713: 57;
22714: 57;
22715: 57;
22716: 57;
22717: 57;
22718: 57;
22719: 57;
22720: 57;
22721: 57;
22722: 57;
22723: 57;
22724: 57;
22725: 57;
22726: 57;
22727: 57;
22728: 57;
22729: 57;
22730: 57;
22731: 57;
22732: 57;
22733: 57;
22734: 57;
22735: 57;
22736: 57;
22737: 57;
22738: 57;
22739: 57;
22740: 57;
22741: 57;
22742: 57;
22743: 57;
22744: 57;
22745: 57;
22746: 57;
22747: 57;
22748: 57;
22749: 57;
22750: 57;
22751: 57;
22752: 57;
22753: 57;
22754: 57;
22755: 57;
22756: 57;
22757: 57;
22758: 57;
22759: 57;
22760: 57;
22761: 57;
22762: 57;
22763: 57;
22764: 57;
22765: 57;
22766: 57;
22767: 57;
22768: 57;
22769: 57;
22770: 57;
22771: 57;
22772: 57;
22773: 57;
22774: 57;
22775: 57;
22776: 57;
22777: 57;
22778: 57;
22779: 57;
22780: 57;
22781: 57;
22782: 57;
22783: 57;
22784: 57;
22785: 57;
22786: 57;
22787: 57;
22788: 57;
22789: 57;
22790: 57;
22791: 57;
22792: 57;
22793: 57;
22794: 57;
22795: 57;
22796: 57;
22797: 57;
22798: 57;
22799: 57;
22800: 57;
22801: 57;
22802: 57;
22803: 57;
22804: 57;
22805: 57;
22806: 57;
22807: 57;
22808: 57;
22809: 57;
22810: 57;
22811: 57;
22812: 57;
22813: 57;
22814: 57;
22815: 57;
22816: 57;
22817: 57;
22818: 57;
22819: 57;
22820: 57;
22821: 57;
22822: 57;
22823: 57;
22824: 57;
22825: 57;
22826: 57;
22827: 57;
22828: 57;
22829: 57;
22830: 57;
22831: 57;
22832: 57;
22833: 57;
22834: 57;
22835: 57;
22836: 57;
22837: 57;
22838: 57;
22839: 57;
22840: 57;
22841: 57;
22842: 57;
22843: 57;
22844: 57;
22845: 57;
22846: 57;
22847: 57;
22848: 57;
22849: 57;
22850: 57;
22851: 57;
22852: 57;
22853: 57;
22854: 57;
22855: 57;
22856: 57;
22857: 57;
22858: 57;
22859: 57;
22860: 57;
22861: 57;
22862: 57;
22863: 57;
22864: 57;
22865: 57;
22866: 57;
22867: 57;
22868: 57;
22869: 57;
22870: 57;
22871: 57;
22872: 57;
22873: 57;
22874: 57;
22875: 57;
22876: 57;
22877: 57;
22878: 57;
22879: 57;
22880: 57;
22881: 57;
22882: 57;
22883: 57;
22884: 57;
22885: 57;
22886: 57;
22887: 57;
22888: 57;
22889: 57;
22890: 57;
22891: 57;
22892: 57;
22893: 57;
22894: 57;
22895: 57;
22896: 57;
22897: 57;
22898: 57;
22899: 57;
22900: 57;
22901: 57;
22902: 57;
22903: 57;
22904: 57;
22905: 57;
22906: 57;
22907: 57;
22908: 57;
22909: 57;
22910: 57;
22911: 57;
22912: 57;
22913: 57;
22914: 57;
22915: 57;
22916: 57;
22917: 57;
22918: 57;
22919: 57;
22920: 57;
22921: 57;
22922: 57;
22923: 57;
22924: 57;
22925: 57;
22926: 57;
22927: 57;
22928: 57;
22929: 57;
22930: 57;
22931: 57;
22932: 57;
22933: 57;
22934: 57;
22935: 57;
22936: 57;
22937: 57;
22938: 57;
22939: 57;
22940: 57;
22941: 57;
22942: 57;
22943: 57;
22944: 57;
22945: 57;
22946: 57;
22947: 57;
22948: 57;
22949: 57;
22950: 57;
22951: 57;
22952: 57;
22953: 57;
22954: 57;
22955: 57;
22956: 57;
22957: 57;
22958: 57;
22959: 57;
22960: 57;
22961: 57;
22962: 57;
22963: 57;
22964: 57;
22965: 57;
22966: 57;
22967: 57;
22968: 57;
22969: 57;
22970: 57;
22971: 57;
22972: 57;
22973: 57;
22974: 57;
22975: 57;
22976: 57;
22977: 57;
22978: 57;
22979: 57;
22980: 57;
22981: 57;
22982: 57;
22983: 57;
22984: 57;
22985: 57;
22986: 57;
22987: 57;
22988: 57;
22989: 57;
22990: 57;
22991: 57;
22992: 57;
22993: 57;
22994: 57;
22995: 57;
22996: 57;
22997: 57;
22998: 57;
22999: 57;
23000: 57;
23001: 57;
23002: 57;
23003: 57;
23004: 57;
23005: 57;
23006: 57;
23007: 57;
23008: 57;
23009: 57;
23010: 57;
23011: 57;
23012: 57;
23013: 57;
23014: 57;
23015: 57;
23016: 57;
23017: 57;
23018: 57;
23019: 57;
23020: 57;
23021: 57;
23022: 57;
23023: 57;
23024: 57;
23025: 57;
23026: 57;
23027: 57;
23028: 57;
23029: 57;
23030: 57;
23031: 57;
23032: 57;
23033: 57;
23034: 57;
23035: 57;
23036: 57;
23037: 57;
23038: 57;
23039: 57;
23040: 57;
23041: 57;
23042: 57;
23043: 57;
23044: 57;
23045: 57;
23046: 57;
23047: 57;
23048: 57;
23049: 57;
23050: 57;
23051: 57;
23052: 57;
23053: 57;
23054: 57;
23055: 57;
23056: 57;
23057: 57;
23058: 57;
23059: 57;
23060: 57;
23061: 57;
23062: 57;
23063: 57;
23064: 57;
23065: 57;
23066: 57;
23067: 57;
23068: 57;
23069: 57;
23070: 57;
23071: 57;
23072: 57;
23073: 57;
23074: 57;
23075: 57;
23076: 57;
23077: 57;
23078: 57;
23079: 57;
23080: 57;
23081: 57;
23082: 57;
23083: 57;
23084: 57;
23085: 57;
23086: 57;
23087: 57;
23088: 57;
23089: 57;
23090: 57;
23091: 57;
23092: 57;
23093: 57;
23094: 57;
23095: 57;
23096: 57;
23097: 57;
23098: 57;
23099: 57;
23100: 57;
23101: 57;
23102: 57;
23103: 57;
23104: 57;
23105: 57;
23106: 57;
23107: 57;
23108: 57;
23109: 57;
23110: 57;
23111: 57;
23112: 57;
23113: 57;
23114: 57;
23115: 57;
23116: 57;
23117: 57;
23118: 57;
23119: 57;
23120: 57;
23121: 57;
23122: 57;
23123: 57;
23124: 57;
23125: 57;
23126: 57;
23127: 57;
23128: 57;
23129: 57;
23130: 57;
23131: 57;
23132: 57;
23133: 57;
23134: 57;
23135: 57;
23136: 57;
23137: 57;
23138: 57;
23139: 57;
23140: 57;
23141: 57;
23142: 57;
23143: 57;
23144: 57;
23145: 57;
23146: 57;
23147: 57;
23148: 57;
23149: 57;
23150: 57;
23151: 57;
23152: 57;
23153: 57;
23154: 57;
23155: 57;
23156: 57;
23157: 57;
23158: 57;
23159: 57;
23160: 57;
23161: 57;
23162: 57;
23163: 57;
23164: 57;
23165: 57;
23166: 57;
23167: 57;
23168: 57;
23169: 57;
23170: 57;
23171: 57;
23172: 57;
23173: 57;
23174: 57;
23175: 57;
23176: 57;
23177: 57;
23178: 57;
23179: 57;
23180: 57;
23181: 57;
23182: 57;
23183: 57;
23184: 57;
23185: 57;
23186: 57;
23187: 57;
23188: 57;
23189: 57;
23190: 57;
23191: 57;
23192: 57;
23193: 57;
23194: 57;
23195: 57;
23196: 57;
23197: 57;
23198: 57;
23199: 57;
23200: 57;
23201: 57;
23202: 57;
23203: 57;
23204: 57;
23205: 57;
23206: 57;
23207: 57;
23208: 57;
23209: 57;
23210: 57;
23211: 57;
23212: 57;
23213: 57;
23214: 57;
23215: 57;
23216: 57;
23217: 57;
23218: 57;
23219: 57;
23220: 57;
23221: 57;
23222: 57;
23223: 57;
23224: 57;
23225: 57;
23226: 57;
23227: 57;
23228: 57;
23229: 57;
23230: 57;
23231: 57;
23232: 57;
23233: 57;
23234: 57;
23235: 57;
23236: 57;
23237: 57;
23238: 57;
23239: 57;
23240: 57;
23241: 57;
23242: 57;
23243: 57;
23244: 57;
23245: 57;
23246: 57;
23247: 57;
23248: 57;
23249: 57;
23250: 57;
23251: 57;
23252: 57;
23253: 57;
23254: 57;
23255: 57;
23256: 57;
23257: 57;
23258: 57;
23259: 57;
23260: 57;
23261: 57;
23262: 57;
23263: 57;
23264: 57;
23265: 57;
23266: 57;
23267: 57;
23268: 57;
23269: 57;
23270: 57;
23271: 57;
23272: 57;
23273: 57;
23274: 57;
23275: 57;
23276: 57;
23277: 57;
23278: 57;
23279: 57;
23280: 57;
23281: 57;
23282: 57;
23283: 57;
23284: 57;
23285: 57;
23286: 57;
23287: 57;
23288: 57;
23289: 57;
23290: 57;
23291: 57;
23292: 57;
23293: 57;
23294: 57;
23295: 57;
23296: 57;
23297: 57;
23298: 57;
23299: 57;
23300: 57;
23301: 57;
23302: 57;
23303: 57;
23304: 57;
23305: 57;
23306: 57;
23307: 57;
23308: 57;
23309: 57;
23310: 57;
23311: 57;
23312: 57;
23313: 57;
23314: 57;
23315: 57;
23316: 57;
23317: 57;
23318: 57;
23319: 57;
23320: 57;
23321: 57;
23322: 57;
23323: 57;
23324: 57;
23325: 57;
23326: 57;
23327: 57;
23328: 57;
23329: 57;
23330: 57;
23331: 57;
23332: 57;
23333: 57;
23334: 57;
23335: 57;
23336: 57;
23337: 57;
23338: 57;
23339: 57;
23340: 57;
23341: 57;
23342: 57;
23343: 57;
23344: 57;
23345: 57;
23346: 57;
23347: 57;
23348: 57;
23349: 57;
23350: 57;
23351: 57;
23352: 57;
23353: 57;
23354: 57;
23355: 57;
23356: 57;
23357: 57;
23358: 57;
23359: 57;
23360: 57;
23361: 57;
23362: 57;
23363: 57;
23364: 57;
23365: 57;
23366: 57;
23367: 57;
23368: 57;
23369: 57;
23370: 57;
23371: 57;
23372: 57;
23373: 57;
23374: 57;
23375: 57;
23376: 57;
23377: 57;
23378: 57;
23379: 57;
23380: 57;
23381: 57;
23382: 57;
23383: 57;
23384: 57;
23385: 57;
23386: 57;
23387: 57;
23388: 57;
23389: 57;
23390: 57;
23391: 57;
23392: 57;
23393: 57;
23394: 57;
23395: 57;
23396: 57;
23397: 57;
23398: 57;
23399: 57;
23400: 57;
23401: 57;
23402: 57;
23403: 57;
23404: 57;
23405: 57;
23406: 57;
23407: 57;
23408: 57;
23409: 57;
23410: 57;
23411: 57;
23412: 57;
23413: 57;
23414: 57;
23415: 57;
23416: 57;
23417: 57;
23418: 57;
23419: 57;
23420: 57;
23421: 57;
23422: 57;
23423: 57;
23424: 57;
23425: 57;
23426: 57;
23427: 57;
23428: 57;
23429: 57;
23430: 57;
23431: 57;
23432: 57;
23433: 57;
23434: 57;
23435: 57;
23436: 57;
23437: 57;
23438: 57;
23439: 57;
23440: 57;
23441: 57;
23442: 57;
23443: 57;
23444: 57;
23445: 57;
23446: 57;
23447: 57;
23448: 57;
23449: 57;
23450: 57;
23451: 57;
23452: 57;
23453: 57;
23454: 57;
23455: 57;
23456: 57;
23457: 57;
23458: 57;
23459: 57;
23460: 57;
23461: 57;
23462: 57;
23463: 57;
23464: 57;
23465: 57;
23466: 57;
23467: 57;
23468: 57;
23469: 57;
23470: 57;
23471: 57;
23472: 57;
23473: 57;
23474: 57;
23475: 57;
23476: 57;
23477: 57;
23478: 57;
23479: 57;
23480: 57;
23481: 57;
23482: 57;
23483: 57;
23484: 57;
23485: 57;
23486: 57;
23487: 57;
23488: 57;
23489: 57;
23490: 57;
23491: 57;
23492: 57;
23493: 57;
23494: 57;
23495: 57;
23496: 57;
23497: 57;
23498: 57;
23499: 57;
23500: 57;
23501: 57;
23502: 57;
23503: 57;
23504: 57;
23505: 57;
23506: 57;
23507: 57;
23508: 57;
23509: 57;
23510: 57;
23511: 57;
23512: 57;
23513: 57;
23514: 57;
23515: 57;
23516: 57;
23517: 57;
23518: 57;
23519: 57;
23520: 57;
23521: 57;
23522: 57;
23523: 57;
23524: 57;
23525: 57;
23526: 57;
23527: 57;
23528: 57;
23529: 57;
23530: 57;
23531: 57;
23532: 57;
23533: 57;
23534: 57;
23535: 57;
23536: 57;
23537: 57;
23538: 57;
23539: 57;
23540: 57;
23541: 57;
23542: 57;
23543: 57;
23544: 57;
23545: 57;
23546: 57;
23547: 57;
23548: 57;
23549: 57;
23550: 57;
23551: 57;
23552: 57;
23553: 57;
23554: 57;
23555: 57;
23556: 57;
23557: 57;
23558: 57;
23559: 57;
23560: 57;
23561: 57;
23562: 57;
23563: 57;
23564: 57;
23565: 57;
23566: 57;
23567: 57;
23568: 57;
23569: 57;
23570: 57;
23571: 57;
23572: 57;
23573: 57;
23574: 57;
23575: 57;
23576: 57;
23577: 57;
23578: 57;
23579: 57;
23580: 57;
23581: 57;
23582: 57;
23583: 57;
23584: 57;
23585: 57;
23586: 57;
23587: 57;
23588: 57;
23589: 57;
23590: 57;
23591: 57;
23592: 57;
23593: 57;
23594: 57;
23595: 57;
23596: 57;
23597: 57;
23598: 57;
23599: 57;
23600: 57;
23601: 57;
23602: 57;
23603: 57;
23604: 57;
23605: 57;
23606: 57;
23607: 57;
23608: 57;
23609: 57;
23610: 57;
23611: 57;
23612: 57;
23613: 57;
23614: 57;
23615: 57;
23616: 57;
23617: 57;
23618: 57;
23619: 57;
23620: 57;
23621: 57;
23622: 57;
23623: 57;
23624: 57;
23625: 57;
23626: 57;
23627: 57;
23628: 57;
23629: 57;
23630: 57;
23631: 57;
23632: 57;
23633: 57;
23634: 57;
23635: 57;
23636: 57;
23637: 57;
23638: 57;
23639: 57;
23640: 57;
23641: 57;
23642: 57;
23643: 57;
23644: 57;
23645: 57;
23646: 57;
23647: 57;
23648: 57;
23649: 57;
23650: 57;
23651: 57;
23652: 57;
23653: 57;
23654: 57;
23655: 57;
23656: 57;
23657: 57;
23658: 57;
23659: 57;
23660: 57;
23661: 57;
23662: 57;
23663: 57;
23664: 57;
23665: 57;
23666: 57;
23667: 57;
23668: 57;
23669: 57;
23670: 57;
23671: 57;
23672: 57;
23673: 57;
23674: 57;
23675: 57;
23676: 57;
23677: 57;
23678: 57;
23679: 57;
23680: 57;
23681: 57;
23682: 57;
23683: 57;
23684: 57;
23685: 57;
23686: 57;
23687: 57;
23688: 57;
23689: 57;
23690: 57;
23691: 57;
23692: 57;
23693: 57;
23694: 57;
23695: 57;
23696: 57;
23697: 57;
23698: 57;
23699: 57;
23700: 57;
23701: 57;
23702: 57;
23703: 57;
23704: 57;
23705: 57;
23706: 57;
23707: 57;
23708: 57;
23709: 57;
23710: 57;
23711: 57;
23712: 57;
23713: 57;
23714: 58;
23715: 58;
23716: 58;
23717: 58;
23718: 58;
23719: 58;
23720: 58;
23721: 58;
23722: 58;
23723: 58;
23724: 58;
23725: 58;
23726: 58;
23727: 58;
23728: 58;
23729: 58;
23730: 58;
23731: 58;
23732: 58;
23733: 58;
23734: 58;
23735: 58;
23736: 58;
23737: 58;
23738: 58;
23739: 58;
23740: 58;
23741: 58;
23742: 58;
23743: 58;
23744: 58;
23745: 58;
23746: 58;
23747: 58;
23748: 58;
23749: 58;
23750: 58;
23751: 58;
23752: 58;
23753: 58;
23754: 58;
23755: 58;
23756: 58;
23757: 58;
23758: 58;
23759: 58;
23760: 58;
23761: 58;
23762: 58;
23763: 58;
23764: 58;
23765: 58;
23766: 58;
23767: 58;
23768: 58;
23769: 58;
23770: 58;
23771: 58;
23772: 58;
23773: 58;
23774: 58;
23775: 58;
23776: 58;
23777: 58;
23778: 58;
23779: 58;
23780: 58;
23781: 58;
23782: 58;
23783: 58;
23784: 58;
23785: 58;
23786: 58;
23787: 58;
23788: 58;
23789: 58;
23790: 58;
23791: 58;
23792: 58;
23793: 58;
23794: 58;
23795: 58;
23796: 58;
23797: 58;
23798: 58;
23799: 58;
23800: 58;
23801: 58;
23802: 58;
23803: 58;
23804: 58;
23805: 58;
23806: 58;
23807: 58;
23808: 58;
23809: 58;
23810: 58;
23811: 58;
23812: 58;
23813: 58;
23814: 58;
23815: 58;
23816: 58;
23817: 58;
23818: 58;
23819: 58;
23820: 58;
23821: 58;
23822: 58;
23823: 58;
23824: 58;
23825: 58;
23826: 58;
23827: 58;
23828: 58;
23829: 58;
23830: 58;
23831: 58;
23832: 58;
23833: 58;
23834: 58;
23835: 58;
23836: 58;
23837: 58;
23838: 58;
23839: 58;
23840: 58;
23841: 58;
23842: 58;
23843: 58;
23844: 58;
23845: 58;
23846: 58;
23847: 58;
23848: 58;
23849: 58;
23850: 58;
23851: 58;
23852: 58;
23853: 58;
23854: 58;
23855: 58;
23856: 58;
23857: 58;
23858: 58;
23859: 58;
23860: 58;
23861: 58;
23862: 58;
23863: 58;
23864: 58;
23865: 58;
23866: 58;
23867: 58;
23868: 58;
23869: 58;
23870: 58;
23871: 58;
23872: 58;
23873: 58;
23874: 58;
23875: 58;
23876: 58;
23877: 58;
23878: 58;
23879: 58;
23880: 58;
23881: 58;
23882: 58;
23883: 58;
23884: 58;
23885: 58;
23886: 58;
23887: 58;
23888: 58;
23889: 58;
23890: 58;
23891: 58;
23892: 58;
23893: 58;
23894: 58;
23895: 58;
23896: 58;
23897: 58;
23898: 58;
23899: 58;
23900: 58;
23901: 58;
23902: 58;
23903: 58;
23904: 58;
23905: 58;
23906: 58;
23907: 58;
23908: 58;
23909: 58;
23910: 58;
23911: 58;
23912: 58;
23913: 58;
23914: 58;
23915: 58;
23916: 58;
23917: 58;
23918: 58;
23919: 58;
23920: 58;
23921: 58;
23922: 58;
23923: 58;
23924: 58;
23925: 58;
23926: 58;
23927: 58;
23928: 58;
23929: 58;
23930: 58;
23931: 58;
23932: 58;
23933: 58;
23934: 58;
23935: 58;
23936: 58;
23937: 58;
23938: 58;
23939: 58;
23940: 58;
23941: 58;
23942: 58;
23943: 58;
23944: 58;
23945: 58;
23946: 58;
23947: 58;
23948: 58;
23949: 58;
23950: 58;
23951: 58;
23952: 58;
23953: 58;
23954: 58;
23955: 58;
23956: 58;
23957: 58;
23958: 58;
23959: 58;
23960: 58;
23961: 58;
23962: 58;
23963: 58;
23964: 58;
23965: 58;
23966: 58;
23967: 58;
23968: 58;
23969: 58;
23970: 58;
23971: 58;
23972: 58;
23973: 58;
23974: 58;
23975: 58;
23976: 58;
23977: 58;
23978: 58;
23979: 58;
23980: 58;
23981: 58;
23982: 58;
23983: 58;
23984: 58;
23985: 58;
23986: 58;
23987: 58;
23988: 58;
23989: 58;
23990: 58;
23991: 58;
23992: 58;
23993: 58;
23994: 58;
23995: 58;
23996: 58;
23997: 58;
23998: 58;
23999: 58;
24000: 58;
24001: 58;
24002: 58;
24003: 58;
24004: 58;
24005: 58;
24006: 58;
24007: 58;
24008: 58;
24009: 58;
24010: 58;
24011: 58;
24012: 58;
24013: 58;
24014: 58;
24015: 58;
24016: 58;
24017: 58;
24018: 58;
24019: 58;
24020: 58;
24021: 58;
24022: 58;
24023: 58;
24024: 58;
24025: 58;
24026: 58;
24027: 58;
24028: 58;
24029: 58;
24030: 58;
24031: 58;
24032: 58;
24033: 58;
24034: 58;
24035: 58;
24036: 58;
24037: 58;
24038: 58;
24039: 58;
24040: 58;
24041: 58;
24042: 58;
24043: 58;
24044: 58;
24045: 58;
24046: 58;
24047: 58;
24048: 58;
24049: 58;
24050: 58;
24051: 58;
24052: 58;
24053: 58;
24054: 58;
24055: 58;
24056: 58;
24057: 58;
24058: 58;
24059: 58;
24060: 58;
24061: 58;
24062: 58;
24063: 58;
24064: 58;
24065: 58;
24066: 58;
24067: 58;
24068: 58;
24069: 58;
24070: 58;
24071: 58;
24072: 58;
24073: 58;
24074: 58;
24075: 58;
24076: 58;
24077: 58;
24078: 58;
24079: 58;
24080: 58;
24081: 58;
24082: 58;
24083: 58;
24084: 58;
24085: 58;
24086: 58;
24087: 58;
24088: 58;
24089: 58;
24090: 58;
24091: 58;
24092: 58;
24093: 58;
24094: 58;
24095: 58;
24096: 58;
24097: 58;
24098: 58;
24099: 58;
24100: 58;
24101: 58;
24102: 58;
24103: 58;
24104: 58;
24105: 58;
24106: 58;
24107: 58;
24108: 58;
24109: 58;
24110: 58;
24111: 58;
24112: 58;
24113: 58;
24114: 58;
24115: 58;
24116: 58;
24117: 58;
24118: 58;
24119: 58;
24120: 58;
24121: 58;
24122: 58;
24123: 58;
24124: 58;
24125: 58;
24126: 58;
24127: 58;
24128: 58;
24129: 58;
24130: 58;
24131: 58;
24132: 58;
24133: 58;
24134: 58;
24135: 58;
24136: 58;
24137: 58;
24138: 58;
24139: 58;
24140: 58;
24141: 58;
24142: 58;
24143: 58;
24144: 58;
24145: 58;
24146: 58;
24147: 58;
24148: 58;
24149: 58;
24150: 58;
24151: 58;
24152: 58;
24153: 58;
24154: 58;
24155: 58;
24156: 58;
24157: 58;
24158: 58;
24159: 58;
24160: 58;
24161: 58;
24162: 58;
24163: 58;
24164: 58;
24165: 58;
24166: 58;
24167: 58;
24168: 58;
24169: 58;
24170: 58;
24171: 58;
24172: 58;
24173: 58;
24174: 58;
24175: 58;
24176: 58;
24177: 58;
24178: 58;
24179: 58;
24180: 58;
24181: 58;
24182: 58;
24183: 58;
24184: 58;
24185: 58;
24186: 58;
24187: 58;
24188: 58;
24189: 58;
24190: 58;
24191: 58;
24192: 58;
24193: 58;
24194: 58;
24195: 58;
24196: 58;
24197: 58;
24198: 58;
24199: 58;
24200: 58;
24201: 58;
24202: 58;
24203: 58;
24204: 58;
24205: 58;
24206: 58;
24207: 58;
24208: 58;
24209: 58;
24210: 58;
24211: 58;
24212: 58;
24213: 58;
24214: 58;
24215: 58;
24216: 58;
24217: 58;
24218: 58;
24219: 58;
24220: 58;
24221: 58;
24222: 58;
24223: 58;
24224: 58;
24225: 58;
24226: 58;
24227: 58;
24228: 58;
24229: 58;
24230: 58;
24231: 58;
24232: 58;
24233: 58;
24234: 58;
24235: 58;
24236: 58;
24237: 58;
24238: 58;
24239: 58;
24240: 58;
24241: 58;
24242: 58;
24243: 58;
24244: 58;
24245: 58;
24246: 58;
24247: 58;
24248: 58;
24249: 58;
24250: 58;
24251: 58;
24252: 58;
24253: 58;
24254: 58;
24255: 58;
24256: 58;
24257: 58;
24258: 58;
24259: 58;
24260: 58;
24261: 58;
24262: 58;
24263: 58;
24264: 58;
24265: 58;
24266: 58;
24267: 58;
24268: 58;
24269: 58;
24270: 58;
24271: 58;
24272: 58;
24273: 58;
24274: 58;
24275: 58;
24276: 58;
24277: 58;
24278: 58;
24279: 58;
24280: 58;
24281: 58;
24282: 58;
24283: 58;
24284: 58;
24285: 58;
24286: 58;
24287: 58;
24288: 58;
24289: 58;
24290: 58;
24291: 58;
24292: 58;
24293: 58;
24294: 58;
24295: 58;
24296: 58;
24297: 58;
24298: 58;
24299: 58;
24300: 58;
24301: 58;
24302: 58;
24303: 58;
24304: 58;
24305: 58;
24306: 58;
24307: 58;
24308: 58;
24309: 58;
24310: 58;
24311: 58;
24312: 58;
24313: 58;
24314: 58;
24315: 58;
24316: 58;
24317: 58;
24318: 58;
24319: 58;
24320: 58;
24321: 58;
24322: 58;
24323: 58;
24324: 58;
24325: 58;
24326: 58;
24327: 58;
24328: 58;
24329: 58;
24330: 58;
24331: 58;
24332: 58;
24333: 58;
24334: 58;
24335: 58;
24336: 58;
24337: 58;
24338: 58;
24339: 58;
24340: 58;
24341: 58;
24342: 58;
24343: 58;
24344: 58;
24345: 58;
24346: 58;
24347: 58;
24348: 58;
24349: 58;
24350: 58;
24351: 58;
24352: 58;
24353: 58;
24354: 58;
24355: 58;
24356: 58;
24357: 58;
24358: 58;
24359: 58;
24360: 58;
24361: 58;
24362: 58;
24363: 58;
24364: 58;
24365: 58;
24366: 58;
24367: 58;
24368: 58;
24369: 58;
24370: 58;
24371: 58;
24372: 58;
24373: 58;
24374: 58;
24375: 58;
24376: 58;
24377: 58;
24378: 58;
24379: 58;
24380: 58;
24381: 58;
24382: 58;
24383: 58;
24384: 58;
24385: 58;
24386: 58;
24387: 58;
24388: 58;
24389: 58;
24390: 58;
24391: 58;
24392: 58;
24393: 58;
24394: 58;
24395: 58;
24396: 58;
24397: 58;
24398: 58;
24399: 58;
24400: 58;
24401: 58;
24402: 58;
24403: 58;
24404: 58;
24405: 58;
24406: 58;
24407: 58;
24408: 58;
24409: 58;
24410: 58;
24411: 58;
24412: 58;
24413: 58;
24414: 58;
24415: 58;
24416: 58;
24417: 58;
24418: 58;
24419: 58;
24420: 58;
24421: 58;
24422: 58;
24423: 58;
24424: 58;
24425: 58;
24426: 58;
24427: 58;
24428: 58;
24429: 58;
24430: 58;
24431: 58;
24432: 58;
24433: 58;
24434: 58;
24435: 58;
24436: 58;
24437: 58;
24438: 58;
24439: 58;
24440: 58;
24441: 58;
24442: 58;
24443: 58;
24444: 58;
24445: 58;
24446: 58;
24447: 58;
24448: 58;
24449: 58;
24450: 58;
24451: 58;
24452: 58;
24453: 58;
24454: 58;
24455: 58;
24456: 58;
24457: 58;
24458: 58;
24459: 58;
24460: 58;
24461: 58;
24462: 58;
24463: 58;
24464: 58;
24465: 58;
24466: 58;
24467: 58;
24468: 58;
24469: 58;
24470: 58;
24471: 58;
24472: 58;
24473: 58;
24474: 58;
24475: 58;
24476: 58;
24477: 58;
24478: 58;
24479: 58;
24480: 58;
24481: 58;
24482: 58;
24483: 58;
24484: 58;
24485: 58;
24486: 58;
24487: 58;
24488: 58;
24489: 58;
24490: 58;
24491: 58;
24492: 58;
24493: 58;
24494: 58;
24495: 58;
24496: 58;
24497: 58;
24498: 58;
24499: 58;
24500: 58;
24501: 58;
24502: 58;
24503: 58;
24504: 58;
24505: 58;
24506: 58;
24507: 58;
24508: 58;
24509: 58;
24510: 58;
24511: 58;
24512: 58;
24513: 58;
24514: 58;
24515: 58;
24516: 58;
24517: 58;
24518: 58;
24519: 58;
24520: 58;
24521: 58;
24522: 58;
24523: 58;
24524: 58;
24525: 58;
24526: 58;
24527: 58;
24528: 58;
24529: 58;
24530: 58;
24531: 58;
24532: 58;
24533: 58;
24534: 58;
24535: 58;
24536: 58;
24537: 58;
24538: 58;
24539: 58;
24540: 58;
24541: 58;
24542: 58;
24543: 58;
24544: 58;
24545: 58;
24546: 58;
24547: 58;
24548: 58;
24549: 58;
24550: 58;
24551: 58;
24552: 58;
24553: 58;
24554: 58;
24555: 58;
24556: 58;
24557: 58;
24558: 58;
24559: 58;
24560: 58;
24561: 58;
24562: 58;
24563: 58;
24564: 58;
24565: 58;
24566: 58;
24567: 58;
24568: 58;
24569: 58;
24570: 58;
24571: 58;
24572: 58;
24573: 58;
24574: 58;
24575: 58;
24576: 58;
24577: 58;
24578: 58;
24579: 58;
24580: 58;
24581: 58;
24582: 58;
24583: 58;
24584: 58;
24585: 58;
24586: 58;
24587: 58;
24588: 58;
24589: 58;
24590: 58;
24591: 58;
24592: 58;
24593: 58;
24594: 58;
24595: 58;
24596: 58;
24597: 58;
24598: 58;
24599: 58;
24600: 58;
24601: 58;
24602: 58;
24603: 58;
24604: 58;
24605: 58;
24606: 58;
24607: 58;
24608: 58;
24609: 58;
24610: 58;
24611: 58;
24612: 58;
24613: 58;
24614: 58;
24615: 58;
24616: 58;
24617: 58;
24618: 58;
24619: 58;
24620: 58;
24621: 58;
24622: 58;
24623: 58;
24624: 58;
24625: 58;
24626: 58;
24627: 58;
24628: 58;
24629: 58;
24630: 58;
24631: 58;
24632: 58;
24633: 58;
24634: 58;
24635: 58;
24636: 58;
24637: 58;
24638: 58;
24639: 58;
24640: 58;
24641: 58;
24642: 58;
24643: 58;
24644: 58;
24645: 58;
24646: 58;
24647: 58;
24648: 58;
24649: 58;
24650: 58;
24651: 58;
24652: 58;
24653: 58;
24654: 58;
24655: 58;
24656: 58;
24657: 58;
24658: 58;
24659: 58;
24660: 58;
24661: 58;
24662: 58;
24663: 58;
24664: 58;
24665: 58;
24666: 58;
24667: 58;
24668: 58;
24669: 58;
24670: 58;
24671: 58;
24672: 58;
24673: 58;
24674: 58;
24675: 58;
24676: 58;
24677: 58;
24678: 58;
24679: 58;
24680: 58;
24681: 58;
24682: 58;
24683: 58;
24684: 58;
24685: 58;
24686: 58;
24687: 58;
24688: 58;
24689: 58;
24690: 58;
24691: 58;
24692: 58;
24693: 58;
24694: 58;
24695: 58;
24696: 58;
24697: 58;
24698: 58;
24699: 58;
24700: 58;
24701: 58;
24702: 58;
24703: 58;
24704: 58;
24705: 58;
24706: 58;
24707: 58;
24708: 58;
24709: 58;
24710: 58;
24711: 58;
24712: 58;
24713: 58;
24714: 58;
24715: 58;
24716: 58;
24717: 58;
24718: 58;
24719: 58;
24720: 58;
24721: 58;
24722: 58;
24723: 58;
24724: 58;
24725: 58;
24726: 58;
24727: 58;
24728: 58;
24729: 58;
24730: 58;
24731: 58;
24732: 58;
24733: 58;
24734: 58;
24735: 58;
24736: 58;
24737: 58;
24738: 58;
24739: 58;
24740: 58;
24741: 58;
24742: 58;
24743: 58;
24744: 58;
24745: 58;
24746: 58;
24747: 58;
24748: 58;
24749: 58;
24750: 58;
24751: 58;
24752: 58;
24753: 58;
24754: 58;
24755: 58;
24756: 58;
24757: 58;
24758: 58;
24759: 58;
24760: 58;
24761: 58;
24762: 58;
24763: 58;
24764: 58;
24765: 58;
24766: 58;
24767: 58;
24768: 58;
24769: 58;
24770: 58;
24771: 58;
24772: 58;
24773: 58;
24774: 58;
24775: 58;
24776: 58;
24777: 58;
24778: 58;
24779: 58;
24780: 58;
24781: 58;
24782: 58;
24783: 58;
24784: 58;
24785: 58;
24786: 58;
24787: 58;
24788: 58;
24789: 58;
24790: 58;
24791: 58;
24792: 58;
24793: 58;
24794: 58;
24795: 58;
24796: 58;
24797: 58;
24798: 58;
24799: 58;
24800: 58;
24801: 58;
24802: 58;
24803: 58;
24804: 58;
24805: 58;
24806: 58;
24807: 58;
24808: 58;
24809: 58;
24810: 58;
24811: 58;
24812: 58;
24813: 58;
24814: 58;
24815: 58;
24816: 58;
24817: 58;
24818: 58;
24819: 58;
24820: 58;
24821: 58;
24822: 58;
24823: 58;
24824: 58;
24825: 58;
24826: 58;
24827: 58;
24828: 58;
24829: 58;
24830: 58;
24831: 58;
24832: 58;
24833: 58;
24834: 58;
24835: 58;
24836: 58;
24837: 58;
24838: 58;
24839: 58;
24840: 58;
24841: 58;
24842: 58;
24843: 58;
24844: 58;
24845: 58;
24846: 58;
24847: 58;
24848: 58;
24849: 58;
24850: 58;
24851: 58;
24852: 58;
24853: 58;
24854: 58;
24855: 58;
24856: 58;
24857: 58;
24858: 58;
24859: 58;
24860: 58;
24861: 58;
24862: 58;
24863: 58;
24864: 58;
24865: 58;
24866: 58;
24867: 58;
24868: 58;
24869: 58;
24870: 58;
24871: 58;
24872: 58;
24873: 58;
24874: 58;
24875: 58;
24876: 58;
24877: 58;
24878: 58;
24879: 58;
24880: 58;
24881: 58;
24882: 58;
24883: 58;
24884: 58;
24885: 58;
24886: 58;
24887: 58;
24888: 58;
24889: 58;
24890: 58;
24891: 58;
24892: 58;
24893: 58;
24894: 58;
24895: 58;
24896: 58;
24897: 58;
24898: 58;
24899: 58;
24900: 58;
24901: 58;
24902: 58;
24903: 58;
24904: 58;
24905: 58;
24906: 58;
24907: 58;
24908: 58;
24909: 58;
24910: 58;
24911: 58;
24912: 58;
24913: 58;
24914: 58;
24915: 58;
24916: 58;
24917: 58;
24918: 58;
24919: 58;
24920: 58;
24921: 58;
24922: 58;
24923: 58;
24924: 58;
24925: 58;
24926: 58;
24927: 58;
24928: 58;
24929: 58;
24930: 58;
24931: 58;
24932: 58;
24933: 58;
24934: 58;
24935: 58;
24936: 58;
24937: 58;
24938: 58;
24939: 58;
24940: 58;
24941: 58;
24942: 58;
24943: 58;
24944: 58;
24945: 58;
24946: 58;
24947: 58;
24948: 58;
24949: 58;
24950: 58;
24951: 58;
24952: 58;
24953: 58;
24954: 58;
24955: 58;
24956: 58;
24957: 58;
24958: 58;
24959: 58;
24960: 58;
24961: 58;
24962: 58;
24963: 58;
24964: 58;
24965: 58;
24966: 58;
24967: 58;
24968: 58;
24969: 58;
24970: 58;
24971: 58;
24972: 58;
24973: 58;
24974: 58;
24975: 58;
24976: 58;
24977: 58;
24978: 58;
24979: 58;
24980: 58;
24981: 58;
24982: 58;
24983: 58;
24984: 58;
24985: 58;
24986: 58;
24987: 58;
24988: 58;
24989: 58;
24990: 58;
24991: 58;
24992: 58;
24993: 58;
24994: 58;
24995: 58;
24996: 58;
24997: 58;
24998: 58;
24999: 58;
25000: 58;
25001: 58;
25002: 58;
25003: 58;
25004: 58;
25005: 58;
25006: 58;
25007: 58;
25008: 58;
25009: 58;
25010: 58;
25011: 58;
25012: 58;
25013: 58;
25014: 58;
25015: 58;
25016: 58;
25017: 58;
25018: 58;
25019: 58;
25020: 58;
25021: 58;
25022: 58;
25023: 58;
25024: 58;
25025: 58;
25026: 58;
25027: 58;
25028: 58;
25029: 58;
25030: 58;
25031: 58;
25032: 58;
25033: 58;
25034: 58;
25035: 58;
25036: 58;
25037: 58;
25038: 58;
25039: 58;
25040: 58;
25041: 58;
25042: 58;
25043: 58;
25044: 58;
25045: 58;
25046: 58;
25047: 58;
25048: 58;
25049: 58;
25050: 58;
25051: 58;
25052: 58;
25053: 58;
25054: 58;
25055: 58;
25056: 58;
25057: 58;
25058: 58;
25059: 58;
25060: 58;
25061: 58;
25062: 58;
25063: 58;
25064: 58;
25065: 58;
25066: 58;
25067: 58;
25068: 58;
25069: 58;
25070: 58;
25071: 58;
25072: 58;
25073: 58;
25074: 58;
25075: 58;
25076: 58;
25077: 58;
25078: 58;
25079: 58;
25080: 58;
25081: 58;
25082: 58;
25083: 58;
25084: 58;
25085: 58;
25086: 58;
25087: 58;
25088: 58;
25089: 58;
25090: 58;
25091: 58;
25092: 58;
25093: 58;
25094: 58;
25095: 58;
25096: 58;
25097: 58;
25098: 58;
25099: 58;
25100: 58;
25101: 58;
25102: 58;
25103: 58;
25104: 58;
25105: 58;
25106: 58;
25107: 58;
25108: 58;
25109: 58;
25110: 58;
25111: 58;
25112: 58;
25113: 58;
25114: 58;
25115: 58;
25116: 58;
25117: 58;
25118: 58;
25119: 58;
25120: 58;
25121: 58;
25122: 58;
25123: 58;
25124: 58;
25125: 58;
25126: 58;
25127: 58;
25128: 58;
25129: 58;
25130: 58;
25131: 58;
25132: 58;
25133: 58;
25134: 58;
25135: 58;
25136: 58;
25137: 58;
25138: 58;
25139: 58;
25140: 58;
25141: 58;
25142: 58;
25143: 58;
25144: 58;
25145: 58;
25146: 58;
25147: 58;
25148: 58;
25149: 58;
25150: 58;
25151: 58;
25152: 58;
25153: 58;
25154: 58;
25155: 58;
25156: 58;
25157: 58;
25158: 58;
25159: 58;
25160: 58;
25161: 58;
25162: 58;
25163: 58;
25164: 58;
25165: 58;
25166: 58;
25167: 58;
25168: 58;
25169: 58;
25170: 58;
25171: 58;
25172: 58;
25173: 58;
25174: 58;
25175: 58;
25176: 58;
25177: 58;
25178: 58;
25179: 58;
25180: 58;
25181: 58;
25182: 58;
25183: 58;
25184: 58;
25185: 58;
25186: 58;
25187: 58;
25188: 58;
25189: 58;
25190: 58;
25191: 58;
25192: 58;
25193: 58;
25194: 58;
25195: 58;
25196: 58;
25197: 58;
25198: 58;
25199: 58;
25200: 58;
25201: 58;
25202: 58;
25203: 58;
25204: 58;
25205: 58;
25206: 58;
25207: 58;
25208: 58;
25209: 58;
25210: 58;
25211: 58;
25212: 58;
25213: 58;
25214: 58;
25215: 58;
25216: 58;
25217: 58;
25218: 58;
25219: 58;
25220: 58;
25221: 58;
25222: 58;
25223: 58;
25224: 58;
25225: 58;
25226: 58;
25227: 58;
25228: 58;
25229: 58;
25230: 58;
25231: 58;
25232: 58;
25233: 58;
25234: 58;
25235: 58;
25236: 58;
25237: 58;
25238: 58;
25239: 58;
25240: 58;
25241: 58;
25242: 58;
25243: 58;
25244: 58;
25245: 58;
25246: 58;
25247: 58;
25248: 58;
25249: 58;
25250: 58;
25251: 58;
25252: 58;
25253: 58;
25254: 58;
25255: 58;
25256: 58;
25257: 58;
25258: 58;
25259: 58;
25260: 58;
25261: 58;
25262: 58;
25263: 58;
25264: 58;
25265: 58;
25266: 58;
25267: 58;
25268: 58;
25269: 58;
25270: 58;
25271: 58;
25272: 58;
25273: 58;
25274: 58;
25275: 58;
25276: 58;
25277: 58;
25278: 58;
25279: 58;
25280: 58;
25281: 58;
25282: 58;
25283: 58;
25284: 58;
25285: 58;
25286: 58;
25287: 58;
25288: 58;
25289: 58;
25290: 58;
25291: 58;
25292: 58;
25293: 58;
25294: 58;
25295: 58;
25296: 58;
25297: 58;
25298: 58;
25299: 58;
25300: 58;
25301: 58;
25302: 58;
25303: 58;
25304: 58;
25305: 58;
25306: 58;
25307: 58;
25308: 58;
25309: 58;
25310: 58;
25311: 58;
25312: 58;
25313: 58;
25314: 58;
25315: 58;
25316: 58;
25317: 58;
25318: 58;
25319: 58;
25320: 58;
25321: 58;
25322: 58;
25323: 58;
25324: 58;
25325: 58;
25326: 58;
25327: 58;
25328: 58;
25329: 58;
25330: 58;
25331: 58;
25332: 58;
25333: 58;
25334: 58;
25335: 58;
25336: 58;
25337: 58;
25338: 58;
25339: 58;
25340: 58;
25341: 58;
25342: 58;
25343: 58;
25344: 58;
25345: 58;
25346: 58;
25347: 58;
25348: 58;
25349: 58;
25350: 58;
25351: 58;
25352: 58;
25353: 58;
25354: 58;
25355: 58;
25356: 58;
25357: 58;
25358: 58;
25359: 58;
25360: 58;
25361: 58;
25362: 58;
25363: 58;
25364: 58;
25365: 58;
25366: 58;
25367: 58;
25368: 58;
25369: 58;
25370: 58;
25371: 58;
25372: 58;
25373: 58;
25374: 58;
25375: 58;
25376: 58;
25377: 58;
25378: 58;
25379: 58;
25380: 58;
25381: 58;
25382: 58;
25383: 58;
25384: 58;
25385: 58;
25386: 58;
25387: 58;
25388: 58;
25389: 58;
25390: 58;
25391: 58;
25392: 58;
25393: 58;
25394: 58;
25395: 58;
25396: 58;
25397: 58;
25398: 58;
25399: 58;
25400: 58;
25401: 58;
25402: 58;
25403: 58;
25404: 58;
25405: 58;
25406: 58;
25407: 58;
25408: 58;
25409: 58;
25410: 58;
25411: 58;
25412: 58;
25413: 58;
25414: 58;
25415: 58;
25416: 58;
25417: 58;
25418: 58;
25419: 58;
25420: 58;
25421: 58;
25422: 58;
25423: 58;
25424: 58;
25425: 58;
25426: 58;
25427: 58;
25428: 58;
25429: 58;
25430: 58;
25431: 58;
25432: 58;
25433: 58;
25434: 58;
25435: 58;
25436: 58;
25437: 58;
25438: 58;
25439: 58;
25440: 58;
25441: 58;
25442: 58;
25443: 58;
25444: 58;
25445: 58;
25446: 58;
25447: 58;
25448: 58;
25449: 58;
25450: 58;
25451: 58;
25452: 58;
25453: 58;
25454: 58;
25455: 58;
25456: 58;
25457: 58;
25458: 58;
25459: 58;
25460: 58;
25461: 58;
25462: 58;
25463: 58;
25464: 58;
25465: 58;
25466: 58;
25467: 58;
25468: 58;
25469: 58;
25470: 58;
25471: 58;
25472: 58;
25473: 58;
25474: 58;
25475: 58;
25476: 58;
25477: 58;
25478: 58;
25479: 58;
25480: 58;
25481: 58;
25482: 58;
25483: 58;
25484: 58;
25485: 58;
25486: 58;
25487: 58;
25488: 58;
25489: 58;
25490: 58;
25491: 58;
25492: 58;
25493: 58;
25494: 58;
25495: 58;
25496: 58;
25497: 58;
25498: 58;
25499: 58;
25500: 58;
25501: 58;
25502: 58;
25503: 58;
25504: 58;
25505: 58;
25506: 58;
25507: 58;
25508: 58;
25509: 58;
25510: 58;
25511: 58;
25512: 58;
25513: 58;
25514: 58;
25515: 58;
25516: 58;
25517: 58;
25518: 58;
25519: 58;
25520: 58;
25521: 58;
25522: 58;
25523: 58;
25524: 58;
25525: 58;
25526: 58;
25527: 58;
25528: 58;
25529: 58;
25530: 58;
25531: 58;
25532: 58;
25533: 58;
25534: 58;
25535: 58;
25536: 58;
25537: 58;
25538: 58;
25539: 58;
25540: 58;
25541: 58;
25542: 58;
25543: 58;
25544: 58;
25545: 58;
25546: 58;
25547: 58;
25548: 58;
25549: 58;
25550: 58;
25551: 58;
25552: 58;
25553: 58;
25554: 58;
25555: 58;
25556: 58;
25557: 58;
25558: 58;
25559: 58;
25560: 58;
25561: 58;
25562: 58;
25563: 58;
25564: 58;
25565: 58;
25566: 58;
25567: 58;
25568: 58;
25569: 58;
25570: 58;
25571: 58;
25572: 58;
25573: 58;
25574: 58;
25575: 58;
25576: 58;
25577: 58;
25578: 58;
25579: 58;
25580: 58;
25581: 58;
25582: 58;
25583: 58;
25584: 58;
25585: 58;
25586: 58;
25587: 58;
25588: 58;
25589: 58;
25590: 58;
25591: 58;
25592: 58;
25593: 58;
25594: 58;
25595: 58;
25596: 58;
25597: 58;
25598: 58;
25599: 58;
25600: 58;
25601: 58;
25602: 58;
25603: 58;
25604: 58;
25605: 58;
25606: 58;
25607: 58;
25608: 58;
25609: 58;
25610: 58;
25611: 58;
25612: 58;
25613: 58;
25614: 58;
25615: 58;
25616: 58;
25617: 58;
25618: 58;
25619: 58;
25620: 58;
25621: 58;
25622: 58;
25623: 58;
25624: 58;
25625: 58;
25626: 58;
25627: 58;
25628: 58;
25629: 58;
25630: 58;
25631: 58;
25632: 58;
25633: 58;
25634: 58;
25635: 58;
25636: 58;
25637: 58;
25638: 58;
25639: 58;
25640: 58;
25641: 58;
25642: 58;
25643: 58;
25644: 58;
25645: 58;
25646: 58;
25647: 58;
25648: 58;
25649: 58;
25650: 58;
25651: 58;
25652: 58;
25653: 58;
25654: 58;
25655: 58;
25656: 58;
25657: 58;
25658: 58;
25659: 58;
25660: 58;
25661: 58;
25662: 58;
25663: 58;
25664: 58;
25665: 58;
25666: 58;
25667: 58;
25668: 58;
25669: 58;
25670: 58;
25671: 58;
25672: 58;
25673: 58;
25674: 58;
25675: 58;
25676: 58;
25677: 58;
25678: 58;
25679: 58;
25680: 58;
25681: 58;
25682: 58;
25683: 58;
25684: 58;
25685: 58;
25686: 58;
25687: 58;
25688: 58;
25689: 58;
25690: 58;
25691: 58;
25692: 58;
25693: 58;
25694: 58;
25695: 58;
25696: 58;
25697: 58;
25698: 58;
25699: 58;
25700: 58;
25701: 58;
25702: 58;
25703: 58;
25704: 58;
25705: 58;
25706: 58;
25707: 58;
25708: 58;
25709: 58;
25710: 58;
25711: 58;
25712: 58;
25713: 58;
25714: 58;
25715: 58;
25716: 58;
25717: 58;
25718: 58;
25719: 58;
25720: 58;
25721: 58;
25722: 58;
25723: 58;
25724: 58;
25725: 58;
25726: 58;
25727: 58;
25728: 58;
25729: 58;
25730: 58;
25731: 58;
25732: 58;
25733: 58;
25734: 58;
25735: 58;
25736: 58;
25737: 58;
25738: 58;
25739: 58;
25740: 58;
25741: 58;
25742: 58;
25743: 58;
25744: 58;
25745: 58;
25746: 58;
25747: 58;
25748: 58;
25749: 58;
25750: 58;
25751: 58;
25752: 58;
25753: 58;
25754: 58;
25755: 58;
25756: 58;
25757: 58;
25758: 58;
25759: 58;
25760: 58;
25761: 58;
25762: 58;
25763: 58;
25764: 58;
25765: 58;
25766: 58;
25767: 58;
25768: 58;
25769: 58;
25770: 58;
25771: 58;
25772: 58;
25773: 58;
25774: 58;
25775: 58;
25776: 58;
25777: 58;
25778: 58;
25779: 58;
25780: 58;
25781: 58;
25782: 58;
25783: 58;
25784: 58;
25785: 58;
25786: 58;
25787: 58;
25788: 58;
25789: 58;
25790: 58;
25791: 58;
25792: 58;
25793: 58;
25794: 58;
25795: 58;
25796: 58;
25797: 58;
25798: 58;
25799: 58;
25800: 58;
25801: 58;
25802: 58;
25803: 58;
25804: 58;
25805: 58;
25806: 58;
25807: 58;
25808: 58;
25809: 58;
25810: 58;
25811: 58;
25812: 58;
25813: 58;
25814: 58;
25815: 58;
25816: 58;
25817: 58;
25818: 58;
25819: 58;
25820: 58;
25821: 58;
25822: 58;
25823: 58;
25824: 58;
25825: 58;
25826: 58;
25827: 58;
25828: 58;
25829: 58;
25830: 58;
25831: 58;
25832: 58;
25833: 58;
25834: 58;
25835: 58;
25836: 58;
25837: 58;
25838: 58;
25839: 58;
25840: 58;
25841: 58;
25842: 58;
25843: 58;
25844: 58;
25845: 58;
25846: 58;
25847: 58;
25848: 58;
25849: 58;
25850: 58;
25851: 58;
25852: 58;
25853: 58;
25854: 58;
25855: 58;
25856: 58;
25857: 58;
25858: 58;
25859: 58;
25860: 58;
25861: 58;
25862: 58;
25863: 58;
25864: 58;
25865: 58;
25866: 58;
25867: 58;
25868: 58;
25869: 58;
25870: 58;
25871: 58;
25872: 58;
25873: 58;
25874: 58;
25875: 58;
25876: 58;
25877: 58;
25878: 58;
25879: 58;
25880: 58;
25881: 58;
25882: 58;
25883: 58;
25884: 58;
25885: 58;
25886: 58;
25887: 58;
25888: 58;
25889: 58;
25890: 58;
25891: 58;
25892: 58;
25893: 58;
25894: 58;
25895: 58;
25896: 58;
25897: 58;
25898: 58;
25899: 58;
25900: 58;
25901: 58;
25902: 58;
25903: 58;
25904: 58;
25905: 58;
25906: 58;
25907: 58;
25908: 58;
25909: 58;
25910: 58;
25911: 58;
25912: 58;
25913: 58;
25914: 58;
25915: 58;
25916: 58;
25917: 58;
25918: 58;
25919: 58;
25920: 58;
25921: 58;
25922: 58;
25923: 58;
25924: 58;
25925: 58;
25926: 58;
25927: 58;
25928: 58;
25929: 58;
25930: 58;
25931: 58;
25932: 58;
25933: 58;
25934: 58;
25935: 58;
25936: 58;
25937: 58;
25938: 58;
25939: 58;
25940: 58;
25941: 58;
25942: 58;
25943: 58;
25944: 58;
25945: 58;
25946: 58;
25947: 58;
25948: 58;
25949: 58;
25950: 58;
25951: 58;
25952: 58;
25953: 58;
25954: 58;
25955: 58;
25956: 58;
25957: 58;
25958: 58;
25959: 58;
25960: 58;
25961: 58;
25962: 58;
25963: 58;
25964: 58;
25965: 58;
25966: 58;
25967: 58;
25968: 58;
25969: 58;
25970: 58;
25971: 58;
25972: 58;
25973: 58;
25974: 58;
25975: 58;
25976: 58;
25977: 58;
25978: 58;
25979: 58;
25980: 58;
25981: 58;
25982: 58;
25983: 58;
25984: 58;
25985: 58;
25986: 58;
25987: 58;
25988: 58;
25989: 58;
25990: 58;
25991: 58;
25992: 58;
25993: 58;
25994: 58;
25995: 58;
25996: 58;
25997: 58;
25998: 58;
25999: 58;
26000: 58;
26001: 58;
26002: 58;
26003: 58;
26004: 58;
26005: 58;
26006: 58;
26007: 58;
26008: 58;
26009: 58;
26010: 58;
26011: 58;
26012: 58;
26013: 58;
26014: 58;
26015: 58;
26016: 58;
26017: 58;
26018: 58;
26019: 58;
26020: 58;
26021: 58;
26022: 58;
26023: 58;
26024: 58;
26025: 58;
26026: 58;
26027: 58;
26028: 58;
26029: 58;
26030: 58;
26031: 58;
26032: 58;
26033: 58;
26034: 58;
26035: 58;
26036: 58;
26037: 58;
26038: 58;
26039: 58;
26040: 58;
26041: 58;
26042: 58;
26043: 58;
26044: 58;
26045: 58;
26046: 58;
26047: 58;
26048: 58;
26049: 58;
26050: 58;
26051: 58;
26052: 58;
26053: 58;
26054: 58;
26055: 58;
26056: 58;
26057: 58;
26058: 58;
26059: 58;
26060: 58;
26061: 58;
26062: 58;
26063: 58;
26064: 58;
26065: 58;
26066: 58;
26067: 58;
26068: 58;
26069: 58;
26070: 58;
26071: 58;
26072: 58;
26073: 58;
26074: 58;
26075: 58;
26076: 58;
26077: 58;
26078: 58;
26079: 58;
26080: 58;
26081: 58;
26082: 58;
26083: 58;
26084: 58;
26085: 58;
26086: 58;
26087: 58;
26088: 58;
26089: 58;
26090: 58;
26091: 58;
26092: 58;
26093: 58;
26094: 58;
26095: 58;
26096: 58;
26097: 58;
26098: 58;
26099: 58;
26100: 58;
26101: 58;
26102: 58;
26103: 58;
26104: 58;
26105: 58;
26106: 58;
26107: 58;
26108: 58;
26109: 58;
26110: 58;
26111: 58;
26112: 58;
26113: 58;
26114: 58;
26115: 58;
26116: 58;
26117: 58;
26118: 58;
26119: 58;
26120: 58;
26121: 58;
26122: 58;
26123: 58;
26124: 58;
26125: 58;
26126: 58;
26127: 58;
26128: 58;
26129: 58;
26130: 58;
26131: 58;
26132: 58;
26133: 58;
26134: 58;
26135: 58;
26136: 58;
26137: 58;
26138: 58;
26139: 58;
26140: 58;
26141: 58;
26142: 58;
26143: 58;
26144: 58;
26145: 58;
26146: 58;
26147: 58;
26148: 58;
26149: 58;
26150: 58;
26151: 58;
26152: 58;
26153: 58;
26154: 58;
26155: 58;
26156: 58;
26157: 58;
26158: 58;
26159: 58;
26160: 58;
26161: 58;
26162: 58;
26163: 58;
26164: 58;
26165: 58;
26166: 58;
26167: 58;
26168: 58;
26169: 58;
26170: 58;
26171: 58;
26172: 58;
26173: 58;
26174: 58;
26175: 58;
26176: 58;
26177: 58;
26178: 58;
26179: 58;
26180: 58;
26181: 58;
26182: 58;
26183: 58;
26184: 58;
26185: 58;
26186: 58;
26187: 58;
26188: 58;
26189: 58;
26190: 58;
26191: 58;
26192: 58;
26193: 58;
26194: 58;
26195: 58;
26196: 58;
26197: 58;
26198: 58;
26199: 58;
26200: 58;
26201: 58;
26202: 58;
26203: 58;
26204: 58;
26205: 58;
26206: 58;
26207: 58;
26208: 58;
26209: 58;
26210: 58;
26211: 58;
26212: 58;
26213: 58;
26214: 58;
26215: 58;
26216: 58;
26217: 58;
26218: 58;
26219: 58;
26220: 58;
26221: 58;
26222: 58;
26223: 58;
26224: 58;
26225: 58;
26226: 58;
26227: 58;
26228: 58;
26229: 58;
26230: 58;
26231: 58;
26232: 58;
26233: 58;
26234: 58;
26235: 58;
26236: 58;
26237: 58;
26238: 58;
26239: 58;
26240: 58;
26241: 58;
26242: 58;
26243: 58;
26244: 58;
26245: 58;
26246: 58;
26247: 58;
26248: 58;
26249: 58;
26250: 58;
26251: 58;
26252: 58;
26253: 58;
26254: 58;
26255: 58;
26256: 58;
26257: 58;
26258: 58;
26259: 58;
26260: 58;
26261: 58;
26262: 58;
26263: 58;
26264: 58;
26265: 58;
26266: 58;
26267: 58;
26268: 58;
26269: 58;
26270: 58;
26271: 58;
26272: 58;
26273: 58;
26274: 58;
26275: 58;
26276: 58;
26277: 58;
26278: 58;
26279: 58;
26280: 58;
26281: 58;
26282: 58;
26283: 58;
26284: 58;
26285: 58;
26286: 58;
26287: 58;
26288: 58;
26289: 58;
26290: 58;
26291: 58;
26292: 58;
26293: 58;
26294: 58;
26295: 58;
26296: 58;
26297: 58;
26298: 58;
26299: 58;
26300: 58;
26301: 58;
26302: 58;
26303: 58;
26304: 58;
26305: 58;
26306: 58;
26307: 58;
26308: 58;
26309: 58;
26310: 58;
26311: 58;
26312: 58;
26313: 58;
26314: 58;
26315: 58;
26316: 58;
26317: 58;
26318: 58;
26319: 58;
26320: 58;
26321: 58;
26322: 58;
26323: 58;
26324: 58;
26325: 58;
26326: 58;
26327: 58;
26328: 58;
26329: 58;
26330: 58;
26331: 58;
26332: 58;
26333: 58;
26334: 58;
26335: 58;
26336: 58;
26337: 58;
26338: 58;
26339: 58;
26340: 58;
26341: 58;
26342: 58;
26343: 58;
26344: 58;
26345: 58;
26346: 58;
26347: 58;
26348: 58;
26349: 58;
26350: 58;
26351: 58;
26352: 58;
26353: 58;
26354: 58;
26355: 58;
26356: 58;
26357: 58;
26358: 58;
26359: 58;
26360: 58;
26361: 58;
26362: 58;
26363: 58;
26364: 58;
26365: 58;
26366: 58;
26367: 58;
26368: 58;
26369: 58;
26370: 58;
26371: 58;
26372: 58;
26373: 58;
26374: 58;
26375: 58;
26376: 58;
26377: 58;
26378: 58;
26379: 58;
26380: 58;
26381: 58;
26382: 58;
26383: 58;
26384: 58;
26385: 58;
26386: 58;
26387: 58;
26388: 58;
26389: 58;
26390: 58;
26391: 58;
26392: 58;
26393: 58;
26394: 58;
26395: 58;
26396: 58;
26397: 58;
26398: 58;
26399: 58;
26400: 58;
26401: 58;
26402: 58;
26403: 58;
26404: 58;
26405: 58;
26406: 58;
26407: 58;
26408: 58;
26409: 58;
26410: 58;
26411: 58;
26412: 58;
26413: 58;
26414: 58;
26415: 58;
26416: 58;
26417: 58;
26418: 58;
26419: 58;
26420: 58;
26421: 58;
26422: 58;
26423: 58;
26424: 58;
26425: 58;
26426: 58;
26427: 58;
26428: 58;
26429: 58;
26430: 58;
26431: 58;
26432: 58;
26433: 58;
26434: 58;
26435: 58;
26436: 58;
26437: 58;
26438: 58;
26439: 58;
26440: 58;
26441: 58;
26442: 58;
26443: 58;
26444: 58;
26445: 58;
26446: 58;
26447: 58;
26448: 58;
26449: 58;
26450: 58;
26451: 58;
26452: 58;
26453: 58;
26454: 58;
26455: 58;
26456: 58;
26457: 58;
26458: 58;
26459: 58;
26460: 58;
26461: 58;
26462: 58;
26463: 58;
26464: 58;
26465: 58;
26466: 58;
26467: 58;
26468: 58;
26469: 58;
26470: 58;
26471: 58;
26472: 58;
26473: 58;
26474: 58;
26475: 58;
26476: 58;
26477: 58;
26478: 58;
26479: 58;
26480: 58;
26481: 58;
26482: 58;
26483: 58;
26484: 58;
26485: 58;
26486: 58;
26487: 58;
26488: 58;
26489: 58;
26490: 58;
26491: 58;
26492: 58;
26493: 58;
26494: 58;
26495: 58;
26496: 58;
26497: 58;
26498: 58;
26499: 58;
26500: 58;
26501: 58;
26502: 58;
26503: 58;
26504: 58;
26505: 58;
26506: 58;
26507: 58;
26508: 58;
26509: 58;
26510: 58;
26511: 58;
26512: 58;
26513: 58;
26514: 58;
26515: 58;
26516: 58;
26517: 58;
26518: 58;
26519: 58;
26520: 58;
26521: 58;
26522: 58;
26523: 58;
26524: 58;
26525: 58;
26526: 58;
26527: 58;
26528: 58;
26529: 58;
26530: 58;
26531: 58;
26532: 58;
26533: 58;
26534: 58;
26535: 58;
26536: 58;
26537: 58;
26538: 58;
26539: 58;
26540: 58;
26541: 58;
26542: 58;
26543: 58;
26544: 58;
26545: 58;
26546: 58;
26547: 58;
26548: 58;
26549: 58;
26550: 58;
26551: 58;
26552: 58;
26553: 58;
26554: 58;
26555: 58;
26556: 58;
26557: 58;
26558: 58;
26559: 58;
26560: 58;
26561: 58;
26562: 58;
26563: 58;
26564: 58;
26565: 58;
26566: 58;
26567: 58;
26568: 58;
26569: 58;
26570: 58;
26571: 58;
26572: 58;
26573: 58;
26574: 58;
26575: 58;
26576: 58;
26577: 58;
26578: 58;
26579: 58;
26580: 58;
26581: 58;
26582: 58;
26583: 58;
26584: 58;
26585: 58;
26586: 58;
26587: 58;
26588: 58;
26589: 58;
26590: 58;
26591: 58;
26592: 58;
26593: 58;
26594: 58;
26595: 58;
26596: 58;
26597: 58;
26598: 58;
26599: 58;
26600: 58;
26601: 58;
26602: 58;
26603: 58;
26604: 58;
26605: 58;
26606: 58;
26607: 58;
26608: 59;
26609: 59;
26610: 59;
26611: 59;
26612: 59;
26613: 59;
26614: 59;
26615: 59;
26616: 59;
26617: 59;
26618: 59;
26619: 59;
26620: 59;
26621: 59;
26622: 59;
26623: 59;
26624: 59;
26625: 59;
26626: 59;
26627: 59;
26628: 59;
26629: 59;
26630: 59;
26631: 59;
26632: 59;
26633: 59;
26634: 59;
26635: 59;
26636: 59;
26637: 59;
26638: 59;
26639: 59;
26640: 59;
26641: 59;
26642: 59;
26643: 59;
26644: 59;
26645: 59;
26646: 59;
26647: 59;
26648: 59;
26649: 59;
26650: 59;
26651: 59;
26652: 59;
26653: 59;
26654: 59;
26655: 59;
26656: 59;
26657: 59;
26658: 59;
26659: 59;
26660: 59;
26661: 59;
26662: 59;
26663: 59;
26664: 59;
26665: 59;
26666: 59;
26667: 59;
26668: 59;
26669: 59;
26670: 59;
26671: 59;
26672: 59;
26673: 59;
26674: 59;
26675: 59;
26676: 59;
26677: 59;
26678: 59;
26679: 59;
26680: 59;
26681: 59;
26682: 59;
26683: 59;
26684: 59;
26685: 59;
26686: 59;
26687: 59;
26688: 59;
26689: 59;
26690: 59;
26691: 59;
26692: 59;
26693: 59;
26694: 59;
26695: 59;
26696: 59;
26697: 59;
26698: 59;
26699: 59;
26700: 59;
26701: 59;
26702: 59;
26703: 59;
26704: 59;
26705: 59;
26706: 59;
26707: 59;
26708: 59;
26709: 59;
26710: 59;
26711: 59;
26712: 59;
26713: 59;
26714: 59;
26715: 59;
26716: 59;
26717: 59;
26718: 59;
26719: 59;
26720: 59;
26721: 59;
26722: 59;
26723: 59;
26724: 59;
26725: 59;
26726: 59;
26727: 59;
26728: 59;
26729: 59;
26730: 59;
26731: 59;
26732: 59;
26733: 59;
26734: 59;
26735: 59;
26736: 59;
26737: 59;
26738: 59;
26739: 59;
26740: 59;
26741: 59;
26742: 59;
26743: 59;
26744: 59;
26745: 59;
26746: 59;
26747: 59;
26748: 59;
26749: 59;
26750: 59;
26751: 59;
26752: 59;
26753: 59;
26754: 59;
26755: 59;
26756: 59;
26757: 59;
26758: 59;
26759: 59;
26760: 59;
26761: 59;
26762: 59;
26763: 59;
26764: 59;
26765: 59;
26766: 59;
26767: 59;
26768: 59;
26769: 59;
26770: 59;
26771: 59;
26772: 59;
26773: 59;
26774: 59;
26775: 59;
26776: 59;
26777: 59;
26778: 59;
26779: 59;
26780: 59;
26781: 59;
26782: 59;
26783: 59;
26784: 59;
26785: 59;
26786: 59;
26787: 59;
26788: 59;
26789: 59;
26790: 59;
26791: 59;
26792: 59;
26793: 59;
26794: 59;
26795: 59;
26796: 59;
26797: 59;
26798: 59;
26799: 59;
26800: 59;
26801: 59;
26802: 59;
26803: 59;
26804: 59;
26805: 59;
26806: 59;
26807: 59;
26808: 59;
26809: 59;
26810: 59;
26811: 59;
26812: 59;
26813: 59;
26814: 59;
26815: 59;
26816: 59;
26817: 59;
26818: 59;
26819: 59;
26820: 59;
26821: 59;
26822: 59;
26823: 59;
26824: 59;
26825: 59;
26826: 59;
26827: 59;
26828: 59;
26829: 59;
26830: 59;
26831: 59;
26832: 59;
26833: 59;
26834: 59;
26835: 59;
26836: 59;
26837: 59;
26838: 59;
26839: 59;
26840: 59;
26841: 59;
26842: 59;
26843: 59;
26844: 59;
26845: 59;
26846: 59;
26847: 59;
26848: 59;
26849: 59;
26850: 59;
26851: 59;
26852: 59;
26853: 59;
26854: 59;
26855: 59;
26856: 59;
26857: 59;
26858: 59;
26859: 59;
26860: 59;
26861: 59;
26862: 59;
26863: 59;
26864: 59;
26865: 59;
26866: 59;
26867: 59;
26868: 59;
26869: 59;
26870: 59;
26871: 59;
26872: 59;
26873: 59;
26874: 59;
26875: 59;
26876: 59;
26877: 59;
26878: 59;
26879: 59;
26880: 59;
26881: 59;
26882: 59;
26883: 59;
26884: 59;
26885: 59;
26886: 59;
26887: 59;
26888: 59;
26889: 59;
26890: 59;
26891: 59;
26892: 59;
26893: 59;
26894: 59;
26895: 59;
26896: 59;
26897: 59;
26898: 59;
26899: 59;
26900: 59;
26901: 59;
26902: 59;
26903: 59;
26904: 59;
26905: 59;
26906: 59;
26907: 59;
26908: 59;
26909: 59;
26910: 59;
26911: 59;
26912: 59;
26913: 59;
26914: 59;
26915: 59;
26916: 59;
26917: 59;
26918: 59;
26919: 59;
26920: 59;
26921: 59;
26922: 59;
26923: 59;
26924: 59;
26925: 59;
26926: 59;
26927: 59;
26928: 59;
26929: 59;
26930: 59;
26931: 59;
26932: 59;
26933: 59;
26934: 59;
26935: 59;
26936: 59;
26937: 59;
26938: 59;
26939: 59;
26940: 59;
26941: 59;
26942: 59;
26943: 59;
26944: 59;
26945: 59;
26946: 59;
26947: 59;
26948: 59;
26949: 59;
26950: 59;
26951: 59;
26952: 59;
26953: 59;
26954: 59;
26955: 59;
26956: 59;
26957: 59;
26958: 59;
26959: 59;
26960: 59;
26961: 59;
26962: 59;
26963: 59;
26964: 59;
26965: 59;
26966: 59;
26967: 59;
26968: 59;
26969: 59;
26970: 59;
26971: 59;
26972: 59;
26973: 59;
26974: 59;
26975: 59;
26976: 59;
26977: 59;
26978: 59;
26979: 59;
26980: 59;
26981: 59;
26982: 59;
26983: 59;
26984: 59;
26985: 59;
26986: 59;
26987: 59;
26988: 59;
26989: 59;
26990: 59;
26991: 59;
26992: 59;
26993: 59;
26994: 59;
26995: 59;
26996: 59;
26997: 59;
26998: 59;
26999: 59;
27000: 59;
27001: 59;
27002: 59;
27003: 59;
27004: 59;
27005: 59;
27006: 59;
27007: 59;
27008: 59;
27009: 59;
27010: 59;
27011: 59;
27012: 59;
27013: 59;
27014: 59;
27015: 59;
27016: 59;
27017: 59;
27018: 59;
27019: 59;
27020: 59;
27021: 59;
27022: 59;
27023: 59;
27024: 59;
27025: 59;
27026: 59;
27027: 59;
27028: 59;
27029: 59;
27030: 59;
27031: 59;
27032: 59;
27033: 59;
27034: 59;
27035: 59;
27036: 59;
27037: 59;
27038: 59;
27039: 59;
27040: 59;
27041: 59;
27042: 59;
27043: 59;
27044: 59;
27045: 59;
27046: 59;
27047: 59;
27048: 59;
27049: 59;
27050: 59;
27051: 59;
27052: 59;
27053: 59;
27054: 59;
27055: 59;
27056: 59;
27057: 59;
27058: 59;
27059: 59;
27060: 59;
27061: 59;
27062: 59;
27063: 59;
27064: 59;
27065: 59;
27066: 59;
27067: 59;
27068: 59;
27069: 59;
27070: 59;
27071: 59;
27072: 59;
27073: 59;
27074: 59;
27075: 59;
27076: 59;
27077: 59;
27078: 59;
27079: 59;
27080: 59;
27081: 59;
27082: 59;
27083: 59;
27084: 59;
27085: 59;
27086: 59;
27087: 59;
27088: 59;
27089: 59;
27090: 59;
27091: 59;
27092: 59;
27093: 59;
27094: 59;
27095: 59;
27096: 59;
27097: 59;
27098: 59;
27099: 59;
27100: 59;
27101: 59;
27102: 59;
27103: 59;
27104: 59;
27105: 59;
27106: 59;
27107: 59;
27108: 59;
27109: 59;
27110: 59;
27111: 59;
27112: 59;
27113: 59;
27114: 59;
27115: 59;
27116: 59;
27117: 59;
27118: 59;
27119: 59;
27120: 59;
27121: 59;
27122: 59;
27123: 59;
27124: 59;
27125: 59;
27126: 59;
27127: 59;
27128: 59;
27129: 59;
27130: 59;
27131: 59;
27132: 59;
27133: 59;
27134: 59;
27135: 59;
27136: 59;
27137: 59;
27138: 59;
27139: 59;
27140: 59;
27141: 59;
27142: 59;
27143: 59;
27144: 59;
27145: 59;
27146: 59;
27147: 59;
27148: 59;
27149: 59;
27150: 59;
27151: 59;
27152: 59;
27153: 59;
27154: 59;
27155: 59;
27156: 59;
27157: 59;
27158: 59;
27159: 59;
27160: 59;
27161: 59;
27162: 59;
27163: 59;
27164: 59;
27165: 59;
27166: 59;
27167: 59;
27168: 59;
27169: 59;
27170: 59;
27171: 59;
27172: 59;
27173: 59;
27174: 59;
27175: 59;
27176: 59;
27177: 59;
27178: 59;
27179: 59;
27180: 59;
27181: 59;
27182: 59;
27183: 59;
27184: 59;
27185: 59;
27186: 59;
27187: 59;
27188: 59;
27189: 59;
27190: 59;
27191: 59;
27192: 59;
27193: 59;
27194: 59;
27195: 59;
27196: 59;
27197: 59;
27198: 59;
27199: 59;
27200: 59;
27201: 59;
27202: 59;
27203: 59;
27204: 59;
27205: 59;
27206: 59;
27207: 59;
27208: 59;
27209: 59;
27210: 59;
27211: 59;
27212: 59;
27213: 59;
27214: 59;
27215: 59;
27216: 59;
27217: 59;
27218: 59;
27219: 59;
27220: 59;
27221: 59;
27222: 59;
27223: 59;
27224: 59;
27225: 59;
27226: 59;
27227: 59;
27228: 59;
27229: 59;
27230: 59;
27231: 59;
27232: 59;
27233: 59;
27234: 59;
27235: 59;
27236: 59;
27237: 59;
27238: 59;
27239: 59;
27240: 59;
27241: 59;
27242: 59;
27243: 59;
27244: 59;
27245: 59;
27246: 59;
27247: 59;
27248: 59;
27249: 59;
27250: 59;
27251: 59;
27252: 59;
27253: 59;
27254: 59;
27255: 59;
27256: 59;
27257: 59;
27258: 59;
27259: 59;
27260: 59;
27261: 59;
27262: 59;
27263: 59;
27264: 59;
27265: 59;
27266: 59;
27267: 59;
27268: 59;
27269: 59;
27270: 59;
27271: 59;
27272: 59;
27273: 59;
27274: 59;
27275: 59;
27276: 59;
27277: 59;
27278: 59;
27279: 59;
27280: 59;
27281: 59;
27282: 59;
27283: 59;
27284: 59;
27285: 59;
27286: 59;
27287: 59;
27288: 59;
27289: 59;
27290: 59;
27291: 59;
27292: 59;
27293: 59;
27294: 59;
27295: 59;
27296: 59;
27297: 59;
27298: 59;
27299: 59;
27300: 59;
27301: 59;
27302: 59;
27303: 59;
27304: 59;
27305: 59;
27306: 59;
27307: 59;
27308: 59;
27309: 59;
27310: 59;
27311: 59;
27312: 59;
27313: 59;
27314: 59;
27315: 59;
27316: 59;
27317: 59;
27318: 59;
27319: 59;
27320: 59;
27321: 59;
27322: 59;
27323: 59;
27324: 59;
27325: 59;
27326: 59;
27327: 59;
27328: 59;
27329: 59;
27330: 59;
27331: 59;
27332: 59;
27333: 59;
27334: 59;
27335: 59;
27336: 59;
27337: 59;
27338: 59;
27339: 59;
27340: 59;
27341: 59;
27342: 59;
27343: 59;
27344: 59;
27345: 59;
27346: 59;
27347: 59;
27348: 59;
27349: 59;
27350: 59;
27351: 59;
27352: 59;
27353: 59;
27354: 59;
27355: 59;
27356: 59;
27357: 59;
27358: 59;
27359: 59;
27360: 59;
27361: 59;
27362: 59;
27363: 59;
27364: 59;
27365: 59;
27366: 59;
27367: 59;
27368: 59;
27369: 59;
27370: 59;
27371: 59;
27372: 59;
27373: 59;
27374: 59;
27375: 59;
27376: 59;
27377: 59;
27378: 59;
27379: 59;
27380: 59;
27381: 59;
27382: 59;
27383: 59;
27384: 59;
27385: 59;
27386: 59;
27387: 59;
27388: 59;
27389: 59;
27390: 59;
27391: 59;
27392: 59;
27393: 59;
27394: 59;
27395: 59;
27396: 59;
27397: 59;
27398: 59;
27399: 59;
27400: 59;
27401: 59;
27402: 59;
27403: 59;
27404: 59;
27405: 59;
27406: 59;
27407: 59;
27408: 59;
27409: 59;
27410: 59;
27411: 59;
27412: 59;
27413: 59;
27414: 59;
27415: 59;
27416: 59;
27417: 59;
27418: 59;
27419: 59;
27420: 59;
27421: 59;
27422: 59;
27423: 59;
27424: 59;
27425: 59;
27426: 59;
27427: 59;
27428: 59;
27429: 59;
27430: 59;
27431: 59;
27432: 59;
27433: 59;
27434: 59;
27435: 59;
27436: 59;
27437: 59;
27438: 59;
27439: 59;
27440: 59;
27441: 59;
27442: 59;
27443: 59;
27444: 59;
27445: 59;
27446: 59;
27447: 59;
27448: 59;
27449: 59;
27450: 59;
27451: 59;
27452: 59;
27453: 59;
27454: 59;
27455: 59;
27456: 59;
27457: 59;
27458: 59;
27459: 59;
27460: 59;
27461: 59;
27462: 59;
27463: 59;
27464: 59;
27465: 59;
27466: 59;
27467: 59;
27468: 59;
27469: 59;
27470: 59;
27471: 59;
27472: 59;
27473: 59;
27474: 59;
27475: 59;
27476: 59;
27477: 59;
27478: 59;
27479: 59;
27480: 59;
27481: 59;
27482: 59;
27483: 59;
27484: 59;
27485: 59;
27486: 59;
27487: 59;
27488: 59;
27489: 59;
27490: 59;
27491: 59;
27492: 59;
27493: 59;
27494: 59;
27495: 59;
27496: 59;
27497: 59;
27498: 59;
27499: 59;
27500: 59;
27501: 59;
27502: 59;
27503: 59;
27504: 59;
27505: 59;
27506: 59;
27507: 59;
27508: 59;
27509: 59;
27510: 59;
27511: 59;
27512: 59;
27513: 59;
27514: 59;
27515: 59;
27516: 59;
27517: 59;
27518: 59;
27519: 59;
27520: 59;
27521: 59;
27522: 59;
27523: 59;
27524: 59;
27525: 59;
27526: 59;
27527: 59;
27528: 59;
27529: 59;
27530: 59;
27531: 59;
27532: 59;
27533: 59;
27534: 59;
27535: 59;
27536: 59;
27537: 59;
27538: 59;
27539: 59;
27540: 59;
27541: 59;
27542: 59;
27543: 59;
27544: 59;
27545: 59;
27546: 59;
27547: 59;
27548: 59;
27549: 59;
27550: 59;
27551: 59;
27552: 59;
27553: 59;
27554: 59;
27555: 59;
27556: 59;
27557: 59;
27558: 59;
27559: 59;
27560: 59;
27561: 59;
27562: 59;
27563: 59;
27564: 59;
27565: 59;
27566: 59;
27567: 59;
27568: 59;
27569: 59;
27570: 59;
27571: 59;
27572: 59;
27573: 59;
27574: 59;
27575: 59;
27576: 59;
27577: 59;
27578: 59;
27579: 59;
27580: 59;
27581: 59;
27582: 59;
27583: 59;
27584: 59;
27585: 59;
27586: 59;
27587: 59;
27588: 59;
27589: 59;
27590: 59;
27591: 59;
27592: 59;
27593: 59;
27594: 59;
27595: 59;
27596: 59;
27597: 59;
27598: 59;
27599: 59;
27600: 59;
27601: 59;
27602: 59;
27603: 59;
27604: 59;
27605: 59;
27606: 59;
27607: 59;
27608: 59;
27609: 59;
27610: 59;
27611: 59;
27612: 59;
27613: 59;
27614: 59;
27615: 59;
27616: 59;
27617: 59;
27618: 59;
27619: 59;
27620: 59;
27621: 59;
27622: 59;
27623: 59;
27624: 59;
27625: 59;
27626: 59;
27627: 59;
27628: 59;
27629: 59;
27630: 59;
27631: 59;
27632: 59;
27633: 59;
27634: 59;
27635: 59;
27636: 59;
27637: 59;
27638: 59;
27639: 59;
27640: 59;
27641: 59;
27642: 59;
27643: 59;
27644: 59;
27645: 59;
27646: 59;
27647: 59;
27648: 59;
27649: 59;
27650: 59;
27651: 59;
27652: 59;
27653: 59;
27654: 59;
27655: 59;
27656: 59;
27657: 59;
27658: 59;
27659: 59;
27660: 59;
27661: 59;
27662: 59;
27663: 59;
27664: 59;
27665: 59;
27666: 59;
27667: 59;
27668: 59;
27669: 59;
27670: 59;
27671: 59;
27672: 59;
27673: 59;
27674: 59;
27675: 59;
27676: 59;
27677: 59;
27678: 59;
27679: 59;
27680: 59;
27681: 59;
27682: 59;
27683: 59;
27684: 59;
27685: 59;
27686: 59;
27687: 59;
27688: 59;
27689: 59;
27690: 59;
27691: 59;
27692: 59;
27693: 59;
27694: 59;
27695: 59;
27696: 59;
27697: 59;
27698: 59;
27699: 59;
27700: 59;
27701: 59;
27702: 59;
27703: 59;
27704: 59;
27705: 59;
27706: 59;
27707: 59;
27708: 59;
27709: 59;
27710: 59;
27711: 59;
27712: 59;
27713: 59;
27714: 59;
27715: 59;
27716: 59;
27717: 59;
27718: 59;
27719: 59;
27720: 59;
27721: 59;
27722: 59;
27723: 59;
27724: 59;
27725: 59;
27726: 59;
27727: 59;
27728: 59;
27729: 59;
27730: 59;
27731: 59;
27732: 59;
27733: 59;
27734: 59;
27735: 59;
27736: 59;
27737: 59;
27738: 59;
27739: 59;
27740: 59;
27741: 59;
27742: 59;
27743: 59;
27744: 59;
27745: 59;
27746: 59;
27747: 59;
27748: 59;
27749: 59;
27750: 59;
27751: 59;
27752: 59;
27753: 59;
27754: 59;
27755: 59;
27756: 59;
27757: 59;
27758: 59;
27759: 59;
27760: 59;
27761: 59;
27762: 59;
27763: 59;
27764: 59;
27765: 59;
27766: 59;
27767: 59;
27768: 59;
27769: 59;
27770: 59;
27771: 59;
27772: 59;
27773: 59;
27774: 59;
27775: 59;
27776: 59;
27777: 59;
27778: 59;
27779: 59;
27780: 59;
27781: 59;
27782: 59;
27783: 59;
27784: 59;
27785: 59;
27786: 59;
27787: 59;
27788: 59;
27789: 59;
27790: 59;
27791: 59;
27792: 59;
27793: 59;
27794: 59;
27795: 59;
27796: 59;
27797: 59;
27798: 59;
27799: 59;
27800: 59;
27801: 59;
27802: 59;
27803: 59;
27804: 59;
27805: 59;
27806: 59;
27807: 59;
27808: 59;
27809: 59;
27810: 59;
27811: 59;
27812: 59;
27813: 59;
27814: 59;
27815: 59;
27816: 59;
27817: 59;
27818: 59;
27819: 59;
27820: 59;
27821: 59;
27822: 59;
27823: 59;
27824: 59;
27825: 59;
27826: 59;
27827: 59;
27828: 59;
27829: 59;
27830: 59;
27831: 59;
27832: 59;
27833: 59;
27834: 59;
27835: 59;
27836: 59;
27837: 59;
27838: 59;
27839: 59;
27840: 59;
27841: 59;
27842: 59;
27843: 59;
27844: 59;
27845: 59;
27846: 59;
27847: 59;
27848: 59;
27849: 59;
27850: 59;
27851: 59;
27852: 59;
27853: 59;
27854: 59;
27855: 59;
27856: 59;
27857: 59;
27858: 59;
27859: 59;
27860: 59;
27861: 59;
27862: 59;
27863: 59;
27864: 59;
27865: 59;
27866: 59;
27867: 59;
27868: 59;
27869: 59;
27870: 59;
27871: 59;
27872: 59;
27873: 59;
27874: 59;
27875: 59;
27876: 59;
27877: 59;
27878: 59;
27879: 59;
27880: 59;
27881: 59;
27882: 59;
27883: 59;
27884: 59;
27885: 59;
27886: 59;
27887: 59;
27888: 59;
27889: 59;
27890: 59;
27891: 59;
27892: 59;
27893: 59;
27894: 59;
27895: 59;
27896: 59;
27897: 59;
27898: 59;
27899: 59;
27900: 59;
27901: 59;
27902: 59;
27903: 59;
27904: 59;
27905: 59;
27906: 59;
27907: 59;
27908: 59;
27909: 59;
27910: 59;
27911: 59;
27912: 59;
27913: 59;
27914: 59;
27915: 59;
27916: 59;
27917: 59;
27918: 59;
27919: 59;
27920: 59;
27921: 59;
27922: 59;
27923: 59;
27924: 59;
27925: 59;
27926: 59;
27927: 59;
27928: 59;
27929: 59;
27930: 59;
27931: 59;
27932: 59;
27933: 59;
27934: 59;
27935: 59;
27936: 59;
27937: 59;
27938: 59;
27939: 59;
27940: 59;
27941: 59;
27942: 59;
27943: 59;
27944: 59;
27945: 59;
27946: 59;
27947: 59;
27948: 59;
27949: 59;
27950: 59;
27951: 59;
27952: 59;
27953: 59;
27954: 59;
27955: 59;
27956: 59;
27957: 59;
27958: 59;
27959: 59;
27960: 59;
27961: 59;
27962: 59;
27963: 59;
27964: 59;
27965: 59;
27966: 59;
27967: 59;
27968: 59;
27969: 59;
27970: 59;
27971: 59;
27972: 59;
27973: 59;
27974: 59;
27975: 59;
27976: 59;
27977: 59;
27978: 59;
27979: 59;
27980: 59;
27981: 59;
27982: 59;
27983: 59;
27984: 59;
27985: 59;
27986: 59;
27987: 59;
27988: 59;
27989: 59;
27990: 59;
27991: 59;
27992: 59;
27993: 59;
27994: 59;
27995: 59;
27996: 59;
27997: 59;
27998: 59;
27999: 59;
28000: 59;
28001: 59;
28002: 59;
28003: 59;
28004: 59;
28005: 59;
28006: 59;
28007: 59;
28008: 59;
28009: 59;
28010: 59;
28011: 59;
28012: 59;
28013: 59;
28014: 59;
28015: 59;
28016: 59;
28017: 59;
28018: 59;
28019: 59;
28020: 59;
28021: 59;
28022: 59;
28023: 59;
28024: 59;
28025: 59;
28026: 59;
28027: 59;
28028: 59;
28029: 59;
28030: 59;
28031: 59;
28032: 59;
28033: 59;
28034: 59;
28035: 59;
28036: 59;
28037: 59;
28038: 59;
28039: 59;
28040: 59;
28041: 59;
28042: 59;
28043: 59;
28044: 59;
28045: 59;
28046: 59;
28047: 59;
28048: 59;
28049: 59;
28050: 59;
28051: 59;
28052: 59;
28053: 59;
28054: 59;
28055: 59;
28056: 59;
28057: 59;
28058: 59;
28059: 59;
28060: 59;
28061: 59;
28062: 59;
28063: 59;
28064: 59;
28065: 59;
28066: 59;
28067: 59;
28068: 59;
28069: 59;
28070: 59;
28071: 59;
28072: 59;
28073: 59;
28074: 59;
28075: 59;
28076: 59;
28077: 59;
28078: 59;
28079: 59;
28080: 59;
28081: 59;
28082: 59;
28083: 59;
28084: 59;
28085: 59;
28086: 59;
28087: 59;
28088: 59;
28089: 59;
28090: 59;
28091: 59;
28092: 59;
28093: 59;
28094: 59;
28095: 59;
28096: 59;
28097: 59;
28098: 59;
28099: 59;
28100: 59;
28101: 59;
28102: 59;
28103: 59;
28104: 59;
28105: 59;
28106: 59;
28107: 59;
28108: 59;
28109: 59;
28110: 59;
28111: 59;
28112: 59;
28113: 59;
28114: 59;
28115: 59;
28116: 59;
28117: 59;
28118: 59;
28119: 59;
28120: 59;
28121: 59;
28122: 59;
28123: 59;
28124: 59;
28125: 59;
28126: 59;
28127: 59;
28128: 59;
28129: 59;
28130: 59;
28131: 59;
28132: 59;
28133: 59;
28134: 59;
28135: 59;
28136: 59;
28137: 59;
28138: 59;
28139: 59;
28140: 59;
28141: 59;
28142: 59;
28143: 59;
28144: 59;
28145: 59;
28146: 59;
28147: 59;
28148: 59;
28149: 59;
28150: 59;
28151: 59;
28152: 59;
28153: 59;
28154: 59;
28155: 59;
28156: 59;
28157: 59;
28158: 59;
28159: 59;
28160: 59;
28161: 59;
28162: 59;
28163: 59;
28164: 59;
28165: 59;
28166: 59;
28167: 59;
28168: 59;
28169: 59;
28170: 59;
28171: 59;
28172: 59;
28173: 59;
28174: 59;
28175: 59;
28176: 59;
28177: 59;
28178: 59;
28179: 59;
28180: 59;
28181: 59;
28182: 59;
28183: 59;
28184: 59;
28185: 59;
28186: 59;
28187: 59;
28188: 59;
28189: 59;
28190: 59;
28191: 59;
28192: 59;
28193: 59;
28194: 59;
28195: 59;
28196: 59;
28197: 59;
28198: 59;
28199: 59;
28200: 59;
28201: 59;
28202: 59;
28203: 59;
28204: 59;
28205: 59;
28206: 59;
28207: 59;
28208: 59;
28209: 59;
28210: 59;
28211: 59;
28212: 59;
28213: 59;
28214: 59;
28215: 59;
28216: 59;
28217: 59;
28218: 59;
28219: 59;
28220: 59;
28221: 59;
28222: 59;
28223: 59;
28224: 59;
28225: 59;
28226: 59;
28227: 59;
28228: 59;
28229: 59;
28230: 59;
28231: 59;
28232: 59;
28233: 59;
28234: 59;
28235: 59;
28236: 59;
28237: 59;
28238: 59;
28239: 59;
28240: 59;
28241: 59;
28242: 59;
28243: 59;
28244: 59;
28245: 59;
28246: 59;
28247: 59;
28248: 59;
28249: 59;
28250: 59;
28251: 59;
28252: 59;
28253: 59;
28254: 59;
28255: 59;
28256: 59;
28257: 59;
28258: 59;
28259: 59;
28260: 59;
28261: 59;
28262: 59;
28263: 59;
28264: 59;
28265: 59;
28266: 59;
28267: 59;
28268: 59;
28269: 59;
28270: 59;
28271: 59;
28272: 59;
28273: 59;
28274: 59;
28275: 59;
28276: 59;
28277: 59;
28278: 59;
28279: 59;
28280: 59;
28281: 59;
28282: 59;
28283: 59;
28284: 59;
28285: 59;
28286: 59;
28287: 59;
28288: 59;
28289: 59;
28290: 59;
28291: 59;
28292: 59;
28293: 59;
28294: 59;
28295: 59;
28296: 59;
28297: 59;
28298: 59;
28299: 59;
28300: 59;
28301: 59;
28302: 59;
28303: 59;
28304: 59;
28305: 59;
28306: 59;
28307: 59;
28308: 59;
28309: 59;
28310: 59;
28311: 59;
28312: 59;
28313: 59;
28314: 59;
28315: 59;
28316: 59;
28317: 59;
28318: 59;
28319: 59;
28320: 59;
28321: 59;
28322: 59;
28323: 59;
28324: 59;
28325: 59;
28326: 59;
28327: 59;
28328: 59;
28329: 59;
28330: 59;
28331: 59;
28332: 59;
28333: 59;
28334: 59;
28335: 59;
28336: 59;
28337: 59;
28338: 59;
28339: 59;
28340: 59;
28341: 59;
28342: 59;
28343: 59;
28344: 59;
28345: 59;
28346: 59;
28347: 59;
28348: 59;
28349: 59;
28350: 59;
28351: 59;
28352: 59;
28353: 59;
28354: 59;
28355: 59;
28356: 59;
28357: 59;
28358: 59;
28359: 59;
28360: 59;
28361: 59;
28362: 59;
28363: 59;
28364: 59;
28365: 59;
28366: 59;
28367: 59;
28368: 59;
28369: 59;
28370: 59;
28371: 59;
28372: 59;
28373: 59;
28374: 59;
28375: 59;
28376: 59;
28377: 59;
28378: 59;
28379: 59;
28380: 59;
28381: 59;
28382: 59;
28383: 59;
28384: 59;
28385: 59;
28386: 59;
28387: 59;
28388: 59;
28389: 59;
28390: 59;
28391: 59;
28392: 59;
28393: 59;
28394: 59;
28395: 59;
28396: 59;
28397: 59;
28398: 59;
28399: 59;
28400: 59;
28401: 59;
28402: 59;
28403: 59;
28404: 59;
28405: 59;
28406: 59;
28407: 59;
28408: 59;
28409: 59;
28410: 59;
28411: 59;
28412: 59;
28413: 59;
28414: 59;
28415: 59;
28416: 59;
28417: 59;
28418: 59;
28419: 59;
28420: 59;
28421: 59;
28422: 59;
28423: 59;
28424: 59;
28425: 59;
28426: 59;
28427: 59;
28428: 59;
28429: 59;
28430: 59;
28431: 59;
28432: 59;
28433: 59;
28434: 59;
28435: 59;
28436: 59;
28437: 59;
28438: 59;
28439: 59;
28440: 59;
28441: 59;
28442: 59;
28443: 59;
28444: 59;
28445: 59;
28446: 59;
28447: 59;
28448: 59;
28449: 59;
28450: 59;
28451: 59;
28452: 59;
28453: 59;
28454: 59;
28455: 59;
28456: 59;
28457: 59;
28458: 59;
28459: 59;
28460: 59;
28461: 59;
28462: 59;
28463: 59;
28464: 59;
28465: 59;
28466: 59;
28467: 59;
28468: 59;
28469: 59;
28470: 59;
28471: 59;
28472: 59;
28473: 59;
28474: 59;
28475: 59;
28476: 59;
28477: 59;
28478: 59;
28479: 59;
28480: 59;
28481: 59;
28482: 59;
28483: 59;
28484: 59;
28485: 59;
28486: 59;
28487: 59;
28488: 59;
28489: 59;
28490: 59;
28491: 59;
28492: 59;
28493: 59;
28494: 59;
28495: 59;
28496: 59;
28497: 59;
28498: 59;
28499: 59;
28500: 59;
28501: 59;
28502: 59;
28503: 59;
28504: 59;
28505: 59;
28506: 59;
28507: 59;
28508: 59;
28509: 59;
28510: 59;
28511: 59;
28512: 59;
28513: 59;
28514: 59;
28515: 59;
28516: 59;
28517: 59;
28518: 59;
28519: 59;
28520: 59;
28521: 59;
28522: 59;
28523: 59;
28524: 59;
28525: 59;
28526: 59;
28527: 59;
28528: 59;
28529: 59;
28530: 59;
28531: 59;
28532: 59;
28533: 59;
28534: 59;
28535: 59;
28536: 59;
28537: 59;
28538: 59;
28539: 59;
28540: 59;
28541: 59;
28542: 59;
28543: 59;
28544: 59;
28545: 59;
28546: 59;
28547: 59;
28548: 59;
28549: 59;
28550: 59;
28551: 59;
28552: 59;
28553: 59;
28554: 59;
28555: 59;
28556: 59;
28557: 59;
28558: 59;
28559: 59;
28560: 59;
28561: 59;
28562: 59;
28563: 59;
28564: 59;
28565: 59;
28566: 59;
28567: 59;
28568: 59;
28569: 59;
28570: 59;
28571: 59;
28572: 59;
28573: 59;
28574: 59;
28575: 59;
28576: 59;
28577: 59;
28578: 59;
28579: 59;
28580: 59;
28581: 59;
28582: 59;
28583: 59;
28584: 59;
28585: 59;
28586: 59;
28587: 59;
28588: 59;
28589: 59;
28590: 59;
28591: 59;
28592: 59;
28593: 59;
28594: 59;
28595: 59;
28596: 59;
28597: 59;
28598: 59;
28599: 59;
28600: 59;
28601: 59;
28602: 59;
28603: 59;
28604: 59;
28605: 59;
28606: 59;
28607: 59;
28608: 59;
28609: 59;
28610: 59;
28611: 59;
28612: 59;
28613: 59;
28614: 59;
28615: 59;
28616: 59;
28617: 59;
28618: 59;
28619: 59;
28620: 59;
28621: 59;
28622: 59;
28623: 59;
28624: 59;
28625: 59;
28626: 59;
28627: 59;
28628: 59;
28629: 59;
28630: 59;
28631: 59;
28632: 59;
28633: 59;
28634: 59;
28635: 59;
28636: 59;
28637: 59;
28638: 59;
28639: 59;
28640: 59;
28641: 59;
28642: 59;
28643: 59;
28644: 59;
28645: 59;
28646: 59;
28647: 59;
28648: 59;
28649: 59;
28650: 59;
28651: 59;
28652: 59;
28653: 59;
28654: 59;
28655: 59;
28656: 59;
28657: 59;
28658: 59;
28659: 59;
28660: 59;
28661: 59;
28662: 59;
28663: 59;
28664: 59;
28665: 59;
28666: 59;
28667: 59;
28668: 59;
28669: 59;
28670: 59;
28671: 59;
28672: 59;
28673: 59;
28674: 59;
28675: 59;
28676: 59;
28677: 59;
28678: 59;
28679: 59;
28680: 59;
28681: 59;
28682: 59;
28683: 59;
28684: 59;
28685: 59;
28686: 59;
28687: 59;
28688: 59;
28689: 59;
28690: 59;
28691: 59;
28692: 59;
28693: 59;
28694: 59;
28695: 59;
28696: 59;
28697: 59;
28698: 59;
28699: 59;
28700: 59;
28701: 59;
28702: 59;
28703: 59;
28704: 59;
28705: 59;
28706: 59;
28707: 59;
28708: 59;
28709: 59;
28710: 59;
28711: 59;
28712: 59;
28713: 59;
28714: 59;
28715: 59;
28716: 59;
28717: 59;
28718: 59;
28719: 59;
28720: 59;
28721: 59;
28722: 59;
28723: 59;
28724: 59;
28725: 59;
28726: 59;
28727: 59;
28728: 59;
28729: 59;
28730: 59;
28731: 59;
28732: 59;
28733: 59;
28734: 59;
28735: 59;
28736: 59;
28737: 59;
28738: 59;
28739: 59;
28740: 59;
28741: 59;
28742: 59;
28743: 59;
28744: 59;
28745: 59;
28746: 59;
28747: 59;
28748: 59;
28749: 59;
28750: 59;
28751: 59;
28752: 59;
28753: 59;
28754: 59;
28755: 59;
28756: 59;
28757: 59;
28758: 59;
28759: 59;
28760: 59;
28761: 59;
28762: 59;
28763: 59;
28764: 59;
28765: 59;
28766: 59;
28767: 59;
28768: 59;
28769: 59;
28770: 59;
28771: 59;
28772: 59;
28773: 59;
28774: 59;
28775: 59;
28776: 59;
28777: 59;
28778: 59;
28779: 59;
28780: 59;
28781: 59;
28782: 59;
28783: 59;
28784: 59;
28785: 59;
28786: 59;
28787: 59;
28788: 59;
28789: 59;
28790: 59;
28791: 59;
28792: 59;
28793: 59;
28794: 59;
28795: 59;
28796: 59;
28797: 59;
28798: 59;
28799: 59;
28800: 59;
28801: 59;
28802: 59;
28803: 59;
28804: 59;
28805: 59;
28806: 59;
28807: 59;
28808: 59;
28809: 59;
28810: 59;
28811: 59;
28812: 59;
28813: 59;
28814: 59;
28815: 59;
28816: 59;
28817: 59;
28818: 59;
28819: 59;
28820: 59;
28821: 59;
28822: 59;
28823: 59;
28824: 59;
28825: 59;
28826: 59;
28827: 59;
28828: 59;
28829: 59;
28830: 59;
28831: 59;
28832: 59;
28833: 59;
28834: 59;
28835: 59;
28836: 59;
28837: 59;
28838: 59;
28839: 59;
28840: 59;
28841: 59;
28842: 59;
28843: 59;
28844: 59;
28845: 59;
28846: 59;
28847: 59;
28848: 59;
28849: 59;
28850: 59;
28851: 59;
28852: 59;
28853: 59;
28854: 59;
28855: 59;
28856: 59;
28857: 59;
28858: 59;
28859: 59;
28860: 59;
28861: 59;
28862: 59;
28863: 59;
28864: 59;
28865: 59;
28866: 59;
28867: 59;
28868: 59;
28869: 59;
28870: 59;
28871: 59;
28872: 59;
28873: 59;
28874: 59;
28875: 59;
28876: 59;
28877: 59;
28878: 59;
28879: 59;
28880: 59;
28881: 59;
28882: 59;
28883: 59;
28884: 59;
28885: 59;
28886: 59;
28887: 59;
28888: 59;
28889: 59;
28890: 59;
28891: 59;
28892: 59;
28893: 59;
28894: 59;
28895: 59;
28896: 59;
28897: 59;
28898: 59;
28899: 59;
28900: 59;
28901: 59;
28902: 59;
28903: 59;
28904: 59;
28905: 59;
28906: 59;
28907: 59;
28908: 59;
28909: 59;
28910: 59;
28911: 59;
28912: 59;
28913: 59;
28914: 59;
28915: 59;
28916: 59;
28917: 59;
28918: 59;
28919: 59;
28920: 59;
28921: 59;
28922: 59;
28923: 59;
28924: 59;
28925: 59;
28926: 59;
28927: 59;
28928: 59;
28929: 59;
28930: 59;
28931: 59;
28932: 59;
28933: 59;
28934: 59;
28935: 59;
28936: 59;
28937: 59;
28938: 59;
28939: 59;
28940: 59;
28941: 59;
28942: 59;
28943: 59;
28944: 59;
28945: 59;
28946: 59;
28947: 59;
28948: 59;
28949: 59;
28950: 59;
28951: 59;
28952: 59;
28953: 59;
28954: 59;
28955: 59;
28956: 59;
28957: 59;
28958: 59;
28959: 59;
28960: 59;
28961: 59;
28962: 59;
28963: 59;
28964: 59;
28965: 59;
28966: 59;
28967: 59;
28968: 59;
28969: 59;
28970: 59;
28971: 59;
28972: 59;
28973: 59;
28974: 59;
28975: 59;
28976: 59;
28977: 59;
28978: 59;
28979: 59;
28980: 59;
28981: 59;
28982: 59;
28983: 59;
28984: 59;
28985: 59;
28986: 59;
28987: 59;
28988: 59;
28989: 59;
28990: 59;
28991: 59;
28992: 59;
28993: 59;
28994: 59;
28995: 59;
28996: 59;
28997: 59;
28998: 59;
28999: 59;
29000: 59;
29001: 59;
29002: 59;
29003: 59;
29004: 59;
29005: 59;
29006: 59;
29007: 59;
29008: 59;
29009: 59;
29010: 59;
29011: 59;
29012: 59;
29013: 59;
29014: 59;
29015: 59;
29016: 59;
29017: 59;
29018: 59;
29019: 59;
29020: 59;
29021: 59;
29022: 59;
29023: 59;
29024: 59;
29025: 59;
29026: 59;
29027: 59;
29028: 59;
29029: 59;
29030: 59;
29031: 59;
29032: 59;
29033: 59;
29034: 59;
29035: 59;
29036: 59;
29037: 59;
29038: 59;
29039: 59;
29040: 59;
29041: 59;
29042: 59;
29043: 59;
29044: 59;
29045: 59;
29046: 59;
29047: 59;
29048: 59;
29049: 59;
29050: 59;
29051: 59;
29052: 59;
29053: 59;
29054: 59;
29055: 59;
29056: 59;
29057: 59;
29058: 59;
29059: 59;
29060: 59;
29061: 59;
29062: 59;
29063: 59;
29064: 59;
29065: 59;
29066: 59;
29067: 59;
29068: 59;
29069: 59;
29070: 59;
29071: 59;
29072: 59;
29073: 59;
29074: 59;
29075: 59;
29076: 59;
29077: 59;
29078: 59;
29079: 59;
29080: 59;
29081: 59;
29082: 59;
29083: 59;
29084: 59;
29085: 59;
29086: 59;
29087: 59;
29088: 59;
29089: 59;
29090: 59;
29091: 59;
29092: 59;
29093: 59;
29094: 59;
29095: 59;
29096: 59;
29097: 59;
29098: 59;
29099: 59;
29100: 59;
29101: 59;
29102: 59;
29103: 59;
29104: 59;
29105: 59;
29106: 59;
29107: 59;
29108: 59;
29109: 59;
29110: 59;
29111: 59;
29112: 59;
29113: 59;
29114: 59;
29115: 59;
29116: 59;
29117: 59;
29118: 59;
29119: 59;
29120: 59;
29121: 59;
29122: 59;
29123: 59;
29124: 59;
29125: 59;
29126: 59;
29127: 59;
29128: 59;
29129: 59;
29130: 59;
29131: 59;
29132: 59;
29133: 59;
29134: 59;
29135: 59;
29136: 59;
29137: 59;
29138: 59;
29139: 59;
29140: 59;
29141: 59;
29142: 59;
29143: 59;
29144: 59;
29145: 59;
29146: 59;
29147: 59;
29148: 59;
29149: 59;
29150: 59;
29151: 59;
29152: 59;
29153: 59;
29154: 59;
29155: 59;
29156: 59;
29157: 59;
29158: 59;
29159: 59;
29160: 59;
29161: 59;
29162: 59;
29163: 59;
29164: 59;
29165: 59;
29166: 59;
29167: 59;
29168: 59;
29169: 59;
29170: 59;
29171: 59;
29172: 59;
29173: 59;
29174: 59;
29175: 59;
29176: 59;
29177: 59;
29178: 59;
29179: 59;
29180: 59;
29181: 59;
29182: 59;
29183: 59;
29184: 59;
29185: 59;
29186: 59;
29187: 59;
29188: 59;
29189: 59;
29190: 59;
29191: 59;
29192: 59;
29193: 59;
29194: 59;
29195: 59;
29196: 59;
29197: 59;
29198: 59;
29199: 59;
29200: 59;
29201: 59;
29202: 59;
29203: 59;
29204: 59;
29205: 59;
29206: 59;
29207: 59;
29208: 59;
29209: 59;
29210: 59;
29211: 59;
29212: 59;
29213: 59;
29214: 59;
29215: 59;
29216: 59;
29217: 59;
29218: 59;
29219: 59;
29220: 59;
29221: 59;
29222: 59;
29223: 59;
29224: 59;
29225: 59;
29226: 59;
29227: 59;
29228: 59;
29229: 59;
29230: 59;
29231: 59;
29232: 59;
29233: 59;
29234: 59;
29235: 59;
29236: 59;
29237: 59;
29238: 59;
29239: 59;
29240: 59;
29241: 59;
29242: 59;
29243: 59;
29244: 59;
29245: 59;
29246: 59;
29247: 59;
29248: 59;
29249: 59;
29250: 59;
29251: 59;
29252: 59;
29253: 59;
29254: 59;
29255: 59;
29256: 59;
29257: 59;
29258: 59;
29259: 59;
29260: 59;
29261: 59;
29262: 59;
29263: 59;
29264: 59;
29265: 59;
29266: 59;
29267: 59;
29268: 59;
29269: 59;
29270: 59;
29271: 59;
29272: 59;
29273: 59;
29274: 59;
29275: 59;
29276: 59;
29277: 59;
29278: 59;
29279: 59;
29280: 59;
29281: 59;
29282: 59;
29283: 59;
29284: 59;
29285: 59;
29286: 59;
29287: 59;
29288: 59;
29289: 59;
29290: 59;
29291: 59;
29292: 59;
29293: 59;
29294: 59;
29295: 59;
29296: 59;
29297: 59;
29298: 59;
29299: 59;
29300: 59;
29301: 59;
29302: 59;
29303: 59;
29304: 59;
29305: 59;
29306: 59;
29307: 59;
29308: 59;
29309: 59;
29310: 59;
29311: 59;
29312: 59;
29313: 59;
29314: 59;
29315: 59;
29316: 59;
29317: 59;
29318: 59;
29319: 59;
29320: 59;
29321: 59;
29322: 59;
29323: 59;
29324: 59;
29325: 59;
29326: 59;
29327: 59;
29328: 59;
29329: 59;
29330: 59;
29331: 59;
29332: 59;
29333: 59;
29334: 59;
29335: 59;
29336: 59;
29337: 59;
29338: 59;
29339: 59;
29340: 59;
29341: 59;
29342: 59;
29343: 59;
29344: 59;
29345: 59;
29346: 59;
29347: 59;
29348: 59;
29349: 59;
29350: 59;
29351: 59;
29352: 59;
29353: 59;
29354: 59;
29355: 59;
29356: 59;
29357: 59;
29358: 59;
29359: 59;
29360: 59;
29361: 59;
29362: 59;
29363: 59;
29364: 59;
29365: 59;
29366: 59;
29367: 59;
29368: 59;
29369: 59;
29370: 59;
29371: 59;
29372: 59;
29373: 59;
29374: 59;
29375: 59;
29376: 59;
29377: 59;
29378: 59;
29379: 59;
29380: 59;
29381: 59;
29382: 59;
29383: 59;
29384: 59;
29385: 59;
29386: 59;
29387: 59;
29388: 59;
29389: 59;
29390: 59;
29391: 59;
29392: 59;
29393: 59;
29394: 59;
29395: 59;
29396: 59;
29397: 59;
29398: 59;
29399: 59;
29400: 59;
29401: 59;
29402: 59;
29403: 59;
29404: 59;
29405: 59;
29406: 59;
29407: 59;
29408: 59;
29409: 59;
29410: 59;
29411: 59;
29412: 59;
29413: 59;
29414: 59;
29415: 59;
29416: 59;
29417: 59;
29418: 59;
29419: 59;
29420: 59;
29421: 59;
29422: 59;
29423: 59;
29424: 59;
29425: 59;
29426: 59;
29427: 59;
29428: 59;
29429: 59;
29430: 59;
29431: 59;
29432: 59;
29433: 59;
29434: 59;
29435: 59;
29436: 59;
29437: 59;
29438: 59;
29439: 59;
29440: 59;
29441: 59;
29442: 59;
29443: 59;
29444: 59;
29445: 59;
29446: 59;
29447: 59;
29448: 59;
29449: 59;
29450: 59;
29451: 59;
29452: 59;
29453: 59;
29454: 59;
29455: 59;
29456: 59;
29457: 59;
29458: 59;
29459: 59;
29460: 59;
29461: 59;
29462: 59;
29463: 59;
29464: 59;
29465: 59;
29466: 59;
29467: 59;
29468: 59;
29469: 59;
29470: 59;
29471: 59;
29472: 59;
29473: 59;
29474: 59;
29475: 59;
29476: 59;
29477: 59;
29478: 59;
29479: 59;
29480: 59;
29481: 59;
29482: 59;
29483: 59;
29484: 59;
29485: 59;
29486: 59;
29487: 59;
29488: 59;
29489: 59;
29490: 59;
29491: 59;
29492: 59;
29493: 59;
29494: 59;
29495: 59;
29496: 59;
29497: 59;
29498: 59;
29499: 59;
29500: 59;
29501: 59;
29502: 59;
29503: 59;
29504: 59;
29505: 59;
29506: 59;
29507: 59;
29508: 59;
29509: 59;
29510: 59;
29511: 59;
29512: 59;
29513: 59;
29514: 59;
29515: 59;
29516: 59;
29517: 59;
29518: 59;
29519: 59;
29520: 59;
29521: 59;
29522: 59;
29523: 59;
29524: 59;
29525: 59;
29526: 59;
29527: 59;
29528: 59;
29529: 59;
29530: 59;
29531: 59;
29532: 59;
29533: 59;
29534: 59;
29535: 59;
29536: 59;
29537: 59;
29538: 59;
29539: 59;
29540: 59;
29541: 59;
29542: 59;
29543: 59;
29544: 59;
29545: 59;
29546: 59;
29547: 59;
29548: 59;
29549: 59;
29550: 59;
29551: 59;
29552: 59;
29553: 59;
29554: 59;
29555: 59;
29556: 59;
29557: 59;
29558: 59;
29559: 59;
29560: 59;
29561: 59;
29562: 59;
29563: 59;
29564: 59;
29565: 59;
29566: 59;
29567: 59;
29568: 59;
29569: 59;
29570: 59;
29571: 59;
29572: 59;
29573: 59;
29574: 59;
29575: 59;
29576: 59;
29577: 59;
29578: 59;
29579: 59;
29580: 59;
29581: 59;
29582: 59;
29583: 59;
29584: 59;
29585: 59;
29586: 59;
29587: 59;
29588: 59;
29589: 59;
29590: 59;
29591: 59;
29592: 59;
29593: 59;
29594: 59;
29595: 59;
29596: 59;
29597: 59;
29598: 59;
29599: 59;
29600: 59;
29601: 59;
29602: 59;
29603: 59;
29604: 59;
29605: 59;
29606: 59;
29607: 59;
29608: 59;
29609: 59;
29610: 59;
29611: 59;
29612: 59;
29613: 59;
29614: 59;
29615: 59;
29616: 59;
29617: 59;
29618: 59;
29619: 59;
29620: 59;
29621: 59;
29622: 59;
29623: 59;
29624: 59;
29625: 59;
29626: 59;
29627: 59;
29628: 59;
29629: 59;
29630: 59;
29631: 59;
29632: 59;
29633: 59;
29634: 59;
29635: 59;
29636: 59;
29637: 59;
29638: 59;
29639: 59;
29640: 59;
29641: 59;
29642: 59;
29643: 59;
29644: 59;
29645: 59;
29646: 59;
29647: 59;
29648: 59;
29649: 59;
29650: 59;
29651: 59;
29652: 59;
29653: 59;
29654: 59;
29655: 59;
29656: 59;
29657: 59;
29658: 59;
29659: 59;
29660: 59;
29661: 59;
29662: 59;
29663: 59;
29664: 59;
29665: 59;
29666: 59;
29667: 59;
29668: 59;
29669: 59;
29670: 59;
29671: 59;
29672: 59;
29673: 59;
29674: 59;
29675: 59;
29676: 59;
29677: 59;
29678: 59;
29679: 59;
29680: 59;
29681: 59;
29682: 59;
29683: 59;
29684: 59;
29685: 59;
29686: 59;
29687: 59;
29688: 59;
29689: 59;
29690: 59;
29691: 59;
29692: 59;
29693: 59;
29694: 59;
29695: 59;
29696: 59;
29697: 59;
29698: 59;
29699: 59;
29700: 59;
29701: 59;
29702: 59;
29703: 59;
29704: 59;
29705: 59;
29706: 59;
29707: 59;
29708: 59;
29709: 59;
29710: 59;
29711: 59;
29712: 59;
29713: 59;
29714: 59;
29715: 59;
29716: 59;
29717: 59;
29718: 59;
29719: 59;
29720: 59;
29721: 59;
29722: 59;
29723: 59;
29724: 59;
29725: 59;
29726: 59;
29727: 59;
29728: 59;
29729: 59;
29730: 59;
29731: 59;
29732: 59;
29733: 59;
29734: 59;
29735: 59;
29736: 59;
29737: 59;
29738: 59;
29739: 59;
29740: 59;
29741: 59;
29742: 59;
29743: 59;
29744: 59;
29745: 59;
29746: 59;
29747: 59;
29748: 59;
29749: 59;
29750: 59;
29751: 59;
29752: 59;
29753: 59;
29754: 59;
29755: 59;
29756: 59;
29757: 59;
29758: 59;
29759: 59;
29760: 59;
29761: 59;
29762: 59;
29763: 59;
29764: 59;
29765: 59;
29766: 59;
29767: 59;
29768: 59;
29769: 59;
29770: 59;
29771: 59;
29772: 59;
29773: 59;
29774: 59;
29775: 59;
29776: 59;
29777: 59;
29778: 59;
29779: 59;
29780: 59;
29781: 59;
29782: 59;
29783: 59;
29784: 59;
29785: 59;
29786: 59;
29787: 59;
29788: 59;
29789: 59;
29790: 59;
29791: 59;
29792: 59;
29793: 59;
29794: 59;
29795: 59;
29796: 59;
29797: 59;
29798: 59;
29799: 59;
29800: 59;
29801: 59;
29802: 59;
29803: 59;
29804: 59;
29805: 59;
29806: 59;
29807: 59;
29808: 59;
29809: 59;
29810: 59;
29811: 59;
29812: 59;
29813: 59;
29814: 59;
29815: 59;
29816: 59;
29817: 59;
29818: 59;
29819: 59;
29820: 59;
29821: 59;
29822: 59;
29823: 59;
29824: 59;
29825: 59;
29826: 59;
29827: 59;
29828: 59;
29829: 59;
29830: 59;
29831: 59;
29832: 59;
29833: 59;
29834: 59;
29835: 59;
29836: 59;
29837: 59;
29838: 59;
29839: 59;
29840: 59;
29841: 59;
29842: 59;
29843: 59;
29844: 59;
29845: 59;
29846: 59;
29847: 59;
29848: 59;
29849: 59;
29850: 59;
29851: 59;
29852: 59;
29853: 59;
29854: 5a;
29855: 5a;
29856: 5a;
29857: 5a;
29858: 5a;
29859: 5a;
29860: 5a;
29861: 5a;
29862: 5a;
29863: 5a;
29864: 5a;
29865: 5a;
29866: 5a;
29867: 5a;
29868: 5a;
29869: 5a;
29870: 5a;
29871: 5a;
29872: 5a;
29873: 5a;
29874: 5a;
29875: 5a;
29876: 5a;
29877: 5a;
29878: 5a;
29879: 5a;
29880: 5a;
29881: 5a;
29882: 5a;
29883: 5a;
29884: 5a;
29885: 5a;
29886: 5a;
29887: 5a;
29888: 5a;
29889: 5a;
29890: 5a;
29891: 5a;
29892: 5a;
29893: 5a;
29894: 5a;
29895: 5a;
29896: 5a;
29897: 5a;
29898: 5a;
29899: 5a;
29900: 5a;
29901: 5a;
29902: 5a;
29903: 5a;
29904: 5a;
29905: 5a;
29906: 5a;
29907: 5a;
29908: 5a;
29909: 5a;
29910: 5a;
29911: 5a;
29912: 5a;
29913: 5a;
29914: 5a;
29915: 5a;
29916: 5a;
29917: 5a;
29918: 5a;
29919: 5a;
29920: 5a;
29921: 5a;
29922: 5a;
29923: 5a;
29924: 5a;
29925: 5a;
29926: 5a;
29927: 5a;
29928: 5a;
29929: 5a;
29930: 5a;
29931: 5a;
29932: 5a;
29933: 5a;
29934: 5a;
29935: 5a;
29936: 5a;
29937: 5a;
29938: 5a;
29939: 5a;
29940: 5a;
29941: 5a;
29942: 5a;
29943: 5a;
29944: 5a;
29945: 5a;
29946: 5a;
29947: 5a;
29948: 5a;
29949: 5a;
29950: 5a;
29951: 5a;
29952: 5a;
29953: 5a;
29954: 5a;
29955: 5a;
29956: 5a;
29957: 5a;
29958: 5a;
29959: 5a;
29960: 5a;
29961: 5a;
29962: 5a;
29963: 5a;
29964: 5a;
29965: 5a;
29966: 5a;
29967: 5a;
29968: 5a;
29969: 5a;
29970: 5a;
29971: 5a;
29972: 5a;
29973: 5a;
29974: 5a;
29975: 5a;
29976: 5a;
29977: 5a;
29978: 5a;
29979: 5a;
29980: 5a;
29981: 5a;
29982: 5a;
29983: 5a;
29984: 5a;
29985: 5a;
29986: 5a;
29987: 5a;
29988: 5a;
29989: 5a;
29990: 5a;
29991: 5a;
29992: 5a;
29993: 5a;
29994: 5a;
29995: 5a;
29996: 5a;
29997: 5a;
29998: 5a;
29999: 5a;
30000: 5a;
30001: 5a;
30002: 5a;
30003: 5a;
30004: 5a;
30005: 5a;
30006: 5a;
30007: 5a;
30008: 5a;
30009: 5a;
30010: 5a;
30011: 5a;
30012: 5a;
30013: 5a;
30014: 5a;
30015: 5a;
30016: 5a;
30017: 5a;
30018: 5a;
30019: 5a;
30020: 5a;
30021: 5a;
30022: 5a;
30023: 5a;
30024: 5a;
30025: 5a;
30026: 5a;
30027: 5a;
30028: 5a;
30029: 5a;
30030: 5a;
30031: 5a;
30032: 5a;
30033: 5a;
30034: 5a;
30035: 5a;
30036: 5a;
30037: 5a;
30038: 5a;
30039: 5a;
30040: 5a;
30041: 5a;
30042: 5a;
30043: 5a;
30044: 5a;
30045: 5a;
30046: 5a;
30047: 5a;
30048: 5a;
30049: 5a;
30050: 5a;
30051: 5a;
30052: 5a;
30053: 5a;
30054: 5a;
30055: 5a;
30056: 5a;
30057: 5a;
30058: 5a;
30059: 5a;
30060: 5a;
30061: 5a;
30062: 5a;
30063: 5a;
30064: 5a;
30065: 5a;
30066: 5a;
30067: 5a;
30068: 5a;
30069: 5a;
30070: 5a;
30071: 5a;
30072: 5a;
30073: 5a;
30074: 5a;
30075: 5a;
30076: 5a;
30077: 5a;
30078: 5a;
30079: 5a;
30080: 5a;
30081: 5a;
30082: 5a;
30083: 5a;
30084: 5a;
30085: 5a;
30086: 5a;
30087: 5a;
30088: 5a;
30089: 5a;
30090: 5a;
30091: 5a;
30092: 5a;
30093: 5a;
30094: 5a;
30095: 5a;
30096: 5a;
30097: 5a;
30098: 5a;
30099: 5a;
30100: 5a;
30101: 5a;
30102: 5a;
30103: 5a;
30104: 5a;
30105: 5a;
30106: 5a;
30107: 5a;
30108: 5a;
30109: 5a;
30110: 5a;
30111: 5a;
30112: 5a;
30113: 5a;
30114: 5a;
30115: 5a;
30116: 5a;
30117: 5a;
30118: 5a;
30119: 5a;
30120: 5a;
30121: 5a;
30122: 5a;
30123: 5a;
30124: 5a;
30125: 5a;
30126: 5a;
30127: 5a;
30128: 5a;
30129: 5a;
30130: 5a;
30131: 5a;
30132: 5a;
30133: 5a;
30134: 5a;
30135: 5a;
30136: 5a;
30137: 5a;
30138: 5a;
30139: 5a;
30140: 5a;
30141: 5a;
30142: 5a;
30143: 5a;
30144: 5a;
30145: 5a;
30146: 5a;
30147: 5a;
30148: 5a;
30149: 5a;
30150: 5a;
30151: 5a;
30152: 5a;
30153: 5a;
30154: 5a;
30155: 5a;
30156: 5a;
30157: 5a;
30158: 5a;
30159: 5a;
30160: 5a;
30161: 5a;
30162: 5a;
30163: 5a;
30164: 5a;
30165: 5a;
30166: 5a;
30167: 5a;
30168: 5a;
30169: 5a;
30170: 5a;
30171: 5a;
30172: 5a;
30173: 5a;
30174: 5a;
30175: 5a;
30176: 5a;
30177: 5a;
30178: 5a;
30179: 5a;
30180: 5a;
30181: 5a;
30182: 5a;
30183: 5a;
30184: 5a;
30185: 5a;
30186: 5a;
30187: 5a;
30188: 5a;
30189: 5a;
30190: 5a;
30191: 5a;
30192: 5a;
30193: 5a;
30194: 5a;
30195: 5a;
30196: 5a;
30197: 5a;
30198: 5a;
30199: 5a;
30200: 5a;
30201: 5a;
30202: 5a;
30203: 5a;
30204: 5a;
30205: 5a;
30206: 5a;
30207: 5a;
30208: 5a;
30209: 5a;
30210: 5a;
30211: 5a;
30212: 5a;
30213: 5a;
30214: 5a;
30215: 5a;
30216: 5a;
30217: 5a;
30218: 5a;
30219: 5a;
30220: 5a;
30221: 5a;
30222: 5a;
30223: 5a;
30224: 5a;
30225: 5a;
30226: 5a;
30227: 5a;
30228: 5a;
30229: 5a;
30230: 5a;
30231: 5a;
30232: 5a;
30233: 5a;
30234: 5a;
30235: 5a;
30236: 5a;
30237: 5a;
30238: 5a;
30239: 5a;
30240: 5a;
30241: 5a;
30242: 5a;
30243: 5a;
30244: 5a;
30245: 5a;
30246: 5a;
30247: 5a;
30248: 5a;
30249: 5a;
30250: 5a;
30251: 5a;
30252: 5a;
30253: 5a;
30254: 5a;
30255: 5a;
30256: 5a;
30257: 5a;
30258: 5a;
30259: 5a;
30260: 5a;
30261: 5a;
30262: 5a;
30263: 5a;
30264: 5a;
30265: 5a;
30266: 5a;
30267: 5a;
30268: 5a;
30269: 5a;
30270: 5a;
30271: 5a;
30272: 5a;
30273: 5a;
30274: 5a;
30275: 5a;
30276: 5a;
30277: 5a;
30278: 5a;
30279: 5a;
30280: 5a;
30281: 5a;
30282: 5a;
30283: 5a;
30284: 5a;
30285: 5a;
30286: 5a;
30287: 5a;
30288: 5a;
30289: 5a;
30290: 5a;
30291: 5a;
30292: 5a;
30293: 5a;
30294: 5a;
30295: 5a;
30296: 5a;
30297: 5a;
30298: 5a;
30299: 5a;
30300: 5a;
30301: 5a;
30302: 5a;
30303: 5a;
30304: 5a;
30305: 5a;
30306: 5a;
30307: 5a;
30308: 5a;
30309: 5a;
30310: 5a;
30311: 5a;
30312: 5a;
30313: 5a;
30314: 5a;
30315: 5a;
30316: 5a;
30317: 5a;
30318: 5a;
30319: 5a;
30320: 5a;
30321: 5a;
30322: 5a;
30323: 5a;
30324: 5a;
30325: 5a;
30326: 5a;
30327: 5a;
30328: 5a;
30329: 5a;
30330: 5a;
30331: 5a;
30332: 5a;
30333: 5a;
30334: 5a;
30335: 5a;
30336: 5a;
30337: 5a;
30338: 5a;
30339: 5a;
30340: 5a;
30341: 5a;
30342: 5a;
30343: 5a;
30344: 5a;
30345: 5a;
30346: 5a;
30347: 5a;
30348: 5a;
30349: 5a;
30350: 5a;
30351: 5a;
30352: 5a;
30353: 5a;
30354: 5a;
30355: 5a;
30356: 5a;
30357: 5a;
30358: 5a;
30359: 5a;
30360: 5a;
30361: 5a;
30362: 5a;
30363: 5a;
30364: 5a;
30365: 5a;
30366: 5a;
30367: 5a;
30368: 5a;
30369: 5a;
30370: 5a;
30371: 5a;
30372: 5a;
30373: 5a;
30374: 5a;
30375: 5a;
30376: 5a;
30377: 5a;
30378: 5a;
30379: 5a;
30380: 5a;
30381: 5a;
30382: 5a;
30383: 5a;
30384: 5a;
30385: 5a;
30386: 5a;
30387: 5a;
30388: 5a;
30389: 5a;
30390: 5a;
30391: 5a;
30392: 5a;
30393: 5a;
30394: 5a;
30395: 5a;
30396: 5a;
30397: 5a;
30398: 5a;
30399: 5a;
30400: 5a;
30401: 5a;
30402: 5a;
30403: 5a;
30404: 5a;
30405: 5a;
30406: 5a;
30407: 5a;
30408: 5a;
30409: 5a;
30410: 5a;
30411: 5a;
30412: 5a;
30413: 5a;
30414: 5a;
30415: 5a;
30416: 5a;
30417: 5a;
30418: 5a;
30419: 5a;
30420: 5a;
30421: 5a;
30422: 5a;
30423: 5a;
30424: 5a;
30425: 5a;
30426: 5a;
30427: 5a;
30428: 5a;
30429: 5a;
30430: 5a;
30431: 5a;
30432: 5a;
30433: 5a;
30434: 5a;
30435: 5a;
30436: 5a;
30437: 5a;
30438: 5a;
30439: 5a;
30440: 5a;
30441: 5a;
30442: 5a;
30443: 5a;
30444: 5a;
30445: 5a;
30446: 5a;
30447: 5a;
30448: 5a;
30449: 5a;
30450: 5a;
30451: 5a;
30452: 5a;
30453: 5a;
30454: 5a;
30455: 5a;
30456: 5a;
30457: 5a;
30458: 5a;
30459: 5a;
30460: 5a;
30461: 5a;
30462: 5a;
30463: 5a;
30464: 5a;
30465: 5a;
30466: 5a;
30467: 5a;
30468: 5a;
30469: 5a;
30470: 5a;
30471: 5a;
30472: 5a;
30473: 5a;
30474: 5a;
30475: 5a;
30476: 5a;
30477: 5a;
30478: 5a;
30479: 5a;
30480: 5a;
30481: 5a;
30482: 5a;
30483: 5a;
30484: 5a;
30485: 5a;
30486: 5a;
30487: 5a;
30488: 5a;
30489: 5a;
30490: 5a;
30491: 5a;
30492: 5a;
30493: 5a;
30494: 5a;
30495: 5a;
30496: 5a;
30497: 5a;
30498: 5a;
30499: 5a;
30500: 5a;
30501: 5a;
30502: 5a;
30503: 5a;
30504: 5a;
30505: 5a;
30506: 5a;
30507: 5a;
30508: 5a;
30509: 5a;
30510: 5a;
30511: 5a;
30512: 5a;
30513: 5a;
30514: 5a;
30515: 5a;
30516: 5a;
30517: 5a;
30518: 5a;
30519: 5a;
30520: 5a;
30521: 5a;
30522: 5a;
30523: 5a;
30524: 5a;
30525: 5a;
30526: 5a;
30527: 5a;
30528: 5a;
30529: 5a;
30530: 5a;
30531: 5a;
30532: 5a;
30533: 5a;
30534: 5a;
30535: 5a;
30536: 5a;
30537: 5a;
30538: 5a;
30539: 5a;
30540: 5a;
30541: 5a;
30542: 5a;
30543: 5a;
30544: 5a;
30545: 5a;
30546: 5a;
30547: 5a;
30548: 5a;
30549: 5a;
30550: 5a;
30551: 5a;
30552: 5a;
30553: 5a;
30554: 5a;
30555: 5a;
30556: 5a;
30557: 5a;
30558: 5a;
30559: 5a;
30560: 5a;
30561: 5a;
30562: 5a;
30563: 5a;
30564: 5a;
30565: 5a;
30566: 5a;
30567: 5a;
30568: 5a;
30569: 5a;
30570: 5a;
30571: 5a;
30572: 5a;
30573: 5a;
30574: 5a;
30575: 5a;
30576: 5a;
30577: 5a;
30578: 5a;
30579: 5a;
30580: 5a;
30581: 5a;
30582: 5a;
30583: 5a;
30584: 5a;
30585: 5a;
30586: 5a;
30587: 5a;
30588: 5a;
30589: 5a;
30590: 5a;
30591: 5a;
30592: 5a;
30593: 5a;
30594: 5a;
30595: 5a;
30596: 5a;
30597: 5a;
30598: 5a;
30599: 5a;
30600: 5a;
30601: 5a;
30602: 5a;
30603: 5a;
30604: 5a;
30605: 5a;
30606: 5a;
30607: 5a;
30608: 5a;
30609: 5a;
30610: 5a;
30611: 5a;
30612: 5a;
30613: 5a;
30614: 5a;
30615: 5a;
30616: 5a;
30617: 5a;
30618: 5a;
30619: 5a;
30620: 5a;
30621: 5a;
30622: 5a;
30623: 5a;
30624: 5a;
30625: 5a;
30626: 5a;
30627: 5a;
30628: 5a;
30629: 5a;
30630: 5a;
30631: 5a;
30632: 5a;
30633: 5a;
30634: 5a;
30635: 5a;
30636: 5a;
30637: 5a;
30638: 5a;
30639: 5a;
30640: 5a;
30641: 5a;
30642: 5a;
30643: 5a;
30644: 5a;
30645: 5a;
30646: 5a;
30647: 5a;
30648: 5a;
30649: 5a;
30650: 5a;
30651: 5a;
30652: 5a;
30653: 5a;
30654: 5a;
30655: 5a;
30656: 5a;
30657: 5a;
30658: 5a;
30659: 5a;
30660: 5a;
30661: 5a;
30662: 5a;
30663: 5a;
30664: 5a;
30665: 5a;
30666: 5a;
30667: 5a;
30668: 5a;
30669: 5a;
30670: 5a;
30671: 5a;
30672: 5a;
30673: 5a;
30674: 5a;
30675: 5a;
30676: 5a;
30677: 5a;
30678: 5a;
30679: 5a;
30680: 5a;
30681: 5a;
30682: 5a;
30683: 5a;
30684: 5a;
30685: 5a;
30686: 5a;
30687: 5a;
30688: 5a;
30689: 5a;
30690: 5a;
30691: 5a;
30692: 5a;
30693: 5a;
30694: 5a;
30695: 5a;
30696: 5a;
30697: 5a;
30698: 5a;
30699: 5a;
30700: 5a;
30701: 5a;
30702: 5a;
30703: 5a;
30704: 5a;
30705: 5a;
30706: 5a;
30707: 5a;
30708: 5a;
30709: 5a;
30710: 5a;
30711: 5a;
30712: 5a;
30713: 5a;
30714: 5a;
30715: 5a;
30716: 5a;
30717: 5a;
30718: 5a;
30719: 5a;
30720: 5a;
30721: 5a;
30722: 5a;
30723: 5a;
30724: 5a;
30725: 5a;
30726: 5a;
30727: 5a;
30728: 5a;
30729: 5a;
30730: 5a;
30731: 5a;
30732: 5a;
30733: 5a;
30734: 5a;
30735: 5a;
30736: 5a;
30737: 5a;
30738: 5a;
30739: 5a;
30740: 5a;
30741: 5a;
30742: 5a;
30743: 5a;
30744: 5a;
30745: 5a;
30746: 5a;
30747: 5a;
30748: 5a;
30749: 5a;
30750: 5a;
30751: 5a;
30752: 5a;
30753: 5a;
30754: 5a;
30755: 5a;
30756: 5a;
30757: 5a;
30758: 5a;
30759: 5a;
30760: 5a;
30761: 5a;
30762: 5a;
30763: 5a;
30764: 5a;
30765: 5a;
30766: 5a;
30767: 5a;
30768: 5a;
30769: 5a;
30770: 5a;
30771: 5a;
30772: 5a;
30773: 5a;
30774: 5a;
30775: 5a;
30776: 5a;
30777: 5a;
30778: 5a;
30779: 5a;
30780: 5a;
30781: 5a;
30782: 5a;
30783: 5a;
30784: 5a;
30785: 5a;
30786: 5a;
30787: 5a;
30788: 5a;
30789: 5a;
30790: 5a;
30791: 5a;
30792: 5a;
30793: 5a;
30794: 5a;
30795: 5a;
30796: 5a;
30797: 5a;
30798: 5a;
30799: 5a;
30800: 5a;
30801: 5a;
30802: 5a;
30803: 5a;
30804: 5a;
30805: 5a;
30806: 5a;
30807: 5a;
30808: 5a;
30809: 5a;
30810: 5a;
30811: 5a;
30812: 5a;
30813: 5a;
30814: 5a;
30815: 5a;
30816: 5a;
30817: 5a;
30818: 5a;
30819: 5a;
30820: 5a;
30821: 5a;
30822: 5a;
30823: 5a;
30824: 5a;
30825: 5a;
30826: 5a;
30827: 5a;
30828: 5a;
30829: 5a;
30830: 5a;
30831: 5a;
30832: 5a;
30833: 5a;
30834: 5a;
30835: 5a;
30836: 5a;
30837: 5a;
30838: 5a;
30839: 5a;
30840: 5a;
30841: 5a;
30842: 5a;
30843: 5a;
30844: 5a;
30845: 5a;
30846: 5a;
30847: 5a;
30848: 5a;
30849: 5a;
30850: 5a;
30851: 5a;
30852: 5a;
30853: 5a;
30854: 5a;
30855: 5a;
30856: 5a;
30857: 5a;
30858: 5a;
30859: 5a;
30860: 5a;
30861: 5a;
30862: 5a;
30863: 5a;
30864: 5a;
30865: 5a;
30866: 5a;
30867: 5a;
30868: 5a;
30869: 5a;
30870: 5a;
30871: 5a;
30872: 5a;
30873: 5a;
30874: 5a;
30875: 5a;
30876: 5a;
30877: 5a;
30878: 5a;
30879: 5a;
30880: 5a;
30881: 5a;
30882: 5a;
30883: 5a;
30884: 5a;
30885: 5a;
30886: 5a;
30887: 5a;
30888: 5a;
30889: 5a;
30890: 5a;
30891: 5a;
30892: 5a;
30893: 5a;
30894: 5a;
30895: 5a;
30896: 5a;
30897: 5a;
30898: 5a;
30899: 5a;
30900: 5a;
30901: 5a;
30902: 5a;
30903: 5a;
30904: 5a;
30905: 5a;
30906: 5a;
30907: 5a;
30908: 5a;
30909: 5a;
30910: 5a;
30911: 5a;
30912: 5a;
30913: 5a;
30914: 5a;
30915: 5a;
30916: 5a;
30917: 5a;
30918: 5a;
30919: 5a;
30920: 5a;
30921: 5a;
30922: 5a;
30923: 5a;
30924: 5a;
30925: 5a;
30926: 5a;
30927: 5a;
30928: 5a;
30929: 5a;
30930: 5a;
30931: 5a;
30932: 5a;
30933: 5a;
30934: 5a;
30935: 5a;
30936: 5a;
30937: 5a;
30938: 5a;
30939: 5a;
30940: 5a;
30941: 5a;
30942: 5a;
30943: 5a;
30944: 5a;
30945: 5a;
30946: 5a;
30947: 5a;
30948: 5a;
30949: 5a;
30950: 5a;
30951: 5a;
30952: 5a;
30953: 5a;
30954: 5a;
30955: 5a;
30956: 5a;
30957: 5a;
30958: 5a;
30959: 5a;
30960: 5a;
30961: 5a;
30962: 5a;
30963: 5a;
30964: 5a;
30965: 5a;
30966: 5a;
30967: 5a;
30968: 5a;
30969: 5a;
30970: 5a;
30971: 5a;
30972: 5a;
30973: 5a;
30974: 5a;
30975: 5a;
30976: 5a;
30977: 5a;
30978: 5a;
30979: 5a;
30980: 5a;
30981: 5a;
30982: 5a;
30983: 5a;
30984: 5a;
30985: 5a;
30986: 5a;
30987: 5a;
30988: 5a;
30989: 5a;
30990: 5a;
30991: 5a;
30992: 5a;
30993: 5a;
30994: 5a;
30995: 5a;
30996: 5a;
30997: 5a;
30998: 5a;
30999: 5a;
31000: 5a;
31001: 5a;
31002: 5a;
31003: 5a;
31004: 5a;
31005: 5a;
31006: 5a;
31007: 5a;
31008: 5a;
31009: 5a;
31010: 5a;
31011: 5a;
31012: 5a;
31013: 5a;
31014: 5a;
31015: 5a;
31016: 5a;
31017: 5a;
31018: 5a;
31019: 5a;
31020: 5a;
31021: 5a;
31022: 5a;
31023: 5a;
31024: 5a;
31025: 5a;
31026: 5a;
31027: 5a;
31028: 5a;
31029: 5a;
31030: 5a;
31031: 5a;
31032: 5a;
31033: 5a;
31034: 5a;
31035: 5a;
31036: 5a;
31037: 5a;
31038: 5a;
31039: 5a;
31040: 5a;
31041: 5a;
31042: 5a;
31043: 5a;
31044: 5a;
31045: 5a;
31046: 5a;
31047: 5a;
31048: 5a;
31049: 5a;
31050: 5a;
31051: 5a;
31052: 5a;
31053: 5a;
31054: 5a;
31055: 5a;
31056: 5a;
31057: 5a;
31058: 5a;
31059: 5a;
31060: 5a;
31061: 5a;
31062: 5a;
31063: 5a;
31064: 5a;
31065: 5a;
31066: 5a;
31067: 5a;
31068: 5a;
31069: 5a;
31070: 5a;
31071: 5a;
31072: 5a;
31073: 5a;
31074: 5a;
31075: 5a;
31076: 5a;
31077: 5a;
31078: 5a;
31079: 5a;
31080: 5a;
31081: 5a;
31082: 5a;
31083: 5a;
31084: 5a;
31085: 5a;
31086: 5a;
31087: 5a;
31088: 5a;
31089: 5a;
31090: 5a;
31091: 5a;
31092: 5a;
31093: 5a;
31094: 5a;
31095: 5a;
31096: 5a;
31097: 5a;
31098: 5a;
31099: 5a;
31100: 5a;
31101: 5a;
31102: 5a;
31103: 5a;
31104: 5a;
31105: 5a;
31106: 5a;
31107: 5a;
31108: 5a;
31109: 5a;
31110: 5a;
31111: 5a;
31112: 5a;
31113: 5a;
31114: 5a;
31115: 5a;
31116: 5a;
31117: 5a;
31118: 5a;
31119: 5a;
31120: 5a;
31121: 5a;
31122: 5a;
31123: 5a;
31124: 5a;
31125: 5a;
31126: 5a;
31127: 5a;
31128: 5a;
31129: 5a;
31130: 5a;
31131: 5a;
31132: 5a;
31133: 5a;
31134: 5a;
31135: 5a;
31136: 5a;
31137: 5a;
31138: 5a;
31139: 5a;
31140: 5a;
31141: 5a;
31142: 5a;
31143: 5a;
31144: 5a;
31145: 5a;
31146: 5a;
31147: 5a;
31148: 5a;
31149: 5a;
31150: 5a;
31151: 5a;
31152: 5a;
31153: 5a;
31154: 5a;
31155: 5a;
31156: 5a;
31157: 5a;
31158: 5a;
31159: 5a;
31160: 5a;
31161: 5a;
31162: 5a;
31163: 5a;
31164: 5a;
31165: 5a;
31166: 5a;
31167: 5a;
31168: 5a;
31169: 5a;
31170: 5a;
31171: 5a;
31172: 5a;
31173: 5a;
31174: 5a;
31175: 5a;
31176: 5a;
31177: 5a;
31178: 5a;
31179: 5a;
31180: 5a;
31181: 5a;
31182: 5a;
31183: 5a;
31184: 5a;
31185: 5a;
31186: 5a;
31187: 5a;
31188: 5a;
31189: 5a;
31190: 5a;
31191: 5a;
31192: 5a;
31193: 5a;
31194: 5a;
31195: 5a;
31196: 5a;
31197: 5a;
31198: 5a;
31199: 5a;
31200: 5a;
31201: 5a;
31202: 5a;
31203: 5a;
31204: 5a;
31205: 5a;
31206: 5a;
31207: 5a;
31208: 5a;
31209: 5a;
31210: 5a;
31211: 5a;
31212: 5a;
31213: 5a;
31214: 5a;
31215: 5a;
31216: 5a;
31217: 5a;
31218: 5a;
31219: 5a;
31220: 5a;
31221: 5a;
31222: 5a;
31223: 5a;
31224: 5a;
31225: 5a;
31226: 5a;
31227: 5a;
31228: 5a;
31229: 5a;
31230: 5a;
31231: 5a;
31232: 5a;
31233: 5a;
31234: 5a;
31235: 5a;
31236: 5a;
31237: 5a;
31238: 5a;
31239: 5a;
31240: 5a;
31241: 5a;
31242: 5a;
31243: 5a;
31244: 5a;
31245: 5a;
31246: 5a;
31247: 5a;
31248: 5a;
31249: 5a;
31250: 5a;
31251: 5a;
31252: 5a;
31253: 5a;
31254: 5a;
31255: 5a;
31256: 5a;
31257: 5a;
31258: 5a;
31259: 5a;
31260: 5a;
31261: 5a;
31262: 5a;
31263: 5a;
31264: 5a;
31265: 5a;
31266: 5a;
31267: 5a;
31268: 5a;
31269: 5a;
31270: 5a;
31271: 5a;
31272: 5a;
31273: 5a;
31274: 5a;
31275: 5a;
31276: 5a;
31277: 5a;
31278: 5a;
31279: 5a;
31280: 5a;
31281: 5a;
31282: 5a;
31283: 5a;
31284: 5a;
31285: 5a;
31286: 5a;
31287: 5a;
31288: 5a;
31289: 5a;
31290: 5a;
31291: 5a;
31292: 5a;
31293: 5a;
31294: 5a;
31295: 5a;
31296: 5a;
31297: 5a;
31298: 5a;
31299: 5a;
31300: 5a;
31301: 5a;
31302: 5a;
31303: 5a;
31304: 5a;
31305: 5a;
31306: 5a;
31307: 5a;
31308: 5a;
31309: 5a;
31310: 5a;
31311: 5a;
31312: 5a;
31313: 5a;
31314: 5a;
31315: 5a;
31316: 5a;
31317: 5a;
31318: 5a;
31319: 5a;
31320: 5a;
31321: 5a;
31322: 5a;
31323: 5a;
31324: 5a;
31325: 5a;
31326: 5a;
31327: 5a;
31328: 5a;
31329: 5a;
31330: 5a;
31331: 5a;
31332: 5a;
31333: 5a;
31334: 5a;
31335: 5a;
31336: 5a;
31337: 5a;
31338: 5a;
31339: 5a;
31340: 5a;
31341: 5a;
31342: 5a;
31343: 5a;
31344: 5a;
31345: 5a;
31346: 5a;
31347: 5a;
31348: 5a;
31349: 5a;
31350: 5a;
31351: 5a;
31352: 5a;
31353: 5a;
31354: 5a;
31355: 5a;
31356: 5a;
31357: 5a;
31358: 5a;
31359: 5a;
31360: 5a;
31361: 5a;
31362: 5a;
31363: 5a;
31364: 5a;
31365: 5a;
31366: 5a;
31367: 5a;
31368: 5a;
31369: 5a;
31370: 5a;
31371: 5a;
31372: 5a;
31373: 5a;
31374: 5a;
31375: 5a;
31376: 5a;
31377: 5a;
31378: 5a;
31379: 5a;
31380: 5a;
31381: 5a;
31382: 5a;
31383: 5a;
31384: 5a;
31385: 5a;
31386: 5a;
31387: 5a;
31388: 5a;
31389: 5a;
31390: 5a;
31391: 5a;
31392: 5a;
31393: 5a;
31394: 5a;
31395: 5a;
31396: 5a;
31397: 5a;
31398: 5a;
31399: 5a;
31400: 5a;
31401: 5a;
31402: 5a;
31403: 5a;
31404: 5a;
31405: 5a;
31406: 5a;
31407: 5a;
31408: 5a;
31409: 5a;
31410: 5a;
31411: 5a;
31412: 5a;
31413: 5a;
31414: 5a;
31415: 5a;
31416: 5a;
31417: 5a;
31418: 5a;
31419: 5a;
31420: 5a;
31421: 5a;
31422: 5a;
31423: 5a;
31424: 5a;
31425: 5a;
31426: 5a;
31427: 5a;
31428: 5a;
31429: 5a;
31430: 5a;
31431: 5a;
31432: 5a;
31433: 5a;
31434: 5a;
31435: 5a;
31436: 5a;
31437: 5a;
31438: 5a;
31439: 5a;
31440: 5a;
31441: 5a;
31442: 5a;
31443: 5a;
31444: 5a;
31445: 5a;
31446: 5a;
31447: 5a;
31448: 5a;
31449: 5a;
31450: 5a;
31451: 5a;
31452: 5a;
31453: 5a;
31454: 5a;
31455: 5a;
31456: 5a;
31457: 5a;
31458: 5a;
31459: 5a;
31460: 5a;
31461: 5a;
31462: 5a;
31463: 5a;
31464: 5a;
31465: 5a;
31466: 5a;
31467: 5a;
31468: 5a;
31469: 5a;
31470: 5a;
31471: 5a;
31472: 5a;
31473: 5a;
31474: 5a;
31475: 5a;
31476: 5a;
31477: 5a;
31478: 5a;
31479: 5a;
31480: 5a;
31481: 5a;
31482: 5a;
31483: 5a;
31484: 5a;
31485: 5a;
31486: 5a;
31487: 5a;
31488: 5a;
31489: 5a;
31490: 5a;
31491: 5a;
31492: 5a;
31493: 5a;
31494: 5a;
31495: 5a;
31496: 5a;
31497: 5a;
31498: 5a;
31499: 5a;
31500: 5a;
31501: 5a;
31502: 5a;
31503: 5a;
31504: 5a;
31505: 5a;
31506: 5a;
31507: 5a;
31508: 5a;
31509: 5a;
31510: 5a;
31511: 5a;
31512: 5a;
31513: 5a;
31514: 5a;
31515: 5a;
31516: 5a;
31517: 5a;
31518: 5a;
31519: 5a;
31520: 5a;
31521: 5a;
31522: 5a;
31523: 5a;
31524: 5a;
31525: 5a;
31526: 5a;
31527: 5a;
31528: 5a;
31529: 5a;
31530: 5a;
31531: 5a;
31532: 5a;
31533: 5a;
31534: 5a;
31535: 5a;
31536: 5a;
31537: 5a;
31538: 5a;
31539: 5a;
31540: 5a;
31541: 5a;
31542: 5a;
31543: 5a;
31544: 5a;
31545: 5a;
31546: 5a;
31547: 5a;
31548: 5a;
31549: 5a;
31550: 5a;
31551: 5a;
31552: 5a;
31553: 5a;
31554: 5a;
31555: 5a;
31556: 5a;
31557: 5a;
31558: 5a;
31559: 5a;
31560: 5a;
31561: 5a;
31562: 5a;
31563: 5a;
31564: 5a;
31565: 5a;
31566: 5a;
31567: 5a;
31568: 5a;
31569: 5a;
31570: 5a;
31571: 5a;
31572: 5a;
31573: 5a;
31574: 5a;
31575: 5a;
31576: 5a;
31577: 5a;
31578: 5a;
31579: 5a;
31580: 5a;
31581: 5a;
31582: 5a;
31583: 5a;
31584: 5a;
31585: 5a;
31586: 5a;
31587: 5a;
31588: 5a;
31589: 5a;
31590: 5a;
31591: 5a;
31592: 5a;
31593: 5a;
31594: 5a;
31595: 5a;
31596: 5a;
31597: 5a;
31598: 5a;
31599: 5a;
31600: 5a;
31601: 5a;
31602: 5a;
31603: 5a;
31604: 5a;
31605: 5a;
31606: 5a;
31607: 5a;
31608: 5a;
31609: 5a;
31610: 5a;
31611: 5a;
31612: 5a;
31613: 5a;
31614: 5a;
31615: 5a;
31616: 5a;
31617: 5a;
31618: 5a;
31619: 5a;
31620: 5a;
31621: 5a;
31622: 5a;
31623: 5a;
31624: 5a;
31625: 5a;
31626: 5a;
31627: 5a;
31628: 5a;
31629: 5a;
31630: 5a;
31631: 5a;
31632: 5a;
31633: 5a;
31634: 5a;
31635: 5a;
31636: 5a;
31637: 5a;
31638: 5a;
31639: 5a;
31640: 5a;
31641: 5a;
31642: 5a;
31643: 5a;
31644: 5a;
31645: 5a;
31646: 5a;
31647: 5a;
31648: 5a;
31649: 5a;
31650: 5a;
31651: 5a;
31652: 5a;
31653: 5a;
31654: 5a;
31655: 5a;
31656: 5a;
31657: 5a;
31658: 5a;
31659: 5a;
31660: 5a;
31661: 5a;
31662: 5a;
31663: 5a;
31664: 5a;
31665: 5a;
31666: 5a;
31667: 5a;
31668: 5a;
31669: 5a;
31670: 5a;
31671: 5a;
31672: 5a;
31673: 5a;
31674: 5a;
31675: 5a;
31676: 5a;
31677: 5a;
31678: 5a;
31679: 5a;
31680: 5a;
31681: 5a;
31682: 5a;
31683: 5a;
31684: 5a;
31685: 5a;
31686: 5a;
31687: 5a;
31688: 5a;
31689: 5a;
31690: 5a;
31691: 5a;
31692: 5a;
31693: 5a;
31694: 5a;
31695: 5a;
31696: 5a;
31697: 5a;
31698: 5a;
31699: 5a;
31700: 5a;
31701: 5a;
31702: 5a;
31703: 5a;
31704: 5a;
31705: 5a;
31706: 5a;
31707: 5a;
31708: 5a;
31709: 5a;
31710: 5a;
31711: 5a;
31712: 5a;
31713: 5a;
31714: 5a;
31715: 5a;
31716: 5a;
31717: 5a;
31718: 5a;
31719: 5a;
31720: 5a;
31721: 5a;
31722: 5a;
31723: 5a;
31724: 5a;
31725: 5a;
31726: 5a;
31727: 5a;
31728: 5a;
31729: 5a;
31730: 5a;
31731: 5a;
31732: 5a;
31733: 5a;
31734: 5a;
31735: 5a;
31736: 5a;
31737: 5a;
31738: 5a;
31739: 5a;
31740: 5a;
31741: 5a;
31742: 5a;
31743: 5a;
31744: 5a;
31745: 5a;
31746: 5a;
31747: 5a;
31748: 5a;
31749: 5a;
31750: 5a;
31751: 5a;
31752: 5a;
31753: 5a;
31754: 5a;
31755: 5a;
31756: 5a;
31757: 5a;
31758: 5a;
31759: 5a;
31760: 5a;
31761: 5a;
31762: 5a;
31763: 5a;
31764: 5a;
31765: 5a;
31766: 5a;
31767: 5a;
31768: 5a;
31769: 5a;
31770: 5a;
31771: 5a;
31772: 5a;
31773: 5a;
31774: 5a;
31775: 5a;
31776: 5a;
31777: 5a;
31778: 5a;
31779: 5a;
31780: 5a;
31781: 5a;
31782: 5a;
31783: 5a;
31784: 5a;
31785: 5a;
31786: 5a;
31787: 5a;
31788: 5a;
31789: 5a;
31790: 5a;
31791: 5a;
31792: 5a;
31793: 5a;
31794: 5a;
31795: 5a;
31796: 5a;
31797: 5a;
31798: 5a;
31799: 5a;
31800: 5a;
31801: 5a;
31802: 5a;
31803: 5a;
31804: 5a;
31805: 5a;
31806: 5a;
31807: 5a;
31808: 5a;
31809: 5a;
31810: 5a;
31811: 5a;
31812: 5a;
31813: 5a;
31814: 5a;
31815: 5a;
31816: 5a;
31817: 5a;
31818: 5a;
31819: 5a;
31820: 5a;
31821: 5a;
31822: 5a;
31823: 5a;
31824: 5a;
31825: 5a;
31826: 5a;
31827: 5a;
31828: 5a;
31829: 5a;
31830: 5a;
31831: 5a;
31832: 5a;
31833: 5a;
31834: 5a;
31835: 5a;
31836: 5a;
31837: 5a;
31838: 5a;
31839: 5a;
31840: 5a;
31841: 5a;
31842: 5a;
31843: 5a;
31844: 5a;
31845: 5a;
31846: 5a;
31847: 5a;
31848: 5a;
31849: 5a;
31850: 5a;
31851: 5a;
31852: 5a;
31853: 5a;
31854: 5a;
31855: 5a;
31856: 5a;
31857: 5a;
31858: 5a;
31859: 5a;
31860: 5a;
31861: 5a;
31862: 5a;
31863: 5a;
31864: 5a;
31865: 5a;
31866: 5a;
31867: 5a;
31868: 5a;
31869: 5a;
31870: 5a;
31871: 5a;
31872: 5a;
31873: 5a;
31874: 5a;
31875: 5a;
31876: 5a;
31877: 5a;
31878: 5a;
31879: 5a;
31880: 5a;
31881: 5a;
31882: 5a;
31883: 5a;
31884: 5a;
31885: 5a;
31886: 5a;
31887: 5a;
31888: 5a;
31889: 5a;
31890: 5a;
31891: 5a;
31892: 5a;
31893: 5a;
31894: 5a;
31895: 5a;
31896: 5a;
31897: 5a;
31898: 5a;
31899: 5a;
31900: 5a;
31901: 5a;
31902: 5a;
31903: 5a;
31904: 5a;
31905: 5a;
31906: 5a;
31907: 5a;
31908: 5a;
31909: 5a;
31910: 5a;
31911: 5a;
31912: 5a;
31913: 5a;
31914: 5a;
31915: 5a;
31916: 5a;
31917: 5a;
31918: 5a;
31919: 5a;
31920: 5a;
31921: 5a;
31922: 5a;
31923: 5a;
31924: 5a;
31925: 5a;
31926: 5a;
31927: 5a;
31928: 5a;
31929: 5a;
31930: 5a;
31931: 5a;
31932: 5a;
31933: 5a;
31934: 5a;
31935: 5a;
31936: 5a;
31937: 5a;
31938: 5a;
31939: 5a;
31940: 5a;
31941: 5a;
31942: 5a;
31943: 5a;
31944: 5a;
31945: 5a;
31946: 5a;
31947: 5a;
31948: 5a;
31949: 5a;
31950: 5a;
31951: 5a;
31952: 5a;
31953: 5a;
31954: 5a;
31955: 5a;
31956: 5a;
31957: 5a;
31958: 5a;
31959: 5a;
31960: 5a;
31961: 5a;
31962: 5a;
31963: 5a;
31964: 5a;
31965: 5a;
31966: 5a;
31967: 5a;
31968: 5a;
31969: 5a;
31970: 5a;
31971: 5a;
31972: 5a;
31973: 5a;
31974: 5a;
31975: 5a;
31976: 5a;
31977: 5a;
31978: 5a;
31979: 5a;
31980: 5a;
31981: 5a;
31982: 5a;
31983: 5a;
31984: 5a;
31985: 5a;
31986: 5a;
31987: 5a;
31988: 5a;
31989: 5a;
31990: 5a;
31991: 5a;
31992: 5a;
31993: 5a;
31994: 5a;
31995: 5a;
31996: 5a;
31997: 5a;
31998: 5a;
31999: 5a;
32000: 5a;
32001: 5a;
32002: 5a;
32003: 5a;
32004: 5a;
32005: 5a;
32006: 5a;
32007: 5a;
32008: 5a;
32009: 5a;
32010: 5a;
32011: 5a;
32012: 5a;
32013: 5a;
32014: 5a;
32015: 5a;
32016: 5a;
32017: 5a;
32018: 5a;
32019: 5a;
32020: 5a;
32021: 5a;
32022: 5a;
32023: 5a;
32024: 5a;
32025: 5a;
32026: 5a;
32027: 5a;
32028: 5a;
32029: 5a;
32030: 5a;
32031: 5a;
32032: 5a;
32033: 5a;
32034: 5a;
32035: 5a;
32036: 5a;
32037: 5a;
32038: 5a;
32039: 5a;
32040: 5a;
32041: 5a;
32042: 5a;
32043: 5a;
32044: 5a;
32045: 5a;
32046: 5a;
32047: 5a;
32048: 5a;
32049: 5a;
32050: 5a;
32051: 5a;
32052: 5a;
32053: 5a;
32054: 5a;
32055: 5a;
32056: 5a;
32057: 5a;
32058: 5a;
32059: 5a;
32060: 5a;
32061: 5a;
32062: 5a;
32063: 5a;
32064: 5a;
32065: 5a;
32066: 5a;
32067: 5a;
32068: 5a;
32069: 5a;
32070: 5a;
32071: 5a;
32072: 5a;
32073: 5a;
32074: 5a;
32075: 5a;
32076: 5a;
32077: 5a;
32078: 5a;
32079: 5a;
32080: 5a;
32081: 5a;
32082: 5a;
32083: 5a;
32084: 5a;
32085: 5a;
32086: 5a;
32087: 5a;
32088: 5a;
32089: 5a;
32090: 5a;
32091: 5a;
32092: 5a;
32093: 5a;
32094: 5a;
32095: 5a;
32096: 5a;
32097: 5a;
32098: 5a;
32099: 5a;
32100: 5a;
32101: 5a;
32102: 5a;
32103: 5a;
32104: 5a;
32105: 5a;
32106: 5a;
32107: 5a;
32108: 5a;
32109: 5a;
32110: 5a;
32111: 5a;
32112: 5a;
32113: 5a;
32114: 5a;
32115: 5a;
32116: 5a;
32117: 5a;
32118: 5a;
32119: 5a;
32120: 5a;
32121: 5a;
32122: 5a;
32123: 5a;
32124: 5a;
32125: 5a;
32126: 5a;
32127: 5a;
32128: 5a;
32129: 5a;
32130: 5a;
32131: 5a;
32132: 5a;
32133: 5a;
32134: 5a;
32135: 5a;
32136: 5a;
32137: 5a;
32138: 5a;
32139: 5a;
32140: 5a;
32141: 5a;
32142: 5a;
32143: 5a;
32144: 5a;
32145: 5a;
32146: 5a;
32147: 5a;
32148: 5a;
32149: 5a;
32150: 5a;
32151: 5a;
32152: 5a;
32153: 5a;
32154: 5a;
32155: 5a;
32156: 5a;
32157: 5a;
32158: 5a;
32159: 5a;
32160: 5a;
32161: 5a;
32162: 5a;
32163: 5a;
32164: 5a;
32165: 5a;
32166: 5a;
32167: 5a;
32168: 5a;
32169: 5a;
32170: 5a;
32171: 5a;
32172: 5a;
32173: 5a;
32174: 5a;
32175: 5a;
32176: 5a;
32177: 5a;
32178: 5a;
32179: 5a;
32180: 5a;
32181: 5a;
32182: 5a;
32183: 5a;
32184: 5a;
32185: 5a;
32186: 5a;
32187: 5a;
32188: 5a;
32189: 5a;
32190: 5a;
32191: 5a;
32192: 5a;
32193: 5a;
32194: 5a;
32195: 5a;
32196: 5a;
32197: 5a;
32198: 5a;
32199: 5a;
32200: 5a;
32201: 5a;
32202: 5a;
32203: 5a;
32204: 5a;
32205: 5a;
32206: 5a;
32207: 5a;
32208: 5a;
32209: 5a;
32210: 5a;
32211: 5a;
32212: 5a;
32213: 5a;
32214: 5a;
32215: 5a;
32216: 5a;
32217: 5a;
32218: 5a;
32219: 5a;
32220: 5a;
32221: 5a;
32222: 5a;
32223: 5a;
32224: 5a;
32225: 5a;
32226: 5a;
32227: 5a;
32228: 5a;
32229: 5a;
32230: 5a;
32231: 5a;
32232: 5a;
32233: 5a;
32234: 5a;
32235: 5a;
32236: 5a;
32237: 5a;
32238: 5a;
32239: 5a;
32240: 5a;
32241: 5a;
32242: 5a;
32243: 5a;
32244: 5a;
32245: 5a;
32246: 5a;
32247: 5a;
32248: 5a;
32249: 5a;
32250: 5a;
32251: 5a;
32252: 5a;
32253: 5a;
32254: 5a;
32255: 5a;
32256: 5a;
32257: 5a;
32258: 5a;
32259: 5a;
32260: 5a;
32261: 5a;
32262: 5a;
32263: 5a;
32264: 5a;
32265: 5a;
32266: 5a;
32267: 5a;
32268: 5a;
32269: 5a;
32270: 5a;
32271: 5a;
32272: 5a;
32273: 5a;
32274: 5a;
32275: 5a;
32276: 5a;
32277: 5a;
32278: 5a;
32279: 5a;
32280: 5a;
32281: 5a;
32282: 5a;
32283: 5a;
32284: 5a;
32285: 5a;
32286: 5a;
32287: 5a;
32288: 5a;
32289: 5a;
32290: 5a;
32291: 5a;
32292: 5a;
32293: 5a;
32294: 5a;
32295: 5a;
32296: 5a;
32297: 5a;
32298: 5a;
32299: 5a;
32300: 5a;
32301: 5a;
32302: 5a;
32303: 5a;
32304: 5a;
32305: 5a;
32306: 5a;
32307: 5a;
32308: 5a;
32309: 5a;
32310: 5a;
32311: 5a;
32312: 5a;
32313: 5a;
32314: 5a;
32315: 5a;
32316: 5a;
32317: 5a;
32318: 5a;
32319: 5a;
32320: 5a;
32321: 5a;
32322: 5a;
32323: 5a;
32324: 5a;
32325: 5a;
32326: 5a;
32327: 5a;
32328: 5a;
32329: 5a;
32330: 5a;
32331: 5a;
32332: 5a;
32333: 5a;
32334: 5a;
32335: 5a;
32336: 5a;
32337: 5a;
32338: 5a;
32339: 5a;
32340: 5a;
32341: 5a;
32342: 5a;
32343: 5a;
32344: 5a;
32345: 5a;
32346: 5a;
32347: 5a;
32348: 5a;
32349: 5a;
32350: 5a;
32351: 5a;
32352: 5a;
32353: 5a;
32354: 5a;
32355: 5a;
32356: 5a;
32357: 5a;
32358: 5a;
32359: 5a;
32360: 5a;
32361: 5a;
32362: 5a;
32363: 5a;
32364: 5a;
32365: 5a;
32366: 5a;
32367: 5a;
32368: 5a;
32369: 5a;
32370: 5a;
32371: 5a;
32372: 5a;
32373: 5a;
32374: 5a;
32375: 5a;
32376: 5a;
32377: 5a;
32378: 5a;
32379: 5a;
32380: 5a;
32381: 5a;
32382: 5a;
32383: 5a;
32384: 5a;
32385: 5a;
32386: 5a;
32387: 5a;
32388: 5a;
32389: 5a;
32390: 5a;
32391: 5a;
32392: 5a;
32393: 5a;
32394: 5a;
32395: 5a;
32396: 5a;
32397: 5a;
32398: 5a;
32399: 5a;
32400: 5a;
32401: 5a;
32402: 5a;
32403: 5a;
32404: 5a;
32405: 5a;
32406: 5a;
32407: 5a;
32408: 5a;
32409: 5a;
32410: 5a;
32411: 5a;
32412: 5a;
32413: 5a;
32414: 5a;
32415: 5a;
32416: 5a;
32417: 5a;
32418: 5a;
32419: 5a;
32420: 5a;
32421: 5a;
32422: 5a;
32423: 5a;
32424: 5a;
32425: 5a;
32426: 5a;
32427: 5a;
32428: 5a;
32429: 5a;
32430: 5a;
32431: 5a;
32432: 5a;
32433: 5a;
32434: 5a;
32435: 5a;
32436: 5a;
32437: 5a;
32438: 5a;
32439: 5a;
32440: 5a;
32441: 5a;
32442: 5a;
32443: 5a;
32444: 5a;
32445: 5a;
32446: 5a;
32447: 5a;
32448: 5a;
32449: 5a;
32450: 5a;
32451: 5a;
32452: 5a;
32453: 5a;
32454: 5a;
32455: 5a;
32456: 5a;
32457: 5a;
32458: 5a;
32459: 5a;
32460: 5a;
32461: 5a;
32462: 5a;
32463: 5a;
32464: 5a;
32465: 5a;
32466: 5a;
32467: 5a;
32468: 5a;
32469: 5a;
32470: 5a;
32471: 5a;
32472: 5a;
32473: 5a;
32474: 5a;
32475: 5a;
32476: 5a;
32477: 5a;
32478: 5a;
32479: 5a;
32480: 5a;
32481: 5a;
32482: 5a;
32483: 5a;
32484: 5a;
32485: 5a;
32486: 5a;
32487: 5a;
32488: 5a;
32489: 5a;
32490: 5a;
32491: 5a;
32492: 5a;
32493: 5a;
32494: 5a;
32495: 5a;
32496: 5a;
32497: 5a;
32498: 5a;
32499: 5a;
32500: 5a;
32501: 5a;
32502: 5a;
32503: 5a;
32504: 5a;
32505: 5a;
32506: 5a;
32507: 5a;
32508: 5a;
32509: 5a;
32510: 5a;
32511: 5a;
32512: 5a;
32513: 5a;
32514: 5a;
32515: 5a;
32516: 5a;
32517: 5a;
32518: 5a;
32519: 5a;
32520: 5a;
32521: 5a;
32522: 5a;
32523: 5a;
32524: 5a;
32525: 5a;
32526: 5a;
32527: 5a;
32528: 5a;
32529: 5a;
32530: 5a;
32531: 5a;
32532: 5a;
32533: 5a;
32534: 5a;
32535: 5a;
32536: 5a;
32537: 5a;
32538: 5a;
32539: 5a;
32540: 5a;
32541: 5a;
32542: 5a;
32543: 5a;
32544: 5a;
32545: 5a;
32546: 5a;
32547: 5a;
32548: 5a;
32549: 5a;
32550: 5a;
32551: 5a;
32552: 5a;
32553: 5a;
32554: 5a;
32555: 5a;
32556: 5a;
32557: 5a;
32558: 5a;
32559: 5a;
32560: 5a;
32561: 5a;
32562: 5a;
32563: 5a;
32564: 5a;
32565: 5a;
32566: 5a;
32567: 5a;
32568: 5a;
32569: 5a;
32570: 5a;
32571: 5a;
32572: 5a;
32573: 5a;
32574: 5a;
32575: 5a;
32576: 5a;
32577: 5a;
32578: 5a;
32579: 5a;
32580: 5a;
32581: 5a;
32582: 5a;
32583: 5a;
32584: 5a;
32585: 5a;
32586: 5a;
32587: 5a;
32588: 5a;
32589: 5a;
32590: 5a;
32591: 5a;
32592: 5a;
32593: 5a;
32594: 5a;
32595: 5a;
32596: 5a;
32597: 5a;
32598: 5a;
32599: 5a;
32600: 5a;
32601: 5a;
32602: 5a;
32603: 5a;
32604: 5a;
32605: 5a;
32606: 5a;
32607: 5a;
32608: 5a;
32609: 5a;
32610: 5a;
32611: 5a;
32612: 5a;
32613: 5a;
32614: 5a;
32615: 5a;
32616: 5a;
32617: 5a;
32618: 5a;
32619: 5a;
32620: 5a;
32621: 5a;
32622: 5a;
32623: 5a;
32624: 5a;
32625: 5a;
32626: 5a;
32627: 5a;
32628: 5a;
32629: 5a;
32630: 5a;
32631: 5a;
32632: 5a;
32633: 5a;
32634: 5a;
32635: 5a;
32636: 5a;
32637: 5a;
32638: 5a;
32639: 5a;
32640: 5a;
32641: 5a;
32642: 5a;
32643: 5a;
32644: 5a;
32645: 5a;
32646: 5a;
32647: 5a;
32648: 5a;
32649: 5a;
32650: 5a;
32651: 5a;
32652: 5a;
32653: 5a;
32654: 5a;
32655: 5a;
32656: 5a;
32657: 5a;
32658: 5a;
32659: 5a;
32660: 5a;
32661: 5a;
32662: 5a;
32663: 5a;
32664: 5a;
32665: 5a;
32666: 5a;
32667: 5a;
32668: 5a;
32669: 5a;
32670: 5a;
32671: 5a;
32672: 5a;
32673: 5a;
32674: 5a;
32675: 5a;
32676: 5a;
32677: 5a;
32678: 5a;
32679: 5a;
32680: 5a;
32681: 5a;
32682: 5a;
32683: 5a;
32684: 5a;
32685: 5a;
32686: 5a;
32687: 5a;
32688: 5a;
32689: 5a;
32690: 5a;
32691: 5a;
32692: 5a;
32693: 5a;
32694: 5a;
32695: 5a;
32696: 5a;
32697: 5a;
32698: 5a;
32699: 5a;
32700: 5a;
32701: 5a;
32702: 5a;
32703: 5a;
32704: 5a;
32705: 5a;
32706: 5a;
32707: 5a;
32708: 5a;
32709: 5a;
32710: 5a;
32711: 5a;
32712: 5a;
32713: 5a;
32714: 5a;
32715: 5a;
32716: 5a;
32717: 5a;
32718: 5a;
32719: 5a;
32720: 5a;
32721: 5a;
32722: 5a;
32723: 5a;
32724: 5a;
32725: 5a;
32726: 5a;
32727: 5a;
32728: 5a;
32729: 5a;
32730: 5a;
32731: 5a;
32732: 5a;
32733: 5a;
32734: 5a;
32735: 5a;
32736: 5a;
32737: 5a;
32738: 5a;
32739: 5a;
32740: 5a;
32741: 5a;
32742: 5a;
32743: 5a;
32744: 5a;
32745: 5a;
32746: 5a;
32747: 5a;
32748: 5a;
32749: 5a;
32750: 5a;
32751: 5a;
32752: 5a;
32753: 5a;
32754: 5a;
32755: 5a;
32756: 5a;
32757: 5a;
32758: 5a;
32759: 5a;
32760: 5a;
32761: 5a;
32762: 5a;
32763: 5a;
32764: 5a;
32765: 5a;
32766: 5a;
32767: 5a;
32768: 5a;
END;
