16884924005267380759,18379605229126565390,1906408217850217599,10291776471269386784,2625815055353741749,3292673194288595349,3187928589146600715,7091675415036604773,11501008857718224078,9723254133004592127,11655005855730089438,7619996944474622584,15160729222991017125,4783101966793535553,11770064079670158633,33446418116875121,3120237403834470483,14578878250028233643,12152870214256628497,12095254781378678732,17753423166657288442,5606983384256385538,13902647436424274250,12888726013680770116
6874278686474098852,10850416252252727220,5069265784345366386,14032167979006790304,491357808052318285,15795546778230956259,3528203460313493389,781252441803007076,13429238462707646605,7807351040593546586,7128611875396258869,112878311646537180,9446990714563163062,1099247606691997700,13476041976235050902,1399428897670847968,14761349103687625201,2034283153701208042,3848570831174110545,11123599700375920218,5062328723081303893,4274578258557871479,1918633744201318955,358178227302465027
2845221405596146403,8440849811230288534,11167474080280484405,2978590955733979708,3667076769624697006,2318964587379020396,2181315833780324350,5681343461440093021,6609195098531160260,7769488818461251548,16528615302006326618,8966117761753044607,18319026048754062617,17358976020760930765,13061455824643629870,5561423444537802675,1871906259272994691,12276833284999163197,1600376976688051227,10340654840598766724,18215070693160701804,5471487584515370553,14231120868983058117,6929382993652823127
8871952733667087293,16637107893537022874,4471071511224527613,12738304606756201480,16128482181395343010,6361548368833021363,1333504116424830364,14669080520034739468,9925250714506326606,15800390845569673797,7566580297728420904,4926344201002834128,12763254560202951244,1350060243944052361,6972369892117117049,8110347548748823012,17741019895084165797,8427885540964533788,15815412432665318433,2074765941151694852,11541363110226375619,7261376679759012766,9894591330251424855,11787589146403452744
14424158735683238542,17225607149964501366,15626592866050318234,9767373828560149553,8981760968034780624,51837211925497575,5213797645824890728,13211331739010640102,5380979902304738380,13041669204270941359,2186612992360062220,507479551516503019,7580464496644438545,9766668512930820887,7088218005355406810,15760818472310153574,3600672508396993205,3184720664460821745,3792464888293648638,7758312975444381273,3157455886141986307,5226107231640211786,4268032827485299554,13253458937014444198
4577488953431066055,2743156092359682917,10661284857031616518,13584925941886048583,1258764613082953988,5889176018884851065,2348142549787513772,3849307221927261961,15449651755451141912,3969785690395984963,6425028392539189472,10151481795530111673,263512303173840604,7106241992822518574,2831459987406348182,13406376269787361116,2785573779670631856,11414220560065860445,17060236843654020250,15897998825519621987,8750792328515213648,2711229406310486160,7663834045849864582,2407822304659096734
7908474224862510429,13135901566254252739,15590966619924031687,13090228072600323377,7074338261795631444,904408574117510704,15862974923167755866,18006261374098866691,10336367032250151729,235867990375164518,16608495380968438804,17304944806421342300,4620754612864116228,5784894802604461714,3327396147692734520,15777011296950863795,6293592265432929592,1134470797189055735,14773991652518458661,3732380251670285170,944176325028565529,11158332023835627345,7283821513523436822,12526735383413885845
2803285872503089009,7699950381052751064,6094065631662544522,1618242861659335897,11057384551341329297,16968932947704364202,5547311475141432796,15565928940457315275,460785320481701087,11085864413411553973,2594423409029572474,11019015763869960239,11993060479404954966,4466241675028252596,15450854374880534691,7967348927328058146,14978023132248360284,11021399086758297855,5661081600592763097,12575997122065714402,13375346349903253372,16618841018837151268,8437345900146494088,4802735056603148969
13880555114149324683,13794405008531115927,3509037946602232237,770914870393038365,10912530737790980066,13543173101279153647,17527695356816450730,7670013640683769377,5794809721465372794,17459873663357772283,4756382044682200755,7140562828667049059,890447322867955839,3890420298003738136,13864445524320511555,18345745267094149536,8952765010577542075,4963505298483336597,11132257334834146551,5491729851075653393,14940017465933189375,9951267064929042120,17489614097090194763,7021242450036425699
4399412721502440631,9567822196846659185,5335130854339296691,9091197429181660080,963119274333624996,488210663734591014,17514178922280142721,8574649956503698673,2211231968390568125,11639070249490481449,4766416247861455097,83795283910177187,866881700833148851,4852705991072287346,3535606302296193839,16145175747639379096,7620497435538182122,8012007874960544754,6641963588026581800,5252581072508860171,10507484646618284632,13290284970852982663,2413401422883246916,2423255662794638154,458192232017904895
12160569247670669743,2186713400634989414,6217058552609038310,15054865308931678191,13160972423703761701,17180530421180826314,6268000066686785870,14520216622109675721,646618820731055261,6670577359982414729,12234585888538071860,9736619864538834397,6965475071261188873,16180472260934289336,239257771064287421,3081786896745654816,444932490788394424,7728513938195989492,2057818110558956504,9953808995702587023,10073619721221343150,1612709936756422910,15881422282927217314,14409727059422309128
16747325810938724537,2893966963386157000,9252107722821960895,17052588006506268153,11765103270545584482,8953304542006428578,1062681529790946726,9240431814299441045,7544730517628486921,4184482460051258117,18426550454112244286,6201988720206797426,359516331024804944,2600259920139495278,15759447087159443361,3988943457206080286,4583685006633342227,9432705597772675166,8395608704606224844,5627987198458359894,4616203565594883341,10193637273547324395,9033070845255144175,5313281520009342248
1736234450209621911,11344402288694398224,15430740669035841050,17495585583070974192,4708756290873482180,1579520403636870256,5021260461803431412,2620204782866307109,5174167566575653021,16756452544456640533,15625351115336831706,18329883841838571691,707139203483818545,2746172339398738280,5629494932850996423,17394613889591021739,4967655145040668895,16328361113497557636,11746670478945209454,9919443762270693688,17495045558914498680,15481094636619406762,1940994951225880520,263666283724679936
3717744146730698768,13328289197246564022,322745015549022070,14733885220892588446,13102527193529925668,16760554545954042264,15072850579799195458,10115884653547635001,15940524566750919169,5433703345448456605,11437505081960225911,1122234508518278961,12131168728405777805,7946442929910417660,7927796549477242869,2267300976892596787,2514722547588633735,10908327114213600886,2077577604558015368,8216820943421741722,18244725484018268178,8625023210150522316,15223813547866984610,2073242611890330658
7934619931416122289,8650766225886722896,2486073741070686997,4131927505379991618,17541644535491601781,7102861814072828225,13928791291861918357,6174425017006380751,9861557476508564114,8651814441594748340,18334836785094443119,10785235678622412638,12714814079807982102,11194412516996556478,338740870841198913,3739344190408966582,10875152515077563026,12172222329189139939,13018476213120221074,849993151699395338,2201202855203682178,13439021214898317009,13051080150042412849,5868883918998978385
13137477004227303880,17116811714581819395,10474158672843953215,18384776300734748772,9296657936515985230,1995427426645713315,16496032342248684479,6919436504866855205,5205077210070062343,12227478073673577946,14164781230676356107,15426138540323935944,186751153050178300,3930412208128918303,1927617525875051240,5104707722845781985,6476600175994467597,7186216949429337419,1602951875133181982,18208372302342651328,2204860780993237383,1769779531199910612,3020536019216769482,13169479067313578405
9440941714292325018,9851073004048303246,2210583862027779527,1563508410309559203,4149925945280900683,11961921068397789385,1757274908905941626,4925829455111634111,16936296146815374518,11498877421727513745,2686391135099405066,12674983409132660967,7998380444571874184,4207252072063424377,17642303946582627909,17132413223774537567,10290945911443485698,15642347618792420784,9756049863127201948,4443759701031019811,15390679868468896824,15923246450444789330,9950041053309929845,1055002350629589931
13968244995654678442,15430007896238895679,6680741456213905761,6796348823547437800,13242653428590768944,17326251561429146478,4853987421265952399,14572079831243962974,3674895331388788127,10783916448870142826,11127377515259706925,9750816857788073642,15721236208571654783,6402993688628542438,13444966852964595812,1267584877790714147,14870241848245433864,14349138816726904830,16112975609631216628,1359193473452584483,3152440620838268985,2459574343106346609,7498219248686029732,10172812480415314167
3338890030727811001,4283828757601654190,372063711510276556,152898620203866815,15480128336437302560,6597174036052983526,2107421768819176467,17627182553906556160,2164192982891708520,8808710477555465276,7174190126178860259,9306374788996716881,14155925268612935918,2470675519221279419,9003398323371039565,11822357943094066277,16674824650855623968,10716190413958118730,10167201465979503003,2739128397801137090,153090181433732138,5782945606546235950,1427536484702305231,17220440914943822374
2161742112293660573,3273542701059253208,1795652010542422014,17479777952345258621,2829880412772864487,17767323650012881305,5349898522993953096,752534288767503623,9687461421487118174,12177186598856506657,6564508745050614244,13761367094873907976,10708491479534129346,12229053719483543074,10883008758990812943,12617142149350599765,15670527607216114084,1973092916985119955,4758923379952820824,12190982643065504249,4946302962345394918,10974345727222988804,11602542341778485579,4939387985477969807
12330044993045340619,17795218148414912899,7992539125013308668,11466486634182545797,13439874700402353729,6959090592964281281,12979034162629158519,8471772467015039488,11638738069271488881,3666658176839011094,17890840924842043505,2009438400146116933,15878632112038241181,1037033398425919406,11278050910566609361,9286190302908428284,11205831874534358311,18078835686273497553,11720635066040461939,16229381493900295159,7108750272341993842,17287670533200584121,13800088734131331036,13813122069095656155
18290326267375565354,14105511446828964812,6099982487970239704,11756822570538907681,3197408279166196748,4781780948395452625,16693620472121332236,14008784042425132386,18033991832035544894,16334570656683621262,14516543862220236812,15425134637884107788,14417796374926236616,14866105937737377354,5004530138297337053,1693558364257784267,595741389028387497,11894291919006534802,5156463405818643724,6256121030337333792,12232771148873410659,10358760042454402342,731211829113199452,3819304632031480221
14008024576081396338,2207547039794118423,4929041548732020714,14090019940530394073,13625186916563550468,8169324983776019691,9911646372178043400,14815280654296829825,4622571562375442622,8449433759568601917,11233552314435902440,1998176112808270413,5054922807744126852,2503229395430255258,6672317541548498047,7574719358689333660,15341308474454248022,15749831574331900891,11438924404248909946,5359184564321040115,4163061229122328241,744484647548411071,5101147235949002703,9222775556886788460
14373908171774944725,704059833398891406,2708746016697870428,17469555607105351781,18062040082738869700,5358141908436300319,13509239741680859687,11341066584174558776,16973177875894045833,18203616773630616190,12607002470225177350,7197185183671629682,98082744174597634,2838196939584857587,14667240473051201200,7096263941490074815,12378135068223068041,5245042723405548620,5324182633165086307,14954601115658595449,6554613570974375663,3200006735272840712,8539658221715057756,15557641224964891488
17541364517734902578,3877357457004563845,3927136911794891245,8574613183006621115,5782886953778223101,16428077169448335841,64039375719355054,6733179868894491222,17264579461676902459,16541269651015668189,17255786379099241123,4699974912663095676,3863778219217317422,172372117270805845,2003561925023588866,14160590232863101302,414494493430045371,4664162445429521416,6774974592078787667,11268312859016482940,8141571436034367199,9276177699631836539,1517718583841171578,394991798739696064
9851617044861453610,9831916722905068943,2325864488841983213,2895636496946654060,15694445577373563371,7760234305399940972,1045688262257540811,2968145517259047614,9087643618839219955,12861100236242466063,6277302809869097756,6638796236694605271,6919925216154661193,13356964006475629338,778259506600588214,13666830495345103015,1893130329864162959,6670610813659027385,12339596410226689828,15308184577101644233,9816924040257887611,1727911537960385542,15225725605752728208,12500589587473900963
4990122749324762338,14210361246454669165,17688558920743180028,14690754833206556242,8872900273816348272,17837000774903266929,1349254895061380299,2165481301165930443,1025506750740694575,16550891380571062651,16079030863455936355,7137069939362416938,17520551892204958005,4243461811737162816,6698941626812978992,13348137109388792333,8945643030951305276,18042753159944664828,75617021935583526,8199376136395974451,16252104576086687981,2124185808535458105,5632515334184360242,14468659778245564449
12167258250853630486,9173800369397670362,16469718431876879348,13314973464197327935,781595511429807719,2901416125396876980,9913271178857717359,14012522865514538968,16881776328846081132,18009618357773176414,14437136057209855441,10855964022163889935,7411647426628807994,10560980028079187242,6128735546131305591,2716454802136140501,12282564882553167932,5542246010197471053,4905900414135552104,8164499778125656746,12388010328191137432,12844577475181145016,16750396458415331587,12323154525732250959
6371383417032018236,6551004911554435097,1920315843346192074,827558378627274830,9617464446247087609,677647730219770507,4778726617058695537,2690464727666676443,17034420440073315334,6528969757540276367,10210317597542023278,14843483460224019357,4195810727800977754,7620408483351641533,1959839475483578767,13329029284810870220,10468116110193357052,18317520759642352802,14002389497469466063,11531921402462279201,13172674013628917198,13089895944439383232,5060495094637666689,15020035702781287198
15153784806249460773,614468089375417380,10695291691331763782,3448539402667419454,6387480831895251149,2222148404906878870,15802338750115577303,7626680376289669757,14463377212578388180,2756837352588521063,5401384212046188016,3081110370036095036,12955334597714522224,9068048817863774061,10325508400989696290,163988001302509101,4318444277448166486,9469808587275020785,17634106616304164655,9762964600126572676,3949612513377578461,6777110689959014414,17293541374580515562,4856774029408866082
17076434051694288842,2275869801095117781,15926951080647207997,17574066978051034410,15635172238756766895,2026710707528547238,13674116592621870003,2584893684996322755,2884697714760379983,14428982101256314394,12764022092836466739,3292267364716904328,7727895605229548636,9840788122943068746,12737662916585087270,3969535628090463745,15594814095390232774,8944652964218596183,522122568513724489,5401886974721408413,9445989209078364388,859830658986399333,6768260619404632640,11547026998485688713
8564234506826524477,7002080327324013803,733717503498847,13543116212649983450,6271894300613063668,10710274339778456593,7991453774404538530,7629387370978836886,5304726052590940557,2368812474256033163,10642748706625171323,3325264160777456356,12926426856009130640,9831755851943672596,6463177397623236119,4082763240376913387,13390497219785693398,13863687107608559651,9557858687136986034,6112621759675682494,15162336893820220275,9088554849580783396,14747714376135138969,5538456647687976125
13645956027645701255,2128005082039441864,9138624004391328675,14492269098936798302,14461718062885021876,11682469237085892996,14512098262234817532,5576080418625364023,14305962385636272573,7543358225770734989,5091826615775591289,1774533911129268112,14957814170020679133,9333409510382807695,17164029759600390367,14958878999154115444,14375905985198351276,5273042266197223943,14201914443663450926,8361367017410156821,12863138916630515523,7309613276160276994,8742720360853175701,5962556311139583323
4618270285315803039,8321137963487227213,4636993613099390162,13254550339490779205,11669442071575712213,4329756840725526654,17001193849069427267,16659580477035072612,9847170226242592764,1864912792101096947,14540936212432944848,17032803939414053881,15145162806299648853,12908513041972012919,15973441423282726495,9182842752875862205,780603911279962004,5986291332940309681,3674335367146437235,11823737551494092746,13029049283826805308,13567733859566021089,2845054231129571184,1430781780579955195
3785747102072762430,8976900510830484425,14166031106577713495,8714223136720358101,9704183371805183925,14651511072827491253,1942596340102560054,4644579692723072140,8251960164892627572,12308343152890569568,16566417021317832213,18142360146122840498,13092676460304373490,7224511052695962741,9510690640873908205,14892742102868764240,7022008888173712245,336826939942802496,17197553643988460284,16334456172409736161,12182869788829583045,12805016453060071014,10257638149713110144,4334948990531306596
13660845077375028726,11365036218302096983,6486006585379824814,1688874216825855614,1578345171760264234,13702124296839469703,16679253297973524432,12439267141898442656,11545358800482182082,15511967878120970700,14969226175279996825,8018718135122203955,11665991370923365503,7077500910238640733,16439409168337296685,10189489226940922769,18010274148927191760,6737377656386939447,3525082092609273631,17036836599442628127,16423462553638858001,2129011379366400425,9339001350386092967,14056140406912189141
16171659312160440968,16562349719325683235,2548502283250777622,15104915660543967629,1306745776190299556,1800152738510295735,15479005414633551767,5291191625648186980,14864219005118715835,7977066580528641661,5555577443152126897,2286131991322884618,2332366690085009686,637049010091063915,16231745873314569594,15787230584794576165,757333075235655016,12505584129723902412,8203364361782772384,405428973283367206,84622774133432748,5538388906484053039,1532306354711348567,9208043359132458276
1007367838099196493,8366967330128055984,9479794969020183601,14887131727144783344,10789939748880859614,17502858482879114708,13141608312978636096,14177589452025764929,5833307387136684469,9843697018843310771,16284700914722885172,4486041922833591070,15203913355466628545,12211602869016102599,6256258282952660326,4294475758095705688,12876305232099614514,6336212079492195543,11348553784265272919,12699567477180097966,914989472341363866,221440759378910934,6197200555872155967,16218463662109486913
15276720569864129263,18346813478570038818,14113156992778889721,1740027421249385670,7747507201944638465,13988720802203795833,10373656294006168073,11132295638406385672,5053879492438438643,2024952450913470852,4031319514920971136,11507584584317247052,1860237829624849685,879527804215513810,12464215122637009583,9370672750033617005,304230746068272438,3355836774046849206,9818426592946945639,4941869834839037351,17757946524103931467,7514131030662392598,17066682203072298820,3596794004377306017
10923714689711512004,17902401038701730750,5948338872459441944,7138388466113290388,15497071106066870900,45466499560106655,13841692916885971693,7401765955105125811,9163603698092228932,7849652703405442031,5503211277950234987,5106596851196442180,13070775461612828219,12822067756456103192,13076598281369790797,3320645628064584538,2465495400389936284,1024587321200652834,15143592731809781411,13135955604419589581,6426208986647192642,5113330671631616193,11159032352043036689,549813254447754380
11399697313405500128,3225516105798305375,7129504007023125738,14337584475058370512,12318952682183234092,16240845388053147308,3041340125262739426,17308933953363758838,13974151393453294367,4671539130970193137,15477369056755351872,3331858964681231680,2109005909313912126,14078911587454512171,3759966831421554872,18028076282458394902,2755558020472492051,11278573138265527806,4551026217584047482,8498730161626941202,8138154934131796967,3144457964028833215,7377454350381739196,10903112392379612704
8990234932943071005,7505211254807989710,10207066275611274221,6766154098386423093,12331735240834708298,12694674665246049698,3770358501562696086,13872944837475872205,16135354015063700235,15835042254745685157,2115676338892504753,13100545057063165065,3985730361817804531,1979651900011003166,3123207660346538205,5384316935723486444,7695829795887985403,2901538181110417644,13427691999709289742,9220017144029750727,2527838401509623099,10236059270775588268,16650933889217641417,4895169527453894582
911385737601712526,5081164273232290356,7645023161832228935,12571614415037546807,2830790304047616775,13268897850307272186,15458113918319932356,7499001420896891342,7234101851410033854,14495265707879966929,12961701664547226934,17928660189020743453,4696850859952726557,9585555516862076235,11683182125775141413,15995080068227448517,5597998325152642203,6648888187182402343,8728442100045692217,15748798732815679800,11701065936882816888,4474269493089055792,11048393556798004736,13328976245370835560
16189011899859695767,8626352250435520647,2076208649691248577,17214441824310116812,1303085090278660381,6248423911433701058,11172012471568298190,7387759097575517554,17826428464978736161,1910393027973351475,5980457846678734083,10330526476010692466,10357150063483949660,2906924499222255085,16244846499358880623,8719818555732562109,14789628536465830289,16409655893721186796,4870459856385851027,3232180791163826537,14739134435576327944,1601456693122037601,10919489305600243873,2767144665855753867
9236244723902176763,13338544244963305354,6832903679820757341,1383774910053789978,5428670913515864654,5589367178767661258,9149957695041757350,8648743135797452024,8629837043088657019,10591306403913504660,11292640966312118408,12587107444256799290,9219905707604905099,1167479628143805731,5831872882064089468,4782639061547601652,14058310089436810752,11589436217643995838,11509962959222685215,16426944868414110287,15340704096878987064,6812989951504759,1470340035918730298,13089174755115458546
17972456707990813862,2214909336111313996,7671308294187915528,2338779883129462005,16253068399728414771,4204910927478763708,5855831393444115037,6255797893302143973,2342823784104494608,8574461529742742539,5557691333176770630,10451189514935554033,7524614619709422113,1609533739061868900,8954396005051190446,16206390224424824250,12512275961383883646,1818442277368276119,8192707429589118652,2149132135409219324,17930940886516974313,2153217460977587599,9794742285040427664,3986313183469235329
15328412206536267332,16626663207053217963,7668528840357157762,3636892329073257403,17731544135167289866,15033818555391794808,5042612963744249200,11284374518662496548,6849865240824792627,16179772501399021452,18176645897458384562,10202302477848005424,10361351440884869563,14772146742965971325,12387914143490534635,2139722193499922146,12901872270243192020,5525807957418681240,8246565623184465541,16798712211230876665,1444615678542930921,1728032758705991239,9887223486790265729,6015626147950841075
9731824978793803561,9814520004918685566,10402479071426560436,13791763768981070770,13941121701783592424,11385919254794672381,7893558280340143219,1641992600859300313,6013817398234460213,10421707970605299524,16727957617182062015,14115528780878985276,9071562159643171264,3642178387734082071,4029318356068071916,13362314962121685026,11333092863001373788,11008782096128455342,13592374744650056558,8726796308101397683,1151641352436695176,12859561973075261367,875863334015774057,3026168151968093682
12785882924945640599,960643579213917090,11602362097416015118,11519362887496798065,16421828073436040985,17647770064390437385,14256368086639784998,12347651385934614817,5210044859308097655,7940043728368698709,17002780460505625941,2881376498927914167,533607398411974992,7133565592784758774,4672406351700405223,13971797976115778894,13112937199035597284,4044213700123861657,928133836095426752,7358882108377749171,7946879950059416758,1811529806994096220,18159336521850151187,8399067029088203795
14911947284641404930,9567590009863079940,7741562988813079088,10739727723450915720,1900693537128891988,3111745520075367336,13769716301250624983,9333931520937674431,12509823706037053515,17939074833141108873,3575696488497859928,5104685465201576462,16649240511360864947,5503947521343237922,12666062049542923818,14235809695940310206,11476160834416419700,7728256973452480778,6019634926853754518,1461009300148371031,5809049893208179758,5476598313867132561,2769554331362438455,8588297495353057843
16838879419168860851,18105083012684473346,7629361792919333218,9411197125670063854,8686038189517303416,5719772706238252759,16486548753499080589,12298495191727112578,8136793353356224355,9286011743257403863,4466777757632748066,8399194203171635111,17905979327832206738,17017826860956760561,4473837498147098058,14872359067397026077,13152274873189778379,5308224298337575200,5959550973255633198,6016268131540845118,1517457087377995303,16908009332540945598,4318868856570751730,8657579179973891435
18139302492204293255,16344943042664566827,6552107195726720844,12245804144956816551,5037669181227528362,15876147351706862143,3226981680125665458,11907903812292621691,5781500542555346081,13426503891100628457,63848027373336552,11993488208310356778,16178128521439326866,15980564856007974722,5021541856702593619,17221516881589744466,17372903640416147645,1014700675063474666,5778885962110895583,6562579481238336148,11962965501500064302,3625419286780442968,4600338110120032419,11809061836457758798
8255712285031926578,6081382076698175548,6861454759183731605,12041525002934744745,3589796062052788235,8248692603683369202,16949561747362687499,16759125757663636427,3304214787647238624,3109501818435236995,8734400547262296894,14644722687784530385,10275620546798533464,2867162769307088978,4116379064434847349,12157276307569234434,13347017147315751648,8745097813170557288,11953414616048427757,7241567862661917715,13090411059629932319,13354132383872951510,13692633223169407853,12656641110618863734
2718330913866323966,277031655220330901,8909369997099655118,14527269589745042202,16311144102580689587,8964252532478057477,17773225449826541492,14593378107645423670,1733272050280672159,655177386554678357,7660935598070351019,8972047265495082659,575976607729515796,4531741260043040383,2659220905537000539,13121264499621676311,196979326380394355,11686953612848992573,11230088534284327317,12577361858493913419,15041117644028290204,15039037029268758208,5047609180875764924,3670214895865996958
10911368817753724988,5923983572317082112,14944066411349910694,11354350037598765716,1918221640226721453,16743763839097296790,2432113461975766824,16766534547524882087,737830306994335436,4770491334318722701,1268116673154009593,7182720180497466086,2951098386264253486,16664399875607534685,7932702040681120601,10031469991574624201,17729773510535520297,69575489400334321,6355007396600504148,13618891256011755612,11115306510706740164,10147730109933298071,6761942237008658827,15889149179998280556
5040586279602416469,6498148115342162992,1334268603499054491,17150231398357691554,15852667525300058962,9164864746468265099,4063061756846006847,6891771543165062821,6630916080143327428,9820148231283136527,4767080551517973767,9066083691423780014,3478681991477225974,6091728899133111403,15179693090585538553,11716990457425710797,17892632815815174393,18443929443222952794,226755229175281477,4030001050326867232,4124221372592711154,16668603448977914901,6103616204087130646,13473637356947138862
12438256303143785547,14169411254787327874,14393111895898901115,5680861103136123476,15338569360125650408,8728923944593308137,11328338961186945688,12312297434222416663,917318720100141842,222007682182904538,7421703291595352224,15252235207286675585,3229728227635217340,14819268605463832547,13852604738023002110,3254580364083402583,18200827268197207849,15800348606042257321,11885684854457714530,7687444019255315633,16456562895818843571,7037947983329029232,7847039113312639874,8576672273242015366
2112052025672297157,97191443861398491,6238597236150321441,1427893140624081521,2899497523704866084,12635256785041223261,17294905983399098003,252099173325957840,8907007072798608468,6219725105611871550,5195075724998003459,14915686391846209834,6843889915467571666,15638263143641358556,15840394513290609630,10003489983236183652,5385655667753537831,8398383650966408174,7675314241703667714,8819704752948252415,2474146656418419195,12665954599797018327,7323447845731111091,5038652654462875779
5525700396755580294,12880950114544263560,17107559582504662912,17373933096259273983,15953679104475657874,14843613066086884693,17630076485722816600,5281598140207732984,14244063121367003498,2358787947868786753,10679534726147498992,13805549893612332145,9871070084378797564,13690032032718571678,13143338158245502570,12520064775326007465,11281994227405383827,6424739079322546158,17169167717864143392,17494878259580195200,15844605626889937733,10693239281489642928,6476457114374531309,12360933608755219627
3445746426680677869,14584175266190798274,14383398446925310662,10303979215411237393,6066167161497491568,3712329494453173177,6954619546942569560,4892404626959114644,10634751032590797346,3701442716388448734,9238732533069068165,1192823368725017735,7671573941871875075,17749474873527364171,12778611350042544327,10849933910741746873,11662183256810375512,7948614926616489418,12150137744601996943,14859246736867287472,4167429598093625365,1376477978013408573,14560281937396390617,14618674609071393947
5439316683261684068,9659180405162409612,12281443099289302435,2582300009266866456,3357141431644172710,1493699241739882472,15489097013583659804,1842444475453262782,9491638505266793508,11629483924804304093,14853910144513644923,2309392704470602189,12340317774977950131,2193294725685797528,9520676347732569167,18364829121919386697,421562499772122207,2074106765562264131,17880820621846557973,14596551940826371682,3029988408508117908,4912497870312000692,13144210829457693431,16586211176189994179
1755479975482634733,1294748216381281895,535207128196612168,6692973380395557446,11527013336984346777,5495463065307494755,14641238355583096954,4219350099915297043,8321740151024607267,8137623028960084882,12620870481189645631,5339875752910975582,1077407751077530520,8530598826708098052,1377558581132746897,18331934475107247052,11210045378383680933,9429160442495896071,17096424701577367828,2331389754254106330,14078512750287231892,6117384054740575531,16459995945529574058,4225655755866275857
10826097814180169646,12209022900557473304,11260902924371539113,8012784916035736837,14345265450187994007,18094013543060817496,7962553383874908864,5481412260663724563,16348077448685919329,16664130123321398243,10604002014730373502,10730664363379681699,13121377151823809349,6950421968819311800,3338897529395742454,11952178154575940334,10246691035789373850,297241061959104214,5703122063800440811,12812484582934320272,13705529225873350542,7108623548047484024,16326593728086094833,7981205172431796861
2624083072489765053,13466050238772779808,10753326917974022260,7510661812495291691,6821984306676591831,13465987180521806612,4392762167546018427,17995976030300618247,6630673826546612000,16192474396890906057,6343638292390355787,10203922688536817785,524793705658648581,3653581937735014621,2316659912910153154,8562093340396482766,14374223704635881267,4840403220018057671,7378986367220179423,4018284468724606849,1073412617156505482,7836785058897028626,1408475815403468977,15758562680303707206
18263933386643996045,2143055586657216363,14646800007034626118,10896991319589414419,11523330809828311296,9455055278745587719,3048090667117626210,2429998533208660003,17922093582053788971,13262940457856496279,17870023146688456363,13549278876788609839,7860461436125359511,14370138723956593497,17568734609887498809,9237821645826504458,7627601836449675694,12186794945517174629,2719408045351646066,16944545264698316422,1763553277942336801,4718742234168395823,1416788003467561270,13054715170454564373
10391509677779425427,14627227263492406004,2079469682738346943,11839673013638667631,17627032596289204142,5208357099522709041,5360956285508539526,7824469976336726014,13601391271584335034,12750848322154097007,12637566916930229039,13556548350813043525,15388215459971859061,2170644386605008973,13095512804185847598,7480544654586426784,5498383926114178158,11842950216160605609,10471740707940637745,9764169136891625700,14573960379913702203,16712303094593007236,2643695760434194579,1621779698725757362
5803631125965107889,3403211448152617027,5563455129836526288,11385476058910542687,17057811052328247609,9861552889656799649,17912379417483115026,12050860982337340547,1204598186487749469,13127485338249213629,197957111571830559,2742455720543317037,8332453677938247727,8904111314290127396,2127322148110539483,16450451877201284643,8926764031358985957,9882628118421336692,2816406720955481518,13394269657322852276,16666972740342382076,16466680195348276306,17059698697788287427,3210309267707893661
18070357255065910731,9632444703375538247,5400031624809853036,11914749191832547042,11321445210237890292,10025461398015614957,915920810846111791,3887511665686483729,18186885667371277889,7287468145919330534,4239520567245944000,6916922055257506064,5033288525806717763,16886247971102501780,5942981813594579633,16718087804555775580,17705240925570654305,12346819545214397863,510952697740728215,10173357698442463913,12440752638193281534,7219045883681376417,7977004903468996778,11415817911225002238
2054081563622714892,7581377708194203040,5858228488489127449,987084490371258326,10821384250565267072,9385789544845707944,4705522282240228835,9606119656573432053,7909504535593668136,12503520136077685362,7092276161864627172,10813512608350128756,13767000440391935257,1003036811595471121,1280324800371034847,12053266105120973967,11301544064654528167,16865982292867045214,9757022121571089867,5009944963052589931,621005554116262377,17247637358283589271,1593864395246942263,8464371811959085736
6220921929670516769,10193780991907923114,11729539686943483127,5034507068863636034,18143553039870463485,799285258625476560,17261675220675191006,15023323216984354148,293364842991742636,2395719388732062634,15154688780550161173,18332415096289376556,10483258669273876538,5538585519039990162,15792051821740043097,14500912339818324415,711859442137374963,5856763566638861607,10121493033620753751,9362010747499521233,1793742701085492415,17524764896981743409,10863127509969494197,10460924165161394126
10064137675825160374,15112294962653229733,2351780666436097903,12399655398680205484,694683595372797798,11583927893883939334,16353810789180559032,15017995206248935856,16133880151707188634,1550896944756492080,1530771280797922457,6279172937558924156,15916811557138237873,58527749391580686,11263613645419626609,1973480613371932437,10811535037883397648,15113129964389319176,14217455955674764951,8890585924860552928,12117707148508133581,2383571072552061540,7655135255153470841,8479891580406596659
16831150047924729824,13042256028852122931,2530170012661308553,13067883898913395828,16665379521930732966,12941648736745025132,5400421176814181894,11318045072406005458,5745957981381175902,6339769539425968825,6307553777271659084,5043812650010873533,18408701851884574087,737838004824942406,1481266524189764180,2240758598356188674,16501265239944908095,9041124207955219929,10243521388991293976,16242296380405814282,5783747689778858596,2422044914475253419,9421339064057872156,14194281038666543255
17638722872247202443,11956299172644556968,5255226910759095442,16571642570046026005,12169647768202868718,6234840178697445249,3425767625996616911,3568317048906980158,13866084830834313961,5013897107424582860,377945893145512864,13001793805031726914,10090612086253745251,14324993648340482448,14395628364870262961,9116962179033127462,17461149778779922654,6400583411965876526,9206188750563275256,8057475076630968013,53435101362539998,11305447380556983179,9819807211484461074,16733293774168657502
13285772076899020724,11254850218154861830,15543953504264004002,8516539408469071241,16657028117744893054,12278611015021006672,11801276662948242120,10586300112657569424,4883401898959979242,1756840581107245752,4562997606885279333,3934781840375018976,16995042177058079891,15140387338605778082,12128694966828596355,12361268732515162619,13711924100245180507,987923639949065685,16458333767498599281,11906189804539278459,15837782182658832079,736131008980391488,15482153822534764613,17993473179449031952
8751074318614178353,12631960839438777533,17169178349580001486,3485275545220876976,4366220996717471181,5724097179403740071,17610092588558033431,10907894783720874765,4850822497675216316,16771654550975932544,17196250477320482196,742061908622794354,10910598506345909750,5132023957824663796,7412646431543388819,5904079495564013925,8571429043779165335,6799799113036658630,14989468501094319327,10775711854317106563,16050261698493900474,16722289196249194000,3224175586591228868,13214838227109862284
5004296674511504271,4428286069076269660,13272600595834905538,3160862899914304533,10117427539732829029,15558523020391319362,17538447002521625241,15213276643675987105,13007880047886160252,7390095704174934884,2129820676923389610,15804546652822791011,16249555347333976360,12961657068169154914,11067001327847750813,9574836498648197672,613382785458754691,1415437847719253616,7337674537536558791,8633546459442029360,2053897746070965263,10483417885099909152,8510189605333619627,8913290010102746995
13379880107358550662,9530413096734620786,17021434463843553925,15048991248047086586,10278164654755845078,3642473692470495786,6914811089748083860,6942106250831093043,11529102329617365892,11475368387188246438,5906992277226195316,15983357146803830513,10758045566825526192,9088148715001091027,1125902847070781641,3601722188426412797,15328883839946294137,4277365363912911886,5741151554976808297,5298286459585982166,17038601208953583842,2976335886958286684,6359918837598373569,8823471343624305975
11832503204962560195,14489828526098368539,1270077569265943798,11909893930928832338,8558039896649129542,5044875570128613893,314536781309477324,18214434155873973857,599892787576988737,15272460954542188577,11188279637102977314,10514531747534991378,7705001268988209305,3827177679552280629,4206946144967504250,9067323981777390365,7065634508130876769,5364902391774025983,18285016649847901549,18053754590088863564,7259527951874757562,6752692622645075946,14835946195167201854,17974231810693793252
15185172315467606317,8655554925783881652,1206686018375612980,18294364972163770792,2360747780049735968,16885779584222575514,1999328288887917812,11940299208799682898,12883217867578934923,7905071159015955979,8569449743532879974,338817904017578278,15263298239121627230,5607900646666106232,12391677305822304306,9604549131936104783,1920437774005840308,14392875927423336994,9526024403350958040,11617567328781091767,16478949591822733835,6077273561570666328,9727837267782110703,7855632965408528100
6831644427646072040,2943887485621963708,1831701010841137517,9750536820364120550,13329340971588442439,1435122790110889390,18006389571594280004,8047927886651193114,6165633837302153255,17624470408110437157,657228559551781034,14494475854327698104,2361600864070114374,13024010501122628144,11932060420657660516,1321025386104464836,11821146099723664457,4683257984874125274,2887863955968240756,6181892665679405066,15982992029409480900,14084684067996682991,16672502422520831368,13213398549703629558
18057575661095868099,5201467420054313839,11600329909521409885,6415622585980091101,9333115802660115624,4770370210077606461,7553073642448971875,4412929201903759269,16150106477514808230,8914730754184861068,3744251861341084419,11201413018751188141,11330105275771818237,11853352019137647396,10374835111191878365,4556407039897636481,14256407588525033734,6082676830660242336,4079832098978995201,12864204949254494387,4021393964768273082,5304029041179208894,15656813809125794292,2332396739443925059
13120814697167652087,16259267108750450749,5391926554480567162,15075681934512735539,13366607100614383970,4589672724177560703,16289055662787239998,5291372193772966835,4734166109959247781,7220416982356373499,10153411291549087707,12477811104259899226,5520686969868674683,5682785494823711325,8614987406603536966,10902180882289408426,1210997144432806555,4517489135968522341,16551135982572268079,14173406868856906466,5451737748353128755,11229009786825447812,9317265727899759753,9589647428643781491
400172162517317193,18174861771926321136,13813730355889403069,17057462218874517903,8029214726849529704,6126819133542140754,10739522089868902452,7700335542657083447,15467026082951394738,5122651304363220031,5550242650661205686,14584033620657937266,4696733661347712734,10626458921046863787,1430607851082922688,159357245976956139,11436695553347480326,3285460736176176889,5607513070367406634,14597179954197236581,1472936787093023627,15872707359650805840,4724817912153465944,1209291048831617760
10454294031754830185,3461706582773081582,12488844635076739144,15019937054559940895,17667123638556748897,15586016164976984680,9100334663469871952,3653395002268988434,9139684138114988455,1458772701043830142,2025996866752764987,624166002684022253,12909662362339240124,16431038908591343394,1516500313201044190,2366343441440075480,2583283330181709453,9280979621142045089,16835542519352468010,13445487931287637411,12411533153044207325,15761723783514308358,2904713183628793434,14649018296574095331
9957171549310620758,15619356602751786730,5910024863250086839,11943981405411548042,6201773921877436713,475549075665189733,6163483960851498049,7942124362119282590,6485575187049713510,17609826634860976996,897294457766459151,8467133299296593980,17903707305469828658,13441224993466318251,14319340549247806685,1475458621592212310,2532126678964766523,7734678896638646295,16867367296973935664,14398092192284594489,2669950447714308567,7035285916939950053,5508751687650800816,7321747275255913356
11150956014200851986,12186304908091278481,4889609527989482094,12169519906977731066,16364584415909709763,13084751455064483377,3744985006091004868,13690479507932652028,14997477150347913002,8435753349605935914,6059148177729715843,2290234151243024505,14317570475831350517,18038233098302275380,16466545964126081908,10669024820043105043,7734326644507041302,3865361546070213209,1411514391896964535,13181018627922664312,12911100810513626194,7620916343662170162,1844873128630159969,5881055085858050215
12084934905200116487,383564219651583746,6290573083278264478,8891923342695574594,12659004940559486514,13473750087928512568,14813821538346134004,5230286235909634386,1671102189124440604,15802484374183042329,17669176139723378047,6610284010479454781,2596169755886489171,16476809490470010442,7114736292619267018,15855442894810716715,17837610744879384437,1066754257840882762,9629338718619395932,14113818382929195945,5916405908378100769,17138526137574046931,2252259354916568754,466035243018155846
2380613816159281279,5356436709495016618,18428742940512105232,10400859833483555564,4927925227208605694,17731872541784414115,16485570148729655503,8035575955922580562,11000483739670346005,17271411427228768817,14256488077497777800,10909679915233943270,17959913467439825720,3115736313329208287,13010781204715288987,1121418417058234426,10097207188257684082,16769725441825403109,13164470792886948004,8614871636373036310,7346491358334418174,10208893619678484839,15957293412864479121,6035183557151043671
2389406991293410638,15374451168571501086,11787880934111221367,11101200825657358694,7706971312010716418,9247098475224978132,1245062503912952006,6553839350412189183,3184868973121278458,6266378412474060744,14868670945959333240,3532879033067035989,2825870656906121181,3451094770392853886,1153847235537798907,11570729124656220371,9303368412697638165,17053109656653266456,10537390663453875996,1427983268701304640,16032940436787863675,14325594267822083757,9664768837117145959,181093760749318876
617119688543376046,11836093296536070989,894734557368490822,17862980644336503990,9374673371350566248,6003718985880807909,4974205644336404455,11928805910983206075,14911378777284508979,11740619657305204097,10964451750632820012,6882184430867423102,211442915380666678,7475914497980074741,819108118071433421,14817396087311412242,2045986376847416165,12795644160102234491,16132151283685192885,14407521206594780969,13962885083707632074,17422935135955177674,1484181900873843278,17304473303778598333
8187159104767981831,724943564615818604,14828031491333336316,13935122109439717175,12167023432000695676,14745447191368401922,13948920151235276824,13154143754552644656,5733821056054088861,3451045069583143673,9192827438721557042,18059595391725416977,5471477389220144854,15072011251132683547,14119416628217001260,1348725872387915855,12700257200182512661,8260277987418982850,570558352118064783,15612643976721467833,274149938995886735,14135068475814184811,12156314830343127478,11802633013616268704
17456967325000718475,16970641598654481456,9227217318707640533,14322492508140524668,10200918371815365965,14762794484361574894,11715385443918409349,10610235504197196883,6131528491815998664,14219306327974547996,11359181909582447128,3591393028407384419,12031898996033893873,1153591373295291366,18359005088138484207,6046189308004046985,16626288772321646941,2287470049608097064,5560200257408705334,14415181727364554000,3439205596574605672,13790530890698897081,9392137620032743958,2376197269864226472
17809080696476538700,13404348792918292845,1294590762269933892,70432144672831246,4876026520304559578,5407195034289401879,4276369500224447071,2845056015057483835,6596411248682440502,4337082563124959634,10022059648465122272,7595087834873214708,2684247560149910218,1273997786618853094,6390724097670195554,15080298472362155122,14781732759029456693,1377207860963512402,16087099225594429836,562791942285418194,4378835280845638467,1245835101532471190,5905985168778427957,2670472723750598864
7074482559379631144,7607154142976466407,17697459089052298222,7323674209104052738,11030218164657607743,3965855432522634593,11648679033733479148,13156762802394459999,4555253437907534024,17319556213104465098,7774633620144669150,871897791600897788,8183137453927864910,11496682530928707254,15550684465337658501,1975534702441020173,10117456108444004020,5435124130009254504,6593157094684656450,14682459915399893358,10372670499450145682,8553443610926244556,10086237746609266964,10317995654668524071
14294491984361644006,7679488340575958476,10654579923693370770,2048311148405085566,4309479625710709403,243338939887633180,10578254836868349423,16274152470309258243,14042544673950731601,9477319471161626116,11213304431229447821,9608375000390572946,3457802692043548317,5618284892873574195,13425427603371549299,7059977421059244155,4652564138608775644,1234944260079892269,8439828769806801444,12823488901975550210,8258379909004622853,9663052087515989528,13403047635980175532,15090529525773144058
4710440629691694365,16251090629616943558,12255627359867395346,8561259215788634110,1123703544316215233,14100545521555914850,9726608422051583311,550565303844212457,5159598605663600353,3608878279996018896,18179412564567523174,4307425023066309674,14666285706189648405,9756981935416836293,1845809734462968154,6786323204704506328,2613419645585884215,1524869739664012058,14843718733579763021,5003296201650810704,2153262022505593561,7727459284670123396,1938035742693997226,4282314956612823901
13497865296716291789,11267845662459576978,16449596492985202409,11372241088032361541,5293433623197567219,7899348608388732027,8628876834782056444,7107970982157973572,16927480798261941969,4877945424002042386,12393776161676676117,7682485346155605921,6303216215895117126,3372963612005103397,12927966995608309562,10342047716183312857,7044016952261872473,12975305122561118444,12339749447453918798,2306566060970451412,17004694169791356906,2186638585387411886,1131794000249613394,3721271581799338483
5598072210929616675,16118475958840717857,6977965943408285357,5562074651185691021,10052211732910385002,10867762829993559391,2450549354932381022,5662011777897814752,5582380583424126761,9368222443682034624,3780879106100122146,17329803759464643187,11804874592520992089,4357420745468757063,654760188432820392,7851446477183678902,243324740714197668,18198014675801470581,839653200866373370,11580297755043474288,16001956844089867659,7491964679249651815,9026200075116650458,9068654504128479211
12358166899287545815,11448609722393532016,17856371938264242616,9969417358751762588,5861336628148017119,10771748905211043224,9780383524971279535,5976837781762958122,7458787176877976710,14376082730157182627,6959992427008499545,783896203406579464,12138824198481820480,5662403231791110136,15776866343451481226,922594012914339379,17659344840210511954,16646226313671762944,7741195528743052758,8569531679123591569,4973412606409223944,13430446268109991522,7801490525071342521,5666788765021233797
18306071250568029956,2378010313065317557,3825784848373578235,10834788420659841287,9545169951052336253,556263791062748232,16762209316592413337,4493771829385920714,3425117915295448005,3505484774792964774,5112277272494398359,8239645290077986388,9175078606047820592,2299239794898017423,9032236237058960235,2019333686401768287,7547422011368642278,9734628790636653904,7348673028969761166,2974954435358880733,8674168669873119581,17372296418963876747,2233862253901287507,1467270072333158271
17461747164607276465,15789051106939521452,1768439875689546529,9239454137228969220,5321316639151099798,5029599942528105398,13922343603442336234,17941287439016673132,11580844449338884525,1256543896985431122,14708437428208951693,3884314228785221726,3455106260282582810,8339960152083572762,667485847397599880,4746239064874006802,1080464643937791515,507749793737219809,18032868645856871246,8992288269258148387,3855552491803457194,13726135923114201561,8081364902934479220,4089979304397156526
11516275493393929195,3176051919295751408,1622897651931588611,7889879877180519787,12571375800226472463,15750070817579137393,1912170525593732915,14936671945077252013,8902848970271011014,15912295977208514633,1605709027853084985,8924135482662962483,2218788893988750702,8537055830575310373,8070340912028573148,12881259566600697966,12346675681341269175,3602266812167233908,2798354823634989699,14986542775472574345,5966502764652450591,4316328129925513494,491864717795911336,4877940006886333400
7739928360760610691,3601175694180589201,4709146322978162680,8618819557389814653,16970980443619999249,5555334198496327569,15569240888821660319,14092813108616221395,17861356235283412116,1521732945167043955,17698663080048892535,53661706348967569,17014126521271856794,15603819736060733072,11045107640382049639,18260389843891158213,9302282492748474414,16967294407273016895,3300932656305075416,13470270350520768922,9457746384985204976,15220604194331981994,8746076753214117872,13920139491425131679
11250348511814271271,18050062594629361345,10258925228494460588,10454303342804692652,15240129785093397441,3815496782486064058,7434631267062993081,4964486433125072153,3743587090726242994,3991998699293778834,2829656632498500710,10258112298629879135,6739315716006618456,15278454595610950185,8913748535341911428,17573502297104165931,6402346095782060098,8158312840543107681,1200306719327361805,17454901881325579496,9402350627488848169,14960025917259774045,12675972236704375175,6580628674651468248
13364237238819829163,2964739086989726540,17984697923646725759,11749932556032948335,7857812586221160453,3028950674573446977,17187517561873137900,1848592791655477118,15638157490804367197,16175496684831388771,886917116137792758,16735544219347227810,10080628668542357726,4999825132815050225,7020407050366253881,17792840285785138657,8184576421523759143,18194569529351992382,13476408153439752189,13385582690684217110,14537504266091991691,6230399094549767773,5125343322743400728,2693399962134655858
2719718128291316875,5168146307597506752,17574483946422134761,9190392372122564107,7905023102833502793,4806749474014338382,2006615276483171518,15718851842434316499,12017572403847168415,10880977613223727731,950958166925347643,8325224300400978641,16590838740650942120,14889976370845066242,9955747115549844682,1832116993433098275,10575732477621931803,11331861210200906670,15081258766272610127,15839125934629530360,12028665373064051391,3424793819350837239,8176448227230347517,13821316010632503824
12245907325968159823,6284323307850215953,11658941515820003118,3324942074579516858,2308693300171182246,16694658735051803063,2421878846158547357,11412553702639816135,11192472255873023272,13785317312363260138,18044242472088479766,455364287485302882,11483527704028732684,11643074661788518793,1918635517514849441,7527610371267341890,9454624327331515520,7835767662997461114,10853415049397179123,4476847079395189217,11657379721578891387,5310006059582716716,6486855637150450520,14838194895374598731
10948925840210764787,5995802057471749001,8935834374425186292,10852684801905373525,8512628523624769399,7126257073425357960,6265576943874615131,7801183595947150609,7722302337013082243,4136005389586064618,974447280843789771,15944356327201523744,5319204017353990827,3299875807452236239,16993820719281961535,7725758763124608197,13812506050119343260,5918293636272097961,885403644316305987,2167483167836245198,7290415000714223351,9623043808979497189,16734741485777371956,9699231844327760493
14684382941828928699,3496659637647993014,7474052262072674492,12106057834188352912,3816637410535162683,13484589539727419635,8202869501655376732,6699902917675387803,12769134486742089409,8157670926282890235,16765663650132788069,17443541571207717151,17957632060304653203,18184065156268412156,208176276887335761,16724580003916834104,3223452223473685920,18093456136326943871,12849922033838779957,8688882747257363087,5524959697532942607,2294205851449581633,11386788694906109217,685164154117623462
17306899334725379077,11471729360323126209,4858358349146066408,12097939590792832316,8374108196109198539,18248307713843586537,1858636576179381607,8278444690785672831,17241684266033339015,2083084484905259984,13968438966319399731,15892336211271623729,7427183430013659409,13532591441272068279,8734734464090272021,10321073437504050256,9481365288941393102,10150177265282087574,1555389183789098498,11792936137967679824,539553152427747610,16378085679394697927,17668287227027985051,17517981396787470291
17279853609147813721,2373941470670825524,11627606446204676451,7246286790795255,18056653883137163450,17494624648151290974,4533653687534897849,7951517931126439420,12998556655110671654,8658368097123396243,1290348062889971873,5706832049617534528,7459398749186009272,1820220816993301928,4066800206977887364,941885693970299571,12862046521984732864,7089220620750321631,18389870346287235715,11260450232368801473,13545632641024945333,2081239146943082945,717165855113297372,12197399031617775013
10874814471860291306,4626147360468958464,12574697409104831652,1788367853270229001,4935805239096143498,2383225140131513798,17259273026362758368,5386851012145340256,11998911646203787057,15804246132925766184,2607442660285241219,6031225008123681078,9422896752687380173,12886305819039346353,17556934125178332467,17632353571524488451,18322999741405202631,14596960633139943070,3323944514112510204,6872344684955222602,4367195507033601708,3247863616606966320,11763604551977349515,18274616505822409781
4247149458544147060,9700235382552956255,483602600852472109,6881925112950345776,4481345441163516951,9446635368416417692,16155709689688946018,16263985284430127288,11537835500027946530,1028396455617784684,14077494316745545484,10196511756905863364,10888132071376163301,724726891037296168,582963176815630098,1368542134571776231,17605390275906037559,11547128005338005371,17650785089984742979,2848437182917435429,1596879726131233480,13786373492783142655,3865380770207563363,17466811628676747585
14413833981776670611,8693787551484747235,13270298216722148172,4811017348052788226,2108408807281919566,8361553072510224205,6411901733668320981,12849525281550580488,5418916121365985935,5733826648795134050,8620720579574457497,1064101996687074939,1337398908447544684,10375078307037777055,12701005883229350308,12837259076671221934,17213144720343632061,5034757488464225816,2564855138237511994,1313592480457055346,5994540903181997254,2723282939691904008,17635381632215161681,11019214256346761282
10777061289754382675,12093503636278193913,8299123897385228947,3726783224848760475,11250663826833532803,865715377188950602,16099992240718182062,3609650655298004534,4224656700954513867,1864806557524206595,10794033272430553454,14474382767261314964,9938418402678081965,15530062676984733478,14086454152025599326,15336234506374307464,2872040627608291137,4476358325150714460,2318144497225687410,865400824032759215,13647464015048127543,16407302461027466717,1780640964335763685,4908121376934261675
11566338687981376953,1466505562898986731,14723382977265024716,1080105100953837367,16682164797446406806,7690991309764567648,1396438245788374821,13109822046167157215,2882842789489106342,7912484650451164291,1089317832644061950,8976368649796363079,2887626247200639388,10938871832513490840,12597283101903270475,11069629491584902844,1240851937091638468,15941316727622728116,14766448454688258791,356522915852848734,14134937229318972511,9291070875354769656,3240444361133221834,8216193961199367091
5170802083692363203,7835070581175226039,5152053320737962517,9226614936000271383,12777182521533253501,3697070782588247638,18119790894994514340,13787377079485612478,17370153591300237131,2143148920229588296,11623261024365883104,15334330156856432035,1309230412007748662,12983247902122762931,11320468407200686074,16191012986754755180,15635598072562530244,172768363417598495,6685877269975551376,15581837283499093231,8365470508706320778,16004528303240384958,9812979450542637461,1986681988001597417
4741115447843700893,12624396786497550483,16251027831205613664,15088373226998847514,2990683336548063646,9696425404102964794,1282830256587133137,16140867119918169218,4184735612570616048,18378420216164323460,4703289420489641191,8738319695812651803,2412057763542011653,10221862852906721175,14509060911785352757,11601984947205012340,7589195118041522680,2895914942382995381,11103837390913652584,12820107535256083231,13492184269582192193,14329975954234894597,8103838332362727711,2131188219818261351
7561366808534650116,4316169473757335682,5090122079449811511,5166969246313282132,18304315753703142658,7650073658063630423,15457702983321263692,879209111296984720,38047713564891626,2218076871953325557,1652531723909084893,3934905342634381871,15047103782457623940,17638539244219942432,4426161942186344270,18287510423941313266,4916008205064106579,4772616966003805771,9263950011991432281,18327842789227336194,17701264734771103215,17761835606430391340,13719025906895510144,2512457493593683924
8801297663111875850,7132431047652020641,4601246491286144311,18251865368334416242,1526551308964138913,11566281527077987082,13372507513186135217,8042961600286571707,16826839042624591128,5813703950292809369,18297766794777815371,4031344617174195516,15691756276079645354,15126685299273910305,6129337935808208207,14992753691537711468,6945442043811078693,2127005983590220710,7865039208886638611,5439943252992247848,5494451573797565078,15959721276781887915,2917965505361399153,4559192147902079758
5668556900726956236,16073908797897353329,11214199820024054419,8475868139446784673,14469060551943657976,4531549879219252334,15147679143087512849,7842717517946319154,3720470994940478839,2538326151121880729,8133186648457906061,5417346701179143200,5325179747737133103,13954072160357031710,16489359615762159185,6689317042899993496,17442074185683048131,12767697286590424791,17163587866821196923,13957627917503019974,387336742385395723,11011610875762396578,7960582654523169378,8462949984508191795
8910309496596099213,168586882635903887,7068583238579953429,16975254545475395904,11871742042185293805,7798995323521378863,18036095718350168697,9741017833901182542,17176096069709749055,16242476031048078984,7577631564211479720,6430541987472563612,11512279466614537478,12539914032349932681,5335283337793530173,569231016731993454,17059916715096194114,10616213799776239412,17588630538823870599,18375276718900160984,8175789125924394571,11276372246671390583,14938142439130569920,131902053914102032
13145197053110181195,16764851962979854748,1594127133646004345,1207785155464124259,14510638885577297352,1485753516853468055,4877758193330184362,63328097253245676,4173468085651066547,9654782385780147351,3092809261877411697,17198924250578089692,13925756955962160415,7692220730638502390,3222707294610878054,3167427663773506820,1276719454182625931,4452775103446131154,15689094355371402570,15274283362982256156,10475177832676664251,2745193315251585332,5105834323255373403,13707246457989775593
17364140587629432926,10623566340720926408,16534229525096046526,5046589153923307490,2502219762675289675,17702164863825033530,14353975822868867795,15229894964932752155,14057576270114932991,3515052783768313621,16829974448079205164,16786620540207360662,600670252318444211,17317218789913289278,1053348035118173324,16089918249221933090,3576979528154620939,11873826632431682178,6677064984798165237,14216789552473574554,15283354440994105102,11613520893399776275,5170353490435409286,13204596999906734609
10771228751380335223,7423565462567052778,6502825055961038092,16666427270401404892,887749215510550416,5354098875896727129,13055247052492029844,1647006535857902650,9632519817123156868,14045668282504396396,7562231360273784421,2228544476078305362,534823576984441316,12099521221193269987,11052072834045864674,15829582584410493486,5405011045508701422,378283531209450467,3031999704181833354,17216770188185191495,1677285371283751580,7498315089766704684,10806612151803244164,10700860423900061306
11647290124074253377,13702313492970718957,371902385945472074,3164654491080333183,4290809606223115959,4621499680706318170,4719339279389341389,16200700580681841320,18145151677888180875,7417422319007994589,1933102807825208329,17498744027957797933,11989754865965561299,10863477962689477272,6100602387595300923,15378493006010454571,1643935299177809571,3520586026880539547,15887875237730860929,222860484063150838,17908548084585525586,7775108082468411170,12626257831591906562,8126618465588549974
13536621697005438860,1648369865853107431,15522183178486401378,13230256538549822051,11545368989011480494,13947749019558001865,6607446178745538725,16525452801697311164,3228737425366160283,18273941019479708135,13669725136648976736,10557955074900572870,14943404097040988012,340358034809430947,8993765312019452588,12739523094553054473,12104237720362894309,11405692875320798419,15360313816216028321,11084748494707100800,309455620538034754,11204482693306010022,15573479558568408898,6979826644519415684
4193451825779674207,7362380808010742982,11053925707021355320,13776314343087417856,12359692348374616185,2503568483393800865,3912400938179261281,10572049148104390670,16848283713627812866,15822329539868388912,924739018603899215,8324756291396685030,4263543712812818684,6973742394933645872,7198751028090693868,14864026065541059651,8217070697690541295,9832208845663288743,5256899487025719755,11163859355226416661,9803390066367406054,1468509372843134134,688191065101531558,15215667326625056747
3431090297145577063,1519636051453169064,12113160728558263144,7975994932888837069,8487840971800145714,3401292780121881209,1675574232587547392,16266265025229136524,15014820690964345138,7626557677183913129,4253002345311964498,2324083380299242612,3486617139319531218,6741812058275369194,2181359745169066386,13799044681393281453,1893674224939701536,12473303245463271010,8291711394291614336,3116166604592917790,8748775315382462378,3662309809277894565,17021220294391768437,5619489542442453831
17264320174273391944,14386359394003294432,10844796335617797419,6595757962515278067,7698006760195811818,1888563954413343132,3886466758880243612,5831690817066376464,7164014010519926926,8102714932853765113,12464989670234251471,17152842497928048573,5257897216726002890,12657703177723743086,17312472411227655188,4995430689936440795,11772395524342722979,3821035379285142245,1655105723303343750,88431598448991575,15337505030161225860,7589509245921181371,16384097788301965780,8163621768584995999
6131342236073747440,6060059286216785914,3041777256870216907,12095917826411968525,17924634143234940101,10651271916456656720,12185665395500830826,5395918315296570051,11900606441242215705,1987898120709834572,16454978373071684350,11972789790081815291,1598099344771552909,6362739169785535651,14963067714112479953,10214661353553584548,9950335766113160389,14095492894926642617,1079491723826167363,13001463695000032051,10341076663208226640,2562299431722632248,11389456528271778529,2908983888115967219
7601372250805137652,15913223945842880187,4039427635395389197,15871265293780146509,6362594446763591479,17160240388747770499,8998666130654184283,10626616142532513670,16283845814690747500,7232017563471292054,5754896597459684496,17143017447984265125,444593484750201946,6669546667156017579,3536355819141982221,15357374372943711429,7672156583249426313,18412667688077116085,3227120050526064672,13765617761252812437,5468667842152210697,9060826416446724927,975248299308613378,13413798754769345997
13932773416530455378,14840611108362202760,18360360409350545837,9076910712456907300,10505103261440257287,5953183892451542396,6314747427907870072,8584131723622096087,15386497051186104518,5678663193537006647,4014511077130973404,5162094723582704143,5897270057020198668,17722197199989434545,6023519005462856030,12071622323632695944,10498282506184660945,17014136341192564697,891091914217962524,15051522877913013952,9172176930502742540,2867746781338859329,15948896077250802541,11466199524084140123
8031858788219700294,16337039406468884997,2158016216386531020,4669694547710595363,14081414268695956199,2433700023633727950,109908066352593245,12876356937261505584,5759484983465760333,8191262880150530658,3086119468890358210,3682522419092076616,7135344143288206631,5530896519608107538,18400260982295518394,487226633407366350,882025351937898874,9345756064828151840,13593369458725811373,15274070565516094162,3128058052211043342,7285335440723047983,2133451073971751284,15130127192681127071
8955646990743237776,4040548636060872495,12565827228521246887,18398435365218930960,6044438575448964609,4513372470626026743,537600470746475403,14922094201593654623,11008428336469971315,1075743892583061872,216951878352848170,16510912275175024757,4746430240721508819,16878974452069657481,11304179373093240882,15182683150673452839,9148892755891895867,12787497300966293426,14904902237245765406,5199910805961863342,12211509228901959192,1264461285274863815,9349154890460692855,12393766416265251810
3970352588629363130,6938261199381041919,6306411466623336837,13454724741022159219,7549253143311340718,10355852868501157585,10862753417094328142,7145189630957287221,6127480813242011766,1828896473958406326,15178175337482846642,10545590102754994634,11657984549506824888,1672966826133571923,3477746923781243622,11164933743712128561,8342950544231823817,16079587022859887738,4880796185524930270,11671930282955821866,10411047772696505739,11580536653934453242,1630342039661771597,18098488697987868317
1492122504702698273,16236341144212169147,12167440354042031659,12185770673516089693,9421962149924987253,15570403994367841903,9619540435095513793,10355794885021772074,5705405354326901522,15470735395511760227,11588004105742609228,7333167225496949010,11898516504828417843,5632983602162009073,15656975072187388665,14996880392322376017,14797108385803518444,6260453001121743196,10414217029575957528,15296684899304487927,3449341300986708027,8629252452209433745,11737221206571114068,11076426866371871773
13452601390182638990,9049340283173799234,7237874829720648397,17043124484486632251,16944953924156842310,2449801624219125918,157587304285458487,8128455005597658463,10068088840634244346,10527275484416809217,1360997737393195589,12992090719564189082,3272183070106306104,2739079712455414646,1617810855644250030,16287157997030197747,2490482736019444910,9963275819818624576,1668034998477443903,15536621655616587259,7282797161899824768,5288419666834271703,664074837961558236,1090736240574346708
18011392269019130777,12812452465433785168,14690295234855583285,14083430402177771397,6210362186464097169,1641343790001017422,8191498245895503441,7014485674802065583,8922161964831931423,575655927542053283,2763185969728195769,18389219500522837759,17203415097183190131,12723409040713957094,4523934842235945068,5176755519865946855,6724531914707737286,17816192790877496887,103715659662480424,13607804261023282872,14086124303737748419,6388418095393647234,5258173996703407922,12262564116879994091
4751963760458937803,4810548566916030643,7493763817550232895,5993299154711872273,9115313475026065801,8101014559887174781,1311623190965870452,13393734740242250276,4261008782089682069,18060159553037511201,14952643383611448995,10289314654483726312,4268697455690209966,16952934096061149904,1987934552216186371,13005937258686137812,2187387903098972096,4103273212153681810,10646891568612093242,15818486564792689236,7422745218930654976,18199392513536531177,13679555057682086128,441711891656449943
14487646458145481506,12675954006664655671,1666319730088832142,1358898014575491676,6480369688620538258,9591464412420094550,12384549348345070625,339700463797656489,4598541754996953417,124582478629095907,2033373578865830591,13229230507705086568,13767792760539909755,13388670172946470029,10045023151948307305,10591025715727848489,3832223165839266538,1747538050831496485,14034437249051684835,12039719236817031592,601153314750806484,3178214575679674328,995993049213923108,3657703131870795125
3439752160442541649,4982620151032994257,14945300774345768409,17138093683094037925,6484217072254359721,1886489349512209318,1845026310709564528,7443713425866424636,13279185406788909000,2818392578465049580,1130205713661360041,1172505440252152067,11391981151510633310,1180134588962962323,12459386938138742596,13001806201048375766,7363674623704583017,16416357785589396836,14861203143279805163,12199841766054638313,13678371196963358510,17558552523271878659,6082992021924332953,11489345019709385339
5317094171928465743,6983907642800705612,16724895785271582444,8762332151283039889,11219252423529969533,6304526058320777716,5599557818572346950,17106678724390349342,16586678929027479345,3428293920633637668,1974565936510344548,5222264532145566462,7070187237642696664,9620855885318777735,17991716158326384250,6801338463050677721,6911601296267301381,2983638141766608943,11049622213262793676,4039879430154425301,4353334751631073718,17133983058674543014,16784540492199740275,8863313725152539520
17381755305279262518,8514601300684103529,10354117103173008246,3957488705679874498,15194031825679679561,6585594365881042052,2613589805680658674,7310321619839532207,1204931670014543009,18087063933590552027,15352376403084116819,11079825204001539901,8875845112496942946,18417838689458479040,8877527040989135115,8263186423285149278,7374760117579130874,13661792395746444922,3065178592079301588,1585508487095273437,5471524128904205332,323102010166711443,3924913360312142205,10933882138308996448
9777472304097824124,14579620657388689699,9860636010659112177,16679050650676337959,15242495742865282164,17370387670878023224,1896548597347302064,5998706602232042585,8645847730710876805,18028560427275043495,9877607510746891722,5794915983817149237,12597524433324590096,15224269033565439661,8162966699200045466,7247571305238191915,12956107598792104374,8410120043680544578,11239296679096383674,9662754559313929202,398054236584714678,10163729551179852439,16728203663990738985,8250200380745486699
11472709057789309161,6210224324591179152,12769006455969093164,1671651367283685068,2122717335631586969,160507399257829359,1296700749462851772,1979407163083143860,18276931983949265266,3352566774686273888,6113166375187731099,11767211326984689456,1767652551346073580,4125893802214975659,15502759302309490028,16042780592873798736,9092930492617345448,10553999044945631000,6597653621030777256,15186864941376587432,12944093263237919584,5947202814121598285,11921800187619738324,1054863277924379390
4354147632593517584,4910807918261197694,11737610032392091068,7848248370214628720,12379726489831449485,104296402629726233,15132626492027961862,681472880386252725,11349505965915360006,16007860380762490467,6922880785329663487,14401262440022958312,11407986126513609481,8296871392146809894,9457916467968979128,10386330885518578193,6726663331307501126,3786498454745244854,7262615435409172373,14952803442385820748,10185650228485927321,18210179329413734042,488749385112372554,407886145031515021
460756267243706464,11704044831529943729,8937078267850045892,12399143566156914776,15617077750866100644,13982312202649717842,14457557723415997096,14596926516437705520,8673289070383610778,17694283763126406267,9354525320602875409,16272006639618212222,10821380628210013155,13258756292222551888,4091252823412501735,10199171685647830276,15304224788963545580,3591081063327927870,9245038721049986897,5058323221423524742,7624559566921425770,14779678730959921462,17308683704172827181,5882091715840085650
16156029020070736810,17982563654705323251,14584298724245605431,6678404686295624426,7329260322450896174,5968195425255979679,16188629131880520197,12981975619310632422,8576681944743047897,3991690334848250670,4935660183249085948,12091745087221755641,5286431153037196663,11448680865912919770,16443437696436029453,6829192380920197784,11357951268983272553,16674133843191269221,17498066369715376227,3115026906257705927,1999928757310958020,13475658545764743047,13683392056775280303,12288361772938851042
6881900508412810703,13991383547658127955,15335672406101453744,6333938385213975675,16692962991135225081,15032961869110967957,8668488510958937755,4818449699822282078,16230443513154521282,8189616510279011776,15330965969936065044,15650817572603920223,16594523162906111239,16254407225413523151,7606120772155844097,16855628612398416427,9361931967164449416,2219947726864531008,7995692889750186933,11794431242462171090,7690415329936578655,15367488495580050621,5690814179983418013,17638806460994944014
9968921995397625643,5719987491419943972,18423659601152340639,32843838250396173,1239559510404578780,8426796637653584421,4849274076910311931,10373169145523296677,8190611197738885737,8829356478060138697,17244891602837338760,13908029752468262837,17082249783994003346,6216326021216535159,14247216393304522777,5188170419770216546,5523132586380431134,221393462349050868,6650941564393024862,8011837042630286821,14553529402186923206,4999543638090964024,2934299621538689419,12363709149992803103
5836324610553665165,2649886320908206975,17999793598046094464,13815643556912054387,17730764018217108296,10854323990641451780,18218368578789304136,12009993137697882771,7161634093418070692,18235001986547387189,14499799545674992368,9343322830157956069,3813128856415275882,14074517823412984258,16490756201595592892,12998914428631253886,11657137216887428611,8995862389660990138,14575762694733478475,13724220536387303291,15403401099380745279,3222437712247259091,11742934193657005581,14468959168738437211
522690996142194660,1145786688246420851,14513731704579116160,2831624728533628972,14968427728730593695,12861116359404092863,17341320014581794880,6118108644838417968,8892422269135364330,277249589471563392,2639429777258249205,8922626545908439360,5751927809268330949,1043933811723041585,11418576470453298776,14206679364953069904,8338954930274932699,12632703629652502236,9453011710570929734,12748353173902568730,16305672118760701066,3179030449620945274,15516920126357243495,16234521568590841689
4246303338948868903,14169630557075732962,14855395119724197963,13996527647880250561,5931063816192505570,16064216389786829011,10363403191103260259,6534132780250446946,8959217729071056639,9613625124502995609,3191685063473647833,11746035159337217695,1609333411014365765,4450344198369271525,10853610302196632030,15645044271027016403,18051245888454378181,9543228165262112752,13387245970418830479,8466626319534901092,17119463998813988684,8041096308042127201,5433013910961848018,1532937634440535690
5420920809109424433,520179079340870159,240047203903789279,11884871095459338218,2918532598596344253,7020046168700083596,4013473795172139672,331715679093911129,14357875865346236850,2935479723086546072,12624558258855533979,15598477603979907526,5265795429243427735,14008563839567266954,6548742987500584301,17954579393398461441,10346778717444885329,17784537090746649102,3701621823076069772,1210875863528145277,4000908822472708671,5621930920595409247,17014465253114707561,8580236981991461375
10007044612345493587,9673386457823369141,10553334837162655957,3030567353241192214,18197408665975201581,8419154949211403740,4447760574101870578,13099388845537409228,12541865670827445951,15100676500860195718,16473388212328163556,13021900366411295041,18272050420889733468,8900939799714243252,1284232899792128228,7075504746919803024,4635692112290741258,3381570772848403912,18418298697277193703,16381822061820686643,18204897831714520060,13208375652167708141,6131814660823845574,17288015430046602941
2548360585833101842,15403359377054879473,6082672407941234300,5975013630659694056,12799408356495711336,9519842433147643888,5205053138972985078,14055757211896956678,884624645376703339,9661335739490501347,7571788831855479786,3809461214936760152,4977111836354771536,9755384818027007429,5824682396884215425,7154500821738715839,17030994634833277211,5487773850905423268,8991203110805450540,12994189115331107154,18233233472413799490,4853094648268182283,17666210283467479021,11577576622904504572
6604600325311423605,6156430321516659101,15158647675284236703,12944463173331680250,8670976877411241293,9023392575140305131,16104895561916449831,11525949460419492428,6181036684579297921,14492446824023857713,13616071985726324663,12544209214773803786,10364121731838946138,9698486285309473553,15342469422168149125,5145177539732218000,692314516040940161,1180964554361708590,13093288688146507894,7393354898815061840,9191678790009863703,12920586078830969988,10656420344996241086,8545820170257600156
6348120821768629077,8695031287443211678,4499753591087188633,13955845012652354451,14589775347142360989,11820140312509927552,10768830592690221423,15498128762531545141,18217731676640816769,16718511993585349069,15016601433154344395,807335580585913672,13966182799509599300,5213736116496881556,4076192778209107552,4936099796529397970,12813603912713727745,2244711282713142523,17346327852099436067,10258941131873274713,16747745952747293883,7677444529609988425,4663527374430915654,14588705465872639133
18211770458955779804,10178196558921609187,11907154307472624653,16235238408268966817,14673000083841715145,12263002117176840918,3781202632625664214,11945175613194686748,963739256015000407,15421275331984141154,12875847936978323704,15659301189661680375,17180374346201663353,3045891884024563842,14801412318839252274,7696218545674337099,6998780671526854170,15516456839523942391,329686069676738122,17529487949472049848,13978213112027488413,1590698306253579715,12296377947679737172,5594437815700304247
18437980122994462581,3713184865538315960,16479056933354330382,12181866937678026452,5396613348874591777,3735143802402976077,3413907968924632627,1789286424886488728,5832211613450878259,10762300863060547607,2351014997254355019,7688142664637697169,3070030289685383015,14473418447609077287,5804898778889191080,6996131374283397711,3408531710409682072,2721845460192283146,8539178781055484058,7865604401141633290,11625511432281765556,8328113793541758436,2593631157580228982,5138477735172420299
11672761089435753563,11093788934346432265,6533924832708905860,9640980289766249222,17118321250635940388,16679799032352926578,5144501027871370116,7587868612250844076,17944392583565584991,14043265678596475405,568122352893736044,15113333352587965009,3087745869156452106,8406966599041901434,336096791899149839,3515827923804783004,8095459370836172399,10561631128294191779,4633421656647858914,4184163020390107498,984593570725965019,14811194349396886333,15586036413432781616,2597073041546485313
16453417857522446707,1758278671785907262,9351914150888949572,13550030945706839748,14284506115453118187,12340589805940514135,2858098691542699928,1439210812236782958,13031551951442698682,12756536696058693637,10017339021987984736,7930568090993261939,12635154182397335938,5733534797020943644,11572347020881552786,4063128112734133895,18086304909172084780,8354631940250695901,14652433595881336157,1328233772990221874,14263022227324508265,13637460959126800446,7056360783745693926,16627274453036782109
4719905870806391955,2486906558144336253,2432639747935868841,10952927334671870853,1312974133910023328,9667875154155902473,6408459289251024427,16790829661758297407,5535855698656632197,2186552709191420310,17425297365530354394,17970137880859865031,6226069054658660571,18000941031623546223,1727031514750009161,16977077792097149084,15212856109535810030,1671041667977949881,8941951780396860244,13782577702088714046,16157880973305709242,2321532199862039579,722482678112286670,9403923078759083651
6776194033161102714,15668765428099983402,3325074507350481354,2096812972005835011,13372473389264653766,17029399599602206368,8613104809617675051,11133832705549289249,2711084632266075587,6442633355911561654,12972771485008932805,16722540492755358956,10393848973918486099,12011296375693781432,15023242808150615687,16204227308137256321,5228564375732163759,6933352234890459496,9094868470064301397,12022453147265398431,6842285049968347419,3077208231065567701,15968643161849256985,14363917958894918463
10045379052477121238,3339594255069808817,15549536982848710846,14947233713934271877,6872768807756541689,5772944175076130193,4425143463472712717,3937339557833858217,38689689552483201,7836269369169080825,4414889534893319174,7643275361783172213,14211088030913475677,1260057704130304167,367675218663610121,8039681391956672238,8684613532067183477,16729746585600470808,7072149372243165367,17181730759364016691,6983018910483654617,13555031327409690333,4381054146132243823,13359641439632727553
7661827268347062315,5269293253790709773,12316277199167660304,17813130087562709898,9638953207341715014,457989342958474144,15971612740262487074,10429922117003001456,3086815596932655323,4524733211991647604,7166066198418279722,11752511592814732562,3936030523590204015,8115737788659634639,14687777006197630992,6591785132602038943,13651705944233853159,1336049793433697747,668739032490206977,12559060018538198059,18065764429204469303,16356829183420169888,2230398493672472173,15931929401211862162
14530563718786991658,10084612322639034954,14044273222697594532,8049586679961962161,10179729737299990309,11620028236652011078,8921259219607810447,711853076466458496,9971484707726853527,17303093475933275494,9701963505529221168,13933087522890236614,15623478949027922826,7765902818679069237,979075346652070575,10274807295057613039,5812203327838807408,13787467789795742393,3971966944411222844,5553294136921690233,3747513799731349420,3425367891481539236,13887407160972722119,300005038051344251
6396675466822298125,1395157952719275946,1696149906728128802,10541087327102553177,13796981019038069751,16198109113078143902,10923266259435774063,1077866931921302289,5619705055786816924,3442853044355416235,6683483503786452793,17032578611431704105,11678975385201135714,12088129033522933292,14463330904051669687,7010252342646182235,3158390361815155645,2708997348541491760,2094791835819939133,16129015493122838550,14998361429022410663,3453425276522588118,2707752495796613336,13237192332550252888
17908907053551169431,8148394708750605909,4719135379758290046,16092443383430552984,8609478582702571171,13075811537286683404,12792334932122134133,3829831548444402526,1509516373473359670,14320726990702345377,4214902937162950507,12483600318647172892,5435840310328881603,4496073777550560458,2842350246998888231,1295177009058382091,14908781321730610370,6793722399821250547,7259186374038396237,10473695654024009116,2351403080284863276,16093380658653566951,13220314085253397420,11191314230722086374
12745615691889599919,918997658762041373,3952434822477127642,1410320037113466388,17942414991402346980,13215109192597692190,11209736955948338358,4261628537278649008,8940534849103618966,5045498113009532992,768859754533020066,9267124383195272825,515230423321278409,9800016062591036547,12346337846808425411,11255761998347722054,17268729585057764038,12098538248567651441,109161868164666520,16557351567862749078,3949441337374872430,15435881368612595671,2855239305346877942,16211678839214648383
8265689757640332462,8181859421233303227,5065160829782683702,1684646529824656003,6646075337029800252,15956063357314274206,17826974622520791175,11124588162745063488,13631306612539671584,15814141483142046242,13490234802712246012,6578150703977711478,17481828841657858502,1220355335725733876,9865263245529863716,5806592731009254692,6481319808987818646,12174490402204833258,12285468839519712778,538721932738880407,17163563243577938310,1996945703742908089,17881710208234571655,6659786738499782394
1722820740964827551,5545517349660436960,10092286976280807816,2200794381395901876,11602651869983950246,8441039296444154450,3793256747454023435,8024409128943839016,17924504309048843882,14259413929349327429,11049200679486299691,14888349464009505690,14406185327673660519,17160255855998541242,12278851848491095301,15589490876329307968,15787771613090475211,16578753957804712911,13031790297682757511,10315933370351672908,3470927384144101936,558846694223406978,3380205692246130690,2055471711495825221
2963551728167892924,14241677856586054473,7616214455801359181,15012406397007948494,4380396275139436580,8224653647669655273,1964247703568575129,465176782139620724,17762304707488685159,15086718539214589822,9071506810811070246,11629409516661968643,15737361712691238018,3599232391497335888,10370465667914799479,17297930431145705730,11878752444338884944,2259834435883727155,1332483447021165012,13922860829844484146,13089347224767285974,11815819411406188498,14107802382727085303,14765567283908884959
8372624682698766903,17833435345265170519,5676081792531614451,7233933345089936183,12416311502970647647,9442075066933815953,2305131997544645807,17719201770358077452,8611564913683881469,7837825534761745843,15670434516310017515,15122691481761703365,9843773311106537035,17292775289750566707,1280350658668422526,9902107343608324525,11736514353913500655,932642423992008926,15069332745900872782,10579064191797006140,18115645698641214887,12089289139008904246,5309107017859636433,2222357895633083991
15365107441293195154,14667161131981038726,8152577957814986909,17141053885895103696,17147732781104,18107321312337479467,10230652113925658126,16128363647990688548,4866333281530090847,15447124795911426839,57935138483481781,5125974535152122094,13312852458168734321,4162073976432892115,15299746845002991178,13334127907342026692,5414218542233994792,13137463713695665847,570999541970912013,4259764880328952941,18014823363183911520,276061188965955178,15858189337945338412,6781409442549273756
12781139923702698163,15447106125682440007,2054221245699785416,14086703937026056634,1580901655973575867,2902389886878614808,13848250287608584474,17156964841672974910,14668742891906302953,13440532207874114936,9505472271382893331,18087576733752609556,15090412547005028194,4620142730580493821,5224252450721205841,14430465155568012636,9012636785737479314,4552846498387137344,17172410621973107824,507870896635642730,14428680562013995506,14106942080153876192,7498213498107126737,9780163605945011825
7121502702513388407,14295485638382970031,752583817944113962,7187426164965728195,4569366535309044394,17321539086293114972,6527320971280325747,11515185641773448265,5111318544450902394,2430130135891034270,6830081371350383246,18015567481223081571,13887582792046908180,1319500120711113105,10600084178688192481,5589408586116934661,4573106354053827912,12759522530699493360,2063658662851127631,10262260171750496085,291858768405230949,8525420983611384590,13116469989960368731,4116018419584764336
17563241243376852853,4857031777010155568,6658139938300956398,9511081231872726806,14424355251049682765,6770149164773475386,12674819776819191066,9020933527131859217,18239364145361812563,7139327545002227775,6187094701116003176,10735625569135891039,2072657087255158831,9701991455428426374,4324222716733909340,11119253281326566549,8721926328977482106,15907157500286363835,1915795901503917283,5852094628123790834,14014633148559305508,16331025744626652350,15258633004106927106,6892967393413621374
1150416923431774867,10403415436890158011,6261973427920735532,15694342723441517114,10011854301700090291,7208517126726654448,2673135029887318763,8921700970163249907,3457910843288397166,16661548997984426524,5316932894193695405,6747645254377901490,15446110315320600405,9476607898596375968,11304483966766835983,17006367232309629260,7195059098471644152,8368599904202805946,15055538637627965242,10182480739532779023,14588060223570248169,2608729220514778649,3519403829563247007,4405185791400873607
1389057744648786427,4063886061323122799,15090765705933311683,7286966138476135585,4287413855239463156,1911582260828231521,13343288010204235763,11484271920426432043,7284412916867704127,13442009620066747982,5541588432723398438,4844231079392436679,5371470753557065041,17893071231049150822,14959047950251222092,16877253199838033145,5457537959244994633,17742345640550828632,5378451530491032768,16313679791430417563,8220527150693279961,1696724332648214219,13902796816775709378,10744428940801042755
12906075760441245223,11114223654769698243,8533789334831795930,11749915138539020942,16748737209465081045,17485823642693423210,13109609732236508937,7747795653145901201,8543711411956400296,5837344341476005886,9209727833511012885,16286878358221995544,2178059792108283968,6142502057168665016,14190153439406684674,4629526079202352194,7810676188656927123,3189698955978177048,14546565178623442390,1739570888142306829,12009242341307441383,6019889357351242621,1291231087980870028,4807368570775277598
16891428606540259714,6867291702152567683,1823097803575956939,16656167118928835262,4061226882664362849,327948410925419032,12101234204692644565,3244762353712100330,18433129271283508334,13286581289672766147,14633569183831075395,2733402369705590144,8252307097952695593,869046128487680644,2093687809925841085,11400828052133419764,6799535855324752565,15002020893296699154,9867718032585068383,6245731379709713933,13164288889717938123,2214321463403658753,17374048376484904896,11490605786178380278
487588415394147829,14633350110465768998,17738942443442454410,13752738464295826525,7925180166690191615,626618033586727363,17430693531662023694,15989297189375766920,11810939709892037652,15699499823388342890,4450190479632086461,12324759395107638901,7174867195520244865,17266990992680159900,595943399621656188,2591765646432288430,7344355662425239793,8913644076919426412,15875714223791574806,304143135620025364,3039278233519756283,5915877091997693016,6081141505532208053,6438469531188320109
10940559122410750280,5217583082255664039,4273240352375234587,18094375010916184631,333392599306324702,2289079547133400737,12437305961894364671,13932363485072033488,643923439960602645,11453104716303477379,15564625707365242335,7808913552263206943,14907609260998024013,7174905344162810043,9369754546355378355,12551922880035364794,10889160341685127401,6486499290046803206,17572442536226002984,12784862185531241503,6039427365780886660,1420340612026215664,3282281511135519497,4551508256352383116
5626237468735986906,14931641458505014287,15950713254280734608,9066088070551602065,5143777344473878941,12547599289523819709,7939002961041203264,506481554449231284,4267327535810327856,10818566771649523169,9198057248217851337,4289208373791740537,224305541292503,18195407646147419441,8437650549714465562,229043343386357736,10426235804949872805,444281301200884260,1502094143693192068,5436374808335030619,3863894589907918591,2766907724281943478,14820913064782676916,8487927240285122506,8044811455714639241
450216538875725079,8657463848734290718,15066848445771649369,13508250212051614665,9087148342778774883,4586761371780565004,5165334834456982561,11057572126900360298,16097879126254459159,9461835438419296290,11807684987889991431,2392720918709306248,15578176443716575397,6109376184285265603,12273912156702162718,17712291917958609267,14117489031037207811,6908028734038220486,6763865436531569431,5045606791171676651,15172998890935356437,15065799309729082859,738702905056346156,8775299936930039073
14421026961429727109,14196360882791364115,1102590875497402022,612115736090778295,4955928402608592347,9345461419034036861,1189142402620770139,17128431066611820254,11875945766211633923,7609325487137544355,16209556465711057439,5078927403056845989,13403467359359882240,4851323923891782891,17887847544640085978,3902879337675029325,2121424018475880707,5049871971732428228,17972817864195808903,17404299665956240861,6893331988397431195,12219052976407420726,4421815970657663869,16124875257915821211
1868261458881508438,14254196023405960218,11069343256543707342,14805624659631754538,4185241575910116977,6389531605213326767,2749078869152308438,8165576705707225090,5292383006876945873,6510317744776389690,8588278321183079056,9438145584570269103,8433246082853939877,15453779686218731785,10923852497549555355,12557769719699565876,16417158141677937790,13533346242540480200,14757884338238861250,18345183750845553769,15970914385408954617,10381680365668734570,11069416346396664866,18112993356060473487
4588321713378890130,17905180610374300221,13949735655206813109,5361215103734246971,3212440599085696093,4464072899309474726,323058518114552012,2487055832494393633,8397946057458317836,12540070298880183535,14120073280320213916,18404095309253958902,8058649929063194614,3407384123387565211,1101540573236847005,288942214540139326,2338024416734588640,12203197261192739667,6854092553815983232,12194968736230033671,5490692940449615325,12426235134921841290,11236339934935687376,16764410429348432851
9422063698288685556,18340095609052177415,3011112706457418574,12573298645774697060,2589307231340824524,16107398230668685001,15240699088202068248,4791466790061011110,18020015559646134700,6920621698514185375,10015628382445993503,122025729503511589,3627451346156334675,1380867122280095227,5148636820165391514,13961162843061122678,14299085524339203296,11877812856518441052,4007136786514227293,8207698833566015664,13368062263842535265,192109400143882530,9418840371933635329,4916163320675591024
859610410223050884,15228034266886701315,8976211127033015969,16920591531309718223,12187696901205800557,6926467957758215624,15494809746185561322,5319163978303511187,13676162339876425757,16146296777449577538,9022675975010341723,6366762672658678377,14894301458824952269,4963299927256700766,8797903942055723037,78907661272927672,12605036430764138647,6890752160829230435,11487038408821876964,11173879541116533644,1066892652301056857,9444359287985612290,7568813315704004066,2157478313839011240
8339037150393797640,6160885808825216190,116918054302002246,18216486219010484953,2464790568156875973,6851056382294070657,18101532553069136091,4010061587025090262,10593071066872747985,10711894899708758553,4689405722610826006,11844937559625647253,3564923720656144517,17029030451438159245,10375230620916273021,15164452249753040708,10170037496646567845,11053910561300883035,10614517299441841821,16619796764633075356,4014576923152379873,1818280663728083315,16300592232271226687,9494002576726646140
1564270754220577808,11756577299694969893,17439500069205215336,3663923102891814634,12063922188534813749,2375519920037730095,4223919158054494101,13059007798348149660,6911190130214109793,12082554057960939009,7874797692279253334,13662244448722970257,7761728202937051688,267881360270071663,6755067203897483229,15831110463373680424,6878652398625412830,7649075663016582565,8938840507599013051,14685667688637593679,18428959340311273374,10520754663738505784,908667428150355432,8306734367632566895
7905319396959769810,384349975177181233,6326054302471314271,340927223952592632,11194324414728416349,7971416245185922208,14470650211205109330,9142237514884788640,16258668708770658675,8987704878486456356,271438616327329500,1534211586392697685,15124187646280437491,2441435811575137221,12210772971623408246,11146688787863181087,13392041607273168409,12916562623685043880,13123226074405109860,11866600744369199497,11757030953277475833,14054957786127661885,9429850345764826553,1011723226850526300
15723931668354341382,10416586370040178324,2596468406010163501,3712570512678577296,302799494861731729,4792276661839910787,3791353615074402952,9418079961148352965,6581274894950303717,4903976985579688868,10853590366086098658,15842701334469053597,18279876781771602836,12440052899222359067,16590694391584469327,10846107146249322787,11233881682725244165,4278192925142685107,8108356772400374514,11946004817501688647,3332887375527241750,7804482581605604848,9822867951083868408,12348018965857945389
12310338486808914151,12725254378724715968,11800833273452323076,8902123014246024796,8013871181111359556,3064707139817671636,7096032007195529171,18163534276147532724,16801617143684528130,15608811901489262226,15850050301259718957,6351595903999637011,437895078368841060,3026369576151067332,6966990346383681330,4854646347063470126,6565933867963033511,10281526230886137251,9792347990821600421,14005602291294773883,7700517513596994615,17070033324569487818,16795051405818795102,12340854988153662452
12234640854701485282,10201391386042942982,113700540080913910,17143276724127398289,14241594774422711512,12831887400703706970,4898779730263869442,8696617766691979162,10552578375283941316,10772132394501037152,10137572009323726597,18156368812727868877,3933063395457699915,10517248349444976922,525248793611097047,11453185250259121383,13304750855119048415,17424654229873584917,7862790806965124071,14507472968934917028,8082518626406514459,6579212420269161677,16593784732610072220,14366793631868591250
7357549776171062772,11330550870925805995,4112743600375804400,7658623725845604304,7285672713045309290,1924748317709323405,10269111624791060709,4442011362179407054,15453630664064309329,18067106683570124084,1979438794932992155,5751660736987309361,18362908165606148127,7888343811378795941,1949437610428392593,6566789030775595434,14229002466498024356,8801298360570902159,1863617641260944795,2515544137947434505,9375783900284828692,15417270454322893909,5888381141825582631,893701212262600256
5250656006397893872,210543703193812691,7208902830804739822,18231932586314205065,13102507785498824885,3024779066249550380,16197247403526640620,9156528233525445246,6653817691396366578,11180266147378832845,13414713658930525924,4590226088518047578,11936046617066983336,500174961835874610,9717700661627452500,2992427397439108403,16200846560044623571,4096706975164986333,6435802602869644663,6802718674264632637,2714516062680008342,13822997363578631303,1181764843789135348,14317774909813130386
16478360166137256757,17058349350567702240,1744768838408948632,11418531201057076316,4950934017145995447,3938644350594988283,5754816548123781432,4375914125784267981,3487631701032727507,4855797738661042238,1988348771366985688,1078801640702634540,11224906113165259480,17790394641416119851,5101825269493643047,4135747777046690231,17534326091308014719,14779042820684533354,4196901138638512029,3023094269527799621,9751476708761784944,7305538977497138030,10530552537751809319,12991927159660928491
1293480117978263715,10107395050131856705,1308200226115640792,2219135723799951290,9439166657861831228,14898944680106734851,3160402325312316675,6156537818451740754,7727077086800715368,17549675158824090283,16449678833840385465,7011567758471145518,8640659361026630238,9034411663015231464,5662818594969516489,11566003027607188918,7686688531412040937,5146488187617364898,18396438305162824503,3189798571820407258,7676877453639634101,3722432484537568496,12141924899379982059,10774135192109207518
16887602091796435346,795537035254662325,2193997922363992194,3692474844067161455,14458766248179664905,490887999082630690,17860450715755894940,18077284595527829788,5116766403667960603,15657369097331376125,9735217516310786536,15479511477871932605,4531153919736855744,1229521327629681516,62611616610937892,15535345470726412215,574608926416476529,14410559096339105275,9561570954071519295,15062905689060250955,17347461423808270688,5457763040678803503,13032221931625905471,2343583626090611729
167058696458767336,5253997178932466944,4931219486158337022,7986240050579872732,17529882990212932079,6907725445864812024,9005354594154083946,3662402672902289153,26398978667035734,11510646033865009006,15290450228814867568,1482910346565338786,1424436208707270233,12733790884421214102,11120794715588035493,5765903416596635715,16024048474466244689,11313566352180431600,521931167752495319,7143965556371967672,12137567268405673589,11929144502931690700,14645360590455965879,4092428927412510424
11695442211882874422,14976195339677590876,17799224898376766857,5646214310851219042,14725976503387337330,12894423547685575602,16284368597998482936,12569835856233654645,9537510167054496145,7981643495486628204,5783332490186465621,12892110457873198890,5505325115040346939,772336238716572439,18382654218875311534,8551864992328725181,17571375863811543740,11337405760770648765,11570787418663309807,16878402092855343741,15802117963621557000,1862236462366138903,11051731157440972749,3091905010150606825
8823467775907536325,11768006976663418837,14829695183030520344,8415017213388670247,2595180555741735166,17361208972282416,321409499075197467,14649256107871048027,2795628218363561220,11685068546370147524,1493655755458290916,16906393739419788077,3476000936299058994,15876183953369749578,16625353548279283443,9603028772447357948,17924534185799201103,15742332287358023112,13187424079597995187,10634678202523230880,7644151216506087471,18430875055263861683,13312637953090192605,4061759671676247720
14117565476408431738,1568894738643270390,11943840758992406369,16470680016479754210,18030990183339068537,16349302121799629071,9855177164157073235,2837169449947296500,6969096214980072959,4506848251676059359,14998961403605493680,4290023571711178644,6029571188483517255,3950639650835737487,10521314831921378206,7575975282858476196,4733323787013126675,15723415000436445057,2187460841702352731,1062340866844194165,996322729518390284,1982673498939536480,15531497042945676673,9954188124980967491
8240198111185892199,10171349572161584216,16275789774230311349,3510745933320749189,1054077495335174528,12353501611553487743,4430049067931270161,17487065536903149265,12462812654040249316,17298321654002043229,7492551497254868753,4786354373023316373,118046981240521374,17203292548758293905,646072471101940917,8750161316281063423,11631416546124636940,18392228972533480621,5526495454894206913,11401853327934871800,9107115271279524225,9858949602973241365,1246753043637763413,4571572339376525253
16790400990282368990,11272984706324709719,3536471051191976345,6961386516309017235,5341895110307243236,16998976017733510232,6516741661370923913,7268244713960704374,12008856635513234673,3803083874623434876,14496879190954788165,9626115098244079142,1322439061203616994,2501329893447088408,6789905913793710865,7919158221943706689,1714424998845529664,13853402514327031468,11503122043208188736,4502782020960640065,12507973530611190103,2747522585570188053,7915241085167459918,18259239255588948833
6520880031191650565,18084539655449895803,13760281189643115823,4392684045054412845,8421020763729329469,17276501209564409638,4051345487874692209,1640225154438161364,11719317404067365868,2515669866645200988,7620117959498642830,8458120650443550897,17188223851366845930,1828057054156512343,14802570360457742687,14350668283626390639,2249566181149219508,10906659168051605263,6814423245867587927,15268487057623072424,6708833160816144721,14698801514603636824,10702915915058600820,11536912530408321913
9714938285308410599,9107683321247321059,4897596166305632775,14747628068618668519,11150254564074871103,9113094533691176471,8577975891518911225,13364153498940774691,5219658685808813202,16463475335209684195,1151714183073029841,6650966968326059680,11292214970581499927,13835658170443615070,2498664998200487389,11323391835695071659,1949365837603588056,8796893533903957465,6950609302126765462,929224942814501879,3241053245734616786,10116770398957180018,9090405022317806194,4905074116715777240
18119144586899492638,3949251786762858417,10072173298022023859,1025612677377373648,16175719058319870715,5600572752208376109,1038338519294928896,14186422984375525481,16164659323822391499,6689913845891396080,9784863552217680030,8247333892716737512,2799390981954865427,6587423536710301888,4381920138647143620,307511031380713382,3769405770318110449,14080211649073713386,6718599181888803559,11015940240019936363,5843856828158053232,15001849152435309992,14956305665738089989,16800061602297435490
13519648815305959728,11959401975912177808,8323517358852299774,4799554799092633666,8928515805899724757,6832911262124100225,8887343886029188334,13349871997384466483,4994605913606664598,15143348683712708311,13926524768809078228,2945835989851880288,15901775262351870906,5606928728436174367,996142394922508610,2708248489674462639,3724483597549461918,16525932354575186911,6909939845879722309,937679371955314898,16299232313624376967,4816165973152078179,10196506113229112846,3775022462373266768
8601610526818147715,4277048954903631096,16490334893566260040,734015716395818460,4825939652331291205,13728938602086318972,17883055327822227605,7340199953715654686,11610344652200426168,8394208651002338702,9685133593532059490,13613521904653944027,17018759663975836828,10805823556318165091,3852851688828183715,9190642681127617967,9862565208387830689,3489891336479380917,3913015023656276165,5452905006557037861,10470561143771439181,8721655235724156032,3838554043376117631,8002365630598749948
3870518659854132612,12438545826080489449,1608265257563364062,4960537169907213580,5287411851132879247,2254386727920352632,3447118466872247074,1329413990340106604,10493692419279791429,289402531052665426,2580612788939653870,4909233265305399353,2561356251189398874,3729315571514029041,9835855582699365892,15469448788509072489,1178690436171775888,14608455987143328334,16027645621210622681,13002807385966164744,5898993087832897638,7185859369892952635,6504053882290586476,9411697457383428106
9706241632222681290,7480077622493075886,1805661718845657098,2711550977018171652,17624696972411161068,5145227889173324326,3590230473612263920,9666508732172657181,11373139933523940145,4134883194923906954,1066839708577262261,15986153673767475703,10040822701869746433,6542761372078603675,12925950264102086093,657021487746302609,2945608182631306740,413281905058996690,13361315140140303370,6785978858834122906,11187828836796236647,15811375024252026473,10459829949810336539,3905274364828087790
13367158813539109775,18140595322627962108,9757994515644235125,172224397605685463,830249919257298060,10726670599880831402,9945466109577978955,4080865552326089207,13659746209787379038,4067547533808481695,7119259475026277703,8584522259105576110,10030996138010868959,18055939793903661503,3769096401770361836,17641449742970357646,13377489599797425024,13606386446913369378,4260724002801900534,7610511598247365359,2709452833263524494,8149856465072424530,11145533682424740988,937969123953217258
4962931909703963851,13662522195656824750,309801941694145966,1104323599445101024,983293019697361887,14983769031307080072,9718328345195262676,11605641274462110051,14469314329761221209,9622919220874336448,6848929414095872100,7930915660592629135,918138488484315908,9303104287114969765,16781371108411677446,7364609953681286503,2385211842635586504,10868241836000325925,5827807808154758005,16096963843932258082,9446035325138044641,2994001495537154283,15995632528984046146,1649454746331472476
8533377367340180799,13327470069060443882,14999703420825713181,12329216730458341158,9387727469987113383,15168297891840932365,1485923843387216013,9449629179532045133,9886466920321857138,6757298579571471346,7223218426865527923,11628370870092957078,9545252249919775230,2532917354743178436,4905160316045245497,17204815079991737724,4778841471276459388,10656875641406883821,2183793995113669674,10402336632699493656,693047396300850515,7820394447857452699,1371656767340503646,3963302896619344178
15206855806238577003,2995080938025779534,15043372715818135470,17784076392188652493,4857615051429869061,3346219058580897798,11222235038936904405,1600626301078980780,11897308453560980685,11917882590953543996,9578143913067300828,10995262070836340997,5269134713978874218,4631033381026219116,13886389044207523915,9879196051785097306,5349274256046070592,10865134503953299821,8001608141560192053,7010529645022686512,14534991423701863742,914648573748461000,15075300228732068012,4622474656112881245
17399743544084196027,15897653072407935552,15170299826351557341,9071102737932731060,17366730664049919432,9443735237946742003,8893884689980008283,2329748501111265167,6004772926550994166,4109205524871604117,6557297682438106808,8890479596644049565,12437707035998873519,4642788568826210138,2014734947261611679,18423416522166104215,5962862687568749041,2941278127024635790,891537219370753894,14157194887347670041,11572738585141654896,13531340165230060370,8295833537861940507,13428581637977866753
10716172475224560029,10623891746636142259,15140554295927678784,7876991105554791401,16555699709081369514,17053192657352646805,8787665832506508206,16284871797302930821,16113365120445948118,1521893813052077643,4327725138560052125,12159761487459708212,7304344323505970008,2195513818573452452,14298424577553319535,17109203981115358786,14054336125661815432,13155123992571568490,6258256249857954493,4673200191634414288,2871869784360088374,703625739352093046,9592929783263389460,10685382677665920476
12990577347192594128,13965293213780420978,12926164719099101020,11006726612397656205,11486734118582281756,3124916507419794293,5648712609726031160,14668051006129229770,7953720727786606173,11922880001848860212,9016696588670801917,16318432537513395361,576886001526846763,15628652810107114586,11950244501444662811,1728969573372931601,14744131454101841523,12188392814114940982,17883519949288220780,11464363891409442332,13648954489422746254,13355513288305546892,699840701321961909,8224415425560339677
3983684886123948079,7215922675790556535,10184290855423518648,9375713723286815292,1447553546017111887,7116212477403027762,2094889100071411203,2923603428527713278,14800049588185018029,9006559586509038093,17631273361283433445,4221075971359164577,12431944832725553481,5011890393349424839,6655367021018127275,6738771239975424205,13572704443611281794,17548069486682176915,5210046650025604737,13335615150682389662,724788051192352224,6936600596187651884,5368581004969329611,3848814638554391484
12193101614277149223,1641925550529805104,6262449783661191443,3396461926878889611,10986391105003636447,8906243336350557600,9229199099362399902,14977229393926707681,16817104434664340042,16253902447724371937,9732799180684375512,14525946865586715463,13686313484641446778,16408525122687077830,11053728201030369392,8674333651832917370,4998314262211219406,291870776704339281,3410636075893579945,16646669063024090889,8814623724290577493,9914587459503600471,3739158284284223957,15255399871129561884
10687711647038685247,15860238053533083549,6812511467390487807,12684872041121650006,8083407048665604254,13610271620246805685,7841311744205507034,2714528739670377362,5636185952077774565,9262472622146378067,6173069650088715885,12996772745720606251,10241767713167486923,8242389881389459461,7826789813873682025,15109444283893621872,7915092130566223508,16625304036367770340,10324003691502791327,5979844926125866297,665651348760812214,15011702955114706926,14229423667699596055,14597925224202556159
15084858627717153182,4373536564799617053,11670218478598057944,1807890566246819746,13482835588637358131,9052208006569946114,13714515145624530819,3040989300994761395,3358364809303933213,1922176558597277168,11169542625862983430,10510133481081775193,17901194846462357086,2425998317638842554,5451200830186659857,16055880180119159863,7762641057903402660,6335455239159514069,14560255318378370993,5817086385024692467,17046760923458920621,2107506090778514697,6034394162145988213,7519743875054387921
917874339292131669,9880990412257333271,8167151695605975903,15285751613987451438,17475196909057607694,13426045242362499446,15792121783963679062,11436641528297550032,13036277474986810249,1057670209785957948,5446212389627509427,17246750570587352415,1992363920742575923,223167085543361886,6683539807656513326,3859038642517416500,10065144115978971042,12288395331855216108,12599880367802987169,3997531948745187432,12592380381637393292,8132902752604171357,4361334880511083692,7016080522607119944
12252228634467013597,2328780426138799198,13210531427786656240,11847153300187519030,8101822489248821042,269398100538425129,9110338789148685732,15932691241749472390,11070434842933144959,6394396839498003452,7530268659383161789,11557415743540328510,12978951942322157538,11486626922408863218,7786614869590061876,11500477886529040533,7559478113378811,17123326099189166730,8536702489803406548,4516591927447830034,6287540714146426442,3149543631391648078,15493911507024010684,14687447978770144044
13941677408452783173,9304968629555879106,16605421170829559765,16511933394015400338,2294378025151354014,12581569372768815048,14515386634465968177,4252381094596827880,2244133850078213225,14976174607738368969,16821955828846371089,1777109805912250437,11670843543453232617,12503749807806957517,16504392900123877786,7335221895003109972,46343394919149920,14417609848735124945,10805941189280671655,4119503892071627349,9143447490152009233,791993927204677826,1086887290974800464,18311528273323393798
5710892529894295852,5853568578901516080,7242355080255220637,5424886121220718006,56855075433715909,8859780668539186860,14963069870166183436,6458573987354609502,11119000162542858968,10894448109994008436,1517486280554104152,8383076911539600989,10207359966989274275,16542095443830942308,17514355564303461996,13014392359173299537,559949427875805948,9304604076627531552,15920463192319656841,11380525730379075295,17520490256681749883,10334372173413828261,11487184222317206350,13394842899116703900
16488751299479592697,754435542679780984,8662461316168137289,7823074616603417084,15517328543994563163,14778364551166178298,11578621690851712706,3626464645988475634,2077840441049096828,4842754402661342427,16848155702377963967,10276356471111385141,16849403658241683812,12767560585168524831,10861032752425796669,10409307296352369687,2216808802276334912,12342792536273529651,12907283114182115859,9831641552172466823,15599326945877898778,17343215607072782223,3994818972290643516,13675044811952701977
13211851323628312493,9664910057086296929,7336849791338184016,15366709751746114099,14442972216467938455,3662041089587153399,11483325655448552390,9368703782695149101,5928123403172347018,17950747330809454233,12399989652405984115,9126221064813799944,13991847557008030948,8455139887274047915,7997812350788990988,9844547013148632747,8257528894496758872,6260590460719121210,14044575379450108965,3556876823019877353,10780111539445595027,5931487439246154691,6191019709006369052,13395536314849862619
898470177692320250,16001025832137530869,2792294674709892410,16221307949903917128,6713046558622982881,1448125640066636456,2235461790147588651,14149902599113226578,16249593303562371644,11323780935159662266,1010756662562036986,6249200907344022880,17543768335805925318,13071432774148741179,17912155651197444964,3195865983036837729,3141858027710343206,11565594878861931306,10152233040417680405,3419753972877540113,17007168149444061385,5260946787401589245,8295264259185076826,8724953921316366866
9905486074532380733,18436034082526374709,6255489888261716134,2465993387286881599,11090103093588518277,4210190482573261315,623161243333465251,8240991394931474286,11078557869778629663,8859409455277122489,11752631271806245896,6873652778042753397,7200308194416646766,13827515258300397174,11762341565191440868,3510616044957867228,10182299467514883424,8118233577485053110,2798785507051301538,11684801902688580504,16420199524616380629,9448188947478526167,16069799715409928656,12058690677285372671
4927028156876880590,9908463249788982893,1086406491646984611,7610432780438081789,157393972588129583,10320262368610983015,13469164179511348124,15311303408560870267,13704236794678274714,11700852463617586361,15241730641553793469,16162796764790152064,16926711389627990037,14557682866274795402,5220333849239541606,9668340382130035695,4421376987152243205,8745415932165273450,11535585840133260996,1630887704576116143,12323357337075681313,316995697333298152,3804838142470255483,7207416302345490994
10976050166529291278,1483659147454311958,2236334801669685243,1453983115835480702,5916892187214822130,8373287324878500616,15771010826164443170,11623743799014191119,14007010468465533534,239276406372054516,2985897072401819644,12523934518171846246,4203246730605305401,13867291085795964690,6017848205830487863,6747272898889568166,16565244266420227211,17534862954832432073,11945657013054231368,18361133635289656273,614711253612064638,16377469314598831667,3335456594022070908,15998998273295235411
16106732618543588198,17501069871355453852,14063578925732254726,18100147943531492255,6698192361629603682,18418422920875702280,3578037235106187828,15352912155649475292,4367113057566636741,5467846467139830378,8331944838612955490,3581097452641307410,1527161170443230340,18095307198704313700,3857650637411352084,13056282077948446240,12176176082702263392,10903186925062602773,995701150524327495,3565324152372039493,11687889780310241893,6060038224667117393,8964476058247999119,6613436831570163953
4062633310236485745,111361348456223997,13166688369043595737,18086395180033571837,18215292255440933107,15763968890520278682,11420496863448040137,14947665692583526258,1509630197008451043,9165978107428813259,1374622300239051066,16440656049961227565,447434595210384629,14311107312755536655,5747088839439065437,12725641204885950679,16854916686973717598,13170008931913029277,18419379008100286711,13794607350203245387,14510198233996773603,6147209444318976738,1835140726782932404,1395592965690457897
17982980597947891188,14784515442542379389,14111983373465221700,15635297521926079928,15947928182071538068,12601002247384950887,6907479941502210964,3859647839537434363,1663675938330852003,875142772987472593,14151544251408654171,5549317228278111436,11078267584629210360,13810695223282000230,2001646729048672290,17133917165241656492,8347346150098250445,10489982728646703938,3468834866122008987,16922741323862410600,12514025523258782051,3486655324467999068,6727571299907294356,4353495190977190080
11501865411091476309,11566943182140672277,6978547012018480216,5018031671497262211,9412849614167312902,1516712105611690443,15253622754530705803,3262923517924646170,1949951819644837911,1163892434933593932,4612524947945921378,16627332771988931069,11410504367235274617,11275658062793841543,6961152217336687556,3710605454156144436,17987371558689867143,995449740171907355,6924448658712244563,16197857001740189849,6429279362531405283,14212358909941136810,16537533923787734321,11681939455924658087
11796896581925375008,7470127917411584228,4913536506404298541,13774662458239566909,11877917763355739117,17900998243877783064,14823597467495425299,8952449160925086379,7147132395629164637,14063102433018932126,4364317977799770731,16598822184519860273,15583430787351442937,17771386698695939038,8875708105344741217,14833803424058243543,7006744885430019144,197315110112552448,1022592257881520035,3917757682049471780,12113033321976597254,4307443085864510285,14497515258785740900,9818814169782526759
1284780515973090786,7637574576857151818,7893818499569539877,15402927101101766845,14268455366349283107,12304806230081580080,2214466678935689723,17410900000719816083,5434006850171926971,8990973930710487782,9449789451546635428,12561238308558496888,13235660675009339108,18347394177407982283,12089301778198387279,6242451026133345861,15528925784534207006,12245034182542418649,6147510671903102704,5079711313457360819,10961109330486643196,13327467436916218840,17497506217558203654,16757187327682038730
18184387488841229447,9694639952033089948,6215173807085646781,4323523963969165838,9213431319678630142,13849131333507088740,16666063860014789797,17659611110307804660,848491072750322341,14407266529969397778,17956381720390089997,3863765228393067670,13586548284417307242,8997941334024347140,4980791452452859946,7001877083275440279,2687812620630435640,16387606867691763546,11900001824898312672,4121003953528254092,8326765190701413074,2245189555956037416,9579972092131049052,1337195527279095567
8250489017822497840,14013018357356346176,9093864590043847266,15976103932859483174,7703363117971059716,4730797685933689353,6708146447206198165,17874850072067624602,8609344683162083694,8806297322425509838,3102970614993173486,11745706864056123708,13078135954068700799,8318234902906135074,16520836204575201170,4490230933967892231,14085814300363042304,10901694489567405373,15026873388783189036,8750099386060987612,13497511119200940553,8400961022458268780,1524329601854261624,568067860477157847
8512248488890338153,5161792788282356976,7105266179464480394,1997953764914942025,5103772641247303750,18001155813649681381,8602620916762067832,6806177654777782207,9803824641071655673,8119600189310692370,8539615845804244749,14819350330722639095,12784080268735932549,6702501508296323836,4335608836167195904,13900206198364772038,6129330083256172270,12679338294131726932,14571844215354707656,8326250833534685088,11570382425094929957,6461826384233099535,3602450068427409932,15437330048480332668
5602124321572901582,17109534504527443237,1134692686916101053,11147387330483979614,1032056545371199197,4138711225877886416,9240962769138236032,17535641180614263112,10051096361082566802,914322568359970473,1559096606036750363,11729927714214583323,2549437771249084937,9407581350010315011,12568167937357796244,15857268439914565093,8206753716571052693,2139920546333156044,17005276959042745381,4086823872369917454,16185926616282247504,7545910344303699463,7804885257982977947,17347508198346864728
11520287398153543899,16050124593606861691,16573165997307218796,13414566312902011756,14805071739510360768,4992364285417289503,3114594083945984190,5474157916772670609,2364867469827842893,6437238838322122556,1073315957027409100,11311497861486664198,8135353856472402693,11706512504438127758,12924335241280639824,8916452663869953575,17665457886891793137,12029575967074268487,993933080898180825,380561853731993094,3252141451211938414,11772596725209947036,11634150593252736059,17740330769023226962
13059058294877286826,13220194731946072097,8374434670646962827,5794443207628123571,14049836495888075344,1142902691752732711,4413275364295249914,3409926645859621346,16953628531417904454,2627899149330165261,3550602448024053031,17865309785843057597,8071789114173940511,15002656548530687863,11610808981100693283,11678212015130268156,4489173702925153273,11228480021640800793,3078128988444413222,16325264922999177780,1506914603576183254,10174131353364723034,14876820699773849496,12498019003271119068
9095256472716048512,9588552399670021223,4507315364404718807,351501290053579361,8914779270447545693,7481581908777123121,8596446280951569831,3994250566469466998,17973365629508721712,14633509559138686602,3607901500137608734,10715783864092433965,13489393898146946342,1138460122738219381,11984071205672504303,12310527417027508568,6333798195750262275,2845177968305466057,5589188826217018840,4641377279711722055,5360372066204204135,13771015296072029517,10001763444383051029,11744859236798190445
17578766902419561195,13442759752710898166,7738741884207964601,13572680821170395517,14338446877775931882,3188933529811081156,2398264654598046007,16148283094571297397,1286043406120222037,17271363283477744331,6351886076258414941,2002994390191448408,4021377955408866793,16718537757197744707,7255809502509379976,5391573741517772857,12727356059644487439,6145611383296894103,12713626662031460310,4692225928902458018,13396409540626461014,14642317396438275827,10461732806828292100,8724289227126290991
9635165570273836857,4685377832346075424,18355191942816423082,7917055811671068307,13207848950200064846,10358048444888324032,6184192680914873689,13186851989231855792,5711745784499059779,18397424137236592855,15832819354404711072,1881783447711992314,2632154467602570612,7486023360364262004,5217929420678403378,13716870385854428592,6818294014263917378,7508319094412248768,1000015331527801131,2588437736052556994,1448601210044745347,12892174411778526472,10071413553214672415,16564526724193703205
503110599926027386,1286035683986104519,5101218946215096735,11167509067009880412,2491390969123574373,3043157443695090447,313074809333321315,18185046345038503331,372670246370480370,9475100456367746478,7407808501013179816,13008945028920061215,13993789878431482200,17493651254265092238,2577567252892707011,5473363754857797253,15115110233547120185,14806934960697026000,2399802913427781590,13481006539317937586,1709334094878223334,2674279426130882710,5785479350474855985,7203027954167487865
10011507597102232309,2091341877124107546,3956394383759878199,1181728806194559108,9116276442133935855,10722883844223060592,1428174761308080407,18276691347455393568,15509442400979299128,5038252020017847436,4073258678672007951,702267982292121554,7801323022894440371,2539917225229325682,1363901579483508100,1609641983092584858,9395465637399444236,8585722106712654986,3222277520840120607,8983468288472534341,4158713261132014156,3290645599503296813,4102754920969715325,11927170222900839955
371742900280563337,8305798872075095121,2065459433382154250,12652343294458503441,3146394677831767652,5393245105399226261,9952691292648987321,3006713487509836819,15866666448727488682,4846743597092195645,13004532386216809823,12946038083435367141,16542259319720247278,13542102481759676467,16571328367647972827,6762571042021091450,18014396104735248545,630386853107167076,16644887680165568165,10378407375175807926,11931281594818702495,1549039866058831093,9762247993969278366,14692044376778256230
16854689430983625480,8205675571052067390,5216197624648406610,2633873434109944772,16995813898948962575,16571720946258061925,617180639216312637,12995485858819907595,1801568647361823710,7910265792661853921,9107554702537703234,3738104243655294899,7729053515710078515,7233604479624368841,5615317732932715130,10177296539493146759,9356639784707578621,11818665506316161488,4282299165436626820,10254369879326652663,8602611914603420257,11998979183999551491,18099788778067098744,1732716651393954787
5788409918831704534,963781226091018876,11882834839794282000,5269130139704516614,2472380778267272558,5143622436926497188,10031902621103118963,6756405962997296078,13276887001225722636,2798644372865703359,3854600253018968950,17588804319614704398,9877811788937745713,4342300666077356490,8090325898267808009,2604921511971119715,2827480270073954807,4148847971530215837,9686001740007544761,7096199662247447532,6430770764996938889,11940938801070672096,5668446347978435692,9718225645002686932
12053354716315929739,8689024488254631088,6876122700830144437,13892228170307572201,10833848540701929991,5541450143975217829,13621398861132781312,10398062040719903203,14961734176975329767,9711399478723279565,1809155721895511760,2943916388245199808,5203312580024404757,4019492590392508871,8643176257884145128,16936122190937092640,6370006751729080149,2002236698270078716,3877648795521314627,9595955828941640727,2353483393266171772,5957652790102845943,1705731554018361702,8909552997796627342
2126168881622973715,3325129898579681428,769975943781137598,17040825438816252277,11852950538554078499,10534709209256821909,10566395982825178406,5927617059893441072,13987076312188373805,1235013505617503386,4905362224849247966,6712362271371032750,1121225317409968202,7658198636269417292,16447598645763352285,2723311861474797950,14067711127216420650,9894675917580898123,2977632613561862893,7490757908766188436,10867907252352369186,7568285549805025055,16724666538644049732,12445514231005030981
7901908187122295753,8665759788794587046,18180017067587731967,11317562142832634248,14288983635884375722,4695668404537180722,1368990421035675619,5116166481318180685,9541348143873882782,4570772880459699163,3428435691738219283,9193300217273649375,16793190366863906620,810597717967850682,6342892025476171151,3232101335784214264,2601272345462261000,13771237461874051710,6493113152910563379,5115995465702238497,7632237416941248995,12539681002208464800,13897042280801052689,11282608031164863736
9599318786443882770,12167116413695672695,4253078996679636189,11471815557324662598,12532727746384403567,3441262497714865741,6750797111300418638,13514301328778803018,4178974099152872443,16758756351114685979,191839540383145223,16416120976665827886,17698834125407727764,2895250867857950121,13596213463220543459,1199228144734776536,16391101116994663740,143393381499774250,14644852913025991325,11759795300555840999,6304283818435157311,4676265423290611497,18008401706046135733,8041389102840117506
4495361329327399812,8345410646145510484,36482955764652512,7116867034394000678,16399408226880360346,5367648089888329395,1231628206337637079,2377648771876391134,11039982390238237750,2457661334405052349,9805294198909223304,9866608642395022859,10182152195008484874,2011723954749042692,16912259970489267250,13555235761545240736,2646057639959813825,12275287492653975043,9859186497092108819,9253013903281908573,17281646966193895225,15552443813265721792,1728697010295474485,2149104403712151307
12820256801939863718,16949232300949350683,13145566462780532901,17270223515361262941,14945709715745557116,5322843106523819515,6007389615845803787,54022557399720109,15902832411561303305,7590996800752286180,8803624376627460378,17524845437894635544,15077087900730880683,129143499378773188,11290497032295239873,653273931566560927,1352634318828396797,8403967185775880802,18025370449484951473,2075809305891328574,5367303380772529051,6986591219752001195,9296099108441833545,18424652511154874368
16482845544530290635,11777482846228603987,3562181595230872079,17602323220916364186,4397301598930999231,8075585316509517194,10541120755793042511,10028994808239559192,8999882307080810887,2806978956899636655,4328922594369390633,5093322491408005453,5469430891634417691,5502187109826406183,3262177000649796134,2163100914202372055,18085562793245525646,2383006507047469521,15944493252624359300,7967111006390468314,15828348312978873450,3758525625486317472,12414093523701703425,1805069310672218401
16466241627629368723,18065347945309276403,4194081980452422358,9390036234256945621,3805665327605466623,5296551934204203824,17587173090729818548,6715157973176921939,2599042454000558653,5212205682315527471,13052909385311557704,2633284704626036523,9135215581420080323,5399821979431990197,10467004842993698251,13455020586691216274,17494034061767846503,17531871349567197831,6167965951523573373,14505500357826133977,10568862157732809183,8670222777431230594,7002592577545071601,9165587519932712899
11746759266979289635,7365157153943387189,8154784067479450916,6835420791093415350,4639780189350476720,14082094104247087734,526877073450112323,17187322534312885868,13510129676566093136,16206601487144948289,17813621192984037802,11712142387404653915,4407285724613003806,13991296972197898490,11867180804664224672,3815528340617176500,14540055307740579530,7460130773974562728,13064187637348129520,10467011052602141956,8742623212240717601,7801268393078028283,1541793160442774525,17944218126380010014
5989870163901458290,8619140505636299611,18270253878833658179,1908081396899729502,17338490935926668319,9681104982346503900,8384445049882221855,15889445170299759778,5172628735654277107,10693055840533821327,351333506174785789,7319447775826831609,5950153430876021711,16864847496868186991,8986809434869411094,9699984826284699198,12730114782523780550,257422509323914407,6651977011621272004,16472765654083972623,10530457401334125127,4320221077351838670,10207988053053835102,10945715772352172637
17250915687858768900,15953021226315029362,8676238429922179757,13740704732239023926,14717363000265050207,7558705942930878948,17660523440346065100,16349795363913144367,12426650836834288237,9611336421404979942,13103161834345406619,14565153314880799280,4630378437747340251,4690237992461123232,14034396991716036251,6848868605219456680,17377619709683019160,15794260124871523080,15159976968252185303,666441448130118762,5702828413704834185,5805058521357276684,9054562085121975487,3783470691269100301
18410091645428908769,15954172874486494286,3754029783162870766,6401140124344588937,15437249224273634270,17147197320355818006,1717938070968329523,10781116613752396832,2177036624875730749,5067646355555184810,16734751153382523116,10856008392743669034,16267338466792266928,2298767944138166663,17339370059602372982,2025377861365148710,5159958216449588847,14258723320999651784,14873897532382715490,9276040046192863596,1969783581231137712,18240920125918339324,14974395960597330809,8325243551151442161
2303149505348771923,5351571877318465283,11551789164213471455,1672191271284968720,4090992588872245828,6891520075470775307,12436029910334628782,11741202723095152878,17114137575947542705,6943005847324025110,13084732774259541113,12739036166935208230,5711485328136092925,5913978111196832612,18130133776756308469,18161406296447855778,5355651034486781495,12358614300016625821,13875245853597347355,319475962875961660,5226452857640579988,15939494341831881710,1564061318555552948,12040940581085649712
14945094560572110945,12713367660308919184,10553372883951795301,4838024192532286490,2989739572245509102,4282510755148816338,14533015464391962577,6237404987509126178,7831391694317197348,14149513899984986098,18343979447695778080,11904199381204399668,3851885523135140715,11794205986083137929,13576040633179100806,12556464597004933572,16718885896312979212,14527619917425755376,14514574144760194122,12258805130063005455,2426948535013761303,7666272864498415592,14522600774337749810,17864257552876516975
7652096560037193594,15862914402798019795,192790571362708170,15042009354934197785,2715310833527602242,17145082041201866838,14704855166629679258,11657930094313107737,11571088423819928415,18243874642482731951,7826199457576882569,8249442046264705317,9649842656110998587,14301731766926695550,10985534675782211132,1596887859355706184,1374442885305350310,6059354068464269955,16663226209933732422,4178068380422113556,12238279151505364271,10529008567585401935,17127961457047207796,9849478069397555825
1784921092481147375,6980199589121190424,17028898425275752138,2871858221209401270,4139075139639139142,405102989191345970,8176059360029838981,13119322744713279425,18205190815750375403,7650197047862733654,17768009006641887641,3786930351963577887,13825802878852702795,15406596960439860420,16554490235550671390,9053566123696610517,7266779456220487179,8728682189451197027,3286704503763334865,947518340517334532,5679190412369908751,3494861899261968059,2307276734869177874,9702663737461774534
13894274373793322228,700279244472584769,17436864440869548558,10603644440867707025,12616569824050326674,9227020728513669110,8720202129835841633,2797677663140608603,8623553387994977558,12565076442406289510,5800083222178565508,3556081712285106290,3864240876803230157,11880202354214234351,4706959550839755529,3088163577128702615,14698520776180810575,12572784831908534562,5859156523794727742,15420949710613948759,18025516115786381759,2056684790900598176,2664603485262738711,4480168063345957670
16216948369333235777,11635865195408797974,4697456328709360570,7189220554109633523,738926054597983754,2909141263226340323,13358216048914536469,10125367320487149917,1112434546202816879,3542941748886320197,16324203560430523526,4055111720858319441,5619163881505443163,11163618078814238050,18120282600198296230,5704977479530238329,11995827016685357623,712746205180954425,17031768341117974754,12731098257289333653,10433904123028684235,15244761317264848864,7637567289324075286,12138576067565099618
12853669069475141500,16258488505821419501,1373529857795647803,402447619693896592,4767072211949727649,17977950129745110508,17434891751886548343,15267671704901994561,15574318742349487433,17517760398171380166,10517035592452106045,17286221955257072697,4178151280710523673,14107042779563059375,1735125719233186491,10444184764314555438,5882572392383589760,5531807245714375266,17740947522695392258,10630433451384902984,120396980865115266,10383513453903463414,2866869549656384951,1671806361912911231
2922024981282772941,14159521367148766711,3058821720558035318,2878402325124219333,17816005724140933486,9720924732352683878,16718392985959493810,8778634531687992497,11221137227111326211,14473810011739234502,17155116586712583053,6756788333918533524,984158337510936197,900000303365191734,11548508638565698690,15934678552043930660,17023774547260371871,9606498007304850463,11727687940593496949,7242419092174794456,14771759691642225323,17305593430804079800,7165719618508877531,15495054681325988356
8444993787317340598,5783061275134590436,1601073810405856450,50173529377061314,10386832260429864257,17176396623900622317,15555132906821538620,1524350683106191717,10355568738771146452,16037561244286654705,3930566236720294599,926790873649621774,8356255763938109631,708955657784277149,4411700170785909115,13808265144965120953,10939323072562354486,3794807558730686282,3204915564255246727,8073569639621684882,11310713364422314589,2717167319271544824,13251131617000260200,10986958910553726267
7528542345276264197,18191258543047101927,16621623756085772409,8702445630952093670,3354153523261574050,18323422908595083920,14981670841181141384,1218414696220535999,14521014141726822312,1947106477200495814,3254195783532301077,1905035460229021660,6875021757438456585,13276173065845574320,17605275212937175496,11369353455717305564,4766774089249064348,6471296929552425382,9286498679716340414,1335236218976982769,10852749087605973822,15118163867530196557,9864937298674705392,17791927235400869923
7049825004264445788,6298219213009093978,130757636095900357,2432298341523007758,8692580195387972212,467282955953027288,10890313652678285858,9820210425091582927,13832854458018096610,11339575115920836648,16091359071738754260,2063803213020677554,11061291733404921475,7315223428454161922,14642452373177438724,16708230464021729781,169334854168241404,1844385770270335400,11664853738209724750,4567069466290200224,7809702442660409032,493443828041620388,16562069157264977286,14312716184062995754
1010383689910264178,12757605079430550617,16119705882556834810,11577609433920020124,10729479190997585110,6954030646167682038,7086846314147342183,1272217025924221584,6851881860554197110,3384926828090804166,18149902056634966334,10682946052718764986,18145133442044893529,11361699422902087968,3776612696963621722,5864896510939691693,9106921602897622246,6395754600475940380,4832468460165627794,8390793325284336755,5306006843633497190,15908341289005079837,9468538583454360195,7247245998890882854
14073365527724433037,2313471445257333712,14443704253344340554,16681133511041828388,1688893560503340579,15657764196044059982,4597624369453660459,10477760438569368212,14428834622394365174,12909641545209086729,4724178987828811000,2142984520659535341,15316371298468213963,10658213402169045165,17391160782760839143,14281276283535990697,16956982210588745305,5426280774152866518,9248909751606049435,9885782872440318573,4613212908175738817,15557593596113828721,6222248370113627667,2320105795970594900
13274678927102666353,1515387153017712809,3510783569052366291,17273618800594239078,4849713243896900825,14466780800533138431,7257392529780373701,10833776005246709401,2266986510571258111,17255058528176369996,4322086385062034138,5921107419579400492,8072353783750324164,5647395909291146688,18384479889619531264,17012634374127588658,4934621270285449994,11180239934372738012,364887542463406390,12715550274170044585,15361449254609631159,3462145660859291960,9020801299624357079,6352838169649399656
13197939956082922463,13078046126538353705,17668862528153365897,5943419556263827624,9692206361880196408,6040610099546248309,13844098425417925700,14408467563636917022,13121474172480886907,6804360839580810371,14059053251380802040,8951915188804669510,5687906318704061398,15564681035827788176,11300931537672908672,7525348779412124207,2274445044740266628,2984476261368729301,6872211610204125889,9537405609819824901,12961809881267101755,1572581896194565437,7953024369278025265,15659448135775019153
17488318933539079397,3836015761805435,12117015471676243887,16990752894495752872,18440798380429001875,7958475661165025378,13705729894171776926,17838317918664628429,17834472297542826424,4548523861708123504,9502139893604050671,5713483911533447546,3147475411493901463,14903247559077078957,15495353355398000207,15579059017867824076,11976562417256162590,10306994555508871159,15194912473007858693,14959243316736069859,5175177782894796281,15296939430681101465,2557499181873579156,15773445967154954430
3632878633737898716,7693116641617600624,3649561277938422019,10091513444134782226,431738364864634350,1431941843944430411,7623304610567153322,16892553759988295260,8145941862634627127,16438122441409454415,2644544341032736116,18340193579033856483,4091427903482779545,18057994500404466122,4602025128270873650,3272609813627778074,3064037631959137765,9337168694409470797,11533933554407043160,15841583657763270969,11264846821374708424,6992848899984843887,15692803986188887020,11516951899478576905
1169280064211562109,4972739147420810695,14326508485751279812,12280765358461905110,16615289194904542912,1988820693779180068,15501801278423457206,6966191597783084871,11765019666681901622,2637775052965056009,17534908903487830698,18079242640386110372,298691149185916348,8353302195970857389,14207145974543893000,3215637053017174120,14501025641810802084,383966521439569908,1697002647771940938,1262993131074109892,8715898864016584261,4659541882952715012,2497388317387360119,6174990888324443617
17654259233475962715,1593365787002723735,18044630036814544676,1264496449494094740,1589873525506412469,2282540847562872725,12737638011273241525,4459517625301641718,3736801515874501726,7659061725297300626,14750360731060484308,6040493101813253649,6188497736462682479,17608089492870369118,12424056595719499543,10420997493447116445,6657447985461514387,10068728672001897348,15321479904385094944,12596840377649156869,17994524332759905058,12140801805532064568,17094481973300092954,13532898139421887997
15001165042165658497,2580936063325295184,15895033416581210587,16879201398992584049,4499504059978414341,7829361062949550096,17654182511491618169,2964357359502734635,11900004897498021799,11808672088151136481,11521613394553348073,6379509156531470791,12159098004181440299,6724919936248581738,2769547321149806010,15100275219459544828,4435927319443430466,9107003165410833602,8048735593548166844,4123993981646938487,17785987400679828742,13748625176732962565,13367223812353218747,17136843464926212235
14800217133267133265,458418090767631293,7826522852833540547,15262125804595903065,1976269711641670104,1316543072852704389,15516721329074060638,8510524791918746367,4673974166110423819,6430682304721574968,12857827225976373810,14769097814200674087,17910822095493893192,12843584439963745839,17844433764389759359,3475661213629712529,4066212320034873673,5946405721794217305,13908238081819139990,302261435509445042,10910331031030489824,5270930818804589038,9265887719334646703,7191753957500036319
7784174333293810818,16382639506638509426,8866732115996473961,12691113819654020041,7351161670771286938,2696085594469599963,7768150975842404196,15104227753055626797,1190738930403198429,4017321345691116408,2138670679041417916,11836253796319403175,12527391223920238402,6766801872564912748,2493078870683563106,1171999141489150092,9701614551767410760,3819342273266079880,5915438147353742217,12295485813096632194,3267650637404802506,10234625658460976983,10626994874668489145,75643450960360037
6856009983078133459,11188782443851924928,4673846385548246441,10331936858730845895,7385077925868300769,7389226502473060330,6238349782701232769,15854326663228826092,12924652222346366612,11587682471363533691,14892735076336376332,6736944803214573873,6351837329380743184,13399043652790168743,114882756803684074,1187743675101745847,383969582912707943,12420225175196466178,4968934654651139532,2697725506910510862,12181919942877142802,12425652007396910075,7295417458798244476,14789394118903623699
11587687309272138991,5945328451197701776,12368598022792940103,5224680669989357474,17461962728810245391,5630737876726179120,1948761954695328946,9110130803843190654,799455017205024304,8981076634327878236,6823107070331756383,2179690862827697530,13412208070361923744,2750546329755715135,15734086666850929015,13921617803854665117,34662647227046413,11722248103250007459,5857688458750526032,17257269017058470304,6543526859939755748,11164565977535325427,8281707035354762956,10389526718011929130
9326364111065831521,7549989901315008524,11997463128767435807,9824935557222820890,2791628815074989593,7035870570539467304,8767056654871372747,148163110249468776,4368349992518679256,6718511356480949416,16311913990640100800,4577528439986811849,9070537583882710835,98598440071926256,11661715728043200489,17676601623889700857,2991644224252298909,12084170251441531245,15405966531675052655,4539323334613246565,5855452162684346854,1589061362610744703,2334756282504285172,16929938316358884516
17858033696103645886,3997281886930236708,3381185811629554763,10778119153176374695,4036716456021264970,7469485845152410900,5585332936916217149,17593859901971465680,15949773666093572685,5356199460579908231,11760294163662810425,11250647325924832441,62551451310741178,5677933413809085375,1061428512592701205,8260626287436962875,6652745052566377948,8950461073965421053,14226446445784320559,7660528828531152199,9194123484762569949,9352981882015849479,5867919569876579239,3757761395154421158
12202536369211477033,11588514465980678447,7236938324550807199,11295524540136686821,9342233346629432693,1844069449196374777,1640354548509803813,1841505056085003549,7733739979488019720,1483784018394424680,10161480146752328674,3666046358000204824,8565227031221011980,12156752980215824663,13515177481388372207,10694617922013688160,11908417396977715460,183342677561151550,1936079969494516650,4436276794531969768,14205303938282757082,1441108047923917752,6142216587421106920,15457528301757705609
4024686931754524143,15071018286405049890,16352633597151804525,15831255208778498267,10171123390016889802,16415010956959642041,11696243179016196589,18202083768281545809,12802640017216425235,1880138725468949064,7751155123065555043,17532193180027654701,4593970729365433893,16105466939961707829,2049405613517015109,14354706190032646608,9097950388740033777,12814943514861109509,11465227993553269518,8655966120783955184,5058961788209037866,7114420767594930916,8385417364454542364,16089715949288762633
3076284161866166279,14319280422117315820,15704420966178742415,3215919714152885801,4300848266468032132,17449838462711709058,6679691832372996962,7000009584927168133,12352206473612733889,485698040643468728,318349860077364718,14262463074009062052,17783097210561262526,17853803156716060416,16270110956612503831,7052651271165439341,10214984036216539999,380528931988288394,11423994119612571718,17487098791709019853,5295565771889781554,2945244431600880063,14366564276618753132,9237355267228990701
1451323639171181245,16338764723466344355,12201851646237762121,10911598824341799031,10049272405611430176,6798098340825210304,1491777491016187784,16673916480070170022,16224418737585037921,7082607439934461010,812841397693899947,3677194623672754490,13744488062109299792,15182494695293588728,13930068873548969197,10345355907180871494,10142805529828511689,8705561278006569073,14555381451125879528,15485692379645219126,5279225506032320873,11026123964566846623,9285039718419906287,6293453605308261845
17845071206786311735,12772958674272307287,2966106397446802688,14161605521217035642,5858175132607848086,16899475172694897755,14533436404414321588,10030171067972019593,3549405964897080516,16880049618042190897,2119238714430188765,7126755119617034400,12267371114180350300,6445564117400177815,7255860663052585645,11168641083927197598,7464696264118854169,4712446405699244203,3545601185407862692,6605270916138522008,4533478981901040092,10123019993216632440,4118150649955091205,8247973513953658379
5754900042555573143,1503700531893733233,15798536319711119103,9838570202420709469,3195955659980087338,13168572613053535239,14194106080291638617,12594982797526822313,66466793554045857,2000892722798676769,11325766782796875968,5837753237754708612,13905504789207325231,909895896688306646,13746902769800649772,6418393566930874942,17021919178650527184,14484484099906087793,16109073950291865904,9774687389685440490,1015276592129302065,7513406220295564140,14579915169611913896,14773917876035857161
9252505786677225977,11510003231285279960,8469611399238636894,7855125809326722502,12115209031027800450,10333109599697368067,9950683533974607545,10638114615231876191,14755948169694127014,10738272050679200479,4314153830336702441,11776115917008077795,12799074207350732699,12746210388428164239,15582001810969115106,10828695906702910841,1018879647894427252,14494417774028960793,12140280890767502332,6725830139783163423,17601543741653601775,17518737085055460069,7459037180389780137,38997389016886022
5398325617990297488,17780218896492310005,14990788172535315048,6417745583035971770,1722492036935312449,3665429013843897940,17072882655075230210,2902292838898237842,7055303686674504453,2563261645302630851,12647754173756771046,4687952820860639599,1916980071043771214,10114767756923866236,9984535314018248772,7102453260673370724,2138173833657086381,7560112244076357058,2143427832534924292,7745468498689252498,3589872775286457563,196413345437904509,6003025157817880956,10564177706308699839
5537169022074542670,12630668271633897191,13648524559040218162,13363273423582773301,11495631572871498327,15976494542120003565,17360450876492266690,14258733599366183872,15487098415903452275,9523588198942535629,4668027104387240280,7151761336370732508,12646760270031954526,8605138864558644891,8881664898374055357,15219865204662340881,579657842340845777,15996755853302440426,9677174210810114171,7001941934462553367,1262184671764694087,9743844742300543941,10726281484934640585,134122074548999063
14046937681474879050,4817664624326560521,10703557237107396156,13252954885338203121,17106476440046104428,3302728363733202217,7991212208717296354,16060974019428261060,16836828151333348100,13994857332586365034,3724712321174107281,15080136858305724273,11332978580858677753,13037454620950343370,5529243624594590090,9793742916353700730,8782248003795729230,9094402269128731309,736463234884060140,175203493400946141,8176214217675733681,14661727171296657340,4673840615733801180,16179212956304721439
11736178901274433034,11715873309719690657,5121187032984791778,16513394417629934923,3740606013975167765,7031624388007663735,8465009179889710013,11424036144216365607,17850886515080136123,9548879998230989510,7432769967868240848,14128945267809140599,17722115967607432475,13665222370340895589,6358486695755620815,2147458274271827768,2859945415932790159,7607256381147733510,11843881521610844811,4419213908790484568,9933327613945393787,5133387143057656263,13902893171205941919,228275552969539401
6055843739744145095,3389654769200177736,16680281105254245661,8206816592660089395,10320246286552295493,3549269638491370382,15988353645787503069,53272182060311049,2619996279187675514,17754437548071801793,56259501543461029,14389020891911540799,9659902108281302987,17998062777509318391,3640513848130443284,2673285955803500708,6109765399076979180,12726778099088145150,949238192674967696,1523279193939733511,1070293521730715429,7608137034084665105,17282676585880155094,6134413291792884433
2073709293058951892,14516792639405136447,13525620652709212609,6313069721099972093,13321600068859141101,9292989516872050543,13864468866173878875,5735043499972403293,5973365437169270193,11126410183837384214,16836158558519875817,13487501008756444138,4696703260978697700,3113668576422766664,14678803239581851490,11437515318805307672,17037557216460117312,15108341375935042845,3797181834638050199,14327257441721579287,13915676242633338082,12636414453650746625,3049828290489712717,2509500817424349974
5519198188920960396,960071849494739953,2236603895299926161,16150101511241834457,406018372981144995,11274541814461385103,12452567927601466701,5303438120578155314,17876320532402077237,2536633348902941585,13956904237748536389,7041377510172989736,3895976268363914713,489811512416253239,151937450049845647,6374442382058669802,10509756262862535725,16708571961101411866,1751213457368633394,13688689116811413016,14864410062241124979,12394677777457704783,2919592942035370571,13559466738582049141
12219213730062601367,12848294506313830511,15536976820160147173,1413894752063588830,17931404406031805952,17331170785348594919,16975570178230842621,12159337882577647691,5493342072766877049,8084223467472682672,4264977290113511994,2993606812521005608,5769317340026354247,13463760594780927521,9019636193899273434,14761447277419070183,1530524608173412167,8903096011414841980,3624902515950430921,10388016496501325889,4480830753937481571,6232577156821868341,17890611351654045864,1484932797479955640
15628565016001577881,9169741887940403688,5051642489348225367,7404618274031676698,14022530695521779203,11935989701101473083,8183424029072729497,13663914170396493046,12651567374858256028,8785983836430066646,3988112762045235261,14769977908428549657,3535726707735761051,11102997758173998933,4516024350865920072,13035708444058339735,4870195814257943106,14098071741747559476,14267725343136370071,10680194160224085840,13773562100564108715,15257266286215211405,4912207883558887946,961556856999103941
4619641007711234971,4340375401100849657,10538916180271946788,18095603501385984205,7067293480316866338,7564755255130516914,16327494672182847825,8283098354901727597,18134777980077770401,16238702415815425646,3806772521246663218,15021885348224903369,10591841625403664977,10588203287039568006,12484019924592198795,3245985299338025832,11363014651755797164,2481864547123569383,2240096084577878608,7487597221295575158,5321206077875468490,2529401715757874947,11234409921645638999,16810014008371056696
16996922424149089104,8640577736628146173,1891870040638941625,8840364784487839253,3492763122523121501,9572767331776774423,10759485183414518989,2485478604708482662,5123520133504477057,3869406254358830266,14132786375072976536,9568462343538807325,2228134660855910599,7556111374012584446,15119368044768671427,18394687971669411099,16905979544738957048,17492487408584480144,13197974871899547060,134154711751976655,7060355109003105360,7065482560526515143,982045241008253055,10149828104141598848
14170339447703066725,14448014915059043136,7517803656223861145,1803138288502101502,2739762584432959790,18071495958962813091,9346857088529708597,17718764717795145886,17589072570968384140,18316566293598772851,17508217581107905953,15826503905709153136,3696692399900680217,17443274214131346072,3931183872540035313,1017715563486990408,2361573502946471064,2221604552328206618,2944976023826086054,3807717333340869062,7331985637650518470,5097187472437866926,12701612859158464643,4839134639804568432
5729311608384319833,15267651869412680428,15264280940253055737,17634837564966161160,5172254819083480516,9685951190019926843,12858471454264662862,1353860805507936228,14989956651517169947,3179754843931854384,10952082455503022858,351831913551770680,6078219804043082430,5773415140052328302,6629185641988759445,3270407809616907483,16670492692351691860,14135275300164822449,4051181407747891968,13951370571130327970,9609894732102233941,15195042933677886963,7386485300638303830,17694114757518898344
5103041877828759721,253230718214104393,8739876204811909185,10540305141920126518,6093007016687170629,15203997117291524042,1178027229665814586,15013067210186899976,2577172244891263813,2369567606713461364,2080176400021417074,3614505821920776750,13650048250593039793,12963436415842492236,5723679231510977447,17975588371137601274,8738717589393646634,9438889836433605956,6269909910853824257,7442040454470001838,792697613450629010,17560534557761780213,7154853483860088908,15349435857272429015
5595997177096229409,17119420845511810356,2109810143551308995,17431575708806194308,1359618492182096651,3579837350998784902,11732673165002684866,16445630123881759254,18389264510257713638,18336930168354870905,7426530751919527936,11346336110269519970,16742844913549690302,11413750935813835981,15401917443344338342,1977554457856253335,9891254727781628639,8995818193007918703,17493223713312820972,7575921000436009419,16992295793707586767,12094874982479696350,14613538749802869349,1296523862101342200
12828811091411229589,14523413018421311902,9631679068642406103,14305570190587837624,9443920903824795826,10999750951664063431,16124239169530217010,8504540289328251126,16046693547166986453,1225367370657872197,17132283108821485748,880866717214309774,18024363492047541384,8500294256803591253,13410801850485137381,3134846352175935856,2142535078863086420,10911838769095353962,11017788206841905448,2705094305010849112,3959929580656557851,4774395186965149582,16775112609511813954,3011486732742566228
8141976190958193297,7797420707274709651,18154326798589001307,8654562074778469040,10163004908692436844,688247977792180942,5212833383008789304,6440154408609642203,7492552727414345483,15935605340614357576,16989745597689524741,2892395076773227322,12775891974009120784,12912943450049878282,16327945590475169554,17059860577793849620,14941086795224233729,16323396683948898558,5982625037852294506,4704620792445281252,13869631951183865117,18377409655711406011,5365551140343432201,13926498353855985218
7207052085770864399,13443764143197523273,5791637077193368269,10728778022379144166,10458173198825760242,17544633579344428091,1890296256967215360,14949916246969727834,16846755291332918091,17045815865486147689,6264812306825952568,10220691653412382648,12361555845723725355,13133840421679757164,9290823738726874527,8503539872434721282,7575915123670639919,11646798583249820358,6145019980791645742,6388196513095246010,6872079823191627190,18067464377090331588,4555604621588853929,4090245664302167229
12269791633832623687,14118383554004496562,5118121373175111638,15141377331872910319,11307969203346437732,15500835827324985546,4885801212022098064,5607945693338676553,10516838127513967570,122195806196808037,5441559820792000399,11974240439087309967,6825317462521045191,14365910773609319403,8792367405376413641,6860179450791182053,7509853437241830102,4113592315637875824,5642463999826270068,12703682931413884223,18007682404938851158,10355338892967656998,13694723569176729660,6120887675107628152
17850880325522910673,179319857599692673,2512154115493747094,4307494559333624607,4857751053513613881,9467059701673812929,17151096026254811931,1523781713599944652,13105932949545008591,15777199646768687228,10737854100508238757,17685794026969258196,15720069428322993935,11756872938807321395,12351275351290722620,4545695058839935690,9261053522355212518,3967874492259176442,6924592271285582151,3035024301275263831,636907200170959489,7326572243886652073,3552057732749628302,16872726385445896081
8718520867514061496,5568766494044708231,1336711554825498128,16643294603573559990,17621414731533400979,752928482499778797,13206075376267560065,16152321910652431955,23231091591344563,14630639327050223844,1764544489831995823,5645328788502827071,13977765680456917721,3955406160686413769,5859916734513013123,1539415956510754417,11300846710224258039,12328245959085815500,6792996070007462364,15919624412405674356,4672178386108825949,12396936881859469803,4254040298690349452,1480244932844882584
1629654319871260282,10860836660194435019,11896127347711411158,18388014193263453480,11527987719727252965,10662579956233794894,8974447885848628053,10730232247055263002,9223580341401670589,9594763921651967111,4967327506144306283,11269705168549913658,67846657787418838,1554082428219628566,1569713422595123341,16558148978963536954,2856216953996308642,10189385714818119266,5752361092309758107,16503951204848617669,14121414474492088056,5650099337262360617,4151648642349351632,15195271154360488898
18195583585269562103,1508317713968804372,10981415987262834084,274413373380989365,335364135659579563,7079331615050943046,4973704202969370011,13099370268531209528,344401713883894485,18261588903433971259,6682248056195127211,6369496820710145936,14532091652711591716,7322179421322585552,11111195665481761866,15180985513854289110,17484597009260863298,3898636480606221029,1904066648299284601,7759343617732932658,8660696873082322393,9824823208807563976,11305701415193325140,11851697421800624773
1254160397637301741,6782600483625387838,15571327344488840799,13443319793907113408,5153088905633805711,12050434514302321953,4150038198781866172,16793592205048669627,16679013372415245712,10943154547726130777,14479223637290656245,7274101869650630663,9991085098340015952,9564904294568590815,13057149630070549548,11223188678870369079,12668299594715389579,3128818813408529653,2194913722037839152,17313859694964656971,12355107488976487576,12017971195288095840,17095834486331736143,3927660071223712599
14735932351459090206,11723745031077031498,2252158344614383235,17912295051401459571,12555680830543641989,3304534634128049886,12499070019064647489,3447876459327028989,17623580883381357863,7921130847160181922,11501247746014587171,1426775648496180548,56609213833252090,16343999548469345391,157225501183677959,11748961933814619105,431095449647583741,4998565868367908783,15534898223621230437,3578345348234020184,16341832801589539195,6333460591613951586,4266067865094332923,1096669539475391882
9041167583121934155,11729768552764689269,14611717395977272507,6980538732822717278,5909827161222629199,17095224642129640239,1900759068154353460,16674361120426137200,4676572897409603637,10356911454145395890,8067256977975407065,9167022688692424221,15134295413506069534,5451713408441497319,10757230964692170599,5503670868851173960,11755729431449358621,17343317995346370210,4985248066884155523,1322194110614791323,16485114826534777994,11206126402848241090,14860184622020474591,11405422122268654810
3684923535625175589,14486186193625546769,5625871746173909459,3799311511816717798,15206980611636981066,2568683563062055749,14739361880320926562,7592613083278855564,8235599611485721548,15851305122439186157,13060176426855452344,2374223762797291377,170435427283468191,18195220758881854362,15701797232615982640,787071106168815070,14910873273177514639,7142017515643676756,14600592503062171106,3910797080703513012,7961493459935133440,4510457249644331405,5819032647567454605,9588389194597098150
17707435620976063762,5122446000840081275,7485718432643924284,16097266821443028889,10970839875871253897,8284594909976551229,7382801854409673448,11820924269739771481,17325334657389584497,1284669946225419583,17738682345380474807,7505139879949746258,10819480625731869485,791195503677111741,8432685028847482840,3143959789529912241,14184327037797900259,1297329260095862313,7844501644340346583,10340697034448847795,8054256621028952284,7245050419074118038,5208122252511784717,13950863399567632812
10107489391752576432,12435228827365080626,3147262908624171379,13670645371206605623,7575750991692948723,4392373467808573279,11870406529708234364,2264035552335402783,12315812084444811694,10902115959644006697,4712183518671057470,12657566989307959003,13236201598683844842,4054741084694564184,8577456534713989930,5504777248992058664,2862533454276963143,17477932051461226214,952248084364563727,1395085911200463873,8598941065098555372,6381891588861370895,13228518788225348532,3097647283455980800
14155341085393783159,4662889418868390532,3315447873170155662,1932253486096409921,10740489031985662671,5170581352752222903,16765464694456211073,15784586792002433509,9782393055685311897,8675052983285380920,1505393679339169556,5121960605489085914,11522811822553408914,8724445913921071597,17593061559095738969,16180493860781973320,13157518404303137974,12402007266507720090,7649237998281901873,3394351463285170514,16193950789946769304,5040894773524043282,9017888167651480138,14267077107577294098
11396102366316104834,15824734861915758648,15887495053890679934,8148944354877449554,893152862895232406,1254546764840572606,12520944590635984191,3468045335092855346,10114882768256031295,17197600245669923397,6107746594483350042,10797183650675859067,6770081746527021368,18256149045030001602,13338347888882652254,12384910744756351832,3141720853735201964,2242003823005083096,12721793823974037458,7654270891297358794,2676134480464473919,12403175652856135223,1407208081536298110,16459988923367939425
15391140683966539962,16601045269980320918,14987452827205803061,11497338831773698738,7429675185744898597,1654917194691877870,11166599601263668161,2320133966904610175,9195180944146076470,14554937758021697329,15704915746922300545,7312621410762023347,16217822685204206934,16156516908895070100,11027022857159136799,17649015242873803690,16533765909143764902,16573535915332948888,11370703695649511506,1553289686858532161,11044079104895716177,813839497116742799,17875587802783768374,7426994911967596050
8366985966709335633,17362633387332486387,14842765477993014252,5032393726140529539,1717815259094695785,2399015341022693055,1855818725389273623,873534998831193812,15481542296237437624,17291498413127153894,4024292382959101629,909174638115606329,10824898253194805883,6173632449449024014,1255806279387175950,14257576519285102749,11732939208735979681,12366586677648664831,9985368928285636260,10057410792164937634,17835154093093462490,8367945064001562584,343237286633585704,5321143273884419351
5631927634506829136,11378046903819540399,208652179512704223,2081604151146840258,15544317293082369542,9575572702519211131,8149555657471936829,17484682200495736902,5657055295288742910,7356379691127009877,16658721554059924091,1826942615918809016,15921009100315799996,5152318719139347072,16144761870903464739,17908922321952214383,2144151625454585401,18347035330878924382,6663714851785827229,8552133413900720057,1816891758576090295,9675955326558396175,12420423080308393897,12138008025536662098
7406408013448133945,5226363904993166433,3447900696320829350,1161579469957333676,15022806520375437135,13284788649958534345,13088429044513476775,9671402610437327224,1258264341948956348,16146734771942001232,7353109955877378872,15706274715030410292,12838969339067767634,6691869476258295741,2441723706035520897,10953688084973030627,13401240398719127196,5316406136490413972,7928476768520226215,6289712950340531588,11338778852720492826,8155699723601999827,3542284050871656818,10224844245186173184
15450134744583043105,15622606402804331013,11190767855635043023,13734346613177136935,7229792463451207952,7993740478172585125,12763889975201040345,8394097121079388977,11800382151224394593,649549049688799563,13504583182416568716,16127728188276700381,3023730636605482445,16590153912880167246,305347766046999949,14088508889964229571,14170756257279639149,2455670136908831053,2518014263932107076,2134178507472224474,8928666941491012315,14299136329094672077,9413516581312216503,4380168677610602650
12449488335331434790,15995478368580899930,12132883105434361138,4646577765269060710,11525212596890692710,15257368915565621718,18021910761729262577,9937919803359012616,15892478383875206960,12229378223944835286,5788848443418071560,2549622251943283176,15990095653074967422,3023808661234119532,4977898287685234935,12492593065104906074,9556353248216958434,18264796403090684243,1938079234952855099,1084075416706666511,3927581496333235003,15042917965420860835,12851291238233814603,17546521248252715708
16314810284139685924,13634626175110314987,1708878931410940903,9199125065307736320,12458187831428865433,13865816868068656373,12024598966310836245,8891526189459633348,2447754951023938851,18205019155268139932,12424459756030445156,8771165967401695045,7660863463431984926,2267566565958728400,14072447834565769030,7970920223228861856,174507904588352232,4251204349439949989,13685858030628568469,719827128771188434,11096890123793115510,7861849039359364239,15438379994192363094,2106200264083985145
13403692177256525998,16295036648552102009,12570322674272628165,8569785491588785115,11457280548746791307,9577370683677981038,1279985295694640032,1053444051635339465,2899360550712621715,11045824229299173389,9349180719264624042,5970507727877721702,15948839190815808483,2856681288164378838,12886908405708727054,13988748413081674910,16949672815805599425,14781010376098980930,9389634207970274981,9252200354616100793,3766664512127678572,14736078493657331983,17353294435136722088,1433547301311404477
18429325972798370987,2925162675785374224,3907981209798116975,6545806329174154613,8077622553313072698,12179293845117602325,11762918368173977550,13283603713704078432,8292339886140317902,4516417461128642473,8798375490110822112,7109550350141394536,11717854692370912244,8078349076942528356,2439485589367247783,2874428316977150380,13121395214142157495,1045550120153423414,12524307753110018506,7099822841535572501,1991890810100609426,5753947235750097080,7877320902100750623,8347631011216234340
13375698593548247069,16835467574223670329,15739501585299812365,316741444126029165,4936375514448249748,10762867198165581074,8992556415913513979,653261465917845278,11248136476671702974,2600372985461270302,13395021963454378948,12898259475127812071,10165247414015208736,7461722719598373020,1904959755381663381,8554442357135527219,13313464954428240760,11040960868491540205,17886397381224143087,9126620062136365548,6809377630692893116,17892459227617053685,14889883377236583875,11800114051656509922
13667084872263177167,1939107009888774896,10138411685671319808,7873079186401272594,14201084982694099976,15680867412797036122,14801881424263192287,2675176443597259063,11091497788808554835,13460464874974580315,15616435169941168660,6503591273783206428,9980687871409840813,14054084095318987842,8251506426610757856,4630536403810556323,11995240724639360831,7735593482120936377,7939754667509255125,9678437835867231344,7267755324344795556,9184825960988940810,5945028397018323397,740421177326217170
12435050385649417598,16730614537258455980,567968577464071478,16140674222152212395,5032284177879510601,3641066488514518960,714123359660176026,4454869897448590046,3778405181633930336,14397603676829155439,11662889769547227156,18428756014815677398,18114255168153604079,6390227372137985167,11914471830558234955,11052479311890668587,3218597230766993397,11985353089239680098,12152876431464575926,14948448370820698097,11124245983430244027,8753919128274966985,18224754669149298708,13408902296414218588
12883110632614728971,11953064684950825583,14275551255904686326,17810919553057601200,13700347887858616381,10737627573421337791,2119823172466508506,4017200625823865440,17783878150323667439,4090544219576852956,6819871266014481650,7342357877005957770,8361667062915355314,11227039293322688463,14077808845546031676,9660539282673604870,4836654512673272504,9602648604560356594,2502741586070541905,4214815524051287761,6540381588930027213,1832786707325766446,11739474488048828278,3802653974412445463
2446084954436471903,16172235385341725740,10413342553966807918,8125134944365846586,2614672853382549727,5611430952646214668,15537760328577443212,4560545671997865088,3678077147057022463,7662179238033854902,7021791173276967484,540254060025230287,12187949213099499225,4365937500128257190,18159940565957627038,2913859709851139224,17382834861597775507,14106414423962241798,15237527744906475344,788365343970502611,6466594039969452824,14794938879639566504,8964659150979305068,7151125925959212236
5867702369109784280,12851421698804915752,5286168091501849082,15918320557477682424,18375252632851253140,15391334921816797325,16341717683544854204,6566005237282209754,12313246593981864265,17699459093462529746,7473607677339520326,10941881925825878521,6973546333812447154,15116921157271909085,12242145763924351864,4232052079721139758,11884252325002410660,12455317105688952119,10078214970604953041,15734300045794938870,3126583137191559517,14853806021841900393,10961116412637442699,8567341447844231815
8569559279958893507,14215631113810393956,12879248551245155588,16112166475809861709,6513738345700439000,7368395871312414342,3040725630555952424,16404697846052604102,8277226955693553682,9037847884860246622,2285178492601496624,13660483878279625852,17146018966693569925,7058058973034600400,8342005154831474082,5909348070003245401,3486758110498925083,7618912931631690434,11129932069586606789,4720718170507864902,7729930494090460877,2716932486150151417,166262111179106754,8966190171283876023
17607033639709206245,11270752666058668609,13449724431573631448,8001329807642757164,8834390072127603148,16324098504704616132,2669805687941260119,14871266065581921636,277963667558117604,10609677054879536661,12993395601854843165,6748911511622050989,4859445765820365468,7731181485378345004,10686454929278085564,2668564589920951816,2902095433551666276,11712967544034502708,952468587818045888,3591389226825301573,5212896825994939850,2233928804335615488,5050487625073228407,45854723147596656
12825582712720404361,16897348701040782629,8189749786420331446,8370823101136397735,18010004049221697083,4998001465260648236,635606938681610218,13137509187535564049,17001778738435870514,119676503185500884,17740993675199447764,4326081959055902817,6026127968562298424,7503445088525917518,7545872127393087618,16958703902484236896,374072029188099533,3034735527359458356,16364929046381766936,16927654623698258453,4691747485786924140,11302895154605365994,16370333439691859512,7801184672988371188
6965021021689579720,3641603917175545052,16632848570399115558,2026861765437442715,7049783889694860628,8159824984601302353,4031825847131898434,10835542714619732842,4193377769548139388,7044061594457218225,5722467406453266076,6320354540249625421,11570658053680888686,5165780124882094478,1041068465870374907,7334080833251423451,5784052082699051600,6505702604050039126,5520293409486510983,18144501852422085591,17090842905361846374,10365232138888583103,6240063699574171623,17464939301433523610
12798661845840284430,13580332043367537985,2599948433135600350,6902586445272663228,5872624328710793610,5081639223218273795,1968273468848235892,11223411360423541956,1246031069522619438,17056908044739767417,1385252331882234696,7958260956089302444,16498815398957979598,13120447737937242255,17439375070688897265,5640895711500307401,641702658996318820,15932688776444884719,16323256098147420934,18286788759459895593,12609950462374480854,4834216998743210689,9048412524306955149,4781822576583886496
4022110351054358190,11831541930973735024,5224056648822350496,16936174106372129832,16589225876045385886,11596180795943694778,9057835190959887683,7671061113216417702,5369472741909713213,3547475667650860392,11170841248126797407,3109203918990105515,16270193075254596179,15972322042453529863,588307804318368519,6828035712978697988,17203238683576004711,6968979327831776635,2339220158541875136,5786407929683052575,16348410927242850174,13797325459005111542,5713357731831405787,10027189136225722857
11125005280105155702,16971414395583378712,139128048869003367,16383007742265089375,524943391336398314,12793162378977967976,7682439708656205244,10181632972721615665,7719701166460101829,10382190164814877422,6981252062486836179,9172381900093487172,7263456660478890586,10774517166443201732,8931699273681171540,7840134088993680923,8149533115382372161,15866518608652389644,9218824165095207429,6307737131490074003,14339533913980910371,11338990375325658729,12594809985303711506,17684183031081137003
3295557404430282372,5202276676934448230,8441005135047685784,5685420959117223391,13515231636672109771,210428041053208238,17581417635761597093,13642336691592733618,4751311181646249365,14166804429857374514,7694294495281462988,14653128024671016162,8592984817695666255,11164483496902305732,12598651463846796376,16338164223735140162,6739239676722381878,3752806229226358617,17360632821541778216,8523264438075248523,10269367480286748445,10762282780842189882,6266763881642678406,4585726010951747458
11144595252219193366,16174227820357066126,17076446852138375204,5150220926063927365,13295663549993579993,4690495293765366734,17073163024146430810,4011467120802465503,16971193204471468408,8689176155801422211,12075824435116442842,944095974552454164,13564165231923978366,14255143631077159943,5248987328723664348,7841406173748434553,14016407041123920743,3740426406397009683,3214448736374952256,10713003963902629777,4990093313712853384,4057153616292139297,15598232413243283819,14269476836501198020
4077761642474666584,6900942716794386666,1470817277375681654,2455560558500997387,15044810286019830995,4880368261454794167,599845726458780271,12651145201841857819,986588843427515716,11971116010538334667,11916393438740281192,2288977647083254262,9391006834455642134,13033518544496876299,6903849647959590704,12222932036619714521,17346874056866995686,15106757547529988071,17921193124369837518,2160151197435869033,16449574013233477061,16873220805285100315,2045668898255812785,3988507322314888300
15484690411729995472,1206850265886468931,17785973618594181005,14950701797669369760,11748588890853576276,1325563832898029716,17653550485131113694,12820368041929351502,16880090995784153372,14425433399364390844,14536820468685976570,3520977359453440219,13362048360181687575,1011271526855659835,5053424947793380972,15201011883356792949,4575721108325830648,5951039993979385608,8560090622205992342,3087375442075371813,9461762439619342454,5808132201488693008,15853432679022757241,3823893584533442731
10140512932953358109,9841686675751559812,7962683977987415954,16934397128111726913,15675572344611874753,8046127832058514075,11610689793197137453,5857285844085724594,16762111085880831462,14320297329852241771,1381389368864582256,5303609642070993968,7312538210596090342,12007269550055508428,6933353372065768986,11703345051307553764,15337671919459261931,16567659396926207069,9289120243147711844,17381940483479656707,16926147511125241160,12138783228486337049,4724023249663830290,9035113125251106374
16629173935092319961,11536432179084478654,15590669816514002707,16258333012857614814,10064577038641919036,17679216416677169407,3697270196902967366,6777805040865122138,6351069238143852293,5302143470909575438,9817350675065400013,5301213068979294176,7946360233561071920,13919835184416451086,8178544902180881885,12493553856343025108,8991682756996637714,5065189635330736076,5957471863758715348,860830558924160903,10370508977254577794,15975111314764503247,1647846695772954624,16793333951261977097
9913173172911588340,15967853342837596507,589801623588671025,11896057709902818901,10647440061815455316,7465643157274341097,4084095947598545291,6759285467710650941,11525827808438333893,8105876998104255147,2844331575009485219,6757798023749039374,10688866620336735646,9023469289564286817,17024719515331275707,10329372773427451991,4210058003568774310,5843169225572893813,2168761728851902557,7674653034770201175,8487038716417104406,2485772705814774966,13551479182905573706,8300235634130878128
14046312857113571763,11977126089194496871,1955445431023317798,3443074865093358149,11241366044441124949,15835918134249599509,1971614148311024473,13397328884070326408,12941294833339314081,11867628745822931026,3338172556294414577,16195066073323130184,5482175794413370272,11434894567355156396,14614934196520779383,8552200050587617589,13096028904080609899,14536610838742359307,5061546817413220360,6345808896891734532,15562634243006492777,2596009451443502587,8673005035255533179,17981347994311458625
5166273313615261087,17152349761484793336,2883934958989355321,2881010525833552740,10008880135333632782,3186794608841741524,6863017299777385587,13439925259451278181,15820028859732918435,6569236896811959719,17807637440944089925,3440814025851842242,13571821626110948980,3007197371415893565,6394283150377316509,10845315868018262111,11943243471440372004,11351281659466979719,1624535237956194795,14694990515008316240,5751123744639014337,9559456950866513774,5806453613072750103,3360482277584954383
16985951861522116745,8468611789370937407,10953401494933433352,5875656150647373416,16841931025192006750,15685541697825798412,17229322644827403506,12050247977018216695,7717630698584191199,6668958170417559572,16906254872342383714,7480508513587218493,11633169755499862070,5694335810733374451,15957426075932066333,13671705436302569188,7152059198979337519,9815175646537692589,12309999650381642182,16805766776646302953,18331125834050190932,15904388661704933162,5787396472340545152,3897867679053558136
7270173344307894381,6369701398680770806,10344518472437413563,11014672058294019734,18183268543105382329,2334166514212751445,11572581684482044057,6991289439483157573,10315428836366188048,5433446064638772963,6464963448765645127,14951948130743414510,10798937440500242375,15899154144537352080,13439729583300170853,16077906215722987748,15664845301261753994,4052653363951542286,10834812199726080951,18089790892523021912,17584286367140229213,7150495605746464331,11080977414886376188,6197768005676986091
12682777975635702433,17970518049374558430,17981540730008344250,6151265485203786306,9987764543841655613,5122899427135623756,15416563871658714826,13077911769088328664,6580240410544822550,5424802899100929742,10251807099229900926,4138557318385177729,157524840754765881,17248787670423671637,12991561956541703045,17015425489119784648,1244681759542062405,10601439795674076188,11216607702563103778,10433602801167070709,11364669259363266039,17250688127550306211,8387794551921336533,4408628482104789303
8119250528691582352,11509939940147359032,13943555534862240506,2809561462212792991,8672436081301191209,10356412450086105472,8218612300275984345,4200841609910931614,6304461746808227245,11094816020158103501,18289278371000764925,1755274383382700797,8267504134622373472,17951594675569145240,10068551406034802607,7313125121821300679,17104686966877434517,7377440367655337626,2945307571977743277,1318203155541632953,2698627763472440274,13776627733537480123,1425185086223727321,7591475686496039850
12129348548041084785,13936994401639715557,15198768053224486266,13907941046671664256,4704623082231204292,15421067988664045073,8394266277636154112,11438342420981523090,8455378753753430935,4147435434471468985,2292325661804387683,4125951396954714913,18373117271975246291,12985155592400400050,446367324673315459,824642453946348753,17826362982428350439,13908061145010773293,1502150097930011262,16815801580611641379,6422213223075251498,15680917875115161216,3034102995907778266,15947101304204757022
9273190889609792862,15090187241302471285,17321780797167355398,6676972986406348183,14058750267310722409,7633408529169681625,17429207920921802503,6020926877622498247,10427841405748225643,5830641780154470168,6937648740906271158,12750560371894833126,2827094397830184011,17305862904725212921,9376126758065410591,5323288039342619077,7747835271356669249,1054466538923310107,14442533724540823603,10238052745262396339,2599029525894446108,14574215076595815868,4655294183814618394,13558614829902856040
10604823083300236880,5297449759471041908,3928610454871357116,4868736739965797493,16337822595841766257,5580085413985815746,4972774168041629071,14150025896173856009,17841452332639116800,6896788020274938755,5938220760621311489,1610875419815256787,2673052960850191304,10367625271736981080,222534509539271298,14625640198475558122,8510608265350303614,12041806364398960748,13114017081799230422,12592333559191217396,8823428423767188278,10175160898129993485,17062500233838553425,3148763691751474149
4178253289940612416,15953829968466340657,2440702330023519325,13997780914539352016,492661936147398347,8370239009365235148,13107397551488461714,2556101066484662435,16975140826135428191,4456212565437978185,8720600577962413954,15096818164931366136,10471264495318573159,11524852296919091604,4795030366718001195,16808614844188358460,18432255990960036949,5985345271782926365,10122057938654869800,2265226752900255434,2921774609634149132,17349532364811551300,127353383439782849,10625968460289986528
2290472753504175291,16888645272524039250,5128515327091684006,9914572582638740196,7874430166700495310,15809071473253640286,1682609932058336157,4618702198134024576,2035457349850244641,7923799875848189114,3286643706422330007,17440180244605651670,4142350439033485045,5792940821012661212,2214550419845487499,11880652922078023257,8284560713571830653,13362594956568748573,17073701447931520280,4354238498068001146,7887353402907513915,2350997326877197307,18067521311244157055,15561890817142954099
10028166371747009759,12265361651939535878,9478463536507375278,6240844123516417536,7044764425013748650,16985921459835950016,7648073935867110397,2633834872418633199,2965550156880068026,11292753643269759030,11679685361790743581,6302838850329649504,14212866776488416471,1906066186006240988,2634081879428144386,1877627092138402044,4790097240260766905,4268910143394066305,18262406253682848053,18200359309540417537,13796962472543435026,16699657253810482450,4683057348672994408,16870690922094758516
15425581028706837206,84442956668914033,11041186340006915826,1196212770027823132,17346500679336471085,17631702304296799067,10933380705609722238,13169940412664216426,5158597897054778283,1144956998401480567,16689320242772959099,1741746651223077870,7726857407511139426,11943809479570415315,13108510387003831189,15227842067662092665,17986687395783708284,7209242308426462923,13283641959374219832,14728028192463702887,1885664947476348738,9105513045617987158,10150385235055481381,12684467609422090514
9779232303175787096,12269362771424368680,13884387860733287971,5721303972707581877,1255973490084371495,9567391857751622915,2675388874145759885,11377991319486893176,11545244703999071499,8834716080262958269,16298349865177035062,9600574396745000155,16951819936026002367,2015288342129111361,7450324691732658816,10354140211108129486,7528117318702268193,9411520179207418321,2474505186724210775,6433630781883967906,13665406633624069934,15591687371155485944,7410418910022518075,12348501868424949263
6927566161867104225,14985286109615966058,5438107032739396869,3036699989598501876,3161480537508310240,9010159124436338616,12735106214046503014,6260574834906946510,3287708240184764262,14583503448846443392,4819981051558189746,13504175465274733330,4868470730642144192,7196850862370202714,17295769607223692963,8979480372577574729,18076013894084066585,10383778175237729017,16875694005943340653,6590054511540261504,15165666534765213652,17505855649520635682,17689450205987194910,1589181605619925031
17733956856146297481,16126861036791964965,367504346128038992,3992159121026693814,3502572065213643819,14270422636092899805,15489872721080326247,1601928534167373541,1442649284204100457,15491013127790840215,9857260935746714287,10725718927030902953,6798894534695181182,2182065522945961878,14805119714036141079,7056046099291621453,4033766314111464470,8975628120798623955,543890578464145983,13500745574898137198,4199649126209998230,2376291658577894409,2317382872199218898,4792959137656433827
15412713896512078042,4850250693012658466,1113073888368808889,10759352753325479951,17205607660688817181,4919690303294424660,676026995010974373,26835514716646831,14732743937512595811,15790479561729693030,4559516983194975379,10460718337529624328,8159613730759937859,7663829213964373535,18400597326657853846,2920625273089428782,7702547948408227976,4504607927864104433,5410568625310196423,8669294894254154338,5099330037329824267,2194549304954511074,2802613706714564682,6659438972774233468
8215633296439874574,7927164827582516744,9798766756140173450,15681625758269673522,5851542654613401521,12420997884344111647,13677282970643577905,14927617991553806748,9229098170517857822,1936027135852120419,4108229862649401118,5245678003579748738,8826786842458998156,12955458339354838679,7739189495989572116,1213227172883199308,15110633563764928459,7151249736897057274,3655231234178847005,5796463170611570509,16130031431683052609,13959304552311259814,1338904079212775921,856290125768461281
7718097313570051422,15009673509585239962,17754753380631020775,4231020905168223544,5765407664454985649,8563108974981252364,8351974383703947199,5855030086386074123,17254900427865486990,17901200004459656155,1558401348331296434,17386833568202507993,1726237650062486222,3815428701481089834,12291754171190558387,14426377464684439593,17233636450440055437,3537268925126188430,2913562572711370234,13909875074170890779,8239454397469305254,6393144679348835247,3080073445670075023,9796037669087125506
14434655257664217653,14861134536366207782,16743692186933844355,11682568417903408566,9104927440912792673,3642585157282010687,2697575093195573845,11251157910462624815,16181866079529495291,9417448899327630856,17189584915168797270,12923527303501856870,10399317374924019970,9790724771400943008,10728351118155687000,12571364036518599570,8901591012730040932,17538227673108474763,12566584387994890293,3804636358640450790,8414775884788886932,15952607769263669645,11510982727125922133,13033244491777585453
8625457242803241861,7401655595158819798,13804189051236528782,15602841454288456595,757083546689938731,5580131351300896925,11333717585069403538,1003925726684799010,2222929076296977558,6012931638452619211,374505280333741604,17492006599044482063,10194727804477895271,5469648180182349243,13445340094616426313,18412437519835781497,8981666079131417879,3210015915717555995,15912535237807275260,7067716965326490482,6926454434904927385,8561913161544300702,2812712719094812120,6005661215736528214
10746065298556744846,1246727277529427618,10387938932206514534,5607769055111223021,16722278012092131463,3577019503270848012,6390438528137336232,1910678059899324082,17267624427856423116,16581549672641303431,1477242004382696984,4644586530277429509,370386938907874444,9820359084849019116,17721431760757430787,6166538948116416106,15699794186685618061,7785419573010723337,16072707872437897732,4313541817245675664,10328339137116251572,11338442290387715746,3677388623279223116,6652309871116013023
4186956106579946279,5090537093388143341,15690265839965792081,9261712584207221673,10276943396151397759,5112327270169071796,6707620644007199231,9922031592227741512,166259052637143090,2859225783992660735,14810284621720790223,6808729185049799587,13559209483062662856,11645417294422754290,4493636976784930747,14766732181944622389,8576351086764884374,9013390888390879542,528110502121202907,15354874467613848070,3007970066811657424,8939577583095500241,3210472385998969592,3384162170823626523
13976853947409012066,15397336672289711937,10523084247486641090,5955913274398506115,10997406130682304338,17189215361670883672,7570268810011326726,12103494603324197571,6753486479572710288,1341839323076658522,14267692037910454789,4698566094150290573,2859462211175240063,5078519114348943703,3596761799544401671,6085606153525328782,11909762144441188168,4748944714054156216,15287406809320282601,11727943814320957652,6586148420064403576,12461156516499105035,15091361034463905505,15408988311314170774
1601307592075116968,17176312998448615444,5180610498564618779,13004651536357964331,11919023378971911540,1929854291280490558,12347522226687767308,12914113304178540810,5054668272876909337,7682586012581868309,430834054037282820,4619645204243916045,13914699358212121195,15961231850594829070,17325019797932574891,5247891976801821431,7814241316235777937,4514092215807170807,2002126174644272953,2651479062850630566,14122628227809923703,14481246730200638595,4175829854405655951,1263404154625870241
13151048491141977529,17096524609959981766,11692702264213161410,18436071842546894572,13944455575838285089,2578779920576041252,3382881658375062433,2265628262269480717,16471230391588778721,11738102548706050619,3161324040946963361,5272137608709072266,12023367605232553829,11934916855127673278,10847658135132177472,11776380458285350471,3145598014018167734,8492468713647112317,9607528458180877673,12866245490207208657,16581261192848738896,1601200419225975734,8976035861225640395,18287007187485221836
11831336540809635631,10576637172827410666,915670321361018078,4284196303655313119,8829307524312640140,7095780633274038226,6133919004034324130,1497381754331597356,16401669633699443429,9837144456679359817,18100507864870442572,13567222003177706714,13273394259325978603,5944504992888760994,12730375565268498427,3168356749174225746,5643282239115224226,17617126099450924325,11919313826391062345,11191973214471537147,5327077015597585392,775485274540941280,14687116948018339632,7470149404336610711
10736594100542663074,13057652460570518830,8884610661847035738,7268624674973065616,11768382639839759674,6978264213131794028,12551767251811835792,11880108523103479819,9977747355799495117,7609382357006615191,12633326725195344592,17057299783824264452,1229420017588642197,14683950830548541368,16887602285392185297,15900916778320562271,16851725732532972577,8165435081269647759,17914135455798795579,4051932897180030038,92192796994906183,17954354037183446405,2534826518482671382,17756119130654326686
4264433554310618167,8255453749999609904,1904820723749327170,2113212001990945986,3317472484167382636,12372164219636484433,3204146508871746889,1992693928811899225,14431316547087212881,13954483582112520708,6683574819397753218,15418589365037683123,1049213138811700545,11967340970199460292,2282346189166195105,3359346790620850662,3359950739338803878,12767552232460740181,15178793139107427934,10469003080970741208,15608980393282712734,2231217847310564386,8774706047038290525,13405457100020691120
6851199477632930053,11102818058808030951,15234848857161078811,177886180228040507,9990466511038277764,17681183268686021888,10872638179879688085,487686253317661561,8484730782277199659,5241595215079228641,10255032781781541394,14157956978293676534,8945650418156987874,5210067187946778052,5477687065195490820,11911258267744071949,11145054400647094043,17554972365341632011,245054469910407322,9399812621222850518,5442542590936010041,5146148092946783915,11300040344231195499,13862459096216130568
7319790108718579588,14338421235768968082,9325405061025066976,12929605838660275729,12157851627694415469,15680113247889316048,7465344518348372679,9587193357205664330,13619210187180438379,5418644537244727848,16269705729913001947,4326391574519259397,16197286114417796437,11314981882546956551,18266695541540053320,3013337385739489803,13521267928211468799,15938094839771455753,6933959626558846771,15441951622144570962,5796726252803190193,9746070650724166597,11882590888901845469,11482735640153295473
15899655663522518930,7536464667454466415,14313876379442140016,6518041258668745730,10801502169624000417,15431025003179458880,11197042221753054620,16973555628313460066,10379555934053365315,16571784142700864449,17604385456261287747,5999557341890684239,1496497257577136710,14877846264153918346,10726165338889245000,812255394160001093,394502294543062424,964363879869054313,5728793972316308526,11917914724856637601,2341311841589618018,14819561037263015352,8525102563644310180,1046982467753588552
4677121820394499223,13170697919107754830,1834984572943725628,17922995679827194152,3609031208350125510,5225007029708752770,56698359218397252,3527977519771529857,16063863155731413886,2230369115934175389,7882260644551295855,14459587033826650006,3915014721096459754,17584021473595925659,17999222021329042041,17769507547745861064,7765853595765400900,9540803338927761819,13462973140335603449,13308061784741584123,7899875027199542367,9753609937116841771,8499416119720302882,9272961047908020506
7420987152251970671,13883413663046629315,9624733607965175768,9565200995135519188,2338333197714392612,12578034851861312314,5486730638886586375,15064874437534123086,14705339509377933279,11299511319773965960,11675378474393096953,3769579414854490601,7236867891490889363,4281949379025753574,14111644776614836082,3395211359523258754,14789112081225586147,16375656710584101186,6094105201221617067,10077931765167667653,5326714376677881118,8320724527211950042,56710592912064569,6688698424350443237
12549394416823392277,16914551960296962681,7061464546241651259,5560951667830715095,13709021604181379146,5498081128288803847,3702330698803570893,7487350123923393830,1910446547602868241,17790448671593317900,15375304369622442318,12826607622553163144,7242210761746267045,10414112266220979406,12532376726038073590,8735549741472562408,16557932759682559372,3700180235341545673,4823802518163872435,3718998003512495006,18002698081309727031,6654526889337295176,12434581309348347450,16114941513058931795
18165526273092230953,410031538965121155,9194916781491708877,1041434408949001506,3383098332244977807,2772163859936872097,13945445695593811408,7754066221102850533,2045193403898774651,6886468551333110461,17526944297929103375,15526014465106590183,15499656717670405923,13295250383271464787,17576788337769605569,14791763636995074584,12375900311329596975,11755109087664670785,12422419151888806205,10389022410729265830,5207294602717699295,14225499244936289410,1741245312410662952,97668153894077790
13371247914417664901,4997048759166936333,13320487791240461687,7482350763871301107,1976276122948610696,10705516855105608331,14607813075029222076,14967372765964591030,16456844807716848509,5644624995641094762,15451467872200729612,7075124671985360027,16206988852077524031,15695391637706252833,11077498747319094103,1576383807900735387,2520816177389742735,7254749208257285204,5782305809074011204,15208563687446253871,9129895203476533511,2730829849261764372,12509386144060604408,17579843415188531080
5532136980317326859,14854631869749561632,780702147545665316,17094467190979572550,15848298328934825333,12139348779489532207,6424254121357010499,4724791804123105885,4072550710118260124,228816104685555807,15962597015801430158,4943922857919163675,11851523778719279264,16103923826369567988,9191432664644078165,1346822909741105359,377034866761426861,16926069823612045861,17380424006108719942,12497103704557490336,4087124567113834059,10871237994653030067,10279770247084885825,8432005900318350785
9966795302883611671,16571767977769047744,875708262763355614,2940093415049028289,12820497830500106918,1653048077788974482,11388234978249213292,16770571526606315303,18335333931394733951,7706216073452181710,4578075388864359918,3863660194752143930,3410994992151510775,2162421503001236380,4971536482828848031,4858731949043474540,297418267908030166,16763334596430342987,11535364982226546873,7661773426618623105,12564506380699579233,6414559471257563463,5359054587836696754,18043957489798945307
8686935409859485659,10684640143170990694,10931321934794493814,5946928020767156031,12369563960008615510,13446003313779973331,13762823444981221311,2051019912621539902,5092072916610374047,8052163074990012138,15129817271667910578,6358383151078853046,1139278692846607815,1485300668909838018,8645786367107175845,18087135880950906675,7063882407685368768,5859192543657124858,10037120431800371658,11944120477494688038,5726844436554459856,1398650764663223252,8219840761870515945,1630012207523073447
6998042610735094386,4173201256105009079,17343717071399391678,3305686087625811415,8767723259255250984,6170202880259979629,10893546593180983977,13850766553107405716,10198542978146751728,11727018742402834727,1567360077753962338,7828662400558461355,8445348833696973902,14686325944745999201,18076146294586895238,14409159443001735076,11247474668970355953,18190039303443127157,12640627143787583142,11912312285178835571,13069598427215805842,2563559148322889443,17270296026067229344,11964157882485091918
12027685466104283425,4997525626447932675,13396520993271470765,743744274464507612,2108159516956848835,16500626121216460543,3623392162811115743,7725090727894025284,16494205471248835326,12522689890428425212,7707375947887508194,10958596200285431069,11306803995268664742,12517374987219531982,8415494405298296421,5952840101309286583,14905611684535584605,10676500848155696713,12513255683494330697,11009456093581413911,4719560288830005406,10924281896417795034,6430800601308342732,6530671714188424618
6500937162539453723,7277423487275585065,8534739432211328837,9910120032883908045,1201352913527930185,15927620244837489584,3621610600005846014,5488048909740604976,4699285040344468462,6127056629860864121,7181908722179377384,9939886036625332351,13306106036504695397,10603801718265479622,17187368555168203428,8804847944100352727,7135379277635516855,12507000742391109893,15432316613728966063,6283702177011275368,1388590782777553906,16866155018084130491,10907721933357873984,15229782451697888004
7421311173452977172,3786026912677586371,13678634965708219280,1436929665740347857,3867405618809938325,13019795805258422196,2580585549062524265,9750393052337948111,3788409541385167108,3165826773000010890,4104042612117774560,17111821514043420726,369888975812842305,8770237825034381524,15675533281759366010,15541342509075007429,7993237199306171010,17393901845412349499,11357981472118681433,9406718789273426993,14957856232667331430,17336535952013267893,684006204877522309,11000602473947864054
2613113274009048082,8134917820770885031,2288498750375933671,3066559126022501828,1865840429257729158,1945917761830578996,4550755320123791034,9403815934502296686,18003846088298007548,3538817292794915279,16646737107664670674,4433476052795942372,11294314672808647854,7029991921450170103,1132926871760128201,5842258392602519262,10273926371385618496,14012090561751644702,496853315863202386,16893245296570088747,17793561590689118766,12897271947259206527,5577814383654815533,13700007375780984324
7152629585611436111,2636584970967932696,15356003856688499267,16590840832624397178,10086469953495579045,5990442645352729949,17752284754836246706,5138920056168567749,8321671219113326442,11258846837916858476,6486423289521735417,17520130390849180637,301557416276058300,14085698510695492551,4074620309352591093,3480630661847375320,16341780443492217292,593795213028206058,4079810792372291669,10475467380787499651,14187169756648402671,4597080411732293938,3012786132636808552,15449175246652093655
6394644967873869170,18374205708217646214,16574658751357302566,11683425858436733336,7556357405180443335,10041525814698710913,1615277472993336333,12833168411304845796,346459441310086664,3662317169849208224,15228252306093236348,11222807070565511492,356738824628251066,11055706363471318769,8262885585386051447,17952172308686548988,2402600940542576495,12177970411154475474,15265507238750036580,11742335036524647669,5388414462102242863,12373065100877921968,16105499822779940834,8540214252244738660
5516458984460538967,13340165089473788213,11905792810567517176,16447222993270908959,11508816009304680891,7219830565877533779,5961062660216938104,12528092078250674023,13935974985081180233,10591990586819853426,12708973945972740517,1597188982041504272,3913104571993128924,10227685194497382220,8923544756316351646,12817496471981954812,10767421753329653330,3484970679306032276,10708564442843653780,3822227906509259901,2524547748211381982,466224660514244046,7747576461525719185,11887023074927293466
13420025855874489989,4516270195705165763,16032791186446272657,11990146495175866505,16536889581708178058,12847815623765767954,11330413219925056844,8157817796326463277,1536920449225652364,17678706450512910518,16056999052704763386,7702421352142098271,14367359794980466429,17046913738474278120,16984346028631123060,15575832710138446121,18107412053094384701,12493703464114165938,6913617655262897189,7934640872694901381,15226879365527962200,17862037285842286083,14842155260288706389,13817945060877492299
9011173797652965424,11749001348800924650,18176783832180797946,12447179514545909833,2529281527206570618,8427070835039137077,16627496887715210588,346689890832652635,10445340520134757859,11968931292894577697,7343195554506185004,947383164008788438,4404124795334279711,10529416158836225581,2359767070127940290,7870520927903630773,755419328096146090,15519469002599015197,11265274432068113136,10399155470961120721,10670664516374520214,1852132729002703710,8947662102043229025,2213185863992788812
10607840566009029847,3408434775266398181,5149074906039628946,16160052691868003578,15912726540844239313,12585247803217770195,5040176838703342570,13759912413881730179,14647153313682304181,5646231847579140580,10274774483714914873,11918009591164385551,12971527557210829780,17211514452382087796,4865039930888344609,5814943090431088727,16013306574649800508,15327365988558049661,4167937978683059845,13896157498198118472,9453050390933653799,13581015624489808566,13679911641277975371,8097012718571319749
9258885449837300099,15618667818994308480,10850402704671493491,13127085159288103044,4500820068784718385,14702744094118611852,5784870012857213186,6923859185373040334,2888198423379217243,4254952752054754281,6115874436033299374,11520374981780587471,7853937673496747723,3606389267383080361,8236093743642171255,13833960580183169290,5090443746142747532,17424289876165148952,11188195340790395756,7679885473161987880,3251086774759780531,580057496266442083,8243255900440535894,11140604268228967253
3343191018105524636,17455487363299563661,520889045018971775,13722508865034233997,9927803850043968590,4333619838485610078,13528666310019188725,16251859506196867947,11183473075531807202,11028350428780040732,9672638645856731109,13999890578861488483,5625470489817469822,4781247237690357278,2287763465821174517,8618070016048926070,16354407381598289110,18263771440096591912,14203936416885700812,14757056662530091096,12632773006824144645,5208833300252261727,14502912665512239461,8774644717288005917
8137933691047741051,2837051984148206329,12001070395345320936,15713523967612097575,9761280765350183226,3655040437486196465,16878971650420561564,1686223869124706507,999527399343224914,7383310059513743168,12505507639273499040,11114093450070707215,17025850061211073642,8347830423716988565,1016593721256767043,16980109806185173656,2059120632440045028,14525544524136621058,6351257399568136682,3331162540056741863,1286803476605004616,15049779771867680083,3810526422202384495,4829336528887612865
13810878751107081538,9578504371060133785,13040599766568414982,17643722861804949045,3295496730476154795,15558043582659912093,16232742530158411445,14956158430673771431,2787236015115471520,8971813897239579862,8527871707009749149,10854601614652253709,165464426499055752,2132785108645701892,7913744009126453066,4962025424967800896,9971972968325370008,12868198188601593887,3924736202897093874,5631330253060222636,12312932071984429741,2736478599692383307,4711313911151994727,1860723967432072970
6878756095365431153,18004166810812549511,11465420163729320964,3181374459046755351,3730535163642713758,2959016899577246201,14202453223415258901,5672449430707529786,6357438242245783505,12989292784657123619,12281196925490873603,4523847340938854329,14347385592745214086,7221634181134268081,12227190256028627632,457992165252637572,13536869340001879231,6957866798372773731,12377009952045287837,13182733797364424103,447405776596366111,16903229591436211497,14981910712876010721,2570296868176342970
5637514928805611822,5297199421237702108,1987015289747735080,13920419404776082945,16792854119256668970,679506738421040718,14157048563418273635,15928881993405748126,3911189273939655587,9897318478063378975,14128651147667747470,963794203344067577,12919327188366344054,10787932347715346815,3980620252904281068,15957053942787305686,146342254540234221,9749189831411882752,970701089307604320,5692198921804557330,754980017245547150,6810512943517156416,14286473622768520094,12606443681814213233
13541616572481532729,16607513223504490206,11766600901058721367,4152911720001147607,8985119767866818362,15947742590849061103,10207030594022539801,17641441778416411989,10466525494272420103,15092822330737503866,13110926224917218654,15570702577161643341,16038910534966495067,13591465818055533195,15823115386295157609,14681322451508129530,13017194961021014451,18320295430381846829,8295811650841576858,4357608764381070429,15083694979909562576,11387907098360922582,17533528747670633187,14768916049218396155
2246321449688836892,712294857412988105,18122384587885223877,2366792222331505810,16245711582267207678,18328089513683964439,7214884004935497802,228517550514315336,12507599969928043562,1241765725935980224,7318988309539143587,8224359666157168991,14260640165558789375,7150536734339555055,7298107801076155545,9985463814726994330,15594525915741292802,849412781638324621,6467693794551037471,11704159455756519972,12504765587067967596,17264365900350645068,14763615964694663298,2398170925091858177
3822572655771772538,3295299161373041545,4241875177424047453,6381201744292816643,2981177217278852471,15196071907779078282,8600720189632831417,2568090927868880379,7889170203486499551,10080032203068258181,7532721911180836174,11897334732479754790,11416383707990858057,2120338382047010385,2686606120433834608,6890104005738800771,12368192733911231336,17432854746944745492,16633681277146325453,4556315799779736545,8124579257524709627,3783849364970227803,4007863520057646210,14369162862037242266
7793179635683449597,4541306560505740567,13184884812974705114,12223984128247131497,10742933665022045047,4303941673500506440,3138412651483653517,10138105787451166487,284286701891062210,15397480340155524864,1080700771849979206,10696185750819620073,16508511984075760857,2190438594679132003,6690646595982665906,15999928011541596875,1388040230873753638,879979695405889807,6254097448378342149,10604174952057869920,2167209140094526271,5332540460172575934,13300098898981419447,2627534182864838483
2783812839019609690,4036862623021801880,16409797622444159073,17728665989039351609,3764680918374265804,16494286546070238732,11748087341711100687,5728053183075168017,1713699207612060173,4506855912717576027,13050831500432845065,7182264455423087502,12455788901643872505,9082940249368429454,1912595791315944031,11123477006805649935,18322781950102123258,10384911923502767109,14588355185906060498,18387333340926761869,3009398893495011077,9834422244655105159,165876984789664457,7153565025575127588
10195499774858293130,16640921884909400878,1969302432526862365,8342848330461948648,12443339291745091673,2541749802239543652,16462762275234467261,8537178490934815462,15501848788671389513,12250781501181440204,6214295738562655885,2172683846165857497,4393060779673592697,7188345261906607830,12490240607510861462,17063980248815280525,1757655474839944743,6457901974668495868,739587438107604195,5220832777309905361,18388068641960482942,3128756052565711305,700171621882795457,11405024958201213211
2663457990798288865,4108098995074184837,10002558219522701377,12026224125051641459,15097882787913607148,14574408533399439170,17629688506919713585,12770068566652059608,9467725813441419777,5953797787039555090,17029848738935732873,10460158854541431796,3967478899832848533,4141241953151916428,11753909291525836476,15802838030352849874,11544956127630259753,1890691607162595696,6155014959216845278,6086494262330586963,16688370006092940783,2595263839570399176,15487458893876018381,315747100298604264
6647211690625615899,6374406031717401431,17063885356216938927,9499592515489737592,1995764597970550033,10187097713351481945,3883951486313839122,15168699944899413457,3556058028433906887,14329544278973837345,264601700232077992,9799299818345971817,18023267691001443150,8534006381513963552,2298636433215619344,9625606767129534409,12568271269110364512,17866835585156231997,17291316543342503611,6830713445658994039,17874934926266021712,17763216374488504457,16642625794301442483,11253725866101652143
3832931160720589775,4675133893348896892,3451266564172831758,14812577483280028251,12205196164862033976,6565114405735025054,6778818490496283756,3289121537716708322,2684276938972189687,6769445719587205656,14760675203198747888,11432675993027584768,10005199686444102063,12350224013848598433,13356794682563301889,11402603336783650767,1670664702611821402,12777877623659013683,12907385253213993657,17329632057343749834,10862237422377896512,4000902096437550030,12931523745171628761,5945947816179427528
17597992034044301702,10663894861976818904,7180341847206196365,7548072037549569971,18380781369044402499,10240103615022356270,7926241392590460329,9818537342584066147,11482292149053161808,16916169680392080111,1220669300142206435,12772167730403660270,12849842759116866331,11390952130643452052,5410298068183538825,8333988736601670099,421303320605852133,7551196502532811344,2896743393626250580,15939549882931935504,7663112468696488171,110883020890998026,3170411871502636644,4477124858279111424
15761456775008206943,4628964491343637310,11839080850848367192,17683062960717657432,7560127165416011999,7291947991396102769,5245734687137655241,303225140531357331,17415832731864091091,6912930633282083418,12457971243240277114,11059670404159973276,310743059441145429,1249029991770215243,4337768880116040480,16193363459512433040,3373357703359852622,12991962943143888498,16900103878756429164,3647279136551812937,650500806590656750,5169135029041886971,15634459936211445361,2805210304036339386
12902493219044807524,9916864744128668956,11355267893976644393,10941154552756484197,15778630189527657158,15252305146665150587,12758918544264161035,10269592351280379260,3784627229234221542,12907743619984255721,11338319150983786124,13413136946289697333,14461188779223798856,10688168483737605156,14922884071538230186,13091641318566066510,7397936796405355138,10985142677916592173,6519896799213530948,1245451310291337469,9829099691602803144,2398639047032605399,7463664954502790479,10663152195509094060
3899286083704018156,17514251266488245867,5577361023242272204,11790954463156840831,14659895082978668825,1349415146704120043,15485087709364806781,11826443286020654980,3023567748209753382,953666983718448069,15336488435200297130,13188930735184242967,8021350239844508310,11299466505933356481,4396591790168016357,7569738728634412948,13314878001689346707,17151973631877188892,12323979682590042847,2940576340490512890,395349273610662348,6396184064201638077,11934738146624024775,17659155626088391342
8157118090983718593,8828762504434346098,1862843503949967866,1658584681760701378,3019703055010131846,7791385891008671358,4304384507217636478,12592877616316410820,14829241277499671105,2917638643125266143,5055176338126840333,17337489119611098366,1849389563690743139,9723618708970865364,5270048633197471820,474694808613884299,12022485810081457647,17973700550075991799,15747466261782703836,14594886269587531927,9632010055235108333,9500228071471048229,17733308718754408154,13967027872215346400
7945424196336343361,11573059254787247524,7448185671661576915,14300227202803647515,9886371190524032335,7670163777276026385,10068514449675066238,1517946969292039471,15113097742999719726,5063483009451844806,17898000719090955012,3681744768441965022,3866344804944492980,14987905177228964308,16306788506472342095,18108803218077187358,2457259036137264637,8860276295425931505,17698909901801878586,15771793929623750126,10793987123827362505,12454604955758263461,5398583722297035859,16363024561791574324
2404289642761028152,1796259484602493,16204945196023029606,3978868173160023806,2108311105266837278,8766800245357796666,1284685443278584770,13717943079614711865,18400127198185962060,11624690203040516464,13436329154044444313,2266646304334330953,12579197869780405173,10725269824329504635,18300599867079090723,7706874043763956655,13613455722421057650,18276388409785208094,2199464697544962335,8603715114879871578,5991339288556168127,6138246864326460332,6977136143887628350,8437149866338623580
4038162185430448521,17906216499902455339,13579921995575769588,189253136638823457,10332055427667358347,3873900072616901478,13511918025908781730,14979629647336417035,17133624663721740790,10040034535158442529,14389803770166413205,17330784531296829828,14171263473271773109,2316056828388906419,2159297968288363036,4764588560919841320,16194672673020663010,11034345577174865464,17401077513624333208,1169648629855836442,4292411136531325165,8684005056896856553,1702034456550934867,11171447526439562504
10727569689038410631,14839624784407820049,5441819083955058240,737464121342572553,18352021435407979646,17045390143345507726,12061698000753901665,3594239491092317027,16986264318113803917,7051387026617777638,18026331503622236342,16874851207024328178,14007843697610539067,1070222470979547077,13720825856367850690,18444358523994637929,8846078784423394289,1911661645506420023,18111564886506011887,3557041854025659947,17219352247483771887,8170280431374511013,4599182438528988731,4550305559092483375
18335193050857485983,6820870036608602056,2536310082774064419,5752803335180586591,12499711869122982735,16226231130798775532,7200449033400767405,12243763680209916731,5330656544394521556,7481945357438883627,14962825615620396598,11382641480494360671,14236929812822559779,14082965900244441735,7008625154814396183,8239137249840725217,8426268225248952553,8100915134260742466,9995844720784881064,17052718567312002096,8726152867912080505,6089793093979110344,4110673925644485367,7730052034583345510
2431371193390343242,25044709899420331,15102559855662563690,14590728201537462243,13098952656333816936,8727931552894719705,6677876855465565598,11041856005418591804,3074432077522149215,2730631580877483996,5084543202103838421,12346835953068631973,8689967737488530072,15917538246832409327,5249156493829785096,2878923518538812720,15584955440281331767,6009524211720218742,17116095675337769819,3407872398388380710,10585570419682664530,15303096343136700700,7367830316784599742,13674166599488519010
13661335531970273639,16197972676933958089,12128090945641833584,1537916783189982983,16219182733493604299,6404880145869697640,550098530104221279,8085781061026833493,14186739721032190608,1332293266521900175,11184982552303737318,12386610118079323427,1557355034334692281,8278342258216389098,7732457250206774415,2309653354994400781,5288476611941962986,16622937865683085227,8977991677062495910,5765047912173371219,2311324365075094658,10128391393370263118,6385969066012872234,12781646121891361300
16533459947374275670,7728005048635712402,8148785897174939259,6640588615776459907,3365639899558412948,15948749752763736847,9176257380120991633,7996687168514295938,16358652465110502478,11449546059607179571,2088767060239210262,9848078686207458178,16847959374516265912,8452770529727545266,16861527402304085731,6148438786772110205,16924514656404242698,6839726094400640534,7585866088754294244,8176468954111664266,16384290777889375861,7210923750984765860,12090861502251990935,14552896374923782528
14306218047816553245,16610114800173374091,10126606748462492206,12459003776684884548,17136347426680784966,12504135724305328576,9684976751717905044,10025270689353112759,9230418310806287936,8863676832207433940,6335272643654463883,557882907893806656,13598788206853736027,5347702250807948441,13143082185871424079,6011430579422905905,8753277385366611922,14866274039089614253,5289356679645109532,6377072144825124261,6116014573756090792,14687058335614806918,8711868126888774907,10799940319627971665
17357509012886541823,10023679676999321614,7546553368060980938,4701947519447607631,18330057585564103384,15465869021988064361,15097831838102248533,15720175469876024984,13980770575631880004,17706140546054603414,7142028758959703735,17691840290379255666,15952220459296328979,7929651288527622911,15963911023584215953,3819126414518645657,5112562816613027340,1327165520732202258,1187823267952977480,17481127235717742429,17321848412932163138,18051744370507133737,1667184257440587265,6328058188269166899
7653891119495050125,15250841565942284845,15440244736652361536,15843270867357352354,14635968020969360480,4642182180006215738,11468400977747951186,10417742665816413846,656082459430099841,8186696356660861499,7425442584623678587,14561517168056856916,14559825451766833857,4875108596984698604,14134345897573783367,6590901605545209857,8056531071747079927,1444107021371457651,13637721422889401041,13685215096111075967,16926832497725013002,4172416970468710095,12449167760644840389,11088854921630936742
17946411338323450551,7967514016354365502,15141820972493124320,10701646062835617857,18291230172098800959,6414372868261618377,14410360610084319341,5148350477761978993,13181931121623324258,12812316700459081570,10530288094415955640,18113052258432462132,10497563823895059130,12374181061353763671,4996705206880667771,9151138924528723107,10089080033401310555,17513913085435140727,11223956199438193073,17513882647529917608,7365757654638352014,2801416931032447212,16113611228159126831,14055527725654440828
9533559918523614012,158854673807812345,573016521425198139,10232413011122582153,9962192366029841601,17684263276253791331,7296193704399368652,17799309448734060899,17376284331771575718,16911185047563529399,2917208959585451424,15748558916732313656,7502659440997317871,3216598283621080314,1153919690045847931,16982028957982601509,11919081001833187466,16833424480123080666,16996804164258253550,13039686181499106538,10234646692744534997,12155785267007573942,13092053040293008031,5921205878053690509
12933211374233018694,2316281698635035707,18183276171666068407,9608993795416329161,1483400059624100841,12787267878163311247,11814609993858026901,4903904313150254188,4134366349985259437,9791020023587970904,13359088379734533713,8253647137667794763,985263092004527588,7403511052154822420,16697233126049699903,9821486467063204751,5704001096532082581,13205060714285902878,17254793141558104316,16576381451165820364,13004648731913118536,7367715165457871687,7393647586357631962,9424611642631276640
6379469233000748492,13869595251049442238,7830739336958158986,2608925738958823403,11960200361053521447,14276368366297815723,12877883651663049018,10544289202078134751,15904546417319547377,281623214781751256,1425591976813359443,6047422624124477146,2133119998279769577,10826901638330018839,15855065070316368123,18008771372825854625,3571937786289440419,7149870631258740256,15593111275261838427,11894555697126150426,16958281835187328826,4643625325709597429,5401268131087202989,14029971184497837989
14537213793672191068,7535700214489192525,9623289445456961972,1551671052149487439,16091969525267109169,16140371768848390947,8142682788371474329,18132954041140160793,5907518744243313629,17423168297086804872,1043756019193438856,3123494739988026142,6884018243170953186,15782813232225960857,6117301238461568485,6868685035218599487,1037550016465931583,14117259269790964843,11344771143167901443,16406575954398442740,8392656279153575761,3914994388360881011,8551608184512922217,1130994339613083584
5709875744879889691,2176382416558582089,2708254090339677716,571519547272102339,7389945008026637282,6101145109994539939,2456644953733832145,13548872820808336135,3717702171840072226,449636761661336411,16036799116170338305,878600181218553943,10021706517488927504,1168627446527428810,4670824607506016037,5900042946661490971,2200547439213927420,10176882639743201154,4414807846150920798,6332552029654137796,9842580146524137584,4642834286911149300,15271028432453035179,10508683351624910031
16031025600894743339,6683388790010547020,6100584273595057198,5247828623944839814,10573922206753698368,13474039258142775602,4676496517997837387,7333991043384735514,8514760586494154859,2165115077506660514,16325909544119550390,12998495445441536213,1499752813405970131,153094165450990736,17755624689930040229,1335162653636486119,14635039336104734110,11145086038075644733,17274615221223916095,11971741407695225419,4215958123669510798,8850093627305799038,4945831367616473919,4704903618901764312
15632782933011346201,12865183834432271192,779305516133862272,13793359802439988591,6347108026867568830,4487916059802304902,13826708295299639670,15488659954606128390,9487829878230480406,14522510104181751124,1622102179572290625,4188851936643828141,4231059472568147738,16326960935927553430,17298364926246869233,14437612000043656479,18306576368865813079,3672541574224349867,4050659390599052549,10909227446870707410,14581947419706225609,11364172210101536455,12453607034920445083,2850934492481066936
6787881865177865410,1759840939446756968,72325736810370337,4644724253765440124,5330814057221856618,14478404517609130506,7440049245630308473,16048349092831234796,13127222230871001024,17857660265619775759,5797813732545922967,2605398844005132355,860966566194885655,9362943054975652930,9755215422763190482,9199888280272433945,17892844610443577386,2195202696372925614,9085805337232614081,4157144550395459436,8051091173702687072,2229851883781718924,8571040796896231315,1028193790120894256
12235415912382775263,17883087750539093135,11897896311809940052,653062125554049150,1439638615524888784,10772352706041784316,18402233850731428455,17791820511793529749,5864827370012306095,13551488773517330811,12429996082283432142,14298105377379141485,4099512136520343111,8869750239864160874,3436760797206139495,1963910409248228171,14314738315577054009,14658215417968641350,15841021621836442465,7005112228872454410,7616433602688453152,3321548719867482376,622720958741535116,16770726476566747622
1379009114835399705,18214550036458239280,14416732734477833490,7837715828663989168,16876900232077019159,2350740518872548664,8528335791541576700,7714077144604331559,8017799377325462513,211532231634627190,13663909074291519125,4049432342040049218,14541455898476449979,14547719529264628413,10013729439191981278,8547891897209682448,9314029975873951110,6458359154121232102,9741420103736435592,2623656875928201878,13869107019979298970,12613669231301852278,14697418760856760239,9413067600435247236
3040972758664616222,1270990945928755243,14253512983535902640,10912032366572717108,8239356223339148213,5243404296910349067,6198819307835589503,6511511524431599093,9780684937258560742,13208237703009955677,5665589861454991889,3200327397562656762,12859443405107492696,18018714822690492752,17441123581441697809,1467748791704254083,17476335653035242572,1166576270753727771,932187407533824066,1824677488483923571,8002574902378967259,15674236538176525637,9062372101355222888,11140914017262829353
1298893895826195502,9889719942050592714,12835612299591484361,2569709383472363789,8605759507206628820,4108433833622518018,16598538854748119270,4192320636833851148,5348757960649858949,16666109047248407339,12847355534754404865,3548786906925230383,12486670870769988071,317392187842034776,6114728295658913394,8155909583654762891,3464327771226386360,15639629128507107244,3424746640031797258,14784825746679820832,6583557196653336475,17188989852775201057,12404466724116147576,7550339018184341495
4998020700180166536,8381336646063912141,12929330397383299673,5826348464628915624,16151678116850896958,3534652537762612766,2185513954987494306,78963084133431743,108185088191030211,16150569514686317952,1634105758296483528,14229034025109687182,12778345062033903412,2936094234311501847,11128804887438378053,17264879251343549071,8667951055558287545,18033229380860618380,10512812165378647333,16298673058798675628,9736001546725700600,1636731982901301309,17310380124612121963,2745806001104572556
1550977129757300587,15307395805861178802,8604099319810614787,10285014728526889186,3349298339427384529,12122447635523323019,3798290831078556301,7734309051327783086,14571226274241584779,13635241165360820595,3980386944251510480,8056861935366002865,6168348401785442553,90891298581575795,4078041985995971672,12619815372637193003,4259879670309715966,11609990722992875107,4380080194764092001,9187868018267894755,4040413699656600402,8715985593417181279,3881099029141274554,10055373363278073876
2145320887974332607,18083859407324352497,5350952209515818748,5242809557874442341,11586849509626859970,13692213174114525353,2871917542900793190,3595369304236472175,17887814298054712318,1516643124816659563,473447452703761600,5235332721720075642,16916470815876115304,3206475627323042356,8650202606051017495,2511661231705820623,15437276621497650074,16766984692121930639,12602722509035186986,17232350839694910880,15921414090788148521,5317842412872593806,16937200757098142800,17310781252117741404
7133363218630817969,13818073959968208152,9729821684459415728,18098769719324778268,7897512343759794092,18440917134287257107,5368492475722780558,17597335919498670402,102126130263167757,13729425577765475584,17162012351985728813,13044225072785922359,9204648169647230542,3406340027428720283,18426018320876885733,2830248310267494627,8626266479571744760,8012241631807463076,12678953248695168875,10543389469665166331,7148449999478614442,17683666022500903280,10328791433716541943,5252912654608984928
9207960953907321329,14155750612794218884,10132656247091838613,3658939822756085478,6121798890468206526,7000892653339354656,5737768343832917983,14577373006930927181,12758140122164229417,16721010062254153715,12325146268671687048,6113266185986480566,6181705726282799055,3688072631874393248,3672489214452201173,11956022892498840289,7332672819089171463,11972102374223148634,1511010769300370513,5758836624100889922,12405920937759484370,3529833620713001760,15952179808055410931,11253547872546078295
10930856393717170987,13606239759035210895,2732300137255835493,4937666535522952082,2564358164776920706,11185010228449844045,6627336934676253306,17125429995015576607,16316749841844850533,6217082262385760706,16914254490636992804,11202842513190154497,13208659850780321746,2504397486397455097,3438191593837125508,15160313386738186172,11908214080194376924,13200842528833207428,11480205705814780038,16449781912408700768,14850746845695899644,3315951276111116270,17119256367710834778,7953776755497115478
7977878314518335064,4828073381319685296,3353482777477786336,2349342685257347603,15884242636380946284,6626692745760225102,472470728701395577,15059535521060254887,7874227680648607625,6448774062335822234,18007584440381662839,6338411802467916747,9803090271083513072,4780111485334227844,9205597769197263461,15256169570021998737,13839122445059528910,11795503385386162140,3974405670455570014,3452864681493028928,14718884151231448563,9245582820782132987,7120047569475623018,13835403324407079604
16933783676032759869,237845801763495074,7649998359678937617,5468083822855719579,17774050617610167345,1534346837902077584,3656581488269213355,6223665642196420736,1800813809941453587,17677666686950932315,12642505675915649419,16422789119842913608,6552349982589173470,2365270832362620382,14692238217025820196,10976604539146137226,3704465173982077681,6187523167011209660,9411333033647763249,14804432126400885213,14313676575752170617,318465134141406542,14023452420467524406,6422999696488711785
10681546794879577012,2133845910513286138,11276156208368060433,17045579759336599957,6680676846593972932,3691665695299877241,16698154436106167307,7541245589711248987,13829139707931554905,15991391480483588261,6135977123224782439,16778162884433569621,11960882055550718396,7935496477218822133,18018827166216531442,8183426562559481370,8519758725197217672,1817592519950605395,7173952191578354867,1886987033084127703,17033275758760129825,9407094012102854993,13935681399241626895,5946386659829899403
5782775757563520074,736913077804412448,4713984653450900940,17357752821932974686,7702691531669891520,14113753273132437236,17558470134104580531,15523234019881828547,710652496984635309,3196488762580267264,14546189349303536560,14168878500549264367,6488564860042811153,13923222391368278670,17768083820492928149,1614024255791946809,7163118942597842643,4313057536676931713,5483745821264163212,681018594201133406,2838482283310445343,1398620946162961428,1102221597440774420,17455275676486141372
1509758051671218855,5698294817893158098,17848020982759307828,9168156509068445914,10912250136100775906,1673404022370554522,7047048962075066315,476819847956767840,7733895615497274830,15461440397933605670,561905100310292427,283403761639874149,7437523353994483556,7145316849659375502,7928586016219523908,17674203883657277374,13885214589644789064,3867031878924123296,7365232274407514796,10133526248265567719,9379347304067732980,5203162692705549649,15579336375017357061,11145763783414890562
1750086170839223519,9693902717240084401,7193195321916170120,1598350337881393319,15331862185016423226,17157341068663217266,8259348080325401821,11271877135468622942,8772273397498951448,5649956544619235777,6471486728056187009,15230721426628496827,7790643564677979463,6843944475276572762,13666949486789994081,5807343050447162676,4758513016161232940,15157721462233115450,4641556359257384055,5932517322721289001,7067512960643488428,789745474026990360,6907023034993393264,17774445616534788552
5650562996944820074,4269013065129062059,11127440278525395410,11042656673471613566,18180884491659266303,17930720649697641160,11207740325824938178,8499429198656489480,8501459993156318996,10733411591281388198,16287428105993086107,7147785430639187109,273419841433574410,16028972276447027433,1408653234836668221,16034077169471448999,15594334496956311003,11772503744173846758,6454400691647260401,7619759371228283122,12135888719666696683,6339588721817546609,2525410589795188434,467277742427930931
9747055145463699713,2222999145779377107,13422722992484462377,4095301801930080220,10780791995600292591,5087038365027401647,17732014456733500631,17782985120747392892,1067260839347290841,10201833797632576398,3858552099818462374,15245329863938851996,7320219390917791682,15507211428694295261,186252921387229661,4040227227699774115,16308578281157473879,16142086902400019982,7284881735104989198,4537225616588498503,11408425600961035981,3241749003207524581,8988317302246022837,695299015738812662
8260417472787549538,7334987515892651029,6000754533224404993,9684428375232394614,13921904757310767737,2754199459748593836,1771439200169678758,5455301364776295330,7873681074803939874,8372954647415769621,17510901487053983339,5272744211317067825,1974274759296529032,13560863480182857540,12972610427457182973,3686848749475203970,12709955025513244352,13368793845376575346,6733926625020960765,7951038035226123793,1664725116014493447,14711578284897083163,3195139872394700245,1477865497529474359
5466187944903246461,12534223873245384723,16513312820855934357,4756190813914558069,2884751944377543658,1002174162609488318,103395503905505513,6258746000276962845,14489612757527388991,12663201668721505905,571473417026589479,7917073141185513324,13238175826170956199,12284478954832537395,8901193506646835039,9984350458360561090,17063158253034524581,7067580378574214127,7262673286327153968,8069228117587862810,16887281991399066865,7010421008607061190,10973032000481538200,10466212690909260578
15302925101869768218,16204989736924982350,15716279979557196330,12912215043507161340,13084735082143210314,12463697718713144030,16747888317253144779,12502692225756475654,10350737588400975189,4870041804299154775,11505531368544707453,7030245608849116930,214346191976217974,5610319074038794166,9240743835030316338,9572738246971256485,9382047164301471030,16443918160452148855,9417323991615836978,3003034252161571494,13458791142937258245,3159789373859178664,7720635451232487474,15137306282600426731
8632202923659889409,6876757179915059922,4604453743134957270,3571163218809120936,15112228858777061922,13308489050528805971,2569699305721870587,2752155038001281633,18063942160523584142,5675792273768585583,13953928308416568914,12495720700775297152,14910254008103140827,1861257799466679096,7210436300634066599,5093791753438780144,17943486384137766387,15026714810389617748,8634921304012859716,13562888596859106668,3465659700510553954,350453675555152840,15836403924871641394,14555040566736413822