14082289611601766766,16259128131293642263,18042980162564664353,10178504322861558075,2978605349210118578,18325635876463248578,1534128381787700999,2234480780139700629,18200195996190594798,12781978327650163282,3953943432496767479,10029285165601955020,4239656900836378979,16782651555124852739,17442610513876127170,1292646200407768108,3946127038051891118,4943785551399194859,7495813737215086737,15745482979455419720,960348227301560792,16376588911634869598,4428192567513572569,8811823464854279436
10618954611666190572,14849074092703178983,2753460375439141151,11074775542399780464,16335525965165474308,37288153782350126,7569307621047937107,5511241019760648397,6015604364448866244,2882808199200196333,17540549987885833358,12241914846954501535,12602210394472755605,15087347273981570833,10030504293657783117,10972609567047682066,10168465429738296983,14295518476122784181,9248283359815497865,11782188249040123496,3586093558925096346,1024180109455029122,2143308890971123187,6581224026198826181
526635402756551626,16451788027526446238,6504875826211920059,10289515039437965908,13575702465961273195,9519875140670434620,5545511012644020862,8148916128027198320,3083003539626979407,9286359406010937372,2586375578309485142,11633121884821717087,9703582910984392660,15569841775481701350,14200945396041806486,5641484675062711103,16832156894745773039,17201925637610760902,8708217874027473372,5962630920949892969,11979717664430951947,15607472262822090162,5081889732021010526,12561813716375433099
12673684063133562572,14848116623258169044,5722011149710959871,5015522022659322518,13357106586423368940,6221156567763338030,17825787869170513944,18318236642840995713,10390610742068055861,12459487892633310184,1083499246247564322,15605519875256138730,17266922937309860660,7255298937174769266,2272862982926284415,17351346067364118802,6176330572187421199,3881916364534344690,6704271591549343597,3656792963511591573,936021823573960143,10496475446622195035,16113481291846354986,4186633898491436586
15925719843872236957,1746311782622074801,17489291118791750093,15344141791909620470,13338074537038921782,17454186621850157619,12310562218364151608,5962185755650094320,1987214595518517633,6591297134896611430,377922073829760928,13753998151376173508,16722783418225349269,17756018784633558367,9147120995927588,8392920584751155939,8480880717139487382,17412229360403891691,3669993880644521760,15035565007055890700,206633206691320267,12454191605147910287,15015300901784402969,7459324066397933845
59560546047286562,13157773447209292136,14324072070373593910,8242166833634561744,7160803048736494942,4969466786969888999,6725074029033675337,11634512631416321132,17069494293132193875,14407616170575442273,14253433888052928700,7646595864548705720,17217994476257183538,16263296973476056571,4332284453598953995,10324624282738254951,18099275838496809187,13440141325122445332,14862580899237541765,4959867674301843137,8679401938714436875,1548957283826569372,6745736166742716687,10748738329088458439
2681721531586971760,10283587816495056999,2556804066485323692,14315623808416602369,7518451389479000547,952845532784884083,2802089901422121917,1504111737301711997,5494151698198679151,14622623882955199841,685492203720673655,4138197449037130593,2307070427500775055,7591960586964078730,12495347335467674988,4448369933218117561,10299606357069278697,15602506911063929694,13942667461835134834,15716684139420943484,1738325461922131113,16474427929160873179,2959155784159763955,17069291980057628154
845803555985069715,14373594806203838266,14995806656088895428,6400727286649539004,3717450385841178246,14850839996731304786,15916536103694094849,538885723030306807,9952031112639131136,8799803458142704374,11682578677866172977,18367892917515675531,7377039031652369941,5499298260193958341,9059531717046658802,1188942024639275912,6089847993062161103,7546983086959440906,1895876228337678949,14237104357737399621,909718296656320604,2232937764633116130,15309762484990566240,13217202509698414305
11861672083077946888,4866657566805763568,13969135881909877637,2679370284773603661,9931380460946766735,10178051928168748118,30406827274516041,9701813925619410760,15678385535569046886,16618871705558424772,952469852810359833,8924347956439136213,12614828543355422174,2868084489313961734,10436243447416504418,3495153522438527161,12493934250421923828,11044074055163691465,11244578651848278673,4386066389059808023,15404001203284914820,6525426398491287801,1847169623147786381,18115038289410709305
2289171583168417137,1437315780886217987,9162744668968030588,4722245491271326763,11287079206191009226,11337548811769265160,11059069070752947459,12554488239017591162,12738431776143287650,7837952065050853890,5413539165142625974,14516825744671278952,14477430864096937053,3615753483151827670,7925510984888702818,17322034763677609422,8370367674389431820,16696207077761648109,15070799475895440974,2576422672850470252,10380564413817788740,5240291507661472063,9495328939794958147,65501210113993920
16838335528893050680,17293259861599597605,6324866002799454608,3679692887844672917,14463569123246788704,5237776290807769723,15419044667443585011,2509356706633757218,325577531860299193,3958297465174009041,13874789007282443499,2534613755427331918,8167187519779714919,12703123486825835348,7870267186602799323,2256963795607735213,73696888284805739,1754993598945914450,14897937737316649676,14418647563949440638,6649217456197449009,12886672819235017948,10751532508898269628,135843201104734121
2555301188204975526,12219893973292307732,13952029912021114802,10643659471239555085,15850767388668181299,14342174375356555760,1336527049015217351,14873711961816048201,8340736660739159771,18254599778444332232,7891862157792589631,1484468584237844715,1129323341470098815,2961498007796155861,9509454972646820759,11293445514565563881,3200282408838855056,10583654508096712379,14162491606965873087,12609019359382942201,10961165987465018309,8374032222534843401,61123851133935938,8430177761943596522
5727965735574031114,17894040660883344971,1330482615348702993,10072702540376076441,6105546287089971698,17031293443434044575,1904492584205648889,9058217985236941358,13993638727401545030,5771908158904355506,7413734508603372744,7595022588653892277,10040275608732613045,2146450320437429851,3002916566207793991,17076324007246105788,1107893026148685847,14005631966425272607,18310002448565837987,7841733516950073835,9465591086049676571,9757966896489708547,11980490585591391215,5791846178971870459
11597168629088876930,9773884567318058317,16787869877019817399,11042340253828384264,5158556663989542271,14554456251523130613,750852541148140359,4373297456544191075,15602919341749227967,7631248216408875450,6898516249206030532,13600989006572686074,14089661901778975863,16546475037138741543,7424287624963089373,10354725435626377600,5207833398195586631,985849800625300749,677982081887714111,9370421046632624146,18035225576611515009,11004817298592721442,1363086701524341047,10889332145370937333
9726763289282498547,11460275103044491275,5510015008984172844,16822185526385990690,14168879897654346092,6703067608041249246,16214260308701251444,2123160117097165388,6197285787725548759,14636278214976269183,255435156625390557,6841865079559772738,3757983055572911329,8910081965836728211,15835807768502681273,6653787331655094580,2575265326589934977,17258372878070159691,9944361924269641618,8481510851267599129,2947815542372773850,3269055458677932685,323665487118590639,12123729443124341026
2646368695478106882,1547340619595262235,4798631451309927866,4159149922081672203,2928119418255632745,10021405082567215967,2241170928145694096,14631357976932468534,12885657431865163589,15396081254850247165,905454172576891749,5676405604779858957,8852722247909047077,10451030653636207463,4145881051147695324,14945934215479388762,925941062552411626,15386431615742554314,11898727902853073236,16060258932635614795,13473526078990716684,15277583808060003820,5848315217518422248,14340439118286106408
13836485228512143985,11867830424757692989,14031423473852935149,3553156343174337927,8593499286586141681,2923797451498821447,5168282174671148738,6075569823591857913,15783985784546673774,2245580396449704070,72720613475634505,17697933466512824936,10668259340307992528,278413787818200861,8438133734778447984,15341770245149461691,15728568767915485,15086561533986890257,5266491692820664445,15706737339527607594,11316587998954875770,10534330694893787802,2762669528362290615,3380861339756373748
5459788084452654695,16894664409347785511,1651264792546862037,18442380573059605266,14414115875836633242,10393247892612376198,2900905999520676609,6915237539130418728,10854487039101710591,11692319405230200120,14773960720151229563,13169125018238437102,14395402897866097077,16222095656914468231,17166697909024608300,9068730952007843126,7562226094870977904,1322406999898325002,18234960925532937473,12487648460750100214,17698191433505505429,17506880435642923511,506372786469169895,668051103932087194
12160456794825031904,3305135688071976150,9856153112373040322,17038967706786461899,11765216009423672210,3665171148115671943,7882105332644166697,11419806827665402132,15701047994239035823,10119804197498933169,15386121347900999056,142314965100897854,4064386991336990442,184814763396073674,6650833303412846077,14831373347304087468,24311696367938579,6673112549929146417,7203971257927045322,14951584176571025889,7959115856685902421,15380756908722989521,1559375592213484572,5009652150810508018
13455343426775281,5347276610792418245,4088822967091529376,13508499361118152089,14755764878177384035,3555848770856088925,10653662485298183972,15088538671981692297,7118809963961432178,4821692849049263191,3459034328824735817,12338149641393149899,122191786076247812,9019143903216711177,3036437758649830773,11273168603720227454,17250832958285112015,4339612618361823739,2291696968980708731,8214745196506489315,12784154280774375453,1293442406395510410,2259509669212601393,11210072099210899290
13672807774747001750,1572580558876564422,15844881969256900237,15985227425030901328,604422131330998941,1319992710647413743,1374294256098139015,1325871870870161320,7987360750700006035,6823064393151959964,4521864271483660970,8682485512638769982,14062460993489006654,2580657178625184204,15994644974424340439,12805984747679594017,18061783379949030497,13961994624300221602,13853379130126938293,6260264943617024616,5920495763849379102,6079718055938638597,18418544550463636493,16400852687856674011
9491351430858283908,8490858057226817485,4958405854148528692,16677008167020596014,17075085982070809861,6614341250367908658,6852180687970715636,8539530862677856437,4989752189248381619,14317341347406163715,17889008641956749069,13174952784564045380,4812104647330401539,12679952102522089734,13456038352686219006,17414749295468329756,246068825019781630,17895072599915995624,13384679196686687640,13162980380484461047,16600895198771164984,16307781592851541037,18137777984596891795,5991515920327735207
1862394212118349539,7782126053602974854,13740628549866469768,2310377546246277576,11267295262379522696,11267060382708796488,2400902291386509901,12625601581469806101,2539131425145184093,609124438702317681,5016252322140849121,3903244046250423788,14126812826869981562,3528495448847129309,12022327945143228186,9559733035942169961,12133277228026590,16910640266909859551,13670639823719499806,6847985431621366169,2969162340649582757,16477688263775259146,3792566739260123883,14919115946133840297
17313666697232064172,11692643284058258537,10656627987226535824,11274219051854900566,12502611265571292022,14718940794825568057,13650821361481952117,16534530234915939806,2513236760797641566,4857069668246057372,6700285601337269233,10781015579376181591,2266847854001344225,17674082460945822894,13704380892679663163,13365861455278069364,17685334095455742660,14235854775774236645,10614660116276458329,5354617030367191435,9120141167982039338,4538745184736034838,12569677572406520681,15525336731995189898
13799908167589410462,6060057872740240539,10935915217110118750,1149834093075949361,9292505487748298568,9677003407129664239,17913686059288662026,1032490819051484382,2922506902183148482,8379631952145074300,4682658237374777025,5100090873379709972,12124477775887841826,1003267372927629721,508126580439848453,7217315091220986991,832639762253055746,17598456079787909208,4956318270297687156,15141414657773348266,8522111191261749818,10501468970713878473,3317451664410012437,13756192480779583014
15956612347675338940,13797306559048690949,16112015467917555922,10942050769293791094,3720976485653001904,7044738475382364083,1911816558206331415,14679397300050471095,5401249001818039049,13507210877074240678,802778985597635780,4149228590123999,3577640799351978639,16299080124396543853,17366197254524018815,5613407914458784698,6465776478382175976,9196331062220054826,13843090859660220569,13693497476166438759,8301964701068817379,11290240693012989189,13650292454537817459,10264792126687472295
12049405041414086000,3036899418131605669,15704792980882416395,14924055476915523118,6159261975130410349,5090069535923218875,9033367252482660402,16683927317386181527,10432101493918858055,4003314372332990476,4305337811552636354,13890298811352780356,2339411201120634301,6379563589718893928,2837766542875429410,4847602763847948020,6414634867875770647,9154741694331454180,7250659427084686810,12457430291299711050,15503384626644395567,13661989177089390570,3080082250098015529,14464378261740908367
2690898374788263013,9804163192282713342,5669595032862254570,530246512777994491,6875646133384156359,8570729847373281314,16168491557569550058,16183712753514265198,14567209016339774949,10272598872620380540,8467877481619911256,6893781105475121780,10704432554851091567,9326493746678787593,13895888940585589548,15201319969209343639,1652977805246014900,15136962789979779820,3526308032335168588,9586410019193144524,16614242419748353910,15130701794628314290,8489055441312121275,8533994994630917099
6799175946199772206,7351461219249512512,887509794505567620,13313008527444720929,6949551835178919714,10347687805334307541,15092174581453668466,4989955105373275733,12971986595229733885,16304328442055735986,9540338430835064139,13307106787689416217,10941621542090636947,9778012802863988279,3662611395925521556,10123159203660973147,15871742439867781902,12184201350527087445,4817596728567603537,17725465557420856816,17826867107940527309,15233884191892616511,9802624680687878561,2921665475104902757
16466535228213108508,12333469829850218201,15384010534462996986,5082910259439892458,8562245683084244570,3965519479714607313,8872439859332335374,1256041828595733272,16697635958584756588,1848324531573187681,15962072447452317230,17396339335177229575,7639506735198441153,7377787573263471102,12063254050837553582,4617775564769472991,3169052274068208750,12039075799142389281,3268656875165799092,13477285080742963153,2273621711706497258,12076153285471204439,12135152333679284323,14791541497103789502
9287817307959707909,8614460657092047127,16163181242999539665,10150691137760658485,15489673981500069780,9834861729485471675,14600661350010590542,7877282813015711403,9086646737979330107,14669499179858888364,8488333508699437011,10569149834645475510,4293423020739556209,2041171908189644280,1250536190831660683,9485609121384738626,13341372771993700465,7024562522550500732,4702117697381471275,5572683020766771553,5898765801699157248,3498581464141217703,10982468253972209759,1028252078745691814
16834652557890868911,11826661723709426181,5069163515807866065,16641817049573275990,10113090948366430016,11258686305880659427,12866519770888345183,11086684921524858548,2901827228561222191,11736259024033656194,7803975351099379437,16002026541304580963,754213908267599037,8133838965560694898,3403328714590397544,14661298428841653459,15988500371381339620,3698014324487820736,14893219171443084262,3073284810002165519,3207366035932934018,1201753257785712064,16005139235509264061,12155125583641435556
968114040193006488,17382067980285092880,13031986538212178655,3775276231014412449,14890492048778355440,17787938329854846994,9262122498205033872,9786642539323310994,3642470127472116377,8172177111494570755,6797474951820784508,3399104113514175315,2480650602953475735,17289154063436667671,3409022291589790771,11455712350033381756,463254168134905335,2501492200968449189,11135281734960282993,925963435878826962,15425568409727641300,12913500202753769277,6510624639797269914,7988880829000876368
14241139988707489100,811965226152376294,13232153430049487472,3526825244230130500,7638258675539010604,6095391961000879647,7227022819189854381,4795172426386339798,14384508265340020351,11730967602949852400,3667614758665581528,12609450346094848369,16633446306717199912,12157296499942810614,14731812991046238205,5632855311259273145,13527023277064937051,2837254988507453339,12071180703369370699,10816236886924805236,3398468508539079937,5230627776008488489,6870251912465546637,1902281521598626074
7368811292273339213,17581785112709656572,16708128332077176291,7922212981719333740,7626105941038834966,1943221485689786087,18097152370153051187,11585753079716972017,5343107616766182102,17251949136541355912,12464218734270998663,2550178677157532028,12158178690713509784,1740749793667195706,8800386530739534075,13667844744436773105,7969535022572343618,16045313460193792784,8645851158171413916,3565604820436477471,6076013059302209974,10793444681896685917,8880823931680952345,6932047995726651533
271241593082893449,11759051604819808617,10827206515838394391,1712258540958323529,12479442162004110371,4831802096114060958,10261042918499114329,7116393681070077274,11343412820275357132,12654414117120437721,11568415393757034836,6317223492697182890,7361033261879493462,11856454244158712576,2643956577167621292,13596510924456680041,8601795763626044533,9381932973735407021,133850985826986453,5575654358674544451,9989151471808568261,8285664473248960419,16178088251108639110,13432820376326760932
1011221161119359751,4401704966161613529,5248019587141115905,10394383068814817212,8885343747272932491,14553134095558511113,15058739375396662089,10833021356753661860,8692019818381642828,3246797345610394303,9410824416773396270,5541402750048941030,14371173075150909436,10388209050229890095,941989864015392497,11139745285213578345,7294218781546749900,3995966742948243870,10179812794897468382,5977068074222493899,13975624652918892663,8448925042763299380,4159943749717281762,10563914855675873820
12529034891545118880,15585942801456496076,14493749403847942564,3186249305893295194,3163570833158104882,10896974522661748396,16999071414054146137,9137263371553757734,6893295464695408944,11854784020480699768,9239283726805009252,17328817680177249854,15891148890050802100,4355791786287919966,1681560218070602550,920913368017405794,14327385184888232598,5071484611544395056,3249157727646068093,6201906910541183205,13442519901431847448,8177233073068440439,10012698129885507639,13675895336188252501
5667845599285623947,13330319752116992659,15601922389254517810,13561644490491215921,2056463653313098,11076055448303735793,5284631314334542987,6877948766013077522,6460863111401333918,15395861852759480475,5736831800626476558,18087871283244440259,243101068753217026,17324498143254720794,17020520986242520013,10769299825825177869,4729266507098499100,9318580917846412030,8594957173508183149,7890841446603482566,11471141618407253085,12284190707647416466,6625873787585356243,13600085765182307885
11177856210592175104,16238061030537065580,17951330696359522664,18000702650089699772,5440974436909719577,3244025460665794219,6892099964392397893,5928170378221579340,4662129793943599136,3058290457549799720,847788641783946609,17167972431516201138,11843720748238669512,11018596775963398343,10153902886786175201,9000307251525786186,10479283746784266668,14089523837218807516,1284181085563676373,3298564732830047738,24232783570479018,3288156560790329765,8221750484196152644,16558679856091176495
18313193234190632881,5491719179585652151,17455850617826755685,8175345973331089856,11980371443017774764,15739810423870055700,9999406209006746602,18091483480372630915,3551110635024320886,15603255384009777828,17643657066352475768,930210736684717052,15674297495554805860,9958096937751037050,8228686368546423992,1047905136201196789,6539809578580773475,8487739375506797030,17862874796590558494,11757569719701473089,12883251512581581138,12269305279884475712,11097009669430811700,5396995085857118836
9368750203749039801,5678200656127742527,12658135463773578207,1113313756721827168,10432736101410044861,12978318221038060215,6318582383125905622,11149935696181139529,3907593188092316627,15187131766336589091,5026847544767185025,223800466709190943,17782857369564065040,17382384198028798172,15676950060452143015,4181474341229054823,3993116424960937112,6763455031878875762,9069613808207026562,18188696317001416814,6861206242587455456,5391682312378485222,11654057676998730299,11013121485856356257
12855730704798377168,3193202124256184250,2925559963777641634,13207227539704967194,3703282632032613765,17289755090854990031,22499354347098469,10084945036151906608,9028401338704253466,11138094513051789136,425148285593063817,2958149348703392678,339493089520350587,5221568369130882387,17900814663970451797,10769409637506163,4820534735761906326,8882347720601223565,2293456255403587182,9345827006871006967,12478344994882430927,2880900070168457472,2940402461864904298,14743601870213472198,181137388922039090
5595552686885291842,7638971683598743481,1907611757073560921,983934885059572445,11546384029034135432,1000600306345282316,1023680030571411357,6180875117179858028,1891932339673905362,1923420611742264824,7739221513099469757,17265219260993689143,3944569439636411791,17737802548989662842,7686825940584107843,17734256600266991280,5919691581093365437,9284856290256461507,4688243235616616069,15810204667555493021,11021587924073398373,12949451893503498405,6491234315433631492,13945783220525665813
2063298118608405647,3608098271142135484,2574577678377115966,6111929833499440557,2691328346483053357,15445510499643892096,2679640399464167074,13374882250815425828,8901613845045483615,11622667084800813308,17522635677490234879,12292702083820789974,17783654008973498936,14376865437379582877,5774682775948397832,16311068032400061109,12718150175670879057,6773420131152810921,17802433558654743045,13519537287463549532,10819521205278894502,9184718329709191838,4744152009329486017,15539915774261737296
2006006640774776508,5060028380011368691,5273305732099734230,13548979779789835730,6562191560103142043,14929985288422244837,4926734332265555809,3316324902484864814,6179482081580219046,14555358548988977105,17776332346812513579,5081810961387554056,9736331558300462073,4853325815443343211,18399332798175279913,7739832061112458188,1779542548154606615,15413765430210872996,7041769709207637791,5553725198500891874,1785261522816958557,15522637046182171341,14161975372239364206,6865365116327428813
12350533242817192934,13021721088988747878,11725299634702882957,2464584640503941615,14238736113922007850,12774612635797843941,17139943197092624354,13833828263098096544,13337255006975677925,5115110535798928938,4233353896852905953,13453639090003403892,6563840988281694828,10663784907484890172,10089216373260071105,6586398064946117740,17812486923558137199,16731080467078025188,12322474297443012974,9332710445705185183,3116379296972474246,4887497049059411746,9341329732932431241,8858759966046665989
5465418933850969409,6613828596714156648,4879716192625274207,9255897859659663611,16371889432543393884,7321199188301070841,17316443145617608895,6038417486209719987,16151760262586660524,13965928355226005450,13940913937944922102,5104633374272760069,378578286324012718,6579000532329051846,3268878089354732352,18216737289195728305,7946300641205965260,7593987140253233372,1207798780318072526,4896242580290377364,6860425565264009143,11900823115262484160,11574599684233089647,13682569117166994363
12949269972973852520,7144244662467249559,8493727784337872846,5919331322480843747,16392683113697704412,8817795418328345157,15741847600638245686,16120732505298190629,16947464379378169053,15650504952375812699,11365141431221165921,6629927761750437965,7274659130634821945,17435975591202900588,2451041471175465065,11348893676009510887,14961663558672629451,440331420789782194,2028215351518062871,9114873367338280044,9513104880460296084,10340211725413213157,4686623897327607022,302481502420841150
15600999988602130950,13613177230802992228,4366954959305164789,4591442093456751023,13166337721953265824,1960231091024152126,13366158070020956402,1925104031965768383,4690025677546647029,5125213032667035479,2933069740201513385,4918443987419698556,5306912855258425043,9098280677095220003,17597797857083357002,14020038819207660909,11657890558487815015,4897350449181683162,7934922611562208309,178481789072557550,9044697095385913956,3096034187289522083,5153261755328378718,15929334914827945704
900821163625485852,11768082887651148231,9437792718895328799,11192992715745650695,11845263378598118938,15254399973664394221,7289986373296424331,15273238593345452269,4042508866184956553,7172221806378867131,3175394767920858233,6018243825697790804,4238164708082583144,11653121836693107134,7881115283503240638,5894084970171680049,2186673236977456471,7586050844532278302,11419734035101899585,15384296807313781865,13589118195717639190,1279332049682581046,7821651960960263805,9860688276381164604
18223942856602949156,7429556292302483041,16165332641430759646,14658397112258310212,8414706616298522861,13388433857212459428,7108793818361492878,2824305276824241812,398690733616062204,17311103874382258504,5344251152279396976,10671010453557588070,8749967035533343781,11833059524344975763,10919940843511628463,12191458026441288511,13851159986652438222,7553846599902221149,1613292434610759806,2223928136877203145,4965284847035895614,2026123781320200577,16363875147076698849,5960162175907744520
14610221906659022913,16808460217223813270,5719282471294526155,15607876684527770977,2424511841230051209,5811560315780841694,16934560871523903841,5808184096943716270,6871858344518954542,15564177427748628085,18233994322548242320,8887161795425563236,4475053911136257655,7119279642058199568,17806394641026055304,14664138408164333557,729010275461674973,11522860938322962356,6633951290428873930,5077792929994115621,12343478306574098130,18009236564841744532,8191183757262624482,6132196452452007282
774913118383730697,11806030377276689822,2414589614860761923,11684233551528967910,124641624155845283,910646873608128072,16628148297632632782,3737323068243830722,4944330913988722893,5442336752313954084,11110710510513389316,4744375153683893998,13080267333791267613,11032059848081332164,381433285907789992,17853915148787808635,6274603433018132582,6144791167896446082,12269576955418077724,11337767735378919119,16619574506541001049,5113182180579624790,17795425785052980483,17983844797768291296
10097904030101721077,5336193566095448476,2875226371703316317,10633556679558669383,14315399399016143603,8451908839717727052,11797442235504432097,7202411021151053605,261579326833768198,5104384332895006483,3739300140667122113,10185304799819146115,11949479765702051944,1821332597827282960,12364652813619588572,5509972973726487512,11711470796725099402,2643548149997661750,2988370649814730497,277648427420414812,16212850048847717671,1969739232351205337,12776837930130687678,10141047794815109645
4864584464726695508,6554666568444562746,17960854015822855100,5861270908545595708,16503783749225788288,14947109672509034725,14781766043397058862,8055154681699889066,11973420833222617135,13419002276644358129,16938274553566829306,11638555267689605065,1513919651372725460,13225074474500296438,11352073583645841581,6960932690278069287,15205240644305934190,14678162415584635255,16041196826925146419,3874231204170100507,7282963423469811003,13725320337657904509,2093389600013142113,5980945224347955283
9049992600539813484,11286413836691127707,11501837525149069279,525797240040491143,17273857032954783195,12733912181190079348,1983273946879833498,696383376225437836,14127318909211765797,2774395318393679630,1877627018171805592,13541164174769517739,3807389405659268298,3575206695433469130,14479146529379316945,9306256747345612671,6343215785132972776,11866696355183573605,1943290116186235268,3515536656608743440,4251884238796619589,1363127473655739176,10751998780174694201,7737198986903519583
11096993155551770750,636562813647359041,16413108207403794851,8414918590474248113,606909799924102212,2991963900263219081,5643958136904339872,5878385436707063965,7230682558150069039,11343709249872368482,16443149436199373720,3219350826962482472,11512245886397115676,13455853538650548551,10012364992105989959,663646503099976643,13865826419564257736,6122479518022130170,5028458152036306787,6212837031677086320,3032696874299271139,11012733851520960389,17369349693710413835,17740033042333324808
16231923122898472917,14054701574635678262,4491234987906680084,8899311984377079988,11962888716784718621,12213770068025847981,15730224113669800416,5176294775673232349,13177560217193798717,2499701667773560526,7746240533861982275,16397475719092045347,9644235475827600235,15384117882794691985,17181758839024347746,7197903904965489188,6130938927097582300,16169391046727002305,7559694438974111691,14520889348390225786,9514308724463507648,15341478700528027166,12908427239150889642,1664416588619716175
15892207784761478600,12440536599584921297,12857681569330168434,15575028322323445201,4500438562824608372,17549051638184146378,9296763446681581294,16166125585037724350,392093515347897499,4187293706514689551,16582056285674887484,13893040427799361620,7719489453002135901,714909392246863111,1130972857126264406,7623199054834405854,5653686059284192709,9209396937880131027,3331811751676461072,5448666101443966609,16695737938616473688,7193822796581784567,7404151411658217259,307496907368325076
14262319334473018465,15063032772013746549,12135337769755562514,8529256929273846416,17586242515063653074,243070038331965818,682386692230470721,5853298657816817578,1433341328862959120,14576909692698697235,4692821909203209370,389928640143292673,8788174782101248356,3511793171899660478,926484018586794797,6739785578263897202,17744824403796694808,15574665308356501440,14814794499794587906,6719311800627045586,7779564666951162291,9038128746479246759,2935215393145064578,12317085349047544614
15561760630845761625,15032441594018888635,5049082804958599656,617589335565823220,8046973296270529829,9571872800541596368,3611175269234124917,8249586638657736768,784350227403205216,10190332079254749162,5631593947406072616,7550464434209529851,2619901832056795033,4828993999488369077,7155058439808330753,15265009056209009612,15499117374037103504,3737771814840910402,15184673354319436749,14902056761757724923,13441220306656004550,4617821250463691794,10502950069840230774,5827599940168735297
6242476397328062368,15397906098295995777,2245648740757843973,6756203733412639861,4194479410943329588,16895782569948116812,11952637823015085985,948032771383828247,4119701910152728102,9777426690436771499,13205111346128993884,17594451122171589920,9186022939049844897,2460872623951595820,13366527051733402922,10991257800886975476,13533531624586606117,4787735798054484477,789717297852338920,14721508401718922812,4673223048181851285,5289294962373249030,10153178311509350311,9010736254821105205
9789782937682888066,9093974481134773554,5304955419315574401,14605769759845011243,8678189203296549964,3706136855454822233,2156317547207997977,15021800544776498090,6439940014712591683,16907752891054266972,10361345165560245143,15991934173742251925,5547526020071203963,16084607583322077820,10401476927744247208,4089097451400256040,7191242582868021997,7279544605389044738,8090399366710714953,18154780965419562000,3493279795373948663,11659224121065545560,11248976305473321672,6694772118764008539
125478809448226729,14824128775706796207,1797023882410013563,4019770072097731347,15567680819267777381,1260212011574746568,11401267126448974496,9129258495457257093,5494643448696188194,12573896222294886185,11619706820674093765,3565392382713886716,2053500518507699744,10393695269838283418,2875147202335316578,2547760414968469755,8233199896244093993,311055336268096192,4735816460436955456,13192363538127657411,8435721490352116227,6159708208555775407,3890422760891888814,5979796718659635026
3567411610003440902,3603360012184117350,583464900964534618,8079838738490649538,4889859241705357226,18119755630474852524,14293411945242201334,222655203703117129,12090544801854185788,7577778597786940997,11321346087170739433,7690044540075566406,16081235645088929992,17100247870791209444,382860961063225994,12304138361454960482,1217598559739044355,12156643673534196319,5061986683538535519,8388643566496284396,6545422307162174908,17287599453264489309,9177392719973232764,4458941863481260084
14541436657445651898,8232660231146865600,2784476246203054106,602612804007696506,18089075265394489051,5350456445901181127,248235411695259012,15088208037731069154,6361718385912263342,2867401429146441228,454387710642099036,463661999411713919,3855809099571838246,17168677462363295401,11380016767377046228,10499675221576929247,615815000395755578,5014682867661663462,4738640483875469319,13386714299511026580,14826385432237709008,6966439235346386863,12191509220477423445,15621866205391045021
11335447442281661465,1864793996532703796,16883301367660942577,12553946415716600461,9933021137810670246,14624771115838857848,4047461283784105557,5922907315264157713,6487221579737008741,3254523375718025362,2173989214984222309,15427024932061512856,7691647673790747510,5831363116843792229,822079804841632088,6702963286496490543,1852753022138776648,7140165485399366553,7769690293421739888,4170414836857906317,4631786200051844483,13900626101072964527,2850300164898074262,12605985426092831186
10989183484142686770,17619100874590749273,18103146600715558996,6755067196123619768,13375502270529132933,8249602355956991313,3025811485096862688,7406692875850969006,7522363351394862563,4935310961053588432,4203599855458193021,5615140426352000214,17548853689901876405,11090999021719220205,1258589186282215466,10482605433245317039,5946408923195955475,8175976814238913455,6422133965497321012,11517344662142362540,11282989851925897954,5067755235873019389,17485864127353666327,11208967095356501210
7066653260659791958,7495332766992495390,16118950822132346752,4011903780555480066,11059626653224281394,16442634721289187911,1657602814547568167,7772118246955797860,12596125762129857875,17517207372739472931,1878119088714991370,979808173876774509,10163940034601252271,17961803932209843512,8930703907642214112,17279335197153889440,17353529314438042919,391091815250082135,17057542063388431808,8840410068279403475,10075781058485561305,3350520481336448792,1391767595110516527,2278996455349209439
15250108427399806951,8915055370746935040,6595521346471778155,85002051667385590,6514217017921404649,17458707084802888046,58021272255912370,16543459842430689505,10659907650561174891,108987097296183271,2089553776738845882,9675181089738401301,13383788326426805972,4063885885350418317,4832447739890843374,17888452007306354569,17172376247196516904,3079080457150089812,12725543207116891510,3040235275039276888,2442305162971328860,8801429831215870511,8180995995880907160,1694830270338752798
14948709031072615649,17445619204095336885,2589039016698644204,14931664517091961359,5491027343727717943,12915588972402927044,918571887140255968,1319608660172306576,1939014571023479756,13993253800924068559,8464471576876632557,7244485973353577277,11027808081308168586,11953571965600763635,14168721307452863402,14674361370959745607,15114270682316737368,18171646573599023407,808864540637196672,14582314513311988095,3018675785907239595,13767241768831837486,266124918474175570,4266480952548775409
4124629609538340397,7918720292466089893,9782457701521915939,4780264583098640981,6414714401854234637,9047006061410108945,6049799416359294555,3182463023066864100,8061058100002836447,4926646531274611654,14725959797236566608,4852989381064189095,15368987623104486486,10993517811635517016,13639868163803747933,3082759256320214126,6857248403565654727,5774416261145325084,13413054966175136787,11546616518499800859,15979559417938990786,14112766730350085324,1551299619891262905,2023562922904589438
16546372411714978192,2199285490383787439,11417709353369671180,17868695079434133920,436600694347326183,6895076539304792920,11367267663671789323,15706415990066002051,9959303333252110374,4233386096895511073,9224717170994641482,461812563897094879,8320923212679622566,17465186512387017816,10117412129638533102,17325652191648245543,10382345597439409616,15988605527419229894,15911765281849122814,1362008990017118773,1461514999225991218,17106226017706826655,16066444525047789845,530560788858428649
12495790191926913460,27142007688431111,11897779844105770918,11600489868733548044,15162756055624352407,10937155931860135356,12329553895641824018,12495512656149182523,9066253804673302010,15278988615485742291,4846623224317839401,10119244125523901286,11377494328840811274,3233429172598910009,6272094968383011349,6738222903284999102,10811699203259239131,4863721652584215986,8836077311223508691,13527230229985808692,7882922456227086927,3025409998998102173,9744347757801194668,4753176969879466050
7754065155399459318,11319418554702104439,13766054615297554325,12180059912202436406,16300989441759710099,4708968700615299737,13514967467233106922,12833107723634503312,16074393493089764825,12535483536398213910,8578484222324772648,16766452513303823373,4242863830198343592,12901194552840432636,13144195994913586221,15956134474624662155,16927604779199176554,14427317398605154815,15483447977922444302,473017609443668165,7680664643628568035,8044776096915827667,9270631266602089494,15989185934233536297
10507211437184240342,15819720685018703910,12847818507130382307,4734816901814683138,6540597913357694680,6685135910083429889,15026725396998551148,8674534060084088655,9499691819334483348,1010562128826679729,13539596077866255158,6261364879674230968,15335883698508978039,16672257448999398182,15397993653087104886,6577645567868289466,1980671727587619431,18107094786484199850,6601839056236518841,13228299743353923102,15007501470987011274,6840905969779587988,16287767734976154829,14515542898233152238
3437202313136009984,4307451331917738616,10245659181702211266,17331839494980600630,8174591738390236165,14181349053580224233,6808178315480945342,18175095989490518013,11527309348346504146,17130392208355641530,4679985711528979975,16936210011345689449,5821196201104178183,9751212006076443097,8613520071154188783,8287096788726302240,804179490622858544,10882501627990906461,8383487921777067112,12960292578515134586,17182749555476418677,5397298000644516746,2237153708093832789,7165428145024907592
7877198703111451512,9198736240581912119,5178028455604370635,15470747846573337202,5847256066742920154,1358233884525287881,6668087861829972206,3992987193589648675,1819963988105191006,6857712096053924588,10822626961033905171,16795216896073987235,12404951636194298586,1282791545031158116,3167087292164829062,15473288071333469566,5988765098440287920,698155333983973679,81974737083290055,7276686324253866178,10514363053958637838,15879234811536207356,5979586710977772463,4810503055060383872
1414810239164149931,16546607463219567086,6504092931120959823,3503409473630880869,18417502086941518368,220931176349241180,15520351442196376639,8793073830914079341,5749700912008269934,12798718870743473085,13151343364493636137,14630134828786033565,4389723288556760125,860792756385212020,9024065176062901502,6435764070541081180,17267186671360600339,7361865728389447224,2690832218321905312,12345747131877927623,3412355211259323601,10108260414936911521,4585051362603596386,18064950491333274710
6933334678763806510,16501760073704816248,11514231784061528479,6394058914403503329,17294374677461709657,13441615214959065522,892808069827278805,6103933700560092631,7132981864615671316,10595597267976835486,10487886822451824320,5143255496518240002,8853447670292401373,6870793934417018920,8370457159993223328,5435709261726738520,1997658230538157011,8518356484640201717,11384964188352985566,5715988392442025006,8831934616825047138,2826530599065072802,11336479262854069508,12658795039112490215
4245534822243741206,93298882949776332,6055428247334102630,11716490199434709544,11234087861627247915,14048326811527520457,5905774222139786138,9995494143475237505,13284507234091427231,10596557442070681373,13875513539135178736,8355450854076038853,7070480256817442187,15144270624373247911,13287554916496308555,9565064762587929296,4225376547403396552,6121075048687139209,13281891561460193534,8971392190125126131,7943431524957954614,1679602555919617965,14654584301550978744,5760894922354374170
1536500964869013096,10743581102350424656,1389927673750607737,537871622429927258,12329628920096456393,16520233790417224996,17792606754587862123,10726756253065111575,4295458911172093331,12768371718639739505,17065831785277728209,6671002430366243503,11135177429384386801,4519553223911312371,254197127267966337,4924474463615294841,2083629335538893561,16100683749577264999,14865699505934578808,2351335656172993518,18008993408208115938,5913859254614049710,1981439409111946391,14898560193908670237
3278895666854811853,5621422144033804499,14183152083184905110,520977630411138116,6390332183655829824,936137478229562846,10662702789267568391,10841664803109483749,4351030463987581467,16344716803799745453,6986718455190988804,8260676195084501512,7842667759045548380,7277977603580898544,13221972214286203320,10618888694618843821,17175830812630931063,15751114244088853606,4411991752857852015,10419311688400884477,4364400578647743542,168110393506540271,13373487288882110883,10595368718479607983
1206708123850923562,9944061097450812508,12463108380237402244,15169142122263271140,15672667663709024375,7882863887724774604,18382130345878753892,5628587019612221149,8452237231287252704,14047417459623733412,2430205209661623677,11065188365424267637,14761198654355184800,3751889840391976834,7046765018510683328,334650519943652164,18062295329424332408,8912509870254954470,6885971636103514460,13717560991378884968,1246621412397090475,12903022679519485933,6553845166554368065,6142467792645051949
12113210187500616349,14619735747727096798,10347639396360009957,174693390489132825,12279505394254354452,12216355897133618077,3168667875908526955,1301912751221549002,8753620513402419094,13721339075468163006,13535028234203471506,1803700426349821338,3117394278075482826,4409667821856120012,8610534723420609281,17169921596674624233,539270817795720558,8834372366759550946,7134548051178980074,10688762534206922248,14423329254975408701,9530149463474800648,4227547945526413596,17064691840774673508
11420328119330285923,14800453929082006708,1089472386872129507,17030400716765279899,12998195674860788764,10583950372193472385,8119520323916874760,9208352900588864813,7066388799970867626,17283493566223355281,1623393625049188278,15817466844064630837,392055801722402116,14125718626596776051,5960254639910591859,9310147142421930352,6569145133810108017,6829998627582065378,6026341633908741845,17123656888024157142,2719007037675457723,3709266214681514476,12444139202154050801,4815222863994792257
8031061684350822695,13347357955687623129,7297487736317031316,2136945203612602629,16519218904099488285,941168892296082324,12661144338138850132,2584933314959166118,9660298171537974854,12454612063367787903,7368777507440908753,14006627504395466153,9963565183524005842,10453157304088874081,6193541063455548128,12114713249045412581,5266493139015171539,16428135400905159807,2425166477102814773,4724986902090628590,9407134544560141833,5831381632230142653,15904954321426454902,8317127499891209972
15800137283873372374,13618967837163303958,4953754540208740515,3122170110281818106,13754999386413945396,11939570501731732406,7534174241187667027,11405939866048395077,7579736479113230342,8393707940298361127,16271134576697549990,6426080366770823188,14625650462011980892,4553519986041315501,5625971579422452636,14752294703445676871,14603443846415782539,122503177907740166,6574931935989486065,4789287776337893161,9365654940003021927,2115747365567925093,10815974872552397729,378762871506474178
1179691214736939875,2861036096090066534,2405833880754813251,9034466306167826430,929660317754320145,4858598267587342837,3401975616453722342,6861522715083468701,2539208359444007828,16747217899980941705,5011586959089699560,7203212854292055710,6334082073916700809,6646580746142134942,9746995361921600324,7663560462731413192,11940803281676560511,6465246967037949546,15266849021654989439,12026036561256649422,12053877094171390893,16234221513046293949,918548553347979448,13409943547057247254
10976494124787725261,5480034788588999292,642268583568552715,10802650374380599560,3281687838734082505,2235786172096468177,18220246104075401539,18131795033821761401,14107095589026929902,4634930160443684778,7465791686742031614,4840174323176245984,16741216313053894706,15901501548388641817,8983857679189353328,5961990693793988370,15006650915138027776,11534598113601994517,15211281745140516778,16979816327867166588,15017149984611465122,16562528036711129789,520621218405167544,17486794351828143102
13591882835606585702,10913548709747261241,9495244257659516905,13662231477321298556,6386558394675683692,15170845318614412378,5673056234363235566,13398227852135961870,3403753376184342566,13660794381023848663,8631334519385359478,16440165763159159819,84339310652786935,18331801164463369798,14316729815294329353,2160387546327279086,17762233640941459871,5472650281271301796,8675936897800624920,10224520564457305358,7066773514541503106,14054968197266614431,6689124629506265515,6080642588969673615
13109260412291206384,7959569688821748995,724497796347393317,17026845562146249579,9015487914501681481,9746883026478154192,5314285025967212223,12246017618080507407,16807095784225840566,5768682316305067142,8720620479618096866,13120776435150280930,7275981385564403788,3607339698602719588,18078323361786200794,2115649064795834132,7114940220759092570,5412521570466887281,2439285596866743759,4157069409446073365,10404841811821413073,14030882155632632595,15941151295488227922,10780594431016959153
13785417475287131571,10445419318063000070,13790237641360604939,7723000351011137839,17351107676853966053,3904064824722424689,6370713340586740046,9900334404250207541,16842741241954525552,17806344561840286798,14524173752848624224,3228889367027103893,1377661053586644092,16442916322559650417,16337328399568845251,4694946032228602761,11924088379352658025,12901376895547850300,5493246950960505258,8191763026895273538,5119889664088927724,13884087109902344932,9709331764134283531,6307626468678671781
14788512167884051016,1396547165714994226,5188603599195797262,17953858538196606098,10017625581882387044,11620847857272222654,11964888799375009025,5640752261387266488,7664405225419126390,6521544627242536404,4999699597940043983,17845266023300926585,3265160156577332473,3130265285959707172,3410067648678082657,4585791462932589068,9847165804451136114,15509842809883949712,10282531996838953358,6905568455685164598,16958982175272137422,10018198904399682037,9267174602996336163,8959853887633902809
7641878023694754567,13609449857484422503,6990390586278667906,248645732787796384,8541059419545411050,14024323069019970276,5695724840417053812,11972442521130356881,1095616490047136320,1872799013114007167,4921359026206886622,194263181605100885,9029074935549200098,11425824080768941667,6621779441846315738,1588466923725281177,17452103635552554549,9299439502166548093,12804239687307123054,10167032395447489263,16951822294170675855,16689344526641516070,3636732734445708351,12452832137967321277
4663038163269725228,16761639261386934540,12977039605620665114,6027214891718122161,8405633822128156626,717892222546372512,737243161794740943,5235255862699928136,9709478872081543559,15912912121061798405,4672097275983200687,17597566713679479841,11841420836537376063,10181961437414929861,9827190760336907223,5105280081712336965,15627483256351605055,14662035223987472669,8930685057081211400,18197517188878968516,877591934469416358,8379050793640147825,5749039910075999052,13418066739461873383
8986163083821832639,3020600875365945117,11081485048208471156,9823799855777228343,1578558187501061919,9380849425642216997,768336384847226977,4771419919219905201,11051648475353660755,8547741010071253157,16207536818080643618,2560958032851807930,13726763195767500257,3803048052676491771,7746931470835693918,14993442951968164456,13210389953966966150,9722932768342778378,16276956326896589398,5493990345333209629,3975280825742763637,2298786102365063339,16406657145160559270,13838422865706629380
14099541898996350950,17435073428222831250,17495549127840964531,13674438287522214762,12458154726368924080,11737914036809315110,15744771695009218522,108945846284224190,14849917064884318899,10758718601274881432,62858196307933846,7225233451389786388,8087640762812125240,10076774414381267134,9662653450005089453,8313673295551013928,855617313321580922,12622831415679958199,8347147498119945794,1185223603889892825,10792411401198231700,2558644693565388247,16908156284277276606,10074856614864473173
14417801895349596130,1299279402342644207,17697816124349224386,1720135021137626728,11676186024808813759,5226589969919401157,17321251174077492831,14299602419460188983,15553034188179167733,15737764709796436969,1378492408251623571,12554457951825831930,1082818303214175700,7845621334260830498,17668369427565337118,14717931951219464350,6703986447323052898,10387156996547559533,17767012898473957788,13987736890312380105,9063137681027180824,16679454241826220661,10070275384494621210,3250079533965997419
8133450935178918260,12723434242550054728,18436419393526285761,12279148881259238246,13322082180633180432,6087010880734400645,6367681406958095370,2246740653202128458,10967817228286543521,5674159882858863895,10579249120261901770,2258060862824698536,3453518189993687864,7332988022323201566,17343037041444396451,5343663307872601886,2282721438340401612,2101350762813359197,2034660080663077903,1371251504375205619,11628713669359456473,14355617658673472170,13145460646693947102,6548411172854620639
611664089388309396,2413712795881389816,17575483440741463481,13576145806558828132,3203055693499438439,13742176728207626859,2295460789445980816,13449111112042776191,14280973216675714101,17481036321326088581,13098944914679041378,5137924473361125963,9477938683447314906,14092359657587589234,16384869065002403634,16597782663996205734,12508971462658122006,2418420620107628822,14756170666975783906,584611329216364970,5960044907051774479,12115299114739189940,5029962304398607230,7272206206754196669
10742850034481025477,5453511944847000752,154369027683776908,3363014246334619104,9843592311139545979,15673927369545457592,15183563502806741045,13076727852364722760,11365278069406358240,15052251170153788625,2009268808743499263,12244788176227468609,13604664433244257037,16649692999313586997,609491447824209685,7538523597027061882,17440806111771504363,10849859449844408264,42632667722896533,16279138276056147506,15413427503629915203,6626819013153067,15370691118685661372,9041225892554552326
4038386119940659999,13634549604634723275,12227716555624235438,17490053642510430785,14684953467088792157,6571331072011081539,5580858727635431705,17770316441976089124,8357891746253665335,16409640225251776150,12777139417848419268,14192366505895040815,1893310018015337790,9784741617029518341,15121834974575220526,8236027384179720720,18097910693598691297,9426833425843981963,17123628359987683518,3228320773307602604,16451831420991308050,2595639574647164380,8498912964147567147,3345097380278168041
12418074096057313607,17524919163394038066,11620179826370493288,12443526046739434434,10168215053677553171,10453527812349880565,5304135705621231540,14128209161901965901,3000040809510873903,2929626786413188601,8002708397717567356,7418303137794650315,13282426274808742947,6820572860446623328,11322821980534132095,14400757616822686760,13225266341228347773,13495627288541661096,15366458075620237271,14908455513697795815,3111459129703956087,13372067428944049952,11666662130772494508,4897688240607990448
2396209254718393140,3444923223292242302,8226122527077300205,17522510757559726884,9834893830780771083,15224645675320139249,15075260871141229695,14050234091034382837,10672881577845467842,10103590548967583054,12100657060793772459,11280642722351891571,10002444761966123116,13419736596207173002,4621269991618249395,16856026091114166739,5217051308669401469,1043916007516818464,10794197205129096449,1726915210865143281,14676482788410842019,18133069826540608054,15072666194627285973,17089078362797122731
4281348365915006745,3805051618063865788,4844010687146526282,7519842817358818364,16356971905796838798,1143491237190105744,1948621792020504739,8970803563003198833,14172759267229421938,8687414857947895688,7776881139132654049,9824285481621793122,16444299640420691525,921798978367132174,6317236597028865227,4200573296107392120,12614503683290497443,13761529157113306987,8795152914850363294,8689705072864351724,5351184298163513528,10633449459193622642,13015023111106152363,17839683709005189309
3634859868158905091,14835592315266024243,3586032049691168080,10180966762535286503,11720035595688833828,14874375828862335701,10752491031799341510,1730530476907001905,6555562016537601263,7508256699352491722,15900664265273489237,14275211014945260071,16890622991552523515,16493407021379878877,12161906975953346645,12065274714655038543,6478578227744799527,16840316779980933942,13562532790544019848,15761590367991395918,5805315964979491572,15067552248356463606,13607011715140911348,4306491002595507203
4207375893794405715,11310863139250851307,736449207740561220,5892055999111200068,8571565736292737616,7165817923001021881,10813053781082368636,1867581657443185750,12793948834880216194,53601790962020043,3094137570819918411,10731669688203433238,14631517834406259415,15933342981707653228,16450373716513574233,9868163632653369639,12692870734466842480,4665295727783907796,5712101679577968067,2200730858222536100,8757858138871528469,15247178543534929989,4324202560909922743,11124724046538911185
17972702281826395477,13949027612685036798,4109376220619747274,9858295546486785262,10826099075875676632,4914848186492603435,15946059650672143892,9241620552644719569,14571006126282790712,2995098501900935689,1210418533143064185,12323237745781547241,10750168857040672100,191452940123902053,14372850496900162447,9314903406405794080,12691743568675888862,8420581038019361576,9331758944221433997,1580365574301849751,10900227800660478718,1165499283824704039,2688720117699129826,16095498833657105509
16259936490149585748,9188771520154552784,17611335192414263452,15512855878670868495,9635577991033700891,2469118927505629061,14136094337464190090,2881000669058591408,4211381518039754729,6182018342349295583,17701882701495948146,10449330266901361918,6941957992625524255,8791527057064564337,6041775457186197437,17341445862188198093,1492897270795322389,17035473972747803288,13394540984973534088,7115984049087218986,13281246907421898281,10797312153240839750,9639186590052889202,16369738789189784731
8605952163839485776,4086202346380469158,4725889168112264942,7113866770535796744,14079523060519902803,7685923323584985846,1496375015849060977,7230250533166311999,8169959929836828328,7332176800659160276,2691390035022766269,14143647813922285418,3841164597925861359,2913875937445430434,7008142467616646795,15550702718597477606,3784908980034821526,13435152809341726936,15643860038174885910,1729392871633993254,4280628441157630371,8153622748406177653,2573758401115513409,17572837160027787789
10366091814995773382,8009521517579213203,4306073567258685909,4669819816726013285,10343487897012428230,18217289935851877071,5006328687542794280,3454333106587830039,4427906976690136715,2778134220535585829,8489219631475342034,16410207313590306378,10534462141035258128,8900826266065367373,7876515156663648764,3018873997247179947,6444487101338014426,5700967560485525257,14932950958834765594,9369650406608061573,11671153758047488451,1930242336088452290,6437405327507852644,250436824719830206
3656390689096078814,7233744297714715314,10188607874166100688,3068237557854058371,482250535479157254,11019314082638106527,1310411312280021562,16127881411410904896,10577957905439031603,15095371886189282319,17475719167970449975,11183221489522608103,13396256447303307423,7385259638345573754,18846472206348719,15655430592394192036,7741694099503691527,17573099781434253341,15815851845526356605,5589764111398775970,2409042907827656517,7805504273271694421,12889861752166974499,16605620362757965369
12561131465418896256,18286053644055510523,2929512055616582218,5604743119630888313,14633124447827500629,16951110030883476327,6040392486043209344,5774642759269912840,6348300874135527877,3194618531102201224,2561194985182820376,5863420984487968677,11078379153216354599,4864818694985800964,16059173230742224396,8416851477014187927,15381852983589119049,11858360484810708111,8562814700282054224,2911027013094684354,8319285949629465619,11943675766234645886,1976087277942371852,7509525878068930066
4153140968030534425,16418007675791863437,10723659167437208047,11065713969710476454,18097751746052278866,684099856637951973,1720411225470907131,12694690809373926136,13407255241804849790,14066685571978237126,4482242601057008965,1772677037626032876,14579073911520578928,2214825695805717423,2919686394186299351,13876267433272514555,12909209207722345614,13406140893364244166,4015799559412935631,3858037537980968841,13414248201453837587,16150797494564431023,16252866910581524158,10914408094793227577
3424770742184072894,9316375462653353156,15368748804940444354,2993790627136322401,2650419650606365086,17212147995595553830,6765015531058000045,11688487111687805283,10630970381937390082,3163980555751335090,9080131995700232912,2751008014740937291,6468413258551563020,2529899043649872209,6639152601135889031,1127000320822032603,13353516313370322875,3744996161831440363,14214421987982032268,1849937152287368097,13425883063966928966,16210550665786077876,17702856228383666927,16315727699013529518
15038571871781435195,7486982742787200409,6045189675795179726,5532029772341195554,1554266867321086337,18030925717795755075,7188862365454057600,14991768363166358228,3856206614646924540,14191346855929988235,13190418646757119656,3100303833643311884,14424162341368060323,11988595238531910024,12867473641732734154,8146095716189460878,5956933680585243958,15142361929279357832,10946505060950368859,7482802606219786660,3400547098956109621,5162978334601834780,11494708516709991005,15657353578446974090
450201000293125181,17348908591282257588,7919531219068702618,306819148125628621,14777890113184525773,17792720068279944216,4754710057276304951,16332503236461005308,7467377469332542863,17924031261685583277,9428415408950299945,6213654402317657185,61572180155239425,13771760101262748605,6952364814177548807,16749198217448520917,7904370853440090035,12089911128252666311,5991012293902330550,13048084634672148287,8341888645200487411,9496934072707311880,8962593880050881138,1078750760157351974
6112682432486357415,13471770155888799732,961941444072712334,7841430439473220766,1978036086856302489,9414261218791729225,7859254276730591432,617029924745416727,3895369883524496686,342331391981414299,12194060069721878066,12529138361853235834,9715955874968208458,16118423102669339123,5856168523607012273,6102015897084091177,10997720376524303757,9881961605869281365,2079340498985776472,6591783983530058670,13007712539247185256,1795996558010192858,15297275895004719923,14904218738369576407
13152321090642448583,18285462175312950090,17585556776414508777,12404420774207855948,9139659717221722069,9700571204187762297,15180453111018594720,12938460689589757161,4653002361136666321,37958888640366815,8300604263168912097,7647012243890228207,3641359524941931700,1956681544791460319,14135014412081604168,10745100305990486683,16302990182392802093,17920132189097934004,6129664517333199975,6012099450825718220,6075571477739242881,10881980874496292991,16571940249417159653,1754703147611652866
8425128416545971232,14247426699868613147,6935228982701227608,6391082161064674682,1569083226720480506,14442638828454977246,4827410370446464777,3158557231561131672,1143556949449355619,16674214961414955500,16765139668015257186,14370280902002424212,11222405552148583206,12965978694438420126,13235895271374488052,14671207060172189772,2051862783943013821,230312186728342410,10731189316641178023,15096333028735299204,18062987126571003327,18109210301431617562,2516454515841368687,18096287486069447891
6553454919504127125,7300782365649993257,9172271766630407806,12097782421711367676,15630886980907362163,17820284804009907597,7297704638964553788,7695042412207825258,3120332287569738738,12547292342333767929,6845154039821203270,5516849068263592458,2119647899052521933,15342623063242531587,3333040504523179378,13502194766841720491,8380457610381688977,9202127507856712707,2681963022255404682,1467784176713821050,4199515189015491783,1379125496618400152,17013995333540280724,9263801761275101207
6313954904435463348,15503432205520912154,1387399149840220802,9781834995548647672,13223313892477462917,10236786459371952271,15602255548389647611,10505748164836770346,7487573922970398539,1220988033587189026,321552543427426259,6620996668234857212,3057753738145693162,9779753774107270106,669036963364385538,12900266660097134952,9356102691367439181,14805702303040656940,1644075387069247538,2283980498775758788,3989313706206916913,7657348076650989493,18272939225253531857,806387510312178207
3326063781620931370,12099651630986066490,1062715068648554008,17673809574750950652,3518612731009664986,8530617231550100984,1017589997571279270,283860696330564459,15951802851945273962,8958252557532666197,15639654884049384445,15320308758690006325,13969605243266363421,7328856136723894696,17606989605656119327,6744113585806408260,5848604756615729713,10486454827311699819,8514724536916647268,3497969289206233837,16347685444686191785,16182543655634134144,7791440787676764679,6300321205740842535
9670378218156713898,9109401602896460879,6115611240288632740,1739474401863528531,10909359447435666048,16343774714837201010,13860444551648033393,3117179703825584875,15665844241050411320,14365629721285076343,686935057052661814,3593587897019451365,12998286918656495511,12543287560972105473,16442120838291244415,11291169754179614078,2130439813824310722,2327931825314890259,15971881782873323562,7844842048565947595,301401760653864088,7168738451251366685,10990037440709361718,13774010047786339545
9393357740359324165,895499550551282809,11563355731686866159,9947006988553859524,4546425849682186622,15325265795455675485,12524886632033668008,12627436023810768905,10933757876840903548,6468255946522426778,924975563748432828,6040784322283643773,12626475772158702759,7720713288949255574,1849654567563529486,12337939836607886702,18289695563589994636,14380361511650509953,2770996204673069562,635348986549149235,5671764829301718887,10394880339890454695,15517252217701050743,9465964581905624809
476090298055959680,10076877788015053633,18037812878986762012,10021973843232269682,6481268527960349623,9199217611688988486,11947638432458966093,4494824337678004487,919544827557623685,644286097723706345,433475225319109425,5458403539322670577,8383455111884763067,9729334890847120803,16929375987678999572,2690462360479527470,5711475515276318707,321964319005934003,11231333081365355349,15411635026901656477,2517290205249578581,15030313565972956937,3485641206695187984,4353112735426566959
18229845644005962423,1929534824997528686,1139975571480993958,11671735548388285685,1089900882974417235,8084464701666939536,10560534202243762903,253571285927029778,17331511516255083574,178312378153654387,2747125441753209228,7824870971308844413,3074255411759934690,15869672013097145674,8248010352844041275,10951416537369315813,51383058641107648,18270734287193327844,9253498002819857223,7043654803433619825,10565221317862280516,112342162445333262,7608478677055357784,6694371929977532265
15820372745111670544,6894208083923089682,14206388755134336839,5944312886929783177,152177558175249288,17559325813007924671,14751233798973807839,5297605225131554471,3608603686150439508,15976281833508214782,10556259244822694153,6305879175330047611,4189964711654099519,15014838173353952079,7832959991976527896,9048538740499312423,14041556383916070631,7383362176443674669,4913439867040481586,839715177088788258,9607121224280117896,11767392387263511675,9970371610109700139,6236946729706978609
15035805641347783130,5114329170470216748,8332499542905666899,5281021234511060521,6186748438220741705,7274138115746126563,3680687427035559404,3234842237477561750,14870442310694422428,15165567819125243253,14613742470486387367,4995797604452653185,3278796591736555587,11405360127907553231,5897609551986216507,2236109934733095274,2299313623237661419,11975154649539568791,8024763547773385023,9930675771188946550,17934959823835865052,1420303386864763745,13097450945452744373,3137205681211984193
3903293254032489925,11232806774051304133,10040668341244751542,17200500049843946493,15872026887318746395,8047517907718188475,6663883865176750991,8791328952457330670,3029814047379460154,5758743159988553998,4578406242429155212,7663787250196427094,10665455720723474756,5578791591314372253,4833215601832377550,16050151230059877978,10142238018286958545,15754534080770985723,17379899325641679131,2002360870459909210,2205022011510826467,15256310920435549696,5320737370233628867,11149259307097521175
17998761373058175524,1401862580684127095,11752852841616812697,5038928362771133718,16269958060864096566,17319471541794665902,5848284892284902866,16687800140513999479,8725480034860944814,11408013500504125502,17261502496755960935,15186761103957529620,4926240837829166908,5722825237460468052,1016223152029471151,1156802905016567222,451106022930803247,11641661942482201619,4600203566149803155,6075368118807049624,12381388780990956508,9360842391232238187,7224898237028860240,1325492749689563210
10581874453501314879,17953158192621653766,10769580439533364016,7890016268414256635,13379931421173747960,9328151587778413545,6521138466456514052,15065216669419208413,18442718149427630444,6889784674870145986,7582799169431429684,17308889373651618021,18332386201400052191,3655171986059057616,4118495813341818640,5431763688255264447,14348787625184730955,15295696625838282560,15402570969318740571,5300410170756872737,17693983053718637057,6257315493444853582,10049662073076927307,14936414534328386181
18251566168136486373,10988410559118093095,18257861818062753445,12371505888303442732,6490669696183268161,8036024579483778369,13756811415595145732,14132895213802348399,3439092348378611046,12874177629839048479,2783960316113110960,4926370918046961574,15058000250900633451,13308278156822704765,1971140402279725298,4651526409816060878,13638855193582065695,5658012074232653930,3031611430899094846,7835319755882535858,3294078588414888220,10242340082980023552,9997573778881916796,2402263614190545266
16944989584743651381,12914690279994034003,16829921060548417323,1000363618154848729,5868437133356962602,6525330852749286733,1277695645111396883,7062425198088565082,3833816153481320952,4465710619214704581,7122412787645523055,9715498627119481627,15737283932270297255,11897366960906942964,15130682063689411052,5666001136745125527,15225968135485566929,1444255766856973806,8808427699743103626,2639888860267797566,13635469500782708835,15407478597177753320,16406152401554606711,17792904646036735044
13133050156749852993,17425075640082937275,16600660170994611427,11962018092103871215,5084108148598987186,8139413081901338195,11858071493794893640,11656920302811886872,1521766103162257500,1498138968924230609,11674583620219138256,18147523580687656557,8645237114127580196,8160036386295622707,3109170988305302153,11856929139435715057,12702252377543316774,16089123552740296038,13176150797944596090,15463906959516459857,1168835728782972518,13009466521596669973,708180791741751198,17182121646344733607
838930600541053200,14514580873519349793,13974282327263581666,793695142529720144,6035415336576705568,16535597561200095817,16576697994926643268,16945724326056843637,12728338484231638156,18361438212643283256,8094763571082109528,6812917871964082799,7333928313940374178,13581299965609921886,10158361516680651107,18057803082340632410,10683536634487043449,5100672933977163217,5112445610873778878,2281898791710868676,18002360895139253545,3207663467696965691,12145100619780553694,5761198699018966772
2287411470838130311,13498998646376923792,9634770971419881098,4886217736743237442,8958136076709591490,15301101800990093681,16993412305097508948,14770771033720370681,16304581522235565061,14132943227810267588,7486219176068751193,13252449631677577561,11196496468141081725,846036843281076113,11042710329325448464,2803853083661452912,13636796106512937242,15823698344564997325,2465956126653270141,3510352492465217207,16440482088440015951,14956208658223988456,16016857251691809167,1827656967720034960
4674332235891059018,5390230552765438851,13900753647381750915,1248648927512843320,1973223916182748921,6580055107783241243,9384218312036975384,364806063008988521,15942374139135870098,2463860742774410810,1162984102564783596,15663955338809868287,16387032931291774795,6881031894214460833,6406616852729695619,14288718793670417205,16039905486217787254,411261300675309649,16123766246108111111,6306347683903342384,14449309489085022257,10820166009683808170,13381877806602223107,15279825055467445593
16805680260877214228,5011673217790336553,4904171230270219403,16077556179399143919,7861658172494248674,15113964013423640008,12960132248806384450,5189820876558584665,8673264210061108775,17213384832983710649,2803974955568372557,4956899100903776805,15160637948190577369,18339101041524258076,2637265840504622020,11538649466430481674,10943321402683766210,1521668254340879230,15629962587275957718,17370258908578209325,11543489762859979170,14152776645255156241,9367194331208093236,15509716291242203288
17253232172089858922,15015350878680715261,14952175324853411487,17774312763471185345,9105613365897952235,14515412332229740180,18036330216975476714,14006740333313511947,12882805160571199132,3571551917792772404,3058349692690041386,10854805512750964232,18221974020842552497,15644720880080146766,14529669320114788096,17621128671346977890,17698258050996372314,7850940969420961942,12193289375259847664,3933383766280104367,5830024591819116896,1079264633933400323,18173542491132899486,9706119568551551163
1129883833823163575,15785319218656484438,13873118178197324223,160432302068054980,17932455571256761924,2976745050595832191,11256774988844388264,12491465640107228515,4702689831095045631,13032083525738993148,9948491978412915763,10084670375261634495,5904732849162958005,11974168843041859658,1551233267821242219,2423988989023494032,7640433381408693351,7011530467862986906,17574733683786257574,13131154622864343750,17136683286326700976,2328616395607485686,16311782445937185991,11897444668252122003
14149075559926834693,17123225455508359322,15757159857386779889,16088841633634439234,10538450913810737806,10245175814313079459,5847033018827278330,3307421732911669876,17211245313489729274,7361447292077534312,2019048341393121475,17038599293673698187,16031153038239190434,11925495540275942302,17159908138908257286,17025995740129509928,5337999378224813740,14772884158702743764,5272672928083879171,15340933705228033548,299834657385871943,9757955784762323966,12443090659254241135,9007073373363709187
1371930279743162499,12314891241184526944,479485715974173156,7463833003022021414,4642336987000839379,2477741738075030262,1303833991225651894,753127013508666304,11609132420444936575,11637071435855485144,3921796701331063686,15437449986062539905,16386585166028304297,12976253619336585512,14999832133068872310,13630683765501454976,7320551674737421633,12547660988263104105,16609803061147492196,12184889425538958451,15385680455135408498,1608830384972143001,4388456625027224516,16351215413456619090
7316936846853023601,6262886590253765776,5091278307720909256,7852664892400194658,575391166391754778,15216771875317253779,4690878614288022924,3956913260314416398,9510529080424511959,13469376335335972531,12120422967731753855,620858317227627786,1506225583032660259,16342608305062490466,4815440533826739145,14046821498454342269,15698449410011432942,14526703569380141458,7468278612631565432,12471336924345002224,10527238388975926961,13361934150215869568,18228324189694389951,15725303560743878259
852306165432286476,13723247873628314703,8493644083230303001,15056109015057774132,13376469412069864114,10034699069633205377,4695483064699229678,1523883431200944973,6886193832021793268,12472841298336184672,9864359767724696018,10442059752601794834,9941144170588300834,17149937647997624911,8168035929821406997,13106883963563228538,7923969416739515284,3426044497127788059,6102274997594588105,1430933866428240534,3015180834874989957,1131047830950473899,15703661078909227165,13473679684447569229
3980043505572339495,4667593930252146307,15394498305795757554,1560627183521300320,8618857114749576591,7879195551156332813,12848794313352587990,3695832013888255828,3770603908006779083,4882540297722501891,16363592634551622196,10208877599609786374,2679327845355658058,10673757257302686375,7643459780692900773,18430195941127737881,11572050171704485481,18146360014583144977,4500218969396569747,10764505878660699152,9021776341080994131,2497817131215885996,17742873332137039282,4079651417920365347
7565748140410257140,4785932491456498872,9544242380475139236,17192396365958405189,388241861762655763,6134525538883773860,4375553758066791475,15919911058802148726,1274456516560203370,6613344759486548715,4381395339799711732,6186403199502653313,6070067949008637868,12863358970369610015,14285513895249591273,7632741728853471407,13538847632438039578,17604030192657581079,16941226534790394807,2953997032459823276,11150310803466975397,9062850665487133932,10268467551501456117,15466075956184741388
3708437318850816303,17843094095435653548,459412533722130947,14134874423285918810,18031144041533192252,15901057317322983410,9433976084907323259,6043666078979424529,4191626503747866113,1743234217978117428,8936516435546153260,4982125462100411986,10722462275499270219,142324485524689975,7222311279035014253,8575384507022516278,7751634657960826355,10039200482669977500,6487235712701193191,10461475197128252097,3760960238860867781,4587505244672848284,18027984762264332081,14532913423042190878
7380762148032667326,16452982111971579914,16650485916440726321,12070063980373534855,5931596260340119417,6565355455977921253,12050103182958399349,12108817134626113111,12019031294757200522,5364828961184274629,3722272852222511742,12994009318510388191,6746486356886136946,557744447116372848,5589536467100292855,11694449730857461455,1575129739768092385,13969512766131289938,12610301018586436053,15181668119476715150,16005036994389178651,8109866989881780927,1126294574275770657,16561069897808985880
14890041021035123410,14840149266871892466,13533513980197090039,9334438029630882203,11676379830895649322,6539579487102571249,11728774249355826781,7038776413395628556,8072631155250058961,4985432219407608612,14343009471717605525,16594863320493841867,13556314159361148585,922594269011171867,11344911166323536189,9220706861036852260,14511121585901912404,12350992038769541756,4071944112916290581,8210032176603616889,10759507077972839638,8630411082034263029,6153564653702377700,8511315319013051200
10233165500745762037,12058931337108818111,12661946190234967154,11546314640979736031,12339726072371897109,14483700001314263291,12140619883089242260,16093724981731512272,5975927771516809092,13491677967582459252,8898382984315070010,14952265448928148581,8230940051830109819,5933145418331624121,4879029444640811368,2785687138945540901,12252778641139062389,507729468182686549,7904693968647316336,12752079705085857451,16529578716264402974,5263020708648799979,10162935984929782512,3029370143575161900
2022080809886607636,5924439259559203412,2831706734456205605,6031506591548581944,1389367675595847361,4861064367814317004,9938202588738171400,4020741169821598731,377440940098548021,12745038163488004604,16760140974652072257,17835791692598319219,7179832820304884138,10352537378720986265,9451792232267924815,14346143240301555608,248598947554098364,9519850445138182629,15728246412992496319,5334849741342728195,10836015356921418237,14993164255427063933,11045910955845126687,15788656699459539293
2225278100398275403,16624963684352757204,177853085717882581,11377893468761318046,6901975154704591018,5493567477940520356,2912783440322642689,1575226795441464900,16513122252334803035,14718073873956398822,5536083179573962414,15482494086114805292,3259770923570986029,2907359305006723789,11245583926175664990,17783681209782396340,10682470765642043403,15662099261222411602,1245675120869621008,17184166445653108279,14628929803597105526,14971696286128960923,2106290929793591228,2506925466344781146
14068579760982160738,6264346238057600426,822360086514935401,9234759513273639042,3280503665634749216,12700063167841850850,11824227547551984184,4674701928448837820,3671356102128962371,739465670460987259,14097625323153178587,5976122900704731614,4376114576538487425,18078186287449540257,1420228876466413580,9636822020291866604,6629687168852289733,14067978135575692268,7969528561618138587,9459813668128831122,18011573348775163459,7409964285293912009,9695198766822917839,15883014651997424926
9542701575165932364,12192517007266424434,14945998436727457890,16140810924278969853,10949918065913206488,16384465938322499090,883564203328415674,17891702198891031967,16720808636492020662,17193996642319838452,14060520384149743203,1128007336043976060,9599010671545841675,10576968033150116146,3382868142517974020,4293018700776142425,2689683721448985786,6329714109208626834,14853240439415501076,729494093339182680,1253139020612701926,6534696070374063887,9692264275004972337,18280059066751517788
10245802887859636250,14888571480924835109,15191808029020790399,789973950367819037,6892026718162719863,5775856872781470630,4027797217646241926,7592548112844363692,14631579487448594466,13327890573740615861,6828596453369649776,14840932433222300752,506122473137459906,16571037959602741716,5702415850064076832,12603237560481856850,3459089260345738142,2214911290367991393,4572948740107749939,6226464279301889431,14800321237756717343,6205943160669453934,10180370821462382818,5466831074503165863
5579560787800499830,15776938585348383548,16764109302111884790,18293595819424408906,5455338263148807613,5036919773559687605,18403179658625542829,13627482495233309665,7998419462733637133,3688987058783277644,13392817148517065093,13316180029065573393,17573126876735054569,4569637266461926145,10597479877094588240,539711015473367958,5709874583811655041,4718407666302494496,967862154429803036,14830544389474364330,13553905953905854076,1322772440223312878,14669450215410265121,1537845886343981463
11261265797904356982,16684954280499187027,5198649426132308473,12656892036724567549,16945262762896167913,1144530761357633100,12553489145179468012,2002648794886616500,6236175676698372066,16621238311362761245,11445050678937667617,12465829008528851946,18233062367672806332,9906115178214062369,9211424650047656351,17297607559980673171,3820659395585263576,7513162917509661778,7601544363837860521,9410040344196387147,17551903559086604618,2871236389664084416,14273637896477730145,3583593721600688067
18342876446443822216,8373907636893984636,5380235336756503010,12573963787899417401,9559780189937852575,11381038137785990471,10327652386847768468,15531878350169015515,3904232798259016236,12728419142208889473,5936746479773124017,11757700903605811118,15668669092898678560,6565888157260160742,5079964479627567879,17388939913259010355,17748441391180019466,13571057298490591205,16755114075730733467,10014702610281468453,2424561960158653859,6119648216125619723,15672402758921535624,6096270461133019245
5665036374690588978,5210939125540811002,14410501068166129744,9094443252329508152,286712338470923823,4494454100080200848,13820221018465046890,7020067484096436706,6623408692397250206,7942302317859055271,6584532882187020186,6713700547753296143,14947105755288063578,11627500963725687570,17578079186064090161,18314554256007723898,12971953540420847800,1314269219425849319,9375708121767259645,10675392929519317957,17398551884570498438,9442098166217345151,11181502024141349432,12012984854703998365
6939655245773546677,5884259154052304166,16467083510393435410,6992695517476647135,15647648927338178529,5963738063585596917,3865080538540102892,376432694575453488,2099136963632214567,4659055969152447148,11174661770751577149,2944173701471788936,2708179687763367111,10456506050595833053,15449214002126503776,1918917061531147279,3287568300915383053,7839873618684546751,8181062715514480098,5402383498395149151,7843044327593660560,2848585968595390304,18349151611367036287,13109353934884936746
18419147798805488259,16159042451094222444,10014262772326255024,12288064322034661412,12209807215530822049,2930757746195801162,8470156236354990940,16436233745477672464,7336176977780927601,6270034244975542840,11415949281841113029,10715944533259887668,17591897752565102782,4571837472461428427,10710878877806444090,18281806613144057694,14934161015429310953,1587035277041212994,7155648512429944072,9366670860954317241,15743061570254141872,3807384152286705384,13352163070515672377,238592727457218701
1311034176830457814,9666702439197431985,15678397437413686507,11251301475986976047,5307795012692948519,5463250654600828341,17568969189513263799,16714679991125608252,15064782981020014403,16834103747870751547,4572143092782933920,1279028752899753580,291165015769018350,16535877536968236494,9132013468002857301,7535202838389478632,13402322241975911956,18108060928240683920,12177214500700648824,15548725500140121849,6188963525100554309,14845598300225919575,17294519730061746994,14055691218658449021
56966495976698788,7196044429830600152,152431238318966150,14510798789135434819,4623985920486231868,14449382866535385678,12945288677246936963,871963064574993313,10810106035633236601,5769983018474529483,9447007965906552641,1307669830622723093,8398130827757645009,1862202740132666286,16283736467912933478,8386316929856397192,886817277201260509,16435286813688518905,3539983150540159109,2790775712751397911,2093048330034578374,1093183889642683135,3235345839281826571,18284253136248106860
13387495240609342064,8202573710954060668,12078812833074514049,11935054512620807580,2354053118850392045,8029472542213939792,9827405851110892193,8111153517043035576,1739519182778634005,4860422315084615752,6965178866056416145,9600830522209005531,12774949664031508993,18145949138420547835,15065260412590740241,2742890891303161183,14683370394020700592,95665822852599416,9898159553393024452,1768451900238767536,11262698281676992116,6623854020432914469,8492244468020560545,4331967758500967838
5395180923021979353,5534456284609173424,16921871094567886709,1614724713650716031,6864154079052115498,4240411249800266215,2757567472152011188,3679718972246202561,11855727253554837505,12225804678614776163,14951497634935779842,17034907997361115453,16442953413371934223,7685460812050063210,16937725642307905881,9569038782585354762,14737361363928053074,12873281163280553821,14941908248963268639,13579433689026429242,2864175685816304535,15482875628375058681,5913301760411162905,18293507849054601560
2678503659326221686,7834286807873932132,10075308770724098979,545850019704595740,3565726911853202077,14416777581564261117,3895825069169326764,9139029098465130380,3864353153877141647,12422487765369402621,9522299341511318228,11504226682842546749,8539020979128238986,18285185888953934934,17666060795430000360,3154575821499094432,17428792201351498987,12820431204030163452,6917792970652664473,12522636539130162700,10654371900939305081,13897282118572830049,1553211868364511237,10812543473084771507
14407199001374152356,11945656879909239719,17464460329725478777,8954790862627718670,17483064968019882413,3083815878481530952,15592127879672195510,5244715869750294725,13251085254662617272,17393584046937227485,17463344027833547760,17767040903634181350,16160997719129698401,6381831114272580119,18332954123718640046,16947252610904329243,13227730486506466818,4996700921546848203,13778983841796301411,10070320188239450973,11202729735702162869,12158413309043689112,14756619763253824282,961287416071805008
11740066446407669181,1443059635757694035,4892279777441124251,12518194290660301018,6348915031074436436,1838835094111239261,2875614024928774643,6599499657119983810,15918998645502958694,888047455891912021,13391896456993586972,18289635905005294605,10995164673831574665,649371028917338158,11903189319577546709,1083888613660839117,3341218015444896166,4179252697450057914,3066092044863943711,15407067608963901175,16804582935519616761,14330027343661325018,5163952950790207979,9998254342107830682
15601931432117220314,4728367209534571941,7894926462803532918,5293515494491437952,13770348926843314507,11941660325932008700,7659102041004469377,11223259250746981701,9587135371156812632,12614683484593493139,6922098737591199991,15293622995943926772,14942108267986125005,2735129243029191773,6290260900855141380,4374116167114831108,5045857571738160246,15759237789002894528,15507902783753627772,7961307161681328130,15602800714752486345,6012347626227159199,17425853713186445634,764495514470449416
11971884817995037572,6654945683887261599,17164036730199669403,11492197668240049312,5791340682046454805,6501910762038032799,15345694555633899869,9064044340596037708,10243491370796025522,18020343625420358086,3399399256251639130,11695640089234993464,13283041142768442173,18220406735596357136,14252368005883819167,4917200289300886848,3109371420103164064,10652516735595724626,10987077063976682508,14488989679665483881,15525262481353154704,16347031250718182252,11496443896216267032,1288458924057926649
11227083637049512416,15360302261385870144,16805149940674681960,15378503177131289416,16112318326579720123,9427904977415883067,3929537673906535391,1861796734996215498,17982753423512879204,2446300864542976909,469913046168232181,17618035344344123332,9328437367696652437,8940651225480747456,14381147733323929046,9467047790100822368,1837758497591076490,16533998578639099012,13394808311484185457,16472266941701602464,7181009990278272091,10105708924983976195,588957667694102815,16894073613729782082
16202293453756236561,10085036636968648681,13845113308847291317,14497705024901069619,2824414323421608361,13174236454284848194,4860316404502925772,5795129593157492345,17096163468886553243,7133419219364339968,13745284724144431647,7037985603263764324,4184542458492397269,12846003668683130333,4581507937151638762,9613747374374491180,6283510491592322209,12503036388119870979,3750264062830738175,10187172918898205053,10444956910971854626,10783035362239665370,10554648529465606380,16854845344706861658
18087785249024783515,10263986549223193206,15376479220268875380,2831581092912353864,3566976618234735838,18308752727926608298,12949400678894204320,2382628323207833110,17245490851276643459,1380626260923145719,15693580251288668061,15554330378230911699,3811814592689419262,13544393263498560986,8376595181866756045,2252699925946408415,3009898931483868808,1664066733401712849,97893935167146141,6523527638442096239,548407968828446461,16678609916474248851,14018223686932494783,12843430565605267046
4348841924550479560,15728958220136143938,9809707364886930942,3889174764478388284,4258695030428851568,11711499133847927563,14928230695925946719,10783715526898984296,12427952162322262228,4700791887321612889,11210645733592440442,4129944694774475640,14354741326161621498,16039912288752882340,3795307410763701077,5590304612246141832,35738363171425348,11779057570491068819,9567829213316033971,5973587537015836403,14914446087283512771,3215196916390187196,11463605023030227784,15372331922240733477
11847618386065804257,5654504737490046426,13121159970638311530,7158672293980061203,15266572225401283450,6034753830177106665,10261725294211557846,2182040944737617725,17243720759325312845,6869545501038581227,16270143263845058788,17527578609543247030,9916324220743474081,13732875183848991388,14691325499581526218,912578878224405820,3168626878233406805,10106835067540666242,2513098004322849047,8888919090147127271,4155008474932846900,5665913791086290792,9834019222589152819,10279942242154855643
14276177379294660186,7051663209875118324,15452004842775199612,5118067041323790139,11382787520554044616,17743144725520300279,11184399697186701027,7901145398864448805,16955764339366361607,4992018536040632722,12344127204044126704,4271927161724696430,1073903117751045079,10178483571247322456,14073637084851624485,16663594461009507403,9900500995864785976,15871318108047427984,12983030719410455569,5723138513417000775,15373741390290082393,15257513058067750906,10154032009239279745,658513955151974431
11065980665864562360,1875525698885001228,10161890676049775845,17436091462709086141,17013217821102013803,891488582074467418,9934529979000794429,2035791723378764146,10465258884454224307,17199135051227420560,4612082876312594463,7004391966760731984,6100638965830804735,13149503296424454999,3449068785917060254,2597457009170701979,13060133540586066206,11089442525899846790,2240847589286773047,3951147363569596945,4694124194465864845,12022356051887454922,11109743901911560773,11605313231001927138
17167983801481494195,2177913360855675573,7476565984111991459,16040142196597729069,6857838743470248753,13392964327957627135,13619806499581037134,8691417214601474376,1345584158000169581,9439234982600461689,12724612921969492467,8535966607597900327,16276532528646181220,15685335423678419655,15312879615672471190,664147732081517580,8277169106686072673,10838537035600711081,187246023942810109,1928430970776673162,17278960161172405593,9617971081024694807,17733144156683861240,8636737930323670004
6000548352886948497,1608161990197441806,17397545343515524356,1054410696238363687,11533427936539608101,13412027244369236804,15304194282214469929,6709811744877490276,623647254602523188,13419583979778480361,12317803631706740308,16650509200818030285,2179447715024684181,15701079673206059737,290923663537569195,1943349787418672677,16213686725396431809,7101002797812903347,6213142429925753411,17394223131372893698,3736828414645037858,14677237296884386158,6629662880320166398,15631380752453109828
8441892698534348755,1144685804051197873,2735305062517162940,706590500622564995,6727109290910685610,12132450570574793287,6577395758213214430,7086392253441661504,12007549750474365162,6286047526098908636,12232062499486270875,7233293411940313182,13214311895181617265,10395677109490065565,889205847776402522,16010811157112285767,11688696463819550427,5266802394366587944,15842653438854404174,173909244520392276,18339114159177613981,14232573190137277664,17473495046682608843,16697756631540210217
17128418946278528370,1017992765040008698,8214280428153698560,13013312960799407193,7136396490846226980,12273153660162653229,11005502131368079323,535470084121706937,605463465158628754,6897968840378420934,12158454021865036396,3332984392848160065,6105221161880999928,10366058482936955829,2681990800582280411,9492791667316336579,11366990383005134459,11865416642045190173,17601376228425777966,18223845448017395954,13715163867549417858,14441178213374128964,9953661889283793485,12916727018631545488
12489849518417446522,8484991132414260064,2059861644346372060,3601627905370098929,12763905697302937297,11866367130160099374,12053772952875526751,2978953068571872368,16239164239293645903,13427813296802753368,17406690136108134445,3897217857564518064,9232185858624834853,9446988661494171543,14955154460183071645,15841560991818209147,2811709652074544065,5017156928432941202,15555674262120776899,8370682993495576471,9103509554833943135,4419752205135449663,11292862109750678399,16838376577555205348
10186865509589999569,10000832935583478823,15655341892890347975,17899581582641758814,9300246795838117654,15971738156532232893,17700450763121364023,8205886097516322458,6730496507157227948,16943556596847651010,3468699026890004525,6109930119289343710,2200959727356092419,274719430007374065,17635963337706238014,1610616237482260669,252441469961349072,16788463616977028759,16281047061702293014,12906489036645386840,6490884054334947978,17510607086111556248,11470099668331497733,7977621288466048247
11343956800271755591,11143147970452345657,7139389223629760228,9456245072154969112,8288389620213224546,1590236573268951857,12849132608576553016,2648304667777642316,11757817760071080300,3335583385873088348,5346274479321247907,4758288090920782301,1604471000773451998,8685496094940416044,14727692488234041874,15463956316533787019,3498175467113765326,5131062640164844459,16567016754506657486,3068374038446234190,1749116931027678943,14802372744304047476,6337532820766050461,9439051164252601169
8153118048833046033,11178705007017714075,10635242244638834606,10217001609380102807,17846659790352020077,10110723611894378346,6347314494507808242,13405681450483494991,11285376869852074553,3445780336237491660,518302846162797102,16392804129465185851,5443009225193563267,8034699905131257330,13059456613960832938,5769430429792064007,650824355439494325,16071101579398822305,6089595303951968424,161724496742153931,6388346079933166142,18328223871204594363,2092737052918035843,17177034491672203234
16410961021274709132,12433034620999297912,8528481672720511621,17212266485122044831,9489684723116021002,13755463474276825873,1455407167440257720,16908925694311272231,4647143164432958047,13146201984922758574,8080462332986344039,9612870780533397432,15123521167999977382,1491094898657616055,9225152868223643976,14317736651009316360,4831917235258878194,9809876473679301058,15060325081319407361,6794950220408292968,3614791552914234296,14913613464404443083,8137154194060310874,12667940091747432792
4969134273760309599,7717740696868965437,8419069700346941110,13939128967995129700,12012521947184947286,13144967911783649754,3149259688352319089,18425939832734235726,16486720297675562611,2130966817868077481,8819778976976832893,2108096305533060224,1026572048210160423,13139637718823221104,9780161648088958792,15356370758466151232,17908928700113515223,6547697326659756714,9542204623127332767,13937551508931298365,2964311991946970271,931340016628660599,3086334674687936754,9786809034774069830
5201041080724557466,3271950055892292293,163699457396767504,1413575580433541831,13630207500598698440,8422019646991943918,17268184356058604200,5497315667744657452,17689250715949312031,4716756428784915520,1900390016776316594,7201364738008882775,4914503063081089451,5340339654622811954,5285234020415200729,11902651189322975393,11538899499522479531,10961467394097844782,9641541179742422728,4091101294035728574,4769678031660707353,6957355155242226321,12806903939057298939,2848243791790050981
3260690408936489575,11424743418082360404,14411231170694060771,2972116725694561584,17213590803900017707,13946906026907262197,15098537472614801918,16089493473865565954,16872369326117967874,6981842836990799958,15799134894124396994,5055765094915471252,9728978268962654203,17424309383476291843,1316074531784764690,3636636515216701205,8131715564906372280,137766645101717229,2923543518647014032,15623428087054386105,4689643896137459517,7201248494266332192,12578021159263669668,11118317988320351579
13647715060873331844,7216023330629741917,15078220177127905465,9834082995471130257,17675123719112880120,14794012714992895456,5909721612215936390,11842227122037757481,4596781679032033295,8647062628736898980,11273162891415486529,10029469354284770215,16670510954286254565,6705589181056210496,12492840969797619241,8609703255447099352,2497011908310260956,16389216506942446933,14721532264969914147,9974889702059682350,14987442044576075704,4684811778851723034,17417376220273378544,1677094086792090958
18357303611043492077,6865393694166103063,9803218655815287576,3664938132413718500,107318676105216648,15049917581140189110,7198197696854520240,8297009379722064925,15542229083410149831,4350860120004239783,2396532101723435618,7512835892393320471,5461081749011201905,10067411241769805624,17469714040599716498,2775651034572548347,14447822255365545814,9367777542412391628,14323189121500872457,4449739539318555875,3743218965106486045,7227452272705880446,2781313352452168095,6301850632535605577
10776298368178370527,6244316228761930710,10379403634829921886,13267724629203101150,16071588049954893468,3599878978866862359,12908804013291659601,18062053714381125662,14503079578304423300,7328542713433579437,7191804106916253442,14622351570609552676,13026461890950632448,12593753052535070204,14615323336685335876,4798173113735129002,12903769621805770024,13812104617071109393,224519011555934142,13820202162648844272,5934115275093390946,1170166977520665929,16649413769878364620,4088898936895792981
15927241767491602341,18050912000592126277,14206939193243535055,14651045972807344569,615010305179984265,2585464985101360999,11608178153722913683,13100052234782180191,6550541800324008097,3738766706649573308,10942105084665271185,17159257992520113161,773200758676551949,4432130581719200576,2209873841178640579,5844088841674884458,1769180151283279647,14687862252439858736,14341908216975209774,1349247325926648730,4016730224009136752,9930645077470455489,1931895639895891397,12847017387890087005
10912130016181564512,9011084478896525080,7944050324155073534,8312752938085114038,6703559171857454383,8031932232452673816,1164491821284765863,16382689055253124467,14359692970333903069,11237554641322841722,24535968018523072,8431677080679583814,13415168316949647869,10096078539987300418,17211580639295593933,15260543194616683871,8859717620844446021,5813414000336615987,8862065219567357714,950206904792343089,9032277034838112824,1235838604180798769,3313559726237196615,11001911988540814448
6039106606577723711,13597619529876880817,16037218980552293646,6622230443685453648,9924860713582820523,10701017171958185107,18268639511224644818,7796500291122240958,5920419761499008354,8507110435979313092,13623774823649470028,7883235844746170313,16321676063348506125,10957402112249888614,5836830839622846536,2275797265771391661,2429056814693497268,13527948909164215168,2456986881332301129,3607723660803222502,2962419768089893069,11793254473856639636,17554496434349968894,13422145721054121388
9075892974017830069,1797023883502965938,3215974782483927634,1782739298678876219,8039868697737900789,3209812938865270141,1170089887759034699,17816444555095021095,3455531205071463060,16890679428156930231,18236812514221251066,7073942091884938786,15028092685512726478,10684305922374600431,12274616718600768911,12665009268681607692,14650934620532789234,2983390509415527537,1729907422429097601,12687923095002488298,15803938126010643071,5069533130328476161,13934655947276948252,2210844894842839394
14010045930584807424,1846984287806723723,17924158360315243798,1986025098814215752,9772594433472333653,3178045008632423689,3816318928372435278,5125725575923588028,16834864416365441000,16011903005234188601,5209737371734277893,10584170995749606664,16889106543263633004,5915780385567467992,15919614002884606923,4928828277899162444,8062937265926662064,17140293335778064319,5797686043688171594,898894658494682326,2337830650322841865,17659033683614933178,7301951540384721565,657423812459332924
12693110459084745255,14215390577278031293,4586248393247843660,7608480884368494823,16939268910933783412,2625792587321281379,9717796593984511886,9997946638119099477,6822262727582243302,15412327298984601155,552761832871886954,6810914744720599462,4337727895163326222,15979216010982308810,4559061224462400455,4694530613118858489,2118065124936550642,13607619281751547237,16706519456012227767,2054655969128761037,11089237750848865503,3390118375497877725,2466498780652021329,14608920380646427973
5554992874824234684,6403765458663460111,10823245952798056465,2958574507871600705,6532965434789920886,16262271962253844859,14133205708022365256,9505745703300180821,12400155920628934293,3198015961749554233,10822389055017797891,3645826851601522603,16979303063231470217,5687645967714612194,2709699719836571369,3338920631885632885,10749192931369590423,14814353866963672398,8348564393170756111,14090972076230899785,13985576585845234266,12605561270502844971,646168427098126712,4734159512303953119
3757092328201958382,13510323052043858526,18138110784935134244,233900544921734507,7561171495826413573,5083402521736166277,15606523147441393780,1569950139869060021,1307944909904434931,15249238525488974318,15546522270911027138,16204296931072733092,123565746117171039,12019367723757547311,3473885961326580904,10627241654859920525,11541642070479051840,6779828809187486462,18246598215704880610,3178782471167150299,6825066410144841353,1906909166039941498,17472438509045639802,14642541842685759871
13399755453602487935,3535050952828185900,14348025533362677016,13350592657312091911,7338580800875009469,4655953737806699323,2329836396768324773,15957731285451871237,6062771086061633898,12031164465706382542,10460214895653032584,13406155818712326383,11433584054840365837,274746808471925813,2643876351613612024,1960763025427198362,13505675089828499128,9123316749667704022,11793422259970788857,10853371622692140536,2908044640574741183,4056449306225529710,14376375913467668802,10899817597570472015
13999713497124334235,16249690924963340652,406527313052859940,16266940245223114448,10110817208225860588,13733374730451692891,14216405315237170265,10195662330303743411,9792966252108878540,8665670541022378833,15210704620502560255,13079769812461313490,957914463581714973,357209004362504394,4344804502500776858,6197882062778816006,6524629835101920899,5566947294464178582,11717144673355387493,8832893830269063065,2044154820510654925,7495562346824957397,13906404486619875466,16723657338554413138
1358374153506194837,193993260640125079,13737092110633853351,9709092268656986267,12214324836740153564,15652513792239984528,5397575514676270841,13468138246989903327,6431714657724008340,17313172255764862186,8410854949115443028,11468783257421391041,11797391062154772349,18134281947725982950,15853778753055967090,7004855221222509396,13163015722493610158,9111817266681187581,7939684609085164815,7309415865309960587,10992675402154825608,9708255350184046474,5093366502951869056,17454685595595145759
14170046129241470002,1460266296367779464,8703512591288938030,5634120857847365082,14711966176391294205,18435533637418683106,4686698460315055874,4213456950675392564,17481527470398799732,5523483559878512679,3348485617992888532,9375046294136217727,4497285261799624190,8590314249516484630,2471842165772856293,7035100494215180055,8928280152242581336,4836144166825685903,9508083524468305441,13767395057045615911,2805901078519032351,9145300610071121758,7956461306105097853,15128253411115156496
12413421015017793819,13965763771693669143,15856817979297614398,17350346790752214111,15519313022051550547,3612144926605194422,10971140852314421759,5957972248064482585,2386463018248958530,11932889366198949705,17300283716873900679,7915606204659645462,2915073221655029687,3873602767974099232,17897779098906701922,8521354779482964999,1839167815102603290,7040891697673986487,13274803290004469830,12138012381463424214,8864391628366850216,3690696385968247230,9818863468911185100,1767064889851721415
6597424469772438076,17244112598401511667,5364800072217751089,17857317343251972330,17140647495726560144,236130167952643453,11116515233412394273,8401261198443900331,2264099922693726229,8684244704650200882,16481454979960927018,10623377237126900793,10533680733566089516,17812713840386580803,9784493075282340554,13822244713276206675,13045243694543216356,3230158671880368813,9705838802582880365,2450773724705976333,11147226634569009677,9590653314033811160,13492079206929353952,2560652284677658368
15398291951488613916,4186511830507789329,14967663930310592698,2342226764132880406,9173131462179922888,6998374440922703694,17251944166294570188,14762454505054474300,14063391893930242596,3310342252755236921,9546525341527753249,15898294475854773148,9810307675119943765,8224730384727132634,7115469395626693746,3757889240429829961,8822929428495641987,15436077576874925326,16425703323239525569,9659645324062058994,9560648609355799736,6107695680531206797,17235171198466432819,196509981326365429
13816300110996019650,13995281609849901377,12385445061605325977,16618990325235152040,1460881199913102211,7898339138502461863,7995800748578864238,15326425131611594347,7371450983751677326,7532216468189363109,2694014184896244752,8147221133012397356,2372729287745752222,11194286471938170541,12442095984749925558,17289341849319107888,4150946348434331340,3587283661335817198,4194830545282784561,16846450920430558972,9081347587344698760,17000335301631034145,16317949844565899452,1241275716438694625
7557386087238210849,6330148231816368283,4822470696863332443,1168067350331130481,5534046683510011997,14453927691419370780,7044441696089740179,11992552418654786495,552691466082789710,14830174828490663527,6420573142809120830,5581564188721700261,10470477036543117081,7911055642733080148,12136396485814867047,6351104308029757699,13534315675852048056,11994984925497970077,15572458201002715957,13611370422946578568,14996235978959968324,17669592134120583482,8627196105871241206,17324648655972997529
7519748438696491249,15663558331464136640,12999508774112870455,10930174466251945227,10150116047570243114,3765069457771889011,3735050016015464972,15528638399413361334,4103041250198747911,15423794618952231936,12895198394291714459,7031395946946592828,16447895891369077941,9981293833076758008,8057402704149717265,218676950586601386,4657111408439053727,3526160979551444407,2603022796939189531,13227916301577582211,15056380261847411382,11035793408801741329,3627378435428862639,18039606490072598621
7236701108559331026,4908822059213869803,14063353156653676492,18203291326539133414,6205491414146217647,15540276942443955401,7252147858155143611,11267161241302771404,16345797959752320419,8315132089743583170,6771391920883640060,8652166014198234057,3425896781029509626,2971432153390067129,14792876546910774956,10872100070660368801,14863477743502280407,2653799532209484055,10526844246502311452,6373170426999246410,9987758706562591792,10506265298434136249,3492652146841580647,14519452190913208988
8985375077564348074,11065709991804989,5339003751517657874,4944176219767164583,14181106933605051790,8830597637495599224,2342674626202272238,12324758069676963828,18224547057142088170,9543993396928194308,15166546896860928280,13862195932311566749,11570801163796211338,2141817388242465086,5530814280789312757,7872256214943266167,9475932611301603024,6906993096981672130,9073626088788092634,7552498617709858610,6269404618819724346,9941160697191727949,8266606794487581593,1612636581489313769
2800051665110230529,11249228580693404095,2973035174429062388,3978413787273594976,13418474239649661739,8936727883398773445,16995726291696531671,10857947157586121078,4275583639719709924,6116890887632772023,17909270143288590987,16168699663366009718,11907482532442784726,7609164477325021738,11625443451077539109,13282540061112596247,512731165125350493,13291685627085912080,1509882664967646696,15172058166003516057,4201894063312407532,11577214972584973387,14510486779792417522,7815825771140422926
544290967268684677,5897809867092094252,1781288951814024652,18241199192164724849,1360372759424224396,10210754265265515653,1024933185912175504,10697459128421004015,17775991285113944838,8575401425430034056,16958460112476456932,17133258101954001449,10934488002337963922,12733248505441833414,1129853268660560996,15750578338234928475,12457569500734930949,4731949101720033414,11613317413943307292,1616675448866257224,3903224762010701922,1572576191871450104,721685432562951263,6608285579117079589
5991178667303002972,7276641901673490187,5042770200588440494,17085088916710315623,8054083130332522586,7574991446449284262,3079190009247861604,12950100076709105531,4285869443067037526,5718546580593490069,14339079587159176936,18300110007395918128,3908965937095126085,208295435121810470,15754489345423302210,395007448757960570,1495582015293280143,10282034201066553378,11731027241886019087,15419182665917698656,13810431576209299881,6554991247476129149,6244534584276171411,3028944864494910565
13931339260014125633,17595528074370678195,1681278751490977875,1800854567779468517,9537664894738837703,16796286867289321375,6258304925419584596,10374097266877563101,12211238726233660135,7024153221531419203,5717270182085351392,9370550541736267741,11886509398017134432,16277706340901922896,15432874671443202917,18156749501733774904,17784740049791057270,8184188942317353606,85013441823191800,368132598172881946,13709657973248198117,10012524803051650945,5150561102595943450,11780036989193304861
10032735812656363135,8475217584646657304,5215500882889181339,12205872642926855626,7659015334316004247,17297404848889613791,17339081308238649842,5381726252053097728,18148460126989611167,13745558715243374281,12883578167652222393,15710540419429001609,10537295444291220893,12188218577185230442,240013622564738412,12519816405681967368,3835347204288064003,4182632593353171010,1859246349187833597,4225087910064159406,14787866438483166875,13550518033539097054,1035289122521668532,10737197433592469879
16107693999787580565,14765161503857073052,3856233057387173301,5457891235238810822,159976102279263387,15549059948001588945,836121732030073976,14225378973834518430,5298547411888535633,13348913565265374976,10526873488238159316,15824678343950585423,16855876632965761438,12914467978620627589,9933961718950816677,5204677645389659128,1200486163093664541,8352299683536299842,441471855894844845,7117436490472877395,13081175750815174605,5725919142211489188,18056418403347676964,13708746290324421358
17757524577246032984,12172024329839630252,2712507394264235126,15884460626770311517,14558435769810653542,12724778822219050280,4610579156306789753,615956304205272560,15942464560661593953,17691641281119778619,12590490374445820806,6152549467338546710,12102488071470384290,9971308534417379824,15295614185939703832,5589063774498529354,3388035237351959480,12507316907632145667,10386322991649168217,18317526554647428746,7792282627806847053,11348126890925642229,15274329714137435080,5480172997626806838
10974021549831231736,10038159055011352897,1083557848476394122,3206898218774855997,1368370677869480724,9304830834270246313,16211320617393250346,4055871214550389399,9819924804863510154,5861239668056795701,3229454856846989079,10594260872140367365,205273184746897625,5521482780666457096,779913408873731054,9537334255329613890,2085004081194084005,1313240507174654807,3329003117459522044,2502095902767623581,14449968135865138072,7663513975677549512,12070960446278377604,15439490126484213195
12735022421393483186,13805575755794994476,13268875579921201511,9452699884954145550,17618621568558811558,3654811022698882243,2499612607692262381,3100416047403081065,6771260475865686613,10322217703725376881,11000472462387981465,12717298444948561120,1892198770226112075,12678992624268587206,3522200764379623294,2997768902619954700,14378710045633632761,7486096082969680562,17512580265300723747,13642935069235726559,14133345007384493004,12770944759480341312,8708766382341042614,6472329652948255677
4079754363493400195,11398594920027589600,3540497202346729392,17603759734770533358,17905051501963357570,9918810235632565360,275288284174690328,3899134666594579746,16202726890667709678,6070067657025618012,11442857038741468253,9351271826790062021,3534834979494552210,2615653584497757819,2823308939543100652,8226823922927488545,9197471044060332439,9176748406061544610,15863920656326451739,658029481456499676,12276486896516417603,11395730919916958068,5544835458150139927,4560035349850413524
15386049010403917288,14064932111597924043,11415660445712191877,16622982339127789513,12392857349820039175,17619918105509114533,5859017562493961694,7111334128949801049,15079167197631448679,5238098341937528208,6409988054452234743,5154855592749566686,3242165313117974038,12505570452111569872,12574851131872978570,15365953799237207597,10447198544748358781,8966556285536822911,5904342875777042420,2413206304446982913,7006165909921679226,10536794606020636539,16114821724035104483,10223604065573136762
6763285889457837223,1003210924839254633,335699837867533736,13549173074716115537,10458042525649025920,8465777411145808095,702735371014472915,8373893772076021874,15401512469275332279,9285777079705287785,13891560556937300985,12087757526089641493,10482606848624856651,3201471097434057205,3925755621211272435,6594614620765100856,5381171226248976058,9839163932326748871,14653666935682288243,17820614321332866792,6331884303037853197,1362576304955332012,9224693740235228412,4368458951769788775
17579541185043866208,14918595290948140609,8231625378326830830,13681400952961409937,1933263784868061518,2934226930171135746,626970070090408489,14867870072074574508,10073660871863352420,18428252406319961712,10191319258932797788,4141066709796880936,13892702050768036306,14621954652440074774,10278246252954676830,758573306880596430,16656805228816369093,9683758670207838282,7450745091274430493,10440864426638650753,330469761430069146,6975986284703804930,553264880345010935,13241416132148125070
5111372470594425474,15357884334211784642,10136330393410978452,14140210627312018510,17454110510347814690,9736484949459780851,4084977591061379617,11242750944756208776,3982095520601430692,634401400540826495,5274692982614845047,4603458550882759118,13615933490336890093,60669229011908183,5370403802207074746,13600063961082353809,498875081217911624,16583949669503217035,13179515333942707471,11772205097648005126,2228374686980505841,14602272385033107316,12313235317521734307,14129483504704843985
4582720535211347258,11577995800074916612,3030498480308148429,16758599179303966833,13412598823739117432,3792857269691311780,7404471628402328669,2972698096089294195,1676770078467303611,6152765797837306701,383177749003467145,14033550520573204314,17741094005185529331,12971225536451469138,9851347298136887654,10266775647731467731,16447789479834901210,9340910735915567525,4233439383595160973,10094354278998278623,8617542167860321125,190964398564130585,4255839256933061046,3170596797924383818
2885126538164088819,9353561555708509752,839163661599233386,15363197730358158005,401561372630637767,13697077211437700403,7773493918865845202,13297330555230710485,15393613599343662235,1848685951825627459,4849342933956142911,6112567398073335755,1092289296064139850,1216963232684888508,17241278353452154435,2242739648751482156,15094138597269332285,9391717071972965427,15551983951352155191,10358191545524021291,15947407925571306726,2926963652072953697,6701533379704570565,12559660714147025750
17888776035083745195,5041029229603346009,15394743246774067556,12503039007018804623,6278144994933908268,7808771830810741054,15730807219783797115,14453821533416562996,7383690106657229537,1554665347325383299,16339338780734684208,15950962037381165261,9453686150254944867,10052786341273854945,1047892462443310257,4288446671728697491,15153001784439411394,4611522626337559327,2436058816451164332,5452906980623010407,7257144186430899157,3778224503714212721,664936656074640401,2079922481805638755
9434998977668278028,8096403184095499817,9674470369344670003,11797207252619114267,238170719585118253,8442339004588273554,11135353225278496809,11998426620836231352,16482569871654574174,7267536778781312453,16229821264804436610,7429962466654278405,14884990542749925128,15851358025467345895,9156565319934786819,9248197844485574697,13710249322209587608,11100472434273670873,485614505464468421,14427678280381976210,17975404298951483535,7600613483377316520,17100986308289988122,6886962216246747686
13749984845940987871,2945850035350783291,3530303392617049751,14657528636880248348,18291554721212692589,17692503951702817094,5794073839132351918,13591988597614235299,14812680194230488734,6911459107195905481,14017405622486205323,8461428006532531552,5358443227329426988,8942891636396082306,18233286350853214507,6204821920118767813,17973229565157620917,16736032219140824986,14542353593442500974,1220825742868135323,11204253235333920,15254283240225136417,4563434348727778021,10352168827937204281
3180477760428919297,11129140407757998077,1760443008321976851,13399035771266151756,9126776642964629643,13728114381372030430,16631833841734921926,3549534402376878342,17361259051504606204,14002019218329761046,3029387160682491004,14101946090646638312,5031938661624941588,4481134416950293951,16002649004349658532,1098842236132031059,9358087170287555181,3173885250414841836,96967614739705355,15692771973521294171,16121048126268674245,13850167929444691755,10753397490104593637,11757857888366030067
9385231787347907728,6786235894112896085,5514014820796401452,15406168749748787697,5790297950441368247,13495237800622953775,3392487638041745684,17616338883208596432,14800949907139808260,2069736677395749970,15325128750918131119,7919743930651017739,4091573997574457239,8674013637743787444,5979674205565625876,1882949263900941452,9575089566954710575,4320518927512623920,15700186535580943051,16351150206817776839,15393276289289381686,12571720626821034796,4402183063354193956,7746894341764540197
14782073427150493174,7356863097299534618,4444599943056414522,16929698294078374138,1770278209529372342,5882731298399111076,14809749323598647317,14434094935018112804,11779185854744529835,13841436481973628374,17683541736432895303,11023785592629035145,14551823557101961782,9384461181725428762,15331308417823014342,8645964624071356393,12789755295433801023,4965034466727806431,3359149168312921257,505249985876500147,14530910358405658994,7659745135706757538,6818646180464781852,3515107212931686424
10351415812402122421,12008644740772333924,3638855656914517269,10556887709055928376,413978273148290874,2582516874663965057,5473720990091982134,7505818728932222362,7327117147855248707,7286458949198797765,11235794587233173629,16835534299344512198,16708250571999646571,10604228487737492472,4849150402720040063,15731401570371023415,17493318755419879985,7019699339645840369,5747335436795330485,2458483257520399999,6207740360212269684,12268264460572791892,11938634176956071809,2601408522439772846
5680875616999798344,7599024741853435904,1565284456131292123,9982715494236902299,16954471404514617607,10414495953118824701,5538427550462544753,5427002795458369520,2836148874630834673,3639098764669361172,6394725378726876361,15778655869320118164,5238914880062671937,5642204697605663112,9204484404199799536,14247211537772339715,5665979415061903833,17663576717489100705,7988136650748305248,5623907895443652057,12170095035539937387,5732690776779661041,3930929699515867023,4444992788204255507
15903017459934172767,2027931617203663915,17103495633257767986,10909407781140853898,1475258605460919904,15335761504152861170,9936070326205671687,6569724358339735735,14383111476431247248,5163513097543069342,6245880843714937689,6677664772214248629,8032650950693279652,10936795226954765963,259825910549366697,587247080182092962,5705891925699375495,15544251249675122402,12344294649254329604,2755259563425862520,16819745188698824222,7614297577754395224,4970945959903023079,9167944864831749517
2537943781070797040,12635719292164356197,8280990275581086503,7923775681074126221,8656080025429544906,5760161530692739764,12151650047393814046,7044682517952613472,699072894459500,15722385209473385559,5050434620113669517,2235469150949923892,13327008412772645389,18157220270204494919,6128122083240042294,8830469096817103959,15165780027290582620,15046156749522262788,2252032833617413210,9099416209859675948,15374932267169337068,1109011135840717218,532234654153903031,2529146059027461241
1541936215323619075,17557476404308343810,9276647571974930010,16133858582452157265,18048228165554138642,9893212155344379338,16065044785035382316,5801578133885375841,5940907346450163401,1092363576998748032,16883213847069331914,7046387454043207030,12635869553729855421,17730072669102883044,26804731267030857,6578874995660128751,5157683360340842702,3930027291408250145,10184442924468221723,8685940016610346626,14202859705611802730,9596811146842319305,4041104366706859761,8304556050590016176
9866571166778359747,14517336283689420087,1395496964206524909,8025288512216854446,7697901571344104805,18396541662226379234,7702033682657235503,7770736026950812521,6004975733336858084,6802245685689268018,8993593472394982157,2030547851465428174,9305920511778273730,11971945700323969317,484862118849074493,2900486148952884211,13804899173923273363,2552568129989433291,11144034297110113827,14948087040693149789,17753502106578709558,5921912549882446305,4592335886675543236,13022541618768044951
4779469090779472374,2472615346584854136,17697600197415643531,5480632357673028305,9616819736005998702,16464422128421747051,14738371702372178216,110284272425634710,286229106456405562,16826698687609708797,16019058755489265617,10804407645140147056,14131101967090594186,6833734988074111204,7754540188622596381,9199390992240724576,4139268519786386338,9297142555127197369,13382223513010912602,6194565741315009793,11346874581734903040,8570319217529191106,7162021517296319601,11654911032659917534
11365301052562608280,15689730458580386086,10719865064528643549,870914137051690577,17332234181401323165,9445240017337749660,11594397109599459252,3084589532730287619,14321018034010158566,11695684941400942289,13418961023213210254,7655857450677011077,2307781490338996086,11176792125007465496,962960095796156913,9696502121161972851,17221200313415168098,6617457455044717653,7957995944389537708,12340775306590275013,15138931690501937100,13630884553753202071,14095950835707739975,6928441534650991489
9255293080038305431,17496594754560743043,12557437189963570438,7937271665840490668,4165662687952881028,15264763100023756849,16443483338574256048,17295239086633647982,14651628249443759510,8288853189563098626,6499341196602930379,9435515851086705566,13619520312696635502,562897069743350930,11290739749128080880,5509922684970265079,5923565309257479825,13947351708450929639,14211544903835631065,6813036199386451944,1232035805619821586,5869035317788902399,13754372812382558138,11474565073082283027
3185917912365896099,14524086537328303134,11637540945633399914,18143523441760701996,3850436032135342674,7377295910546154267,17108566135506215735,16764341193664101544,14178751902837500238,16119902674278489033,9696218471525259013,3688210697259110436,11797715841920767253,2693359110436657755,2331861875088316890,1981579671613559208,512434318695525726,15278168176196236090,11856007770541346141,7557795478570033565,7428395715361247008,4880166957157368521,4186134498556151442,10071984788291874169
2851028948896305845,17877775900692130682,12188460226299689943,10784521945437033755,3384486708184656835,8576387155458319394,1465188019413236427,16340273305890431759,5205020811156223697,864784563414333329,7259838615706560372,16925540582308226821,625388601880382402,7279441254906709964,341408796632165673,12368011757642587822,12651713533444251323,14587205511114795223,1074329596310206278,13845491718865475766,9066898406154178243,9595333027690098750,7436100570873689496,16594936831748632717
27482183295326638,14598362534099822084,9175448995838204299,3014143814197653920,9425463371747031708,2726295920880527944,17483188716138208906,17229808286107639167,9316654364926032465,7347443311066786950,8931547608063070505,5858124897044381516,8457118296228611354,6933271292803015929,9618025666084157803,15625357168327162451,8815740021348401028,11527198952643192938,11116243056367612574,9866261208875226940,9775970615228792805,7073791633929244914,11996440463057369937,11260773019215313537
5743355801420929756,1852392023191688790,3747354797554980941,12614918274869425442,13036619845634983361,10563056024069485268,6255465771859430674,10666718667038299321,11947234723512809823,1527718394146779287,14894600890067823073,7287480615410868275,862268393626913043,3046771230846186328,10908067142803200238,13744384848896201848,9125532374909736454,5738660224650517715,16952772078755033460,4210409433054704326,3220814246857006952,17870648908100062212,7752089522198269102,9720492323119628199
9776986059594419215,4301864777741411492,7950946306298298516,5169217201687525497,13108604603339787686,6621356161602428635,13503832404375096264,6466066117575215037,12645362602535751942,87221729089163549,18187573596025382660,16355115730325731537,16629001301482968354,14845661572682578086,15331634991602400838,8112646929885759199,5373610253956560439,9702083193658863674,4936848865599803424,6875060458192808581,777768131913599780,10308612273784881739,15196754124504652789,12712727510332961574
661709559255057437,8708420595535360427,1088805186449795788,5194307734984766513,3093429664901907208,14536773717728564113,2612595267660745323,10497039972466431323,16665465733966900345,3482766022089726535,8697838249715534838,3027802011049016697,16752716896600143175,2524872361800044301,6127578909734540319,7472140386957462331,6967381254677851461,2165392877897308784,8836488984841552123,9994565585714383961,2914915984296720566,12248833413555158662,15475951622258035155,10123399417808804328
15154359357588216668,5561897240048431900,7928387292904421978,15073810473501014203,3672173415459098580,4251673094445414504,14089894643620976203,96487775197638545,359494770296097457,10752991223771572065,16310219454629581738,10838344850391533258,17716539104138044673,11024916152322768508,3818213607712683874,490172007817910961,9559032816737750131,14598160225420078643,11998522548463495972,13668242178025047336,11167296907847371195,9243866925881195283,12926035323729524205,5450978850184351147
9131848159914492189,17679369615788390008,2071106198927583758,5081241117390510635,12071468849814734936,9266892020958770272,13100804350804735043,8247602182086259299,16425195011303578611,7504421034251949039,17196010692014605463,2165014104682385677,5735713177640469529,15926033189029273324,1161966233078830704,15306150254019788686,1997177065555105640,6817592886726677443,7851785650584982668,6089392548362525825,12315005664484876231,4875525660551558739,5070070368686626648,10993165452938383663
5109016180213104491,9187163556738508406,15726045003857718278,1014021293845593150,10338118352751346263,8566760749944695901,6369832495322175314,10159079983279095365,10427770568578463517,5530288068892031775,5296322642417209658,15910705723030943377,2316855261648976738,17757862722597709382,5733481305030607729,14471467350887020608,5794928519669476448,5403822570549811794,7622136482449423609,4006507112788719734,7456018296369215720,6235036202800469791,475381849209670720,18044176428654638307
2722702132638543191,6697474639866047668,4094831567196429811,13066499349910042890,16828912834156746416,8243535929731259463,1416955563079345937,16063632839075531180,7395511366397691543,1054570211145933173,17636150123711971602,12805105540620133618,11982778483046258920,6326845760654785452,10630311426604287984,8099167035629342336,15518342845864189349,1645958642544892195,4954695052442881546,15365637055751424749,1246184213366430609,207169061452770018,7149540447572779841,7090131059196511106
11855875050298934544,9153783366372093089,9743667390823540180,4949714593211681027,17880527142850100872,12180195256840659296,472787302054133677,270856240105620132,3517080262854816099,10936748950463113911,1263576913649192232,4416987893019945419,15828709843901950389,15946664109138266992,17131446060511776361,3649169468875913096,2289993899768961941,8317796033248502780,13632180285695338957,17395995506890446562,15617556178855977555,1905448089564362821,5694380416461532961,10841409032387096628
12952591096532446260,12588923922277599562,11433580933034365929,8166100265258747198,18282893077047535073,2743350906399549885,8360961918697849394,2986876583149564120,9887626347362645991,6883823440393288999,17586771148976337937,16509755810822739975,12970342913936914491,17500946439037768879,9211357687579866366,16979580322773545110,17858048122205710706,14782306437114294717,6197856632262547000,5905715602871902426,6099104568567477618,8449822548097722406,292892669149603578,5564751273669731297
8182456647162749526,9372873678838412604,2070540464339660209,13704153623206192900,14938123313194618068,13692539850445356991,1809268956631934449,10314744756341796448,16178661189753720723,6021702691539569344,15176025769852059238,11657252448181578938,18321702877645524781,1478191494407349875,17775450876137498939,16898809100747049543,13763088654521183163,921967522573758227,14374396660759381041,3984503791374208110,616378004960369383,11417041837659609458,13251572358107020665,2856526144145543648
3281976469091812609,1062736256524515641,13776485090801468217,9084206606948873870,38673018856868003,17754619017206194181,13254689097666610697,4632859505283631483,17107790602536455743,16214567015572450763,1246287003713994838,3680728830229280961,18277397566379365752,2623564697418288563,6772843358720623085,5792700977660118841,8706661158335524753,9651993048680940274,1149325538101709981,7877302940053958664,7211196539337022366,7458053020277113186,8144205388713913054,10807365675347338268
12721424334159285182,2126359931662623106,16205574948270448682,2655790832656119726,5610021601988814617,10776108552574931808,15941547010020413768,11722982560315405146,9835711095728973219,6209370292020732633,17510533483625279923,12265263840511461577,18355428428973138624,11324645764238311092,8596100530492914635,3940648696102412110,7020454519645455340,17981338499760400528,11896035491265060536,11778225720064037217,8528747988674233757,11640217959140710755,17799576216308266173,5765197395307624556
3561164672452318708,7322011034129043194,18442547477500382907,11883936159606508815,10959147468376580904,4785606923984434487,16382268337885933613,6744217002084973760,15567701695776509258,8384052732745530915,1773090803037677360,13545719875594932287,1868552310161345340,796935645142041831,10555659489982179709,13394613115599660975,15651156596177765744,16959715195466960646,12895410362747082842,8954488942209831672,6410671975638334253,1977314961023249582,9134476927853980554,3326684647532303800
7815008248317594533,9422376063495859237,4382549162144910392,12749016549634473598,14282349166141547647,1913266174904041579,4888879165663145824,1554016895116529452,10655181071074916702,16536022547300796486,7497710249414324057,10675965749979368715,14170105142943066757,16537212646008042053,2676864609526068221,11844593515189878648,17426125662563575847,285539388068788498,10978215922097944110,10504882337486979259,22367522203354951,3756536994361689905,4347341954013372411,16430088727981008884
8691223737128894440,1956082735610399448,17057815588093505624,8824737842626541657,15568449112855116279,6715248360667280104,2583146550673510445,8031433605345546826,16369706194712578070,15527396497402499003,1290240766509374439,9714973840227772111,2644741838194501644,3195246211924180086,9772747354620399024,16940376390655249384,16473929711221979989,5693570562620225711,14753576034646078163,9117536758971943141,15495525176404379809,7774110797131084839,7029357778328799082,17248324657705880781
7179617411811256636,3838206271911845070,4774573561127124889,12521548598528016354,12726961294689409027,2947293186148633989,9621502999767949733,13731728305282631514,9782142637211733122,3946479024092292523,3877401987091762957,12029854794001856869,332176698289066855,14945905026785935691,17579858888841310495,3645764053321453862,866702322446699870,4403599342378576305,1064969857268954226,10098384714664514078,17125322236476531924,10631052679996871605,2608166256676097780,13304475158955878879
17624555883095538915,1700453173546176629,15020208998915581604,14897936541323619422,4258333248794057869,15769683769166273497,14844526122876356355,1606564316881999222,17184682674266722141,7376310513122604282,7151739932120545442,17701210856540208731,9977368140400855684,18064945323913703669,1293902573484110260,2246961922050673946,9423931391339693629,15006296545450606212,8162866002470348527,5131052857815996223,16179175378006398268,11480361906022277107,13141220113154388193,14479339935885498093
1015742332120702949,13180703320188693950,5533221199801734214,10952548771928120204,1963001736444740769,11776308282533643569,7877890664181173807,507683322190831220,690043008151680291,18363361392288616845,18027896499030525774,13557750401860070309,16036216671833610454,600451231057113989,15100878804046464363,11962579752100375757,14860861902503392140,4894597393111521139,10357385395482262541,3112852638912992816,17291468017640519698,14973633642674148634,6559424434944988678,15216549987476947301
6839036059744318466,5265803114766515082,16098100799867456748,9549131992300484944,14220750975469314459,9866427646088020309,1479871241183612841,7050897120999517649,10300005811027509679,16730909792806861028,18182862657921636942,2827956990293227748,901512436000372688,889552261979436622,16924529447577763633,17736771274501402837,10936987063121138419,1082569407079447159,745168768048566127,1850821890479088035,2249763619065799937,5421602757338102864,8546281362719621658,12976366358832022889
9477232296141695836,4848478082586607259,10891251432327436013,9682155949485782503,10491718431300378920,16397483626421559787,17484435990451718291,11803972019641371357,8659131605598956754,987522262042813507,396080547044336801,10337337163597589839,12829557035631622173,9218311112860875638,16575897795284981770,10110636588195682956,17602739260635809589,12197933393087833051,6465850267913866308,15021324696446182053,16439931460455950462,866171904068633284,2653896956139308885,15544437916372210349
14194997081676098151,3431347350719029414,10602088880064872140,13157949912271658259,14988039943484475172,1907611748493399437,1664667282357683075,9888524437962897306,10867941925750414917,1650107154140982497,859982643227427804,18116618726050594366,6059601310293197128,12012495061870717503,12186030449402394072,12644352657666016028,4747839358074041222,7485658374209916431,7095835238143652839,17524585505547031944,6004833487667476604,8423503494848974728,9043938032081279279,101999438882653490
6694933155409540358,12952899837730247039,1758218233251227130,16249686676714183624,8575262855202147544,8814468358276172756,14949463255789971939,16348599477772306846,8881170362319911419,325911940777787501,10036649017401571128,10442554260725281147,9242993580151751771,6659734037683001864,4907712880360254880,2173770276845448098,11101033837253887837,11425320665365155629,11737537365936231334,10908391884532019634,13874186295021470592,1116079304653148758,9716885292719989217,4231191009263365191
12811739034075932631,3148791367136065457,4904472613113361927,11120738735952809072,2514183448676671308,17641650244504302588,5486052152540353931,16572729411591943082,890711060663333509,8391298094868354953,9520257364329881218,10449705440616867362,9084563469977376163,7515787262258795165,13037206510333077126,340344451479858838,8599352070580537892,12634641701491098427,2189819115453080721,5284165216575156324,1378880869850909941,15667254955810767984,17162137275890843498,8736149257291821590
14056673687287734368,8975636885547224584,11412368111267403410,8682420111730776185,7935365211495518530,7738893825374376183,14605123683514170215,9440362354443758421,5664985009170493659,7022540884280994378,9865701679692430969,6441869748990816901,8781933191301905922,9919533031072303219,10897261140308154522,10104164862797395578,6492806771937677699,11861339562616490797,7554186716436507244,4221726598833228930,5727919140475750375,9354510172739572323,2390476739275622135,10390063560745048655
4024932692161305951,9697871199665371782,11816436662528232502,16188909666381084856,5772881619998188930,10036019459638390138,5943946601926710190,16856284415234440015,12842637511680555520,5048629173823600515,5155415868220537083,12780473106570390909,5166464606895610145,16644716829389304910,13519870856491002970,11159615893131142340,10273725695604780232,4716449847179606529,12121578368655724280,11421346632799852852,8102076749843929945,17811610215896680216,7044135619778562832,10606513620212961975
3354604579810163765,17079233231650980480,2463656456713443323,5364104218283788794,12787447286425216757,17860573256392358633,11648616002492286214,11330688112406326017,2191994583492192558,8359761388655272794,2580786943490014085,6215369195602837907,2106449259221359277,18098004883248449932,7186010988535208128,13252263222850811384,15308248756157276558,13198096878683552890,14958652867994407524,670638828106155340,11504728982813195444,3763023970349857845,9027667771057012611,13990294565485635295
12202219378298530741,15613431919618639726,11137394661250603670,15558101278161028174,16268652709597985835,12259980542292830235,2741791234498558796,7741644419788008988,4022552967575191438,8652502791639224659,5486849682320093222,9949614242014377402,6045073399339704517,11922915932767430371,522864346842922896,4694540400296449491,5991647971246799377,17219397601062039716,5060603735416373163,7909964376685282523,3017420903972324686,5723917138641642658,6677522234619893246,17426362519855667619
15926806443021974597,3250261526670877058,12657861778859956830,9380835137919541387,13302595106768509910,5166997369574556553,1324523828847273669,17862706235018566526,6617157752891453117,1633067770337793326,9441899335591864886,3286774351823581966,16921395528644792205,9646737653581555672,13129257813843535379,1632337163200563424,18085934775194382287,8208683263124970362,12310469723368213,12518737860361998601,10616673588488990202,17270535860313272165,1043537389976611812,16645633928054291661
6602924908659051530,13463464699640551491,5896305590705829266,12195656424589200044,4711013137988905692,14283075782137599589,14984564601790111974,7656574351572407161,2649906487015862433,15226134426682770970,15947725715674508161,16234245154516728867,5845908244267443437,2336910781871828042,12072513341539177871,8613942312729845678,8968639908355300232,12211024264329391591,2902032806411068086,17551979065865393965,17684739612533728563,2579051803423617539,14576513744974252715,8685843548369967353
1112513135402861625,4950154462832464176,12004926029237114762,9202635266272290068,2607293302592455678,14855825868374414061,14459240962301917361,13222507658673846715,14308960908252298980,766036072423030952,1986647848892034230,1328634014112001402,3891608721691132776,9518223221059411472,11539910721261800377,11663429325311335368,1274785011752655556,1679930929376967266,16008879313661181959,8153232088411513497,6233842687503837505,7366942121542172779,5650862799104871802,11636923241031239568
8466806276639689330,18082374649659737991,13495868463173095853,3828487593370893637,14832972764705279063,429118657434375310,1687924250902639907,4189952068789883486,14057488426703772866,9276214488939315201,1826994451171723866,1581569073129587652,236846818760522903,13562344398872017691,16172428982213471355,9681277331209550240,10647221592075356588,13095261078075149489,6330140747825611662,11097077762746211310,9640837180954222026,15531927808513424716,9882125364455896810,5304100906144696998
7831927749055241638,4444401127122962925,1584758040702970252,7077500062421767379,5535653643408621389,16098322801063253296,17234668736309437948,14006830146130345970,8985539147834710076,648309812814850356,382032608218720664,7374299066156573936,7458988165442663070,7466620271970871747,5762452636596399536,724768472151191016,187838740041648275,18139399224527180872,2046255034782448933,17112608966557876856,1856042758947458714,16786649196034147461,414145870774118495,7070504459651564481,3117791430490618414
13297249823644571911,3577651258874875565,5954427821927033335,3852972237516153016,2544332734958990658,1051814505121985395,13154763681063612547,16760359325601126542,15655336030688079466,2179310575211487431,17661796131569536398,16534460994290697747,9151980067657413703,17239713587079738040,1808777371335587167,11332106763959451263,4487532585429242012,8873026161321281951,10705745119674094096,6095947077152499290,2857335964123248932,11717915419769566339,16402256270856262272,6580994472289912586
15254447196496389880,11614959881456684357,1477617594616695377,8829069433868805092,924624450360331288,17939848196546823709,9585035714159736675,2939466691811327319,311671894663260411,10881084372938950362,17348613491195511692,16224558875530881970,16444498352150472368,723649584117226759,8746205510312421582,15317209232742851957,12788062074871151710,15581399607432121998,14519302511522933912,9088430889082489267,3304256021656697064,17043756484907400350,13140980314583923608,17411188005204574598
17109594859017488860,16765566481586187732,1718242921932920918,10488579427846269303,17679285695917326760,4228244804671293815,9517734946199010889,13963547802426302149,1776572404662048358,2785412392991689624,3896088999296247876,12458759056827491139,8081674673780280423,16882153862579146928,1790070784631047657,13186842335586535582,16101596180573112516,2617058322051323954,18366641590291759323,11538899519663591026,10064830788313621216,15560778403287816651,12168997319066893326,16460581334574040357
7453049878872686430,6828489445785823489,1897898927278910991,12121332681639924988,10166898008466883213,1493758270376548561,12761255379966472683,6713512645018193236,6607499454665672278,5129763522257295348,6057352890757737085,7656797864988649086,13174155827100499928,13929249719391891515,6074834254749078824,7607615758834191449,3057413898856862972,16368369664423658013,10726752315126073327,1636177118853922920,1223773417762460817,6335228609586922774,8784625315810817543,12943546983588503969
15978341741427765996,17383028939549398131,1474497925334084930,17142206530852857516,16430353085379909763,16789232155439282241,11354431402053163721,658319023347893512,13681909909624186649,5246257811371621988,7786895226164951637,3644271807938583056,8376052032373960510,3050143492489890315,14499452116647418963,15204486559335940572,9373192532543923887,827230747283891208,15197330108127912590,14966050335691449005,4831510547278116961,6772188884238808202,12860548332829980655,1941343904834575900
14250693409653378744,4470423980223433416,5464580839603150645,14892602997501124377,14032913846547282195,4901351578576503906,8568540804748565597,9288975977817158851,14285136147066741530,9423486888783420911,8959460913266212534,6325082597536539155,5492088838763299904,5706461035346345547,17141819483088307651,3166346712261792544,7014340436102384767,7465123103955440713,16388252188774974417,1651610069290160305,11076364023152688443,143554623533660890,14903321295370367463,3707299747032250999
14414938289088901012,5645416876385116897,8933561101525396656,10849314062343143422,4967815699931305354,6351074200803270469,8348441342164731696,10478781744855153432,1793222286896694750,11090937785138644312,13378598766058694247,8760418782907074266,13283731059429816444,11546203037559303855,13807968295905365424,14140059440185852662,6784358190909325372,46943681873422881,1933870886142974287,8028422865864068779,1824753690359199643,11101244549138985954,11171543041245442686,16607777265190220590
3916656152873092936,558528472803231388,4345655136450359831,6340760011217170451,14677252507606650084,9872153117299705846,18129818493713099262,15760625282054414993,1054435891611084548,484039781358168257,4968560281010653181,2776944307069141280,14340718473115054992,8642351315816607380,1048085981000690571,6340829442899203127,12252224305209316985,7966875785028584392,15949520814850372794,622396915047583465,1936475120622669382,10968378593623506550,5773277163932595667,12301260371727700938
972374118987880393,17110863073796121574,17358078379895874196,5172329802840957836,10260261461465499700,15785076806341774874,7208088530155343141,2699991146621567382,16929480155816925274,16880973093417751440,16747249178185758765,4181729401266095905,14507156364306088645,6766302247640142810,12047315831878825984,18091867321540567152,10127815946950175139,16762080009882909157,13932014173058370021,2757458267066337451,4981818852456907937,7972999069903580874,14163212355709788920,9281996293785174624
15237560252429294773,10942881994282799783,8686022096849859795,2191850122489513838,6543971503039172248,10951063019079066482,17673197720316654511,7057277710879239829,17774851581159197171,9538576182047184678,15764855808661031383,5039135971372925888,8588896341844638099,8090307323276556137,13356530907430451293,1859213953851884430,11475923684099409794,9235466983313895679,4547424923287995492,3459612164690727736,4227750851361068583,7325551773080724754,2883575373139350274,15734101303624804801
9999356059978105495,7604033835165231368,12329054185794537835,17127558543597417238,12959662554827266751,11723154804064631503,308745698523485184,8494685114422009405,12742163746321582863,16716069005339371861,8652547219264936398,12782843726148152565,5593404859413037983,15260597318993013355,16375629603081537256,5919474259922977506,13354034530476580051,15302820573565184884,2104235853987903418,14325443423238162257,8220180640440728852,16249530051222959599,7460861922858634463,2136338825808153522
3968878600821827100,3996934483302715011,11797962474829333589,10637792934029372933,5395634465983875946,11208872564963737894,9140962213969778650,7940688008778461,1758216928329096200,1365250682089821546,15937909394266695475,4840302633100775365,4667551651754368218,9295549772565335523,13768416807423822485,13486766944090870504,10684409249908807687,12611364236345822326,7860434572661836587,17094930279393611709,8163149296529293154,1158760642278067612,7933752881777680925,3577117107564494657
10566570256783539829,16204294555470910376,16414664119964458708,11787998026933695888,5896033817822209290,9214310346472421234,13385561716426452215,5722408313208426143,946886333541675689,2026171780913075459,635531272924830624,1693927115688297049,18098537700930676749,13285471305280531943,13378889704247016298,14682871758338849476,1404468800724386757,4259801227851133185,3149009772944574131,15417288316957891923,12285787504009831814,10379203285698287578,18220243042501947019,18276460634436455689
14156451396264341179,1589951809162446620,13478542031696652484,11820434058861457807,5188763070021932672,4397998664190810851,2966307902602068061,466687661019918564,14057541255853935806,2423912198864688335,5956814980992805098,15807704399055625926,14457828315373412427,16804665618880866572,17927671673826208732,11467679059983484632,15919625750571981054,17092500489625100253,14341319155052396883,8238787709147331349,668650618154524344,6728924947928528040,980914846728472039,4793158270377922086
16098135568081057287,17399125399802265305,937762724965020157,15926798435833122473,10254920694212942045,13059475252484349383,17249316008020805124,17549862192591220966,16194274213337249862,12378232421073339708,8783875686108779777,15186728567710645501,11450253101991889298,11892109093918590100,15941614749923498551,502449061856254668,5751512123978695665,5089061368708370975,12603058391942623282,5832172328235043309,7338643429612088048,11284109701111841874,11129366965024026960,1009764405668645549
6247522250518373382,12933612402701458631,7774144639975797666,3388510847623579682,4748455668970723800,18282711809102408779,10330190216921820321,14706504115154007938,4996210700980634939,6966431597950110466,14223113712481695570,14330575171466525049,16733961949982703825,6608665121431040715,10751669361365474921,17793622419065030675,6464973271541327549,4937397144717157392,3033722702450878327,8329743235245996482,1608994609060217658,7310493186537054558,827538455684434826,13543322486816789058
13974987140873498731,11941387139346926374,7610348892530708973,16822213037448607652,5994466464323781050,16895358641605088723,4385861423820992948,14858823087660387661,18439826225766971093,15346096084579230547,18239850149111321636,3555226760740908498,15610858580281777067,6850905012871633588,17731388768072910593,12274066885312432115,4653621798290270654,5466774193598226337,1726131750889679305,10691199279568306996,16587656695280023908,14302408124328448974,15090047372232262640,8553570618621152002
8086287743646587100,212751393036649394,81001086774632907,6662693914291773329,10002932156059696610,16478153151683341637,2151225774168173390,13316231936762356250,3259545633985932992,4262967587817574747,14556780728569296409,13084508643620451365,17707579571756428291,54145126493821944,3962193853456707388,12619821789209995630,3147591127893953697,14499315839630319412,679327167024107396,12832894558587545343,11900310089966839592,7686212966449008372,2465675527933850461,7389074694469268085
15891636311958893022,17912420737965359986,1453142361231857757,18182755343700099142,6697576076286160616,2345314018162078675,1573910826158111843,5509802369553606158,15500549932540812812,2596955136770147459,144796965269475842,2214660002135409450,12257300357074288536,11646198281812573304,15355230007444985029,4131267483864306318,14598609199322476827,10153496425800804805,3159013946088893416,3671255494761191891,6543628583124786727,12511765822181520135,8180199907734206987,14254183358895696976
4099227899196694975,4436838166837364662,15968679511068294932,5007671287203444966,16603777383828152158,6486249130971433822,8888968592350152803,7274797862872492975,6300881663510143439,7053729014699837794,15443001271663541079,14502998724275190381,1300745141149296114,10660928118927856496,6365645157767350832,1518364894430283014,17900733092173037240,16752577689722508335,9725595118895708594,4110317106949194344,10210700829708069136,2383100203315594493,16945908779176594982,282024330696689585
18065830198738276694,3233227407382857317,13648198142563750535,12871404582239313256,8939315612506513810,6044797243182343911,17877321562321347445,5241321656989178693,11873347706296737208,8347937624066611981,4337955425006070490,17134709284500717840,10153613663147916392,14726613835977581256,1918316989906159375,15998071927720921558,8182985673776937317,10703147606448628182,5734356137123705000,1210792153131912375,4463995698706381731,16849831783523386876,17401353855882460975,2944350341546853767
16892392072166904844,6958292910944254266,10760152208239974913,17209797776413789114,8512038392985771027,10313381501530152573,5308784279258842144,17004023293241614276,11072954966752033522,14579152405970607207,4000193676597799622,15317020184365789492,5396846135352596528,8601646612225158611,9653748481841838196,5296201917904642609,9162971866638543330,11347625186507469069,9506212952774026385,13669301223336293476,17122212299196898266,16900569228365825127,14490224042284551406,1285976210021386926
1926695650357011498,16308254239568339141,12942394905529703662,967181089734743774,6973380317011552330,2196436593237176164,11164557104113227234,9685366002803975097,5207281129501261644,5905787870721965373,16116490437194194492,13599363966181959011,14143985455057467427,4788035459742458554,5720041308460439829,15339660050351291246,517004456521966179,2907437553012084325,5098328802804499278,14655079331190369519,13192841204973974722,3302708968585717445,17014263470292272159,1715295471944789267
4816199747706575249,844783477002175107,17913937029966536422,8747131739948461665,9033890615146333044,10268263159408687617,14795626533891035129,12196257576788615333,16870197530298262411,11445508688695114797,14888596881548803097,18337040306095761576,6010418987555867608,18239835100110102850,14975072922643443988,6741218699398394295,768923144485953494,12193393602782399724,14384371040126993386,17884172004683458838,7502415169552610413,17748798054349310824,14343085847660075750,17207537107488841056
15226090357979554663,15374795386196970104,7811262501099666674,16361601935340220122,15427618529866043865,2309494419670251018,4051813699311470453,8071583484726494740,915743570995341324,184451839046846444,17845329713503291435,11010818898399954194,1647829399020329074,4522874857702175558,14678523751206332194,16271037337289846374,8210685254390762812,17153509173405546879,2659930854904234,15885965666126653608,3488135000775666746,11618828036197166812,18412575458367107071,3963983474372762740
7533433808281071651,5717626611986548324,9519176164537403428,124936541996353037,14416403136740991873,13459069326244146170,15571230836465405837,15468660624255790654,16319087605146265782,12142137292892348275,15491673887333057066,6284582996787997624,5975516366025161406,16123406402008386120,10909739788494575052,2030913704154595265,3729004301612605124,17061983336876822172,8089807073010493522,13433282714055840495,3497749695560843408,8287835858104676229,10402503394466253886,5012296471425333659
16969363510764867795,9287625294124331327,17508555327900948082,10466879072016896362,15406452626829037733,12289839987990930825,12010271079910742948,2672204879618688998,7273775217832901191,9637483636662590083,3375941786101129091,12174482710481108718,5705732153618605670,890794771434480933,12790457126403741424,5017537498205671251,2446770057761558058,12225816772110796148,5289037181133179603,13422313370290874173,3098881234164687358,6628976007469655563,9655014883880200408,16373425995607015623
14065243549387642314,13363496928267797949,7441321487104569269,10704324372180588493,15171783271872644195,8526787419213580732,11574821635820793865,1850185016833957944,5962393491822877575,7497241819062393740,10151879234257090735,3454375310309707184,8398715350067018112,3050209488242934793,8154364537863128632,13307983992134060964,10936586348625461438,15161839469334613464,1186612298194124233,9644581468269860272,17103529345325589857,10194148283021162845,18356913607686274735,4305758609191644736
4617957505759243120,18172902352858234437,16990995457463474609,13253178576467672946,11575523003904276368,218484791929501104,18079070701961372076,5269810138989850370,14124526635976191167,6596915154439255733,17889347885510005864,8231812125933870340,16234445300557160946,10267309411721331975,9282383528374152023,2464510305016209487,2729072147502188595,11106468323853441120,3023427790497293810,511545876866719034,9569766011726532521,9202512072778469485,6403827569499855576,9291074268732722798
3826988077413941570,6937673444572896597,10111398399400530719,15163567939889407227,7960517254349362977,9271240298599182315,13826000527971052425,5666237633575842179,16690754467768637059,7407534369307023331,4072964909112678962,15874442633045455643,11067900963331558997,9529410711794684457,13305399346920093657,9682243277506411720,3391227913466204029,17135941108612137563,3551997172555914929,9541169442109762572,5476851233164542920,5924863907920960840,4602963046691340481,1065619673392198940
11037608235933276966,5615502585893616160,6107357852044644603,12582947929828093946,6075407818771047448,1853127376205849158,4346412488257463899,11517629158555273784,971958474848993662,6550187741779995907,10520470594655146223,7310627857179847889,2801866928897297840,6623926340462651273,1689039708406621183,4259025995269771550,10764908002130131919,16215902488701630319,7015297839134129365,3666274212898268596,8949530682360733158,16640138106789795954,11468358893270131615,18229808159421221691
1590185174421588048,5782567224697043237,11429672401910520024,15394068953640697422,14046953179470933087,10344822944073539904,8468387559530815259,10044496212374643341,12461337370228326562,3354112455993330985,11343808118728340155,1648197424299517470,7556491517370022501,12805327276193006799,8026163224052011645,8722060206714908802,2233596981213745810,16132511541933404150,13854359715654112612,18017846496819869553,17052268759462295445,2971917369962662812,8601130301938507531,1293556996674857038
5760640567288475426,5448878027309841506,9678401883116271950,2596141259186410192,5179194208992548446,3013943258010370527,1170027954764485619,18061486543249471137,14324752095693037429,11433386416542306421,18215059094321979311,1960469165033081559,9273693862232757148,7901328682488597275,9247245273355718440,4995776217008673113,15231470936231602112,6833031236235762910,17966465487879609072,4623844644682815214,2901934611702451957,2481080185446163274,558440607308628924,10504628569518559882
17497390498670888438,9443417179923406627,16172120687144331622,8834846783849074061,3216143363008444484,10171253282238274635,11172961136026932240,16090803623949425755,9018839727457874643,6722556645424177987,16464836438107541163,16222481605348380829,9947882571907763871,4373037822562929179,4490742974705956762,1426056980440857076,17442474997031434361,1797694882395957496,1629106922535693090,279733245938527468,5724090018506486429,11498550765624771405,5941080146229525113,10369082130549398582
16197993933189022443,10175162676384009697,15829530183854705214,1481230265927298705,660344027259145186,13502576271041545575,730467038790500448,5389065276288213356,13157759166794809804,671173756218735137,10787452009428306175,6868887136076804448,2904630514981338628,375543343787729408,17315847423647018971,15906845117991654031,1805564267471057182,16724256087121757190,10232153561153246348,7496424915079461474,2277480093714750759,6570901234014538251,13242910519283194780,14721756649315508778
10053368636510021368,3089105148198404649,7452738697792108642,14574093096356873550,15488972034695435972,5523430458897074647,15849593573966671333,8727243667811866079,150778149999201292,18384367763003208948,5798920204654168914,1923457020151539920,14814778000178808046,4826806189345149673,10420286362762821270,10954860029687797841,677939189720806902,17862341627486029535,10103863071686923075,5782488523320646952,17927993827731138526,11969855490924200061,10552221418908460592,13164827949797920724
8683278028130153974,13522868601740020268,16591504765588400671,16942734747288344800,3580442075510338889,13371382577154392847,6025752332410294865,1764155407692383280,5524218933393765988,17625496086712779904,9380033910129474651,3202074723292109957,9735292707343299196,15709945548841349777,4994196094159880779,14108164688539810980,5096559145638914525,4452217227187810307,1264057493606449255,12233093746868331981,3408341671733320095,6017399429856947476,11744645163155838722,17548992675128742741
3870763846961415846,2446631825222212225,11224007262381072347,7881770285517791561,6093978940182844495,6481316389661573,17623583119718473453,2686622050545798013,13685596540191564034,6963297749414543290,17780408112438894312,4588449931024431629,8250035158523117378,1861041211834330645,367356159153916013,1521285600826242369,98269057237557514,8165262954888390638,14113141672278003636,8068466272763381294,13044114542692150225,14885577384796493828,10238965998603210191,17687598743984077827
14643984959771280287,5408782148470626197,17304435208425539757,14614654024274241609,18333674266803831965,2270989201474378169,9219780362287149955,6606646126856282738,16484351095444378284,18052949041098874292,16873493299664716796,15310325931725754814,613231289334766892,6652760594232997943,4945803749711680297,3143672909899691482,15851868669003754074,15075654031903456275,1730731056525977875,14153420893666028511,9667871021977822600,12969812115670746575,1489927563934696393,16624893465793346121
805814606644654363,375397991431690928,2314894246953557008,14464681170705763519,228602395265214265,14000896144892536209,617565180124787259,13746037253580721041,3551138335599023320,1024338629963722478,7089312469965141560,5445465470781121415,15656844884885169258,16093090485080578910,7665878789775021398,16599696417829591908,4988543324046893526,18195935626266661525,11073601188460910676,3838523715657301494,6572685451412009404,11679098616408005368,10425445130459359898,13131856686540904402
16938325498781554057,16671114983939903501,10634572098966752837,3718129536130573762,11692875241432932935,14451385037990944102,14575345674171341924,15832849843774139892,2542533349807036047,1785536502865971003,5441352172927496298,17031200191887158151,12984277716657165241,9925521447006748598,9891839098781066719,16337225608339388807,10114172020721892834,5327919935693159101,6227294343752350193,11787941266749403204,2218920814563422780,4092396206194220793,15147818270952814805,7289226365895908294
2893394227805668069,10181022128901330374,4240926171676315263,18010529323456293617,2774843159924504472,9836851444767473918,1160718000112911054,6028850437801910212,8245037395431703272,1219106117347634952,4028439352540053766,6921849703929653713,15957780691558990043,4304053125068543671,5968505332617669573,4226641273571819663,12107814719604571173,1336609068329539062,5405455346932530756,4737737225860719028,12033679608931648041,13454739439304980650,14912570432384311823,7568519500890727162
11275256349748732225,5250424614784586536,9509643114008837260,6001321583301161187,5787267714523525852,3695298333261783258,6853564454860705839,8774504114776525663,5496158865457460680,15586965602478401161,7421439141841083394,8814442935063158709,16541071152932364062,3244566922701429161,15372443566784569332,2296044316152413908,6999151759926688952,6563447565750577066,10470492620854953729,2179356033470172668,8862045093784077143,6219883708329665609,2815558694692599553,5796955807809056281
13889520276624789973,14810575484652978927,14103363217368745419,8496910727765492835,18163295148300188486,1721403539387527773,11544443462978152187,14221693080940042140,16543515908925446694,15782466197641371329,4781367582428588861,11661283997880463202,16238516581138917539,1913540334338837674,5884260773441719293,13533169583062824457,8649418588596711601,12488971135047084578,11490362639231497738,8513750499471736114,14840289097173597071,10194479553624869786,2585867410398868528,3484616582132765278
6130422156065865677,11779094691324419595,7363185070949697323,7077277628462533615,7520986828686187186,11269974277807147839,10415010197560706413,3973052427666080530,2629613676686348252,8809092535193966170,12577922621031730787,6947092928984757087,5078033442155737419,7519262770142737534,5476173269710688337,4759864960081472381,439596263818791841,2003374918154631553,11940912072238996677,6477352939201739147,2420221223971149456,9729524748332844156,15137188254935104474,2757627178753790736
1028545757110786132,3477873867096774098,7997635161408839456,2856090532701328199,18155367301676142829,7839489405028191405,9244835441996730396,7387639590824230931,13669288924181071170,11554516342171605312,6247682624636324185,8012201976088031435,15374265932363058714,13308367224516184929,12090583122059941775,14904623191671763307,9806413779219574523,2295443348304130223,5281603225131825836,6793168661678672960,11243568858930756362,18121002041909569035,15090339686314351817,6582368162350234827
17457204695662733484,7541055660212828533,15954547108125090277,6675398044312848803,5951956553202354072,10666988532232938728,17567904349796091417,6389426090577033490,15166855428214293064,10055838711031773522,519582863746845800,17566760514640151731,6169173416130369359,15263178105371254851,7381704651671813000,1602691899899662405,15595107054769840332,7221524988404200852,15609205247399477213,7738894154995813198,13511491359583316611,14277334261820878717,5367454647898845213,13519419622824010923
4572654377273944298,5080752628878136842,11478401585631174021,2123205527890030725,9231874797490791675,136019415796763361,13507437419764663508,1889786622823719165,4059546684712590970,12920347319374146144,3373529735593416001,9252268735401732174,8507147314931261395,15245004336881514003,15835865073944080583,16762518435248771584,10101489480863799801,5795558032250041165,4038542261502591481,7467326804858896687,13282714526470484380,2339066219950416621,15501464980551289967,13523260479705506331
1807100538936486271,9184957420845952804,6319630751544223176,8813526512702241177,12826873545923630986,5823550065941832292,13892807054188690727,2064188583749627053,14067623194951098054,10018365480501832963,8860671414428962601,14530789098768282967,8530421893320138556,18405948074932473830,2922304134314294824,2615637719130297254,8688979517287991113,4879644990236511498,17747828117921236508,4905692451023631051,15723806386134525459,8946036172201557538,13153114587409850849,10701219112899444948
11138527251385294524,1985358913766826301,15372703113601729949,9594771000592326385,13891187497090357315,9791243462347857265,3797733697727843739,17767786058440816621,2971756957871856705,3931970069354878491,13740732500579905288,13981445271552222564,1062854103609603646,7262927320595388921,11553035163256657216,13167772959392050401,9416641749668039093,13888440103072836256,6535688398151768720,315640915585091562,4857614474592409081,12084475531647400344,5906757404364595646,7830378683100860075
13673482131262072404,15789343811829290435,17453387723605514728,11773252077939741666,16212803760409762293,9354559405768586247,16429190232018598861,18285190321215517662,12566035034903529437,13302665056868286711,18382908688237665443,14381839756709445891,7849502367244563420,5221710998845953564,7921317492574497469,4099819544160676002,10686196536922317369,1676933827672336433,5804318931684747451,1432175859993356980,393731910939730693,7564526054486051484,12828693768035829248,989292006082146085
15724900278828258514,7502394270339561997,12424265787762898077,4573769510418320747,9832021129908090826,15741140300188419336,14646690303191828485,17968351513195943109,11543458189015543488,6932071701023414278,17422464908695070178,4223269027521321859,11414783304315468909,2837678955274562547,8217337673032658306,12735323182900149718,16201271590336157442,11072149361128178080,12506091100108642478,11401910659064449476,6588868734827355275,16571924446586520662,5667427403622443829,3569497932254102458
3033971207451412597,17530094890721217855,11571904164209687618,17734690003177110700,9716239179286424435,10043889636553134340,4711815189221882027,9985033970256225403,3915623034021779272,17532978671707225900,9128551625650925808,15728623132729951764,12272286571343691438,6038710840411493169,17053800857770549916,7975272521997759067,7680646507490569608,11728388519955585204,7040648540964215205,15762329704079068658,10525454104645859670,11487760480023125660,2375615094895908060,13875617720727838392
10017870593592934867,15719062163219979657,12767953228298337359,14698632362635285098,15664433246540163483,3283419191259353498,10517650794456637648,1145085556381338361,6626186664408596453,13292234872414048335,6012949545447602657,17773154086716420809,5504113009881426457,17653059491798114423,15085115439921771779,12822711226109676362,3491532013510404493,1724813762061288700,7874633417176423822,11276091307491433157,9642737319201501515,6045133171875068634,12474965186521007016,5601614491178239576
14806295871599714590,10342684598547021107,9074306584782244025,5785422905629354872,5829351664473552941,4583856738047522992,6868368684310711179,3339156290982921901,13392245936009304660,10827793611226110858,537522312999184026,15270756572567613197,4645537239748269150,9925987938432223510,3882949608382771308,4008567663752351632,8614736336446465570,8611656762251838589,17672253147388773167,6612542440532551465,17595288014619946155,4014948256109571283,59595621159931439,3793629648775896338
6882082527015441833,5781553195815757649,5643840688098075005,17621375200462664979,5727356815957109797,11418249955498678716,3611991802233553491,6403929704308233868,11693676531576213638,3116734964198813913,12145367790177070485,2268832691878049443,14438175508419677293,3007340452949065602,3592310828362110511,5782608425911289407,7139432343211117634,16712635645145368462,1583574295396080442,15698043191838775023,12681985175168974108,8993642449598549927,2083988112759626976,15555440414609431563
13855659140201345412,1518034455420132023,3624431863799156046,6334879821426205239,3817811084468744389,6484240312277467205,5261581956857959408,8353538605224208566,3055542722438344111,11467234702752015643,7430246733986373812,12701000916835774062,10038626482404361871,1652395420262962765,12960068558528209416,17593116908568334004,10294068058575013362,10640920386400484742,12898647335373525638,309198971405568327,17752473173969470550,15361973042026408182,17744804722037303640,12125215749607372974
17198289238290247240,15652349011320409381,114305309408199025,4889650969045950657,14831221588084737829,18249637011779959712,10574718878753259854,13157588830201285635,6570898374207398204,7365530341910803231,15299675191319659788,18205502971678248328,8466602388005767434,9289407748278916705,18093095807115870187,17878673346233689900,13363217024369447287,15127688249234759507,14004788544616275076,5444351692310380180,597667589093269651,11339572663460410830,9474457869153241956,977078424094592703
11466415752883222520,9743157648270411336,11310280559883929117,16087691421598295997,5931326610359010737,837962098735887821,4826288045343062138,17024665803967061356,16961937713910534505,8248360082975965272,7113485870693589761,7433155246082503296,10542696909615416164,2528872170348923005,8406028581502296145,12783880634639183142,2935851296706518907,17928900941406261042,10010156017174571994,8430117837720587572,3362120467743600189,3601162123638121190,5094210245936044346,88816463773385725
2089428852570770055,739472805152651939,8873226913536235911,8173153115423040090,16088413847932012307,15154306284686891718,13941481036616683670,11645682306529557098,4860557510232599323,4037934946888056462,5297874070757391730,18092857052390681451,9951609055351129438,12837057795026997858,2922108765178708694,8879795918458142599,8751162369500323661,15836717971391366883,434747633676304673,4090844369038975632,12003303944398560788,14817579974961820223,14708328357135787672,10858577013276129136
2367687269209900236,17525574455864780545,5146187011740416429,9035243580710962086,2659401447549588942,14748201208163835593,13416281759448039026,13761695795609109458,5571767420384154068,16541441494210822909,9776341168905127739,11592444860022501418,3102623147786591958,18138959884122802529,11348344376855132270,16075197946837517635,8600349498626674823,3274640095758870534,15971390904643710273,12897429648893686676,8333998344304381310,9451602595946570420,10689682968789875577,4842237513335185483
109260139342569011,8362152621216978112,822714472954042783,7968112830459223140,16203154904953721695,14295980241436622065,15033507090880805110,11225149298984473251,8813112880226033030,2908199696914797218,17835347949655838911,9403987833672711242,15368242817242483812,1021584753044458108,839754676466597145,489798790564387487,173766410621108116,4464289126510692970,16713277081506459770,17291988449325366052,13910499689653716113,10984106223670071561,13264669740366980571,8294083227739575632
16845728932879722546,195369886304188787,4251782489270416321,1878885075661330779,10227237898644948124,8272006489710522771,10364672038315862709,11021133572383183666,13821809447004056138,10839807394669125411,15483998994860803828,1965031166801093490,3467880824264254455,14894294447892686434,3337151689154639952,10891657667902590659,16089237914440387579,5649465301372093316,5995471522566609638,4666565824126396857,505646401283061513,4271114547933061054,8893463636888911097,12747052317552746548
6118170800187331095,1630100455078457268,7744783427181928959,7566156966671382283,9757581278798732215,7455956106110521826,1160596435694013306,5856205900131540994,6166036238905911437,6403184234924850694,17967174359016892288,8992327816262252668,5957987899144583311,9866627185870650167,7742355537989819602,16416062352028375826,14883402933115788824,4052181623493921892,14703576495611584246,13162854970041915475,620357390109819886,18351666066105208824,11648249929147590714,17279928257023667455
2459596945132368284,1048140517773348542,8222949362389576016,10038246514497329433,14494641320185615021,1627502861902128736,17150346369919962017,1794515598998078275,14231624766219716179,10834377917035500603,14129454795633962956,13791998726062729823,4595698766592184803,12047564377613860713,4874154339922137496,11898534533183974956,12864301675704775336,14318015807815492080,819614581789771556,11258775249214575957,10540636970991943861,17727490430392409293,6572908887009136936,15222593626129524771
15634925193360297559,14332370862120383861,17569620507423805955,15429054599356172185,17336161965210225741,17026728970711648903,5984560230341856710,14147334408820201956,10457332160133461939,7324443800602762528,5357170819462806472,8386664543424791873,5761612421584463275,10727060346514382531,8593213833917462300,14763100756679693424,17038588338870380561,15625145174184406756,13819833509804187018,7975984241020446498,2843533242347145527,1881993159766547183,13305308570881359321,2402842845685705499
6554176394916357323,16807434989022657967,1370984854793037211,331714407493192791,16344525173474824604,14399842833114901360,11491940550285633560,6711980528601863656,2862604741967634510,2306234863659428682,4790208671803198803,10040573173134546773,8253114186235386078,5507488390157647061,8883734369462917819,10984667864500540275,13985928846037927992,15891651368594688990,11226837229718155661,15570031125239393322,4980136137068573111,1888858570704258542,11438215391067087121,2900899054343210199
11196082372588397996,9641684560975700681,1998108721137191749,14660279637577328455,13133342702222793125,14202473999312320380,8274425390426279925,4982853189925766334,6683914034916711064,10633812701035559143,18279264394615636222,15082006614588035575,3358396251401437595,16386827205260018548,17246160475856889489,9624932160208915773,14994685443703788619,15980947783376786391,15346336724502838768,9903558929387703960,4096593714669966708,6126409359347999722,14518710068755684373,8835652557861949258
9345976180105381720,8246653531299065350,15873914548913640802,11811809197203162292,14212762690953605859,13820898470594217987,13120109934816917400,10336011349613593767,11701345884474432289,16784288992363813432,744829743716804528,2648080465438232637,12970043309522830583,7448305467084355632,16782906608599571351,11622882224747383184,11511969538812844774,6786224594854315093,2013362048757604148,3507924190635963434,18014523237369615423,7748136522677935449,16663894605639584040,14655393591308738345
14909193319633491878,5918242330597745966,4493982307039580641,11681602477062504764,2244942821346086544,2861385256067016642,13772790925113410742,2702997257700312272,8797817592512225712,4547752371326352178,5572334152448524541,6322826296145864438,18111236667873179842,720383275906154102,18429302574866723488,12066893561841706148,11215602119515754378,8909873595613019854,3260452079559392,16364515739987223031,1119203008390924269,8060449412956424030,13157621594129414777,8795127115975871984
17167529390878032407,15301807322641374447,1255321091868196301,18355931212534787715,17995651305807789984,15339057176148934355,714204876436852496,18232278932261869455,7369020627157749942,12917793607867315669,2910089770234559150,2554868942652251304,16140593485494431772,16370602656473190754,11283603822665570751,2100897199781373731,7037303748825943908,13491321600250486491,10637163480348478737,8177952773204117726,15073936405427033620,1648178255637456038,6570645401032219476,427545111659462829
13402835370781261919,13247152367887531093,3538060381806339643,6882282466832103019,10224295758253839168,3885710639970227844,7537231587900572810,17765272983350260614,14581940106202527642,10130787843858395265,4197359323640425825,7767726604735806031,8048366248591518953,17756428812398223141,11131480821065546808,3062468436245015722,4730629736816999950,15984574947184928072,3299046716242090701,10266460376484096754,5229174770909906071,13276124195464017784,13432220745923407065,8567805077129402116
15908131596820950956,12709846763556149832,11396838713165142956,4562772098569700860,8294963171182721190,15565303651491402945,15521226385072675036,9220056070984523854,6659991810138186421,11531348642157039014,7285042086227850795,4453443498964465283,2433045026346149464,6844269673661573545,12266804713523234715,4834216415263539607,12953413463531550749,10371054035250640976,5910908127435323796,13113954606546162093,6710871771959088904,15196044310900523396,130524815037115630,1681287142262569660
14523753220964088149,6538787491339336066,17795481655866037958,12083877164213218869,4422809606041061833,2590757002113436425,2024254005543478072,13333502950208441069,11722383701601117479,7101238208319733341,3069123636538301960,5498981415687966220,13269732823069648397,13968271445708541405,9238337635845800158,2941797189492742344,11778341901794067345,11162796129986282878,17176778221570355530,2817046548700704066,13575453366850511067,2113826271347623612,434772850360729225,8562685480570863488
1417982638010823796,13221815494227299027,16554359206989148244,14031420001393262673,17983516467380899073,4170200543922512987,16836981310835072026,8273855745983636808,14148701537183615365,4470072811174922310,515191764328089661,6261928581192477763,16956434407115855763,17713310200680340081,8958226861926203236,5639673309328298516,4331507731977317834,7742000222706509984,3452254926997818653,339627818807710346,10112544318381108231,8204900062363180448,4470960252517259007,16866814342440733542
5378775611344326706,10278640975248505160,8156952813288031832,18439839990539651639,2629713094446120644,1937276431920370250,14325929641512942404,631035333050418532,6891704818169467998,10559377050961291229,17170691420777906680,1926572667063577645,18013235510128421713,9430107687401914361,11894599360946866451,18011554187241411731,4691968165034648466,7850204614939306933,11354557706730620098,5774288197052896097,836880366776418367,15242617314394456897,16516072469331950646,13121716373668849811
1627104120567417958,1420631958327695205,16976456026490858329,4434269151046879273,8897508147059866018,17746390533065672526,3842447733609797912,3390913167628001607,12820304372299480862,17161049240910221944,4329129630012788451,4210929673497216889,2773747191280219131,3444273043068296302,7180889296990435017,8051737284967331560,17319617510037865284,10509719269643060945,8905475996044744970,5813373572260655751,4567654978315488612,2863784351260042721,15506906754580285212,5601228273909802866
3307849757785038637,6860332304785694039,1350081469510398929,7566466351250623554,7713143308038777136,14253749655393382831,3458501041709117893,18102994232647057751,16106560774047760625,9207046661439409340,7130741468078986474,12270433971186098463,17363977640191077745,17394287352312156660,5070433353324237259,11460294066657704593,740004006390491319,6654504788679772222,429224783760404885,13934632385180642743,10908500145532564876,7402961322765545416,5606458010089429443,15186771072113961808
14192801757167566266,2096846359526774401,14680856039336379946,3599684098806448702,15848070422502674832,12656843315149054987,12604733997762972692,12294508513029476698,1512454176331441545,4677792379358709803,16611959373489131713,6069116660859930154,13038119263835703013,14763288099968304482,9321729749340153236,8927399022041460587,2786978444147067961,9560680186507159228,11749935400137042085,3381084490579274212,14218946556994650478,15254172243059325472,10397806652319253245,10491576664289714511
3752362414519948235,17398348057807909018,15568447083810525796,7662429137466372431,10816007489383504939,8580600926084951497,2970792598424334457,1773985497068200735,8848085957136937863,14311479981510893979,3286099645985219262,7738295140075026027,5383837130507477219,3474432668395393695,198890613507331976,8842407987145464200,7066379349329825871,178866511259922485,6837135460618096402,8945384459591417587,8735876687879659734,1040273506437145785,8966783311575653068,12816416234000375903
14155001183700524102,15862466214723785200,16239547186443208569,10479665885086356240,10327319327267486773,6535174853886977721,10772588254800783160,13711527014264131452,4968987568308971765,8982919216402893238,6336319485589997056,16165162929375867316,18261409542504352107,8871757267628841411,17931211531415638528,2492570690631344771,7262230397659682753,4225247528786137879,15470488932591658977,11838387113965440286,15515836166978437368,7545055821820920968,11843380777520946691,3692802947080059300
17991212164017078249,10328864475609811669,3018573869254795149,5496577865414016639,3820505346057644725,13760870759595591452,18260628155548721877,14586409601761005172,4542994506557059648,14632992523739755644,6773734526132440744,2618716060261160688,14611737635906849030,11542723268066783161,15793581561668769122,1785220051867057022,12700286388580991982,12159806851304341202,12787825899434054756,11005775934078337696,16926858224370807639,14945531293669561101,10241374949988746658,16912322760199564114
7080526180526602817,11632477668354016503,8274158866955986046,1443806395049387943,5898922357794951464,8532738506687319251,9424662345641190046,7725602015810518535,7131112529149546565,8680313629509893268,14813187075552942489,11246444402506714528,15655936113445605795,14605003609860411281,11716215161325492077,11752071510234322289,1540235336372266807,12785183850887704037,3658133429923663416,1382049294126454906,10323829284470189961,13573083620022914276,14410378327709649709,693644460373200788
18066969228153422896,12874387888355979829,6847500558490821181,3270771600966457447,9915412537467967142,860239698731718382,2483307088950520520,9177481697320269804,13132758526392801468,3664728175311127601,1534155738260436716,17073470275973245542,18058985239500353005,11484539580748774832,10953476323854994571,15587430218139165455,9303998272092572211,7234515856663987559,14454860619990387102,966079884035940055,3194154973962196198,6204205036417781212,4098319467287526276,13370842757290493486
2072607401906851072,7629170673479828046,8472324613754083440,11022460563910789716,17547000859559483997,8552390328405641634,4222625986329251838,12647170674795600510,14251238943613127636,7722647881001958726,4087096844567334107,13793751769300859582,62807234391854400,17340104893696346196,11914656231817212078,6997403254848393082,6088970097410128572,1453314679205859068,12057042057856435020,10003105639434370777,39750124330237125,17130878914829117924,13559246600855125836,7685696629076964002
10289897842241423606,9699725308347881405,16291488065535514804,6030339861975625654,3173197416929752300,17257245786381306755,773594780256921389,15875865237714764756,16210263407673020376,1280387865288439872,10846772450223254151,9122689039891679974,12039751131698673146,13151693148019120100,17042392531541315594,10109595922651609211,14358823930251910480,8805369139253627322,10207094944327474084,1107973717165220535,11821959558702061597,1876296736839328740,14825093409400608291,7492669538837970453
915100579568279847,11036896854024645557,3909640456527486166,16570759748058762022,17299664168187214381,18435258997243090997,7876932227147594299,412104034536855788,17772127537124004151,6068524296010443459,7100226945943124659,8024664686791005917,12899169884921926191,18252021217421960319,10950951269670315268,16905250195493774278,4973262104245646537,663281265225369656,7192774797418198878,9649114783868552181,6377329769442856367,9130622844524867969,9286804280048217805,3423473032703099233
2240692652063586206,6598326040345266236,515755229713125562,15535222807483399302,13173789082661007700,1341000595151114054,8380192326561590553,2183943164463465129,10580690858435151055,5448514266566932452,18090262352279849508,3250843413634135230,12348746305047392545,14852297790090649291,2547716765634294007,17266263114546126883,14613824934764907526,4045113932657255739,15509628422853057099,16468402095701574427,16392837212929644761,17277019434807765711,2297142769487743864,12567439737033633569
12555834016095411911,18003700196447927359,15762338382353843743,4276528574694496639,12079053224885733519,6783390450688077992,3905191064253761591,3271804089771363466,5218077069060928992,14834509017406885946,10701300738820797966,7202813308831158591,12157045267407039015,4147357583264225547,3089690835448452943,10012714510192238500,6792020013251490287,5545697004719992949,14084065787705016584,13817966218167586330,5924175894048712759,5872859883921651590,9304623715244797472,4372690633145787862
789094942737625608,18033172596949979800,432567845108645257,11378494371610862511,5256003663030075654,10448247841660808130,13982181015936201923,10020299172260739114,11947740846835075695,10463468885516437813,18337847590742067738,6367662220471107422,17679943162510854092,1414293160174038585,5817865711651026273,9445365224957295710,15758554339867853219,6393653925502104035,7330327885586669505,3187086726283002149,8315216305578620874,16929414287841965670,12066846523022114201,7604751943173680229
9284995566934638111,5468326600198347629,14666760708972361253,5238417108644881231,12405666563883592694,15638486594063881449,2003573510422354446,12184382626048075024,9629582231096260732,412414263819577854,5814569011089264846,11561677965214547186,18169860601259052245,6160472714155760788,14679043142150966268,16342583994732446182,15131658658307801528,3265675751926171586,15590703483046936797,16234876509174561914,4103797066780959717,11343538942022214588,721465392497706259,348808217026159338
17624484584257334001,839128621343624178,10462768922802124725,10321297011072141435,1192308409964751523,18387263210303513646,4915494026783118227,12001554466829327969,9508670488736656820,12509466485159398848,14340885623786166672,6409068198769384571,10174893444128462070,9314909216692867545,5299733931637882669,8093938647516594361,8160847566818934746,11732154026779011554,12448356761867514368,8577666263463346663,5197207557878066204,1501183906384775820,12295555186949931911,14241284368143727473
7685626000648149017,11855709428457875365,1112491408510845601,15023538259518593038,13972344624696586017,18342059754209307783,17627990794861329039,8486706811300990307,17742312907675833432,8610662504774148599,14773845770996270056,12763956478645838485,799200721023185401,1268531815516114197,13836944626850994914,5747478435659526737,3637639009756287641,14994408378661691670,12040022229139056653,3156701149541435260,3185811368289417630,9169308491662857378,17058562498554028244,3617559357556371262
12921219671220030319,180106828704645458,206752392887325067,6442579147128731213,12925611868494575260,1311982511616603641,11994163774912472266,11087200914842110876,15108869897020690073,6818826281275910965,5111716884703171257,221482123002228749,7442504130788746677,11484154079385512874,1946823132909043118,10955217613991017067,13306246044622371764,4824635109924824781,9653293244417943197,1305639489777782716,7260124156470605472,10156281745580059433,580381674119501725,2553186482672092946
10144152053794333817,15540570336097518768,11680182587169752593,570316306605435359,9960757597146531441,12061045273765776270,7648960723910872289,3466182375225915410,1977072202939757529,4735130631412765327,10179530779675181627,5750957884219511575,93487672756818299,82003375978804235,6203476089578966706,9417897559797618035,4781844506881449492,16462330715380933298,2750144733046331842,14309097636950424288,8321576084243679602,14990298847457138801,12300542464352624420,722847307180149727
6481936014042541637,6514713547359522484,1682464680216830564,10565227850780246064,5548101846317733696,9075637867755317093,12312849789209352312,5368585073827975015,3364890558192306118,10648170802389984507,13501748283026168622,5123898967124269316,3391686903101741057,9162662536561862455,7844113943355777241,4728785583474099930,9205221542912941491,16021384613204511109,13013460696890749415,12399174289136436868,8290537145644379893,18277795933685127615,13605497468040343948,7689833056352810401
3335282022094683270,5874514574156640136,17260282883108258494,13046131088390520387,6177610172403271324,6039344216147505817,17941780687164772081,5910657036918053802,7471453385218538002,10833379210907464793,9385071940569030393,11150420292782712912,5583001069531524834,16753373153329455686,8276961862349355094,6530384780428512232,12221652639919713879,12970678855988284979,11328468296969316081,17483807907180237211,10828835478479909763,9979691280580288574,14856151748453000551,11422475792601455691
15585549670837743153,6204786149987426422,13216459315874970215,18050155531269516026,13782450199041726366,16483855562964489787,505329445430796372,4476578987710912855,6447787349593917623,18418683297924728860,3746491467792443720,12797070460621081089,16033623196914968835,4423865541134848380,12947692771861763877,14629358305670982434,16394146862269446550,9051958901225511188,14453411032325003686,3746218641421990641,7579731678126307823,4020983655801184490,7126432119115385103,8097413271013100086
8284676757746154775,1814675774142693407,2944266006875601612,15026040278511533069,8999543396364300928,10625408790640365751,4767577041838594606,2258760361367143164,17431389547968846180,8300847721456336619,13473850179264184698,7733890080238925198,9340602573818204382,13952485941795397062,230343698348694068,13189705355687405167,17646693044865272863,16413963676037660884,13183018035089809934,2545744517064106367,5359977605573409662,7762644823732485845,11348293108698148193,12032551910197283058
2797998368589685391,17180165870191325893,5465272890842576412,16451997753002285880,13678914446032207444,274754715153789391,857159725808048914,9654869893483591030,18067580796032805469,1650703510261117153,4099170544135377069,707884494264763154,4042936616908395450,7545647773030841994,13904474860235524028,3840729851932627705,6438341549238899198,16405755111091965657,11918878160687121842,491260119647183839,17478302028105944490,5821610990919757932,4531627220510205598,11285514637757597123
5521941738346751999,13618987097403453896,11796899088156432543,2373795534041696840,6918062643082685214,11429765719888969178,4299120590149241108,8494734625046173880,1717687900496823712,6377731448399468223,1352730022198111198,10917525180674300302,717396052747885584,11323214260193408715,5608556216879208613,1312128978960396793,15602349405032302131,16871113917159333702,18118238228237238536,18145123843375370134,5229191465080422031,15957522130560373130,11179131821679494376,15418015868394239072
7381432893289296669,2944759352330096576,15446885597467289172,8718281623542755909,1479490184862281480,5833995383997635591,7185084706813193212,4308492811841433711,5316498920425479026,13221303156418742569,8279666137614633882,5073648237916605296,14852906724395305147,9314554095523448905,10284333262778101666,12741642593792906963,8640521273665142802,17974309193129811354,6105075913106693134,6656309419254286326,12396267137751250305,5247832036264420402,2452465709751585427,12779766518372599714
18269915694362261981,617273934082928758,5605433380424226032,1162646963421274273,388895561803315183,16215698349263169313,9145262175506812476,14721172042474889434,1916978008511818766,13717812501454518567,2830437211578394268,8783057971336502646,13482432912768972592,5645973830696220821,11885933162211372521,2215597939900586903,17554511065031049701,12789743410903487116,12596244885150866565,14418910768111073977,17298774053278706098,4679740120938026310,17721793548670999432,15100414535285456561
8771017500673805605,5554449509633249502,12564270955702633561,3359946015648858713,9337703131875238418,9509331300120495892,5175907639656632613,9940036312992015303,16156005510826610902,11127256963049746362,1303972510893547992,7349597498188010183,11121859646630769119,3553898685105737029,13937180370164755912,17136158611784861138,13642393255502107612,17271159805435572785,13318318552434909837,13113957808017231925,17974891864335654941,7547183616429581210,3569341319991979277,7012731808518205912
8800020851191006899,6957336315150379210,140737925798702714,16814975625224099995,2134204388761371981,2658725902800826169,9461624011550166962,18392999322231944734,14917301638488598788,6163339574921971764,7796345519016427512,9620205414805280145,17908414647974622388,6720671738951894698,11260258866092334987,16930340831771002027,7583654984270440495,3356316263934079358,1454457204634251840,1738684399034150777,7227989306802708187,10714237554140307688,6788505340953323002,2408262931062265360
16824774967355881247,8209515920786098558,17941548982938042221,8559924588286604380,10977054509349037307,2763347331473834121,13601352303228298468,3542941100785184692,10847319730053386213,12667813182851109415,16051223817596432534,2274632116663963195,3903158816879159728,16219298972881871155,15103388974466364660,11992680290886437055,9234170414516739862,8823427076568449924,430093651145250104,14819949989555261432,8091602328595645576,13686131689128764423,12443229553906261654,16239121793952363652
9479771880576400145,17240519411702572275,3462928923364412192,6367061504018403707,7553161082405679763,13652635773944489450,12321575719366222283,16785116835268733943,11469252839584530809,14675393985145545028,14768837771798201020,11156130796524827710,1686038031224943730,10475550347290272116,2244573232988796117,15443859615759622035,5052727139239449604,12900696802752820399,8597969185463771652,9920312188390746703,18364544299972818928,10383719781502841918,12731970675111119421,14735136589219347451
6419538585626974436,8932672815052235533,16297321319903461391,3228528278276063988,6568040558796271254,17562485372905087076,7794166962304173367,8829183996622963773,8761501968032996720,13621982864608401399,18141100865198263081,13117686623686382588,4591695576163870523,14772177453382756104,15796054684797363836,4154206761016613541,17246377945768498023,14799729627885141773,1444119511060884214,4591392841459758701,9733216138274803443,18192734159191730891,14323884529711844259,9817220120479678819
976880690371416618,18413681373282583723,6208926071267122487,7502211521028137416,11600138012074577476,5171138929545060121,16689909553093035916,12200830000958530926,10933361519314163624,7966680177978052824,7970300581929317983,16175791474169506024,15744887900388446020,8542181548266279301,4021445388670868281,6606471034977192090,5486280272758252303,13671171380992855489,17352126507279166525,1777182444132437986,6823800988807499520,6071415516877636595,15326273713836339204,6734373606949702848
5899983277086186345,7979411684959094305,7662527736463838099,14208427655497266095,14081752659761341924,2430300972918940753,4820626229885972154,5711499420935678340,3970363305315335675,8622759937146835688,1272060325289019998,15596641248085008065,13235789151035174217,15051962946876147425,12343105080841905993,10963736890647362704,6479071308800439764,5800558417614275447,1351968642296464153,13723196333101004320,16775582358203617849,7160835268090872714,4333338492862176941,1362575964700974719
11066715560389595688,16180232092366961444,15720415610206395489,1251025684103817905,16559200079237677744,9912738945694847624,5457856991690315569,4271010121042379088,2757875875443377554,6248537992416169924,1985294072764071632,16040760183471809593,11507932576192109841,12101786417415313056,6317596763271082499,6701628222447035958,7933402502066560475,8933673236606162643,4771672972417125546,710806633743311390,6392408883174785170,12859055789524014103,2371049197191410019,11800795635028100988
2434002079449273154,7906117811007584016,4243789116709376407,12564228022805394065,14475564894537744991,15609053249941350205,708604169747753055,14592506016548135761,7997561326468004237,5564060238522565676,17932177278514592906,14667638525554816794,6460412861239804798,5542090575951041426,10351586626590218320,9905972995418505940,5808926801972317415,2781978094527393075,8307711559957760996,12321578396403355472,850696669561850210,13545901023097023275,17025495668196709688,17424866114623558494
2250369177785568441,15115554984405977787,18443081865171839145,6074385645726138880,7486401058936907175,14942794770289938162,5163625031943914287,18106923270311175027,11588597735697353411,10448876717514385436,16269523917688438015,13212906226986993058,18339181609290388636,5055841318939444795,4166055791622213404,7823501477761163570,10536584212935682668,10424451329868486570,14836858129612503184,14026505966601707642,5636828922028076146,10955176963557841768,7192039724079804631,2671513982969885695
9953780765676906971,2064630630933117065,1089915504599581449,14477708586598729288,3551028226316604938,15128292918617395050,12677205646049158295,11392017931566941203,2241299474999778670,10295845051796564285,14299673660096315488,11334271333354194822,2573976622804890059,5929060969192340256,12319244579240495335,12204353818294267338,14867505867566205900,7006412947733930121,4723156230049621017,2019390386580879100,17796987172842811465,12248582641840350274,563997121340864087,1442149629498364039
16408936498051701779,11868837967470950917,17769930147348797508,9038609445646701139,3410961651458311729,11633735290582953212,9953184146954302847,4267540909436924644,17308644357267724723,1748165360853901590,7886017231074015765,2518840633550846579,5862739434539879599,9945055354650560833,8733353097645439035,4710341739204723731,10985550020269536854,7652669461143491463,13871174037829026431,1433826667783955588,16499684718540834029,14453997706220005544,6665644115167198785,14083638575392102480
3381307108711911246,10067550788794621104,15808202655389243167,14667814877668861245,13776931140641264355,15306570309930016904,2097514151593690729,1765583592339950743,7270565499217770791,15744007868608343973,18117919485782621902,11274981532452787353,15034618239433006945,4464189824564799714,8784826315226978019,13485468423875408197,15852064627068532398,12174540425515877952,14266052490128725836,16245530513747132435,6860030511135013348,10714213456475185692,5437675562881267274,18327098935431895791
11631572898270983128,3814836273647972419,17737494726370096491,15235002282491759070,14717291481085431184,3977156624191421378,18392070464640457525,12630852612678665582,7157068620868692759,18244183579243588706,7940402155059952222,13935786502260143194,1130144265248195089,13871239073955798050,2806508038209078112,1315383984980041030,10957894919393501348,5407661255943658961,2811699479594881614,18043408858372511468,3932943250459923650,3700621956440297384,1981269385857829783,13889819229451973116
4625545971813826703,642777674512207407,7590371139939800565,17758270755134954324,15690794278926483446,15306619082322463635,3346001346372525372,8621966692292790034,4153033469562824358,13550347375373417741,15467075704496961729,1539539297362423415,17293142106691404132,10821834555778942912,2384840019582746236,12407896993631913873,7329085268478534806,10813055024994495296,12408425864232758529,6059147881172042443,7043646173920036063,9228438556989408203,12487187945670751235,4052526651005455371
12915330858792236696,2745783105108412285,16586250873579038530,15994726636285753047,13763162606994509421,17686432807315398833,13302531412597231285,3067088370554207921,5296353542337882583,116431392882004733,9122135426810893108,11390049239256407865,744232650231254377,10893737286719374633,2727204900892310722,4624259045217343904,11223924117436313443,11606670263786524382,4323967277576323265,11969492020918429988,16634899412672379016,6368912819314049186,15613035609455931302,11693019912778531185
15392398573937999836,5839205469701412266,6941348701485775104,16534356444459610342,15476326271132504895,17525438529371013246,926571915110739332,1474988256409543789,10388197123194923383,16662874148577698128,7267977071228797526,3280435960930289343,13928242425411216729,3992474539986741729,2849951551658226020,12723791264720321355,1983795676312796676,3843971469567301457,8618440227914945466,13695870578168013645,6149059012953123302,18054230308796541781,18197942605920512901,2499468010038855761
8989431166214105596,11045242545198313306,12697991413299094206,2177933729497633041,3428147202651333765,7576999382861058506,2790822820023455295,4861002742669204428,16198740598114574693,7439173121961060430,10411379369887849440,17894215626004077562,16908119454021603035,13697633718618589011,16612847762276211732,5414761056474921340,2192353714502954922,14398281863341115555,10434823237030767979,10898776627755151798,1653164395343291530,14791773622408521956,1463804845921756473,731423109902861337
2804616512117289403,12954664779612226479,13144320123660382047,8530045844426170800,1152711591501682246,10204923242173180686,322924345223750446,18266904687339981576,190306264616431408,7801561089112491600,9901577146707856939,9457357181368507076,1312245786806952106,8175911612322759858,1882251222128439695,10313223108311158428,3130902460330792285,3745878962444926706,1116082006669038687,7709364850451735561,5178843444941371088,14497656356098623658,14443088265191356083,1222662115540326694
1635314861161777051,9164673916327770578,105154225667984165,3713642941865554255,11023742323998657339,7881570761605530765,3239146827710042318,17169471794729267210,16944555340913929106,15795763962814549773,18353288383989854193,7934929807573513232,18423100693722279077,14034706325735320292,9545836371095911409,2590815512697551885,11473105994842357433,10167271472712333627,3867741295868517972,630911435525617744,5641084261100597185,11735603462714099989,17319227078025837551,3908370874794004012
1544227890848904921,4427776866046901482,13465982288922978664,8844259337802397981,2892715690054007925,18279653083732360219,16947193077906112222,11484246773681391539,5415487885386968849,5026456212438182924,10185102140902899546,8824023988671017576,15218652250220488094,6353064494079741409,4847879990239119602,9777851717234494735,17452753438390156269,4993505901752039793,12975070694957477142,2607754419495802690,15023583202574977940,2980175132166990684,11187130897670023028,13907981719024460475
3229756383090286559,14388154319870525371,15206560070827937321,4200450333441457299,13762563410742251884,13402624730241683706,4667325659571072069,9723837690924897562,8872825728460221388,6990066015392501493,10229293323646813822,14902535461244552375,9654476663374666609,10789782362600796293,5055762223787202884,7827157463298181372,10083565235168008568,18058545504608270808,1489792414388261338,13144828586526446129,16767093322048229530,11084658964027385093,11243066421761333097,15558431328345580353
19721334325936888,15323444849512889546,16689615731524402099,7907529407444157275,13749754292360827543,16243550542597263527,1493833270127810643,718866569454646573,8423456536828386699,12529463290483977604,8363473821718349745,17007810631261405464,2280228025235099880,2601567731096701217,10799838120251975824,14232799052283768768,12696420193985341578,14961264304639183007,16217051512187631653,11753755366129012757,7661265023225907246,5791859908881526096,7376166736426008057,7444488693984597501
6519400504028947133,8667234479152241104,5412838985736556194,8385388102929673738,6901153761762986663,10901564553843493278,14777499652133552187,6993719063277453302,10809320025452680062,13010396979963055366,8652264331963558718,360923341885282525,13932034156197937865,15539693976198726097,1485976230750023379,1035867980600123512,3259946611835606953,8973161733504024004,14868022102273504459,2419088298060075581,7540481089183287804,15766514079706500856,4430249011946577451,4336060614294494032
18193334043546171080,4976386671169483944,14933005306456812812,128471992865633909,10034218890209300016,18362896480904235544,17972489501435330435,7991944652212212169,14116663112246457160,697877973531646041,7305542667170415191,10387895780763462035,7829658276881514117,6444024643951206113,13020170037621350706,8588918110716013068,1441965941083319997,9578566210289000116,8778911820327525880,10249597464984469874,12229987371664260760,7511486530692507121,11681391174731273460,7553775649584165255
1337615977678108712,6027767296454079664,1979294732855040343,10928111876339029526,9987033249698058083,4802509878181003199,613788649634423585,9214786750846833296,8028340455277980973,848917172151660617,1018165291168878898,10616825452341953989,9774343073767718861,169717570052677533,10065421665945901936,12809416663530343354,17665055180913663682,9815719453777388377,6919876143428397377,5664996572312754599,6403613762524189660,13623164951835313428,7519261304127498731,9041617065541397390
6492059056572710124,7864283791160297810,14229980741060072449,166017705382933247,2180853915946793914,91514437785509844,8694659823998244427,17079053676020337479,15520798840665456995,17717975419152543897,8909103036087182060,5882441004474966781,13377806513364782866,11805317294340441277,12990527668857199692,11369532859027153971,13661021307331771797,13927526907128625866,262830872408119148,13631924609975710637,11863085490328856401,8900909020750115639,105966883207916185,7272076232927995680
9203914991267816492,12271698796984613702,4367002933331805781,7555301309803152651,6188607866146671650,2093312415969311024,10065259338776675140,4684124862411193809,8311223529218546304,12609412911718301855,10434554168222352451,249436584829546049,3431371655210809088,13041941047622179603,2937498036883365581,13184305894130513364,6761304368882562886,7482997262959703391,9468203438578994353,719895507152650651,8851964227283698527,237728039990078287,9297711820756860706,13272371968770939717
895687818092508009,5464747796037719309,12715772544917780151,18019866879749013805,5459083121588907513,6033648295433447939,15227362806183730279,9515974766253848521,17162870480753133579,9329952589191352984,11487653889494451341,2471042562027339586,16129689815015319933,12009330155077741297,1047731439707954593,11903914810075919446,11961380164564017099,18381487867678265304,8093451115696762328,3773089128098579450,9008697750112442590,11127077641993059472,12866706580207199691,4099359101536035623
5443780819609123156,8847045384005195585,14265085321477418836,9506474196251576533,15074064642782699044,8815124546619740328,4703474671276194086,16986161716686935062,13559020119437016494,6336017330951703447,1112455358668581257,14162753024029764293,1410253786468883125,9054194808146506201,10484619983816794097,16088051342748018141,6186821056548284238,15847829297048435845,13340416215132323193,6884480759389004828,5862569768915773414,8584000556305886783,13450608777974099768,4576014310290758294
16109487820841096755,5484419643243426970,198327688531151147,2627553122639018482,5140956096205149552,994106489984279527,17672249756488791008,2177826393675681259,9715448812530045012,8184847667774278140,11935495980790873620,15192476164370296130,5840379221775983327,2670887335885563650,9871716266815404764,120189301184051715,3988923135252038017,5263195879867042164,11225733369842157702,2137963985767426803,8454868384256506595,1627525097855890750,17153499072662912896,10720382232514607677
9482514477639236273,17039367320312019556,11169048532172582141,11716350320238619632,5135465001985174196,17229010106551509349,8427868379887461539,7670624632459231748,10516056899049702685,15627725731267991213,5072486600903172208,12757998803747080987,5185991567481885103,11966991611847788235,5009148227930071083,12388533175879807934,7753199321676256570,6603827263616755111,5834918275242547498,16237558983507213812,5057409110888989295,18343643702964504115,12234968282129354119,16363646627940331525
17702740566888926148,7096903948362159950,8418076484456122254,16520744509573009678,9694874323376100438,6888252933031784079,14913808507526650533,10160521030458396892,5279165418896922998,5155775736288880385,8311031575072096098,5136689585875171556,10708833560187355898,12435865483132560404,3749217798775354939,15898253271847893399,1031115062813646636,11164101568544960455,6122080315133298802,2809313886369367877,12070816737812279423,6882586474373253407,9016732212268807090,10088559936050073961
13315048553504729413,10942833599869750655,7644983967007284161,1811221198856904769,13045303920668001594,6831222436616170096,7374986562901461396,16844386334590111404,17652927897550276692,8317209321410321838,1735626902454497297,17492100512949937928,14962255879169082047,11369269723790851643,1196251360125469646,15255576187094164897,7425503919832559936,2389780156335124059,2400165613019979306,9047354351285191200,15434107307844841941,1576862402481221943,10405532883790130116,9615459090060369429
125836551315931337,15278176935886195733,1871183325924523471,6862525436473610944,15726146145830654665,13889402463624985511,11672488587550558699,9288357097978472452,1551809056597367633,7818512422374927611,1310160587064534044,15351689699036948281,8114389634202549881,13812683930980564225,12818491448666829392,12544836196026338971,8146217153383331224,13816738469708025126,14099864693169818386,16257982536160994386,3726770230826693664,14303257217052522189,5072623813557531356,6233550762923708099
1998427339932795725,832550457376898322,11330047370768972232,5924619269879481608,13121152843240725228,15873659522181066610,4157619128960058708,14368174137352025106,11136080134891885924,11044800425495572272,9675677374429145370,17320428176349093780,13172712159306358260,6211700829088090040,9299230463983611139,9477441845666975954,13587346195243161426,10188955819625284238,16719536289811315938,15425201337281906257,1026674039492151154,17985307428898172359,10554469756767205901,8103117920612160577
4019028792296743372,15370325724831821046,8866656127343631790,1974931728936912271,10186616825527987674,6575704008855053940,13382975058973396598,1845601461620568234,17521237012874750113,7997910443905106047,17460656605125557127,16881214925158252594,14608288347527321814,18271188493256106787,5102958511562313913,12331744553089432468,17312437631574921401,16104832129751841684,13898991557532505756,7378654120056448862,11622437588034134935,4864840040056675352,16477785573586807115,9146602931868842072
10002570995431086985,4948410506609347123,7338553402413846487,11634062345246332550,6015462023683054237,16527939464347475307,7834785130891727703,1410448679777902377,17761622125503478124,10030868535668250906,14970540353661834360,2122917153992692998,4383482663635319631,12288937085539407224,10659373655215981922,13972042412132447181,17478949418209308154,5899980844556723002,3948715943830990880,1378899617921053773,7726401480302144237,3794352130494465414,3345391518323873437,5863169657751591439
17719466701618698506,2857021582913079380,2090020051915703641,1383329742722636035,478357012936886924,2069046898917888133,16159133961528510838,13957548753924241892,1615761119914368643,8215660066268160638,12551743392012461656,13680588759592303994,6415999918316522513,9751795645284084073,3028806713802941270,15214006693101893519,2712618255042298538,10732251209264198073,9155496655518690483,18327019882394310454,9622882549242277625,11709798573479714269,13638469259246949621,821053131262758772
17050930551139801738,17085151013539852359,7013077798748196442,8754645450071537931,5184820302806241989,12423129625846136146,6675149645908494151,15406024630069500750,11917228245659109348,13221840981140915223,9585854287283792889,13505640331780087274,10096979440325265042,2349030631883470138,8829823405748927335,15543543057503858952,16683282360990860233,949642244465393463,13434898546842463256,9150238225312646678,7725112948790347100,3371715020975741392,3844605928732564061,14576138590447938385
18051609970902706525,5595375865912139080,11616306966669004630,7694785426269966361,17201540356553400250,7273874904844920885,15014489183700930767,14809402897219350943,7549349764635835841,5363031569967322296,15733959359648922368,8400506180759569097,6526360066699179373,5401864352684610641,7295538329568598248,14663779862122615745,16323896246162118549,4592345632849829137,6207764093129313019,9423122024762729479,6450117566425992656,14897470029051795771,3482626225253323699,2442853685163007083
16826734566733275808,5344882782067653030,5085526116549668155,8923044110388005184,13319122226297434618,12066122537256726192,17888054285064325846,14470731864233231367,16111515689524374743,15246269695042948468,16160822178770349599,3798467484431307195,7181946403272179071,4616720472384444565,7894753231894202747,5737620514387933908,15153504177526050254,7037836327125576037,5983140465299526218,14740843070258143659,12087951908031236746,9033293633282064534,5665920020426825611,14112362196622286394
14677174426589720253,8303851644179787758,2834592250474584328,17272533325492117749,9317222346217108261,16610413548559603668,18229132832499519550,8631276447589536193,10151056841300311598,17242191365297947068,10052848595019196815,3339032168290312634,18130976941733558520,6122034537483930273,11722906061252924186,11761213471759777966,11564571351382583113,2045683395827515315,6378908124104681524,3569112641524126607,3347681779806593842,16372963426114582990,2899820692829077436,8411384137087422954
13287219360255031923,10064565225522478637,15549955863592438547,112519635714734409,11261608674157591628,6089641010961138499,8288582940834679248,8003864996375809765,7163501024143667933,16151875837361886111,9990132217252601823,734810515821141118,12751717294651456806,16082562314273967599,6294549754118025245,12145377735679598683,2907857358309861528,4527192611547301177,17792242947715924952,8065528815476501673,2275650286454899271,8772897132265619598,10386135895421605997,14984822810604313749
2719062010543349599,7315894387216006207,17150435399338991402,1448113338634514772,15865978417556944504,3679729338546926369,9674654669543970205,13226360960329155525,1850627480902347951,2629222527186809660,16815730311556624270,15872844698778198732,57262647206939721,5823254848545680890,2340132897617287966,13913975602834202277,2860882312527295285,8063789406599217101,14276705627568447313,11038679245841375768,7422870405230070457,6333287212468944611,13328537837111583934,7995270570353801955
7917802132470781930,6851054015747860386,9268628439097659908,7373283174102730159,9780979933313493573,13509859730203412878,921632078658904104,14615154399808907022,11992077407021787653,14316923277433350127,11378214447713370223,6920240946807290231,171222012659810567,14835751784304791255,17884805132009240144,4748822131545968800,5897600424176822078,11728643902724911798,291893632296046660,14882904820680708497,17724468431618273672,14688505691679009105,108048505940483261,14804727495540890404
17616360333563901636,16207945867073373318,17980147776283601244,9188517671660177695,12168313498664886246,7408482150614202865,9106158257647353956,13825747871978497921,12600865334005739675,15781509259676728200,7395368919708105695,332525681520914624,934150598131371895,17741765138882360612,3559620285455450646,18207944007961793203,10727586323109584045,5058972376404023392,2999080365207956788,15310390783436264836,2884045006748909552,6786912894161338344,5575801285575556060,6416891396028863942
14689635595332615480,3562730248404681185,8107708879357054844,12492555370913970648,1990118154147006375,9243370443240728110,8634666617547941766,1472203950607247820,12600988313469051172,9666958432629830554,9283223152281960966,5223114345058213774,9338297239980844257,17345687533924643652,7885784734502266011,12503183593257938025,15034797731424997978,5080993265830036511,16278473171588343854,4669912001630863466,11451170335292535154,7208014589662553444,13296627927451074537,14580917337576784978
17229725978244905429,13814990124881830605,8467416163270827027,4540271986683606445,11471990115280702763,12056528747726409363,17340354408831205778,4163414018762439091,2891709655886305513,2281320632955213483,5147733973753340086,6183607537879485558,5553984042813548935,8982629808906377293,6361794989806619314,2927164314858305822,9529590258556764737,4323921500041665043,6924405127774366197,12937551270511184650,3267891964000194057,15139844936884595068,3414388062379749787,12009894896628986299
6960833876654965730,5928550647136610136,7728549398925679511,8154130556803209491,18181914367230235550,17008809303700122698,7363576725135780026,13145777194531361784,609440484257355609,2189409362970607367,15754037381458201744,12887005298626575725,8059568327287183320,8300751046430439257,9502031382345095489,12459737654893846489,545382670429704470,12384050738881855726,15682887822058874132,12689491626663264182,4847517299875467076,13553849811787956733,14619777987357445676,15125642251660681801
3761595855011068002,18207003151698244352,2333403599453696265,14894066205385547024,2187736217307373071,1294281109220628185,11694805430085622072,8316591040135181508,12391329087364138007,16596849392180903609,8558210028209598922,1321013559588256302,3381265519735712932,14620692473432236799,11070271365306676975,15451512446742425723,9074654086008779609,8056343500191499178,14795993636790955198,1917789378626376401,819465035775962418,16514256917001757142,4307321081625013149,13801132997572807415
16382722775952844310,18347499319900091986,14747946756205098489,8013071671573593807,17293695921838134073,17132083793074751202,11767522481920793804,8745452664521726088,6282366096595566217,15301609088674134004,16567156821771562813,5932110945074125287,14574125003554284711,11319067473203298201,949804155152317457,7196431936474830025,3449170363599158171,14539582441985791298,968562360053844679,15872448932569011497,12493804547865136576,11936033842824665965,4546129110443921450,10749179602043814799
4575520410197349163,709769850662743513,13450690782587926899,5873953531443394914,4969279645477283271,13061367212123122027,9101582270502775021,4338782147236925467,14166425362674420321,15542484592536509774,8092530221946495256,5744240678882540390,13228159083408207986,1319225022449939919,9388092305430571719,15319744848237873506,17312027477400792310,8926708708121646640,380144734516164875,12001782103733120707,13773686199172918026,15601620756012484839,12793364983346334259,1379852245645607776
2873530005903369726,6686818772716914790,769717548057842784,5296679492145164336,16085736471411585101,7928621243414798867,3676292331077966342,992591378384197418,3501024593271833778,13411107840863011690,6872138107528289026,18412964498354811369,26224619880158300,15994816065838542282,11122296773809428057,770789290607354276,16827529986707146584,18057672400731240359,11266781695776261759,17577828339107063382,15701557622957661042,9281334854312770684,11013437180202744588,1327407356993281099
5116923260726938148,12118807205835216468,15893157139677300301,4902476329381684070,10121690696601426981,14891198572004962794,4863522266589959193,6035194047787198185,14956674243212882360,3317569951839188572,3752834561581993456,1413212491998384736,18436857187974287357,4328550944356121700,18249690020889693941,2268381672301426432,16540419389064032995,954992668057622451,11310325533475189295,17030967432287151941,17206695635941265934,847298576843678002,11894233331146883533,16979369187157149118
13083729650067683695,9602929280473751685,1454970738505607026,11139449559447156326,4893934397393753956,5621114793721493913,3761122733661958423,8364114873482704883,7238798376048114591,9053876332739343301,17815526698082031535,11020713359458237125,10458958122524562202,7142819486568850126,17564300126912318730,8666479037515196831,2101269341539491404,11257746070474150560,16100934844452754975,2973133045068999029,12621423026456275903,8748010042926214305,6022864941125099071,10452904563667956075
3492245310925882795,13097519924183224480,4970339371900422601,10612360003918376641,4893857201189067374,15880110533979065002,15196215605814986703,12399048106642981806,4529097121718539647,2143226461322507119,8162983708619883977,7508813203101018676,15563937163460170462,715489185015137431,14830632469973529886,8027725751804424794,16721980615830949436,803725634447245715,6011737218445172992,17399551586170316738,1822924442379106244,3811070345932903892,14841058234526154129,1968085612544913339
13115547242138166238,1662237137737323359,2406742029344378185,2562058878378966730,225036431808898359,12046719859891746328,17286980347245157167,3236187974823882972,12388272487797793884,6003636254282085910,11908658973530006839,4875057690802346216,6795018728001399404,3875613880873187866,10572784698582848721,10483356254465430790,6002961313179319873,7592487445143874180,10209353328491140602,6018189181535767081,6177326978377431999,444856995214483172,14515515242736177236,518310240262984
17218325534728165131,1304397084966995456,847375208776613181,1602051203506916788,11323260030766977171,13992031107007849989,14801160595459950803,18290888169665134031,6143789735839122229,12899155960006035772,4551269274855702526,5801047311482384067,6241769676884548604,11674026600048868387,10176738495162532284,13659888501569231862,1997730984290715849,1758610233609141104,6427118170988953773,17822426453296680075,13461650014066215889,10514757145542847864,10891437370155831317,3252156967566301118
2889161879830293632,11211380839281431455,2195078567459234524,7690425199240208481,12504391213650043975,1110506446117610889,12930196734296657110,7958245685686212402,2561041101317916807,6186068465619873837,9593133836689081371,1958935417706717222,7412792960505086901,2819556486463493104,14934523929595955561,15981220859098289069,10949899644892692046,4322367605662552289,11263864878440414830,8777143303806236002,14843277897501640544,7630684840895135959,10330755767172945936,8000601402623320286
743497501172707402,1748424095269768082,15752230797676086032,16661950260330373997,14132418621513501758,13761679209995815040,12938331608537723506,17607285128273732965,7218842934021795189,16776408060837335226,2432165242066949404,14077947191254228137,10983042770751002076,17970951180201739310,1984370529447424113,18155151896210011315,4989678011265634051,346645837295691137,3496511925312183561,10401391672306631464,495087805111335299,15112935229966232327,15494717867936881412,15215063233854475688
16636653743298433513,3421682973071250944,12399842087441033546,9916333702071500720,7530364467675868602,5981492279337004499,9379602128468803982,11217425670066937951,2544151736595107206,17081827770134849032,10384280982933977613,3754719900686658688,3667317532644122115,2735870056468027947,12715527643101878357,3706890672531724916,5762467667066707744,18050981752265583554,11514599645257646879,7875078200218560983,4158110512528223263,3141767947236449,8732848036094205250,10240542562671679048
15889286010174870170,15730357130355891289,3004255476932458041,17141389693094412558,9103576705603027753,14226461706529520313,3895910486973002948,3659496284473183641,17157952051638910932,7503694502311059476,2547755202297671408,10816914080247975914,11792229252356894639,592153276848782595,8927452871346629535,11557180725367233137,4863893418727676849,8213345688008097899,217055204024419446,248621724003870934,11233958425149424590,8863697077073423465,3350985828524059442,14822235822121640132
17151650804698976553,12896344531455019104,907278366932839748,2399974464792961089,14627542218391573619,18095937352435195113,7546317859043082840,4229851178388693396,5129204634050440762,10640848518916979376,9992308391173666026,13028052746639272118,240231600045367962,17977978419718912994,8506560427310666859,520535094737884682,14746036926908405253,8797348987247282413,16835039467804451952,6161622191219817330,10753473807338053091,5408600444006205264,5135099900230795577,11118912780379321043
12569187317117730154,5309930405531093504,13046481113835247968,5947002501838347590,11389022554378464170,15822838501664469628,450820243762239503,7689433447650574018,8509673484205932056,5088390105935652979,10885912427437869841,11753416097838342114,15520996052531995823,16860195059533795465,11413910168634449925,4981645551109851533,9308171087343281998,7730019577914692411,529417485430395983,4299143630163061067,5073348936137937690,1950776109947663698,10713052962211953587,1760650082606959986
12669286125286168130,7914376744005484710,18183630312114861499,5055581900166101461,8277338940447414566,254468315544051734,18216935451322684155,16022965310746382409,12928290762996638912,15539719139856647668,5514999254478826703,13429424507673644128,16807977795123136411,11991353030227514725,281636039672407548,14348519316160955785,1974080066559701347,12429830673454472190,5405431338993031177,7650175439284564868,14081668087521267403,1049154554711608983,9429219492484927015,18410154720219359773
10625044958512473562,9180007840816251858,17120123987570494580,14479819580793301828,4381468659004074083,1092288935762671006,9758415666751223786,17387327123611510475,13442746134165616978,7947257049815430685,8222623698813874858,2991373474378545591,7154877292439658234,6027279351746008884,11450214900219002145,2973264878198392534,77852454370138291,16539035366476878612,996761448265441644,8504468487644077113,16830390814453032308,13333051968340739426,4947698931489114030,9458209603753152332
3561640686689874686,13662155517052391123,229436864855237045,5760408485422345192,12783621241873904428,5781964844445240235,11644636445878238684,10338211065285625798,10505448954067717784,13072787511996188849,8449093763152609638,15532827991168181451,17284246503086222123,112077662563497714,10024340817995002634,16328161076215073276,6076102564708699444,17258020184250434598,2476796095847511304,4128160149768665483,11651804121073836456,12603947707698639555,9230989754608722628,8219973134860487637
7208309508423718366,3977191939193509341,13643026823291900750,9173755144334769435,2702828310755568686,2742908556498505648,13733024494327827757,195270978569976935,10798679266680097621,9162626023584523999,14495027738709814655,13299645783435614175,5193314243761357216,9581710515531404768,7585117410565570780,5076297243260939950,12758683684216981115,17910333521929497661,9206799887889479110,11610616845537119371,3447315059681232539,7789893347842857233,9317357104907122275,16319368242088427312
15649618593836621216,16871596247410762955,3542695615065155321,4931767058678544768,9910616373231035056,4646523284326093264,13517720220119945455,8822188653152939001,227631200370813944,14071655292372917853,8467289643714341155,10145503247897006235,16036476018660098805,4395530391693651543,13912772704095355673,3795340376917359107,12151997120289873237,1013035226711211060,5205346985390791912,10882618415051782391,13375802212152257581,1578867423050005199,15360865227574935044,7229646673199340600
4848133336299431334,660065060054571807,14700438291440178167,9201371750637609898,8078254340930325261,2748439959228546339,16215802705448062666,5269556934770478569,11629830174407372793,722482395409753751,10348191996812853603,4370565032593197395,11066398702169722148,14359726184494702163,708862538193335710,6433078229066606676,10101008637479795783,3555536086595763239,11831265454456915347,546999842009518982,17485533595639620785,7796309766768482582,12334996403020193390,141549036546147263
1489805140183890919,694245316593776759,2893188657053213473,17219315201937727449,2728638368115405453,16099519697549482092,10949577006008031638,18168924756957157617,1286120421714966327,831717981707642773,12362769939913501768,4947539263800574558,11053947313153701134,3081035046423732071,5159669930216635582,6277309058500884244,18283662088737705082,15766011447472295508,3886563621699939630,4526201184122468979,9915360528959579207,1372217815358751699,6662513572380396993,4111673938954959203
9787083908131132453,13814248484824471309,5055268816311185995,8667291075508295424,13429993447111990132,11218148144096693075,10635007188285337777,8320946610021498656,15845271373881370660,4191408092937556099,9855416497440422412,17752059859098801258,12680524097779689084,12616966706726480521,14861659078178318392,2227909084459011381,7429363797150816341,4298294598949506300,4304614194029757650,2918173014073161907,9920099636691194215,15367408263547364863,6419910907627332511,13908795434235500199
16935875975555400855,14987484179073095180,11281744432977706946,5217592514445620001,16442879851872402290,12862087430627870595,13197084903633113008,1465526739429538786,15756631729277895545,1707004482789452700,10505586796864084231,908352992584242828,7120434803890975907,2410987044561460512,732587755935009328,9085652824662264664,6507172567809114081,14272142446188142097,11591749433415530869,4714165341801870551,18283272722787319133,1286027513097319421,8261917921304365444,8140736379718035734
12190103107659810824,8461386430809565428,8038937121538820017,15722554819797850539,11337406345215645988,17966747299113312207,3973825644904017388,15154113350294917824,1117520258283156511,16060278613951796505,6803980858297857123,6719861496248026617,3569451456935037391,5360856199644407638,12547365144893454984,8030442624970526060,696603376778267282,249899098033155904,4847784909132198809,671469909113272454,4457575450680496289,11216691666851369004,9679709861099955098,10809399338873911202
15193526301732761868,7030789800737232827,15932089919606893822,15214305941233670266,2861543517843432104,15901304613942948428,6283139073797642910,6002588427100453434,941352061789880518,10747961632332864333,7323120350644330293,3888657344570662260,5257266340083004393,45998176830756976,9661673255273413792,6725615620835947235,1760438034566005185,8382264164374002966,4398217495898030278,3687957628924802202,5904912419922100204,15359989113082912048,1086137503093841485,16846218303637874017
11365810278323178754,10191999314510074435,123157362954011327,16938286830044361245,13143929023005772232,9869348668465840144,8807511369303495717,3246037186884232622,13381649273979270727,6461646904859211639,5778016438718883426,15170419758859043643,5990832951619998201,17332108538509875406,10407647199754211142,16826488987783457916,17392246305686191062,4678942320311925287,414064269291205767,8711055370289434355,3598568299190869958,107943501570778516,13237212380594915375,11571973994081349154
8280701125784509243,2862199954695500905,7106638421494273747,15445455714050361701,5469681774162962763,14236007648992854557,13613730129542543677,13397359559502369246,14358878825717300651,3219568939423924257,6589587417295279794,2539633502701655877,17229015444593795756,9197060821773276197,6834971311856467813,3620606492165019458,9268745814596100121,13363928223054556034,8220230233318088893,3916680656810027109,12458626255659945494,13301987507402239415,15312523565308661031,5326869684034019583
6990896000517052512,11326512695790164717,13110288251781717786,13083153457935460054,16706231853663526117,13380705096489875806,6018628932343651791,14861644794249320176,6141459159828029314,4625649159305216326,13839238938559204454,12131946716950197711,10701105451945035653,11525142792030437162,6444599723333337863,7712311352573307895,9264405162470486522,17250720631931467893,3114264575991597314,7732971061317482219,8647381201298108559,15526698673391213191,17704966964452650972,8916623443975761820
18364670477739437281,3696874065360817598,17999395882060903859,13070862846158832278,12246652233554164348,10217884302883424480,9595729465143034590,8458511428577226798,16090404799477433132,9353113186152801931,10277723609325619612,6206284828849003246,16922294362921585052,16931775147616031737,4176422367160784617,8083651574715088317,10704893195408383784,11326354580890136698,7217488020467016639,3708996700346597863,8286318974106076169,4609378870778426258,905613463205138131,9525459595371311145
9276917830834746190,9924795103722882205,13255209925271916794,10929699501902151741,11145849383374902118,5644802871071940373,14298377275541730137,18316444188318788613,8997739536648541868,4098213993744603010,7039493764274676271,12108449994163322357,7696117831077648908,14199490042672320234,10289129915846968727,10878830590007522601,3170600846793134650,5452526207848199217,11535976063058807920,8075481102690874765,4261433676836958649,10877388894269536856,16291923799851462895,14080531427194779064
16651662196992520484,2304513935924852408,12663599046360836820,15815129255961872143,6265670171087999912,13232556967350959791,8693365292921297941,562993990066171432,66819918859149658,2544719855000150014,7314654678863371607,1475067867031845171,14805095536563172414,5117641837053966464,16393865979464746276,17214830014735983812,10284689612475211046,1174373472409994526,14321651245834488483,16872275141142221635,9151580529145290299,216271674252524852,16995427728328710321,2709421460871285730
18059114779814408915,7860016688853660751,12174324101335336416,6603254621149612645,17729174868977300217,6724468355528822127,10526684733385711937,12069361357357973273,12131984004262874023,246486022656007687,6107891573275111536,15055675964108501531,12533837731938663141,4256140252227872729,17788537087361106997,4908769529708609448,14438164025877437344,4414759897626382423,5485123260075834075,15793509756096487664,6963516539702600973,15255886236253462266,15446484137461424053,16991912835224540958
4847455024967991706,4038282120676503679,2690259172491483112,7808496214276938092,15116858245710250177,15544399899368984250,2182629375957120740,11667476637078795016,17599920413754534136,2566813826450758788,16570195156882171052,3200376929190151078,2073513735866156005,5104433580711506207,9678829344858059376,7968178819522617658,3316396652949877984,4637873898046439861,15379442937823369871,3114743381300080411,8665700783497343835,10296198091017820150,1319171324812404992,14881338671271570648
14716147106068821154,16548989630310835215,13728558630481032457,9980548328112729517,10839785418139289522,14665978085496056572,12930311770164646018,1835431728504012091,3977050819608473956,16510708963309313475,11681170865713644277,16239065448322105865,17540368788115732180,4915718230535942773,10976515404014895296,14760778309409369909,15813373123568754791,10815528891653947163,18098893403202067913,16521354110007526077,15959372345696692032,15914611228925449018,13545755728519653341,12685763649892362062
13769259815425760252,16790546461676049666,6932899876270238500,9251295492134701539,14853447230014890365,399063230753072690,5286088274025941232,11310447199147588913,3527736037343738048,4179095732132276399,496185745698202824,2130555839851537160,17570754896605087763,1274148355373861795,17475015528303884728,390712915438149962,12899614919410370784,2489107409745901014,7410740603110143191,1832616281377857123,16134074091218910672,14708371265960993289,1565590361265416818,16984089061159828847
11277502519502574243,7803361115706694924,10952473871835916474,4543378047170349080,12516618742915488052,8276429149184704183,4760212942650813976,13578922263835925142,6149759965134592314,12634653352752362326,2352160587486781545,7800603042655999053,2399635249843277789,6708880832192522359,2814370285424648210,10014993608289699375,13941383703394083238,18385136018047653843,10259304924860624611,11369346692719761098,3168398550521531693,11303568660290031827,13214343652205408112,10810151851914306425
5186855373631585895,16643194635079793101,7513773727338343512,14335633806296490187,8916462314387980720,17648711803286002461,16972135872384579837,15835498753757286966,9729476397038699944,1663677968986307388,1016075699221450520,15856346979719443394,16928784085700520639,14671451289514606846,12316458416608863441,17956490511623251123,5453695696406546076,211682001136824866,7769092061376674780,7251257362839311881,11230114053515454128,14690700889696263018,18307765301818960604,17325079500555776372
5620196333216713304,12467805776640558178,254510406062992920,9753716905047364049,15811201288652184929,15322525786096985671,10068670410131697964,14730415719722299998,13437459669664091046,9935102671496932275,14732168541177249976,3654988283442286463,13933991369329713217,16054440902197542889,8154202687580478834,16505189809699885535,2631227825368263702,10809281537590211679,14768478224709350289,12067696045893309260,1537916354966626350,13033714254010034003,9814592052035503286,12575767846925508637
3730497699594969965,4391636263194835926,7815656644207928886,14487956606033823291,13826411806227403528,152524276588310784,7134336799513959736,7843878332737329250,7574420915003140365,10524084460144513919,1953779507023937532,17086303918362699420,7042164257025059632,15747043050624320890,7469963983414607506,12348176212702852864,12063969548786336070,15220978290959219834,2165196476763949155,13665113542673011712,15321229331590592328,4322169961814518165,10992884872198225474,80846361542655457
15227325246560060906,7876885417559048515,17462900481511412669,17785885789273002527,13150201825211039013,11331882621206739308,9719196302938788063,17782008681913137422,7966632352020377662,995108005147918449,599675897091315859,13236702165087383658,17589061684410207446,12217190679098772613,12399161081225159247,6514633401124131030,4949032005241172662,2456221641165038248,15974853943890633252,10307415239903744170,9124766707741049211,16633461479845282334,18322254453988131991,588213462820708082
6411340482755819124,16780450542715905912,5025393034107100290,13497750811240833274,850185203703035096,845505005807530226,14550367098066358545,13506465756594119513,2388101970420550300,9582716073862697098,5593921463684993238,7364401807584562225,12203879062133164779,125413896721607061,9324073009149727952,12540671390565017373,13038256413905493179,16978682168590635896,4687015071058585465,3256320355001792509,7308088030509935613,14685483060163565878,4309123985411593757,10754205013705655215
3608873249552240398,5900112601626013091,18171768012871531885,7918051674953953575,17374500509974077434,14708533040250822862,2854240298788505275,7389774158019340067,9817375719164490134,10702298317886479341,18090820321779281613,10670482393248875604,10914333067892911740,11545021902431200169,17583506473583077578,3759795376170551971,2838041660426309782,11317154269134934987,3729882852594262101,6868246476354126550,13353608332316502402,16533919815354199141,14796877103458403759,9739417066031558774
472364423100130702,13068927441642203560,5194775685766532817,12688794779854556949,8340829545979135314,22827559051713850,14311568325374248343,17159421886243235267,8199761211697017207,5114535538150905181,9614131320299173459,15831151752444823802,17882197970027233804,8916575109629170801,1281584300245464092,1935482843991793614,2452839516626628145,11656149212576611866,13755242253155898467,1774387773782263489,8666947989784776149,11214149981784172866,2340797635459585326,3640474925710636925
3946262988239434272,17692901945277503895,14932079380430820470,10525251257672244361,8016386165532248156,10874707790425373885,10022187692024500868,7717199396391174342,10315624133951271558,2239699041845682065,13125900585730404886,6040749216263276924,2416744429630386312,14939480040266284889,1489415222716890263,6461726758977530303,6622522196346520323,8414032019731535002,7566159701597304167,16419186782915637150,2912946393536824436,15354980954507868858,756559833942106864,15194077643056933482
1644951551739314845,5264885151137762846,15042358407985166229,8672887425157593245,9110705785562563147,1824234802244171983,12794370364329074597,15126770732042681629,12283115075960293804,14138196632047308714,10948967170778130076,5920370216688265213,8713091417394888034,11817074446578896707,3680257369021398218,16663667323767904478,15267062477719740137,9699885161229880663,15666998491530934712,13250760433283536203,18135293068291818682,14939666687459514900,2166635897233586463,9865909974213152613
18042104927729455134,18227137444568044285,15044402348991180132,8339954194184528358,3255684007511861546,12692766563917759118,7560528263205216634,16617431266658104301,11616727711898850261,15536043793923541127,17891356188725881636,12990947665850085416,8700279926502984120,9318647830633278137,16778930894330221160,2245730918485078025,5413589386786549311,17334281057454822126,3162608392133641947,2799074759536971270,7031507512240067527,17401195473013211303,16608472511757519591,18204049548230740753
7074223909696510169,5611967468863898684,7220517595888064810,8231408043908629534,18079609287713677962,1367334147212755593,5659416719176394286,7730949668158457548,9569832958938884762,14292069081484250069,7112539321866381551,4279540951043075588,14368109684619823345,16066491287199111948,11509914301136840994,14200276917585710650,1018991204726024757,17316559347563291707,2563470150679740977,15815049484541837306,7217547008530874505,11896092166565838247,7600817233257754,5147895769885374404
2846212374478936368,14994886457114166125,5302725898222045038,5060795538903524552,9360927137373195030,10193340852433052836,7959789430602283010,3524312919660621965,12514651078127688188,3964931490202402441,8137611297513950684,14666639081990663883,11449983556545388706,14722361278758023423,8950701275540200259,12778964761305467229,2114795003208520557,817763469822894573,17112866150930500125,11470414603680134801,11077463258280707193,12473532039691060771,3005707784984876043,5341879025790999162
4828856755683869627,2656586954218096453,10828930411359487001,16016417474420806378,10396858442350216061,177614864060086262,15732759645613948685,611634218404904793,13972882839292306520,6586798109379892904,16019407867179038970,2921052965585897415,14032684381425105104,17479775194014038609,3507548130001284569,18258616501170455460,10658721676928973661,3883659022580550462,15477332389793035478,8461743475933829297,319725189988763648,8964601532215212028,1869411791112177902,1118394438423550654
14922515420418726745,15622593129666008973,8294694675210646030,13711201040888648799,5420982642375380161,553262809746667079,322705277242278259,9842414784903238319,6001882224569868065,15425826819273037831,12661243999563800462,13750682275383011586,2743313224412738024,16980705378766823487,5548283562710346095,6902572178864683383,8590215356542046605,6874578222399696442,15891977227652528616,4730886586723591435,17455555303879277046,11367443717728504037,5683930654133518356,9812838250392099528
14585283716944248639,14519329344234293726,12888967040300867744,8770992280928515780,10513097689252089123,7168593250371543324,382630179388321004,5606731488868808573,14429810879549161509,4794600868007596585,12152437713098689028,1229102496971917908,1763407233933196556,5413744530705032107,13311044959916226247,370164735593078128,15895003658331810955,14085402599790215854,7820487614100178644,3304710590016208257,16188719455187283855,4505414668800003448,11871032869163433435,1969401828027482844
13540974859299923928,18143190292052757367,1809221778995346442,15702806214689820467,12325060662286152013,9124359515032113455,9832200322955060017,7733374171695364079,10987843618107890310,8390543246294655537,17977570943578512378,5309023549272372643,15608058555959251502,7050785079654593160,4604969477256735319,932176775990118585,11687417170661808782,6702278037770039225,7697170311773338165,16038610492871048482,1186558603247678054,11096285966311372915,17364303409278610393,14318045718801286444
9784209539903056408,17421898409025628061,541790922938481566,4923061067576307339,2767802381101862409,14823650283094879568,9237758157964796587,14759767586023830142,188246187228009452,2682521825752223894,14010819150808042602,13734209956098789436,15128915331778677717,17535169242332738980,16822930332560756219,3183206780180637689,10129940208551842285,18019953082726131568,15034271589081476322,14656848547945397743,11879846114505324909,4741148443043138677,13514337323929901047,10216660387544476990
15642519263815241449,2166234857950513372,322353183208381454,2719302913582845618,14349246690652885508,9103748224865876106,4842567339431892855,3841456463483158578,17515564881263098716,854936634012978654,9138264442800752940,3896715428505408896,12831523701658766366,1380913344265133733,15381168419645656804,817175622009915959,3295726192960184514,3151976024651734549,13977137549225332153,5470396935100359111,14580149531165126710,4996783355356538568,12337800454306613811,15782116595357943541
4163305257798347472,2869388836027279214,10292985239541728855,8360486055994580027,15274278599199098638,5733514497541549633,4858426977363555574,18185780580855116237,5116209099302208519,8302921680837043100,16320173201431906175,18195085111321019684,9570212776880125010,8371709892179395565,3737549399324503524,13793092655109710930,8287613812647019090,9277781072413306080,13110059273869861309,11489228959148388996,13685123369444378248,7345174069876102750,7337028882817861855,5128954217023551977
16209348049989079248,7222377139003536718,18309595484317114827,10103312915654574477,15370562646953509618,15524658615551619805,5964168610231848379,9699965500231161721,8633064684515904265,13282067702554377140,12283917652088970956,15453746320476308198,17405380432919818384,11905091504756088573,15927054312500496527,6943108070471546355,7349004932469985549,6385588556251285215,17010039039623308699,3440888110063675418,964855932463394042,6022444104279831405,15068340627987029962,5979408731705625353
12365897890685367803,13862403226881527980,11751901777245410101,15244430032077392378,9310642536763669542,13140355125523621282,16386844512395183181,11138237696403846273,8657045500772033277,14756698108297933390,7579963799953684057,5387321004487113211,3871718825717774829,13958885109733580278,3699486780891684662,18203975095627637310,11098080616843426238,10004522242608550783,6893957572751437422,7806050504706673578,12353451811527015942,17972448843174300365,12183025463213883218,9981134851313223582
13896470734196844855,10585539889630002531,5007012851374260652,14049788312869441371,16571146493513505359,4195535259694114206,13550038053696338101,10518387589119588362,2717220259967128284,14456569366254596923,18272101201204099727,4767738306261267070,9626941931261212566,7949625060705875626,15766733827191124348,14173574422143430952,3393940264604956577,10761711513157694903,12641743285984695277,5657556521786648668,8030557436235927301,7317264211800370996,3667222817805380218,10899063834854438123
4243123048233711249,118132794061221994,1071303761467166569,4797637240692117390,14205300067180441697,8707327236077362147,8603598911316869387,3353166707904401837,17055396620008497024,12950765649682544507,15181133390234309861,4773720921317455970,11544286256457408341,11525370799710413337,5312979104580074227,6855956214503276985,17728904832161646569,9340247291136700383,11911565801807031798,4420883070022744049,2134657751566379379,13221070227393990982,6137686889714411859,11843562998732971992
13158244251468836686,9898812304196530029,11126412860040492687,12236597843974123524,17361624854050892871,4957428574800923694,14511345114123878044,13163831851971917412,1943164414422549716,1734055160822635657,10341964518151837328,7321406780587297704,2221671401389104115,6700562741480057475,1765421570789056067,8962268791033089996,17178159905758728945,14784280863997248801,1977548956339151034,5474429294125960536,17537072320359158429,11699622541188120254,7306442182793762041,3433378683873627067
1229807586869714723,10270920308266033735,1248372111211298519,4625638764979966464,7576582520581464104,1489309479575814258,16238791921986721406,3331804778034395638,16094804389792092983,15612323843768096380,6987585720959058268,14200693648030922815,3738336416185878265,1228449217127405434,3588576170993880967,1931741281991667189,9853829162762580435,797707174317740935,3816957299596541998,16872921903792945419,10682470105595788029,14760865828323080718,13953534715896865702,1373708731265762013
16429202873474129369,13455341139140388248,14501149064907802084,3577779607129560201,11099173852261331074,13012090182593954179,18411994417587826413,13859741445133015903,10272093655327649194,10647305084684940903,15995621184329107347,17540580556297295086,72210387976240401,4737625065855871910,10790582345619371815,14453612208230461855,170353363122605691,9773907233926199272,15464217820120532399,3064840645247558671,1353386856686499765,14170745423161110148,25837226804747758,16366421304653189034
1896417853299791557,13195003274279981797,7702571829808169800,5777138656576814272,2349561905273133655,468917038339881289,7688214494612562687,1087625367895094437,5074107829371482919,2719984305276422010,3056868873482214952,18391641605823111107,301770570479687628,7306933841163877599,110279438482196169,8052262422238604011,7783992789834879179,1461696048485642698,8445813679493758939,11900968778032550748,2192694256142952936,18386931677480630957,11023292231141736090,4072985628679539874
15345107436731355947,16925336538113500878,3110805065857185306,6550598979696287204,8433163033882202670,2919938809941311875,10366041812582598945,4509245683375912523,1372899810835773562,14693130456613515401,17717411620725297423,8496283015611070707,11823679113841104547,16919957848772291281,2810769401069240601,5961490892040829718,63463764175100118,14307983897071346786,2986410636065735979,6096237594304036629,15691127498051787126,14699453938921540654,15323980055301448386,136942150793804445
489508332657095867,2339720822582586058,5378911950058265305,4632108032288024566,7469741938373512537,4686121252417430215,9645881444164680937,7405260027307102187,15399800098283544959,17682279270029000824,5280420992395888547,13285002037699802903,15729392264318651231,12108506004420600706,13285501988635407841,12372500629843147643,8800396220433016060,1490347072533899994,15598956904101667577,6939148725735377812,12823683954501765640,8258700295247708126,8238312483274946213,8437180505206799123
9720916415592656305,13974458196405988774,4712376001766160454,13969224871737138708,2030836023947407819,13103022148631569426,384512323431825205,14955143544889956404,8277108325516531607,5123088029132602620,2756066079276030970,17193154278279384306,3917407473102559739,17531196560126842763,15236688534016469381,13186892520924108112,15336833336059044719,6202331183912445681,15641154785472060597,3284143878498496854,15272390580876417444,16934518440918516627,8893540575334816047,12458377614822744502
9138737137401575894,10626442254858607672,10048907454751247170,8210930417421103534,5082999254266812685,7697582352087937245,2518625684767784414,18272228584464351586,12478478521972874614,2990559457353516809,14634483266644541504,13877601972625007007,1345335736496028603,12600083352346851487,3079438112564013329,5062334681634560769,16717405530822195601,9275830077136211276,2807449421013379369,14886652451710165761,10241431098820077774,11453535504165670886,15426033085397332222,8419907730697576322
13485175994528531234,436258007550359392,11337525449580080426,13869234935267612371,17455513430033348021,8932546553907295891,14009277424509287060,18225955002757148915,16769294448954843516,15762635618061352198,8950909821268200638,11390643793944201075,2345333279167995763,4481821056083859687,11778046587584133729,9847881568698462408,2074857055941720443,9855586268994611572,11860341068458469578,2840243685478518060,15443626210573587490,17940336139757111393,2391169108939165696,8777879669796358023
7585144740383516274,11247064557212676921,10555457498771569459,12983872937602898586,13508748660150111875,1260760568190817391,13823575377955898435,9572061996207863061,10338300170083424402,17535915423315993145,11580375912730064015,10480191882513395004,854927121679691151,18437336199209789969,9376394629734009226,13100668573983713181,1695108218660723026,6299440154225952661,16137130494364488124,4253665850101900100,15734210717752656605,9228735744346290992,9869310261022640263,9783823107444899831
16154856905794862571,1917778227919624732,192756765923321436,1017644184391142003,2331967010856988263,4143695002810910591,10668752735172077342,17814044311251871259,15693860538449429694,13600456169176631164,767127147047758032,12568989287425751101,6837780008336095694,54069037934632912,2013910870966067581,11885543306905966757,13743449558639078178,13302605689974899213,11451704253642918452,12745884931018768366,11294817205217928633,422559294917737343,13694788542344179757,17818382888236914765
518118918387427765,8632134348075718153,1539010076454091949,17038582499129175658,6929713874801439401,17334878521974680053,7807128691887731371,2350573934688242992,1993095468931215161,6934193714403165781,5111278714710202374,12626027389911853563,1009783236829528047,18196845504403396085,5395553556144303162,13507252849529621425,5133707675285431788,7799731590855130302,14171915113973761952,11975759039757103795,15514245901810986642,12819312893763784394,9921234193684900314,6958205501992216486
14832368295880801909,7638842552221216602,13532143935823233224,9567148236098847921,547999915662113256,15395465767210680591,9854192873838999426,13404870610082461129,3771501318015899057,16031249766566330200,10493432726259777491,9707510194528282270,204581899832666148,12872272717593366431,6189270922514067635,2547174088257381013,10906561764400338871,17465149268295043006,9827867736767237626,14414902807608835058,8963098670879443686,4583367245687652344,5543285456605965917,6182769868549228919
11086470756022140127,3655373564802718964,10477916617990194386,7946201466574971938,8366065754503532546,2992493417685014353,3969780400894692291,14371637452267345364,3800225691825291390,9537634211442657386,2082456857862175421,6760204864503720720,12971067750060984496,11707886161176716740,5045001301112153421,8771107654943100658,7251360198643059419,5658447595423286681,17654033783905038878,15188885498689077498,9566913259072418995,4836273265040136515,2064396917686658514,17277245451034339941
5151894612048223072,12317577580366193073,10848855735353954649,420735224809166100,14913160985832031370,16880632575145991618,1079907127382680862,18133428980599477486,15584003105789968620,15933816481789063690,8879175910252838588,16852734664169291008,16619680116755530502,14739431848551170911,5003729014505191743,520231276738110216,8996241762137027387,12708246923023703880,1503256870766180062,12450071060085011757,14503186633413484805,10381960687843599523,10661103592080406361,1863538368767240814
7778716658503882134,1252138194858816356,10601213729910171947,3644230511605872658,16865610823688210616,16801197509505331161,18028169466411673425,2855022854800094916,12081133423773057529,17026970028633804176,274594161758897735,9618058644173966870,1267430693582041318,10346382120144365609,10917249394463266894,8613388782850456547,6105885465553350555,16197287805519839021,2901311180211644744,7466363209325362669,18117773432634677076,10089188982378378735,4572399513777500195,9196607301688828500
9916923115556541463,12550700339787123564,1656889407903138368,7880715475550276110,176310269212596982,17853629807450492507,12271762867926363577,12175591162453305482,10717025125618167786,1385014370932595903,11005452146292689860,3773243941869453611,2970510973917591916,18386754135006582639,1113524737676071284,13925902212935418590,2413259090002236317,16860407039896510313,4905555354562601170,7947022779833145983,4102788577894121948,15413569799578586196,2371211805177118547,10485694978542107936
5463527756690043024,3014014298144980880,18023300118781237156,1855759223913358186,13662371510507710349,16544739294098292701,13287080511217633376,7322028735111196912,10746502978163067951,7947924619657660489,4599842331612541030,5424125054161940806,11903770039731984142,8708730560930624778,5000755419750203934,13735410943672273190,5552901155566828657,13929695929191992370,10362667480903772906,1854960914937534492,12234055569438939471,3886032060913986520,6427402686829196517,16724091336821826344
2035607861520134530,9555891934187421320,10628235847238943628,4468155678064487930,2005322719307678009,17069778207575096475,1777687853102242188,3097618259138954979,8401862777392163976,11168125183496290768,16658631815820509721,17701032437956696169,12925220999131482803,7723318762056058197,12848974706752746866,5686060774680371824,3218290590594512878,17546175179151479176,3968436432631838118,10027145754782239834,6682904192466703724,4562620952207872353,15918014763258013937,3697546908559958320
2636317107357446873,10944866639873419411,11824550311955191988,5102030778807854925,2370208042609327454,6612057423830539483,14971286843915517746,10308539462652981252,10282236767715986250,3148526930690831491,10123330402893433088,3201894149896867358,10195902600751022160,1225981447904556348,11294531029827387780,15011321696671980261,11391668398256411837,6097429301973870877,52678573561427707,16693991522581852834,5707983714769271907,3872258614537337403,5076628093301518908,11997735356081687339
16115295120315752587,11672947421648482788,14006336247330873561,14107171947018640243,6498213228949553242,2297931213080338952,1353261235612625570,11212645924429128502,6241328863679252262,9279129256365958175,4211375017320188915,4693048171287321316,6836241512376422313,7323446972665404233,8570006695747832831,4484534808847404521,13814545874279619799,2760080505131200173,14590791418947120120,9624011309762066499,5196884501911474436,16277170068231491717,16222346220609182385,9019806972742862560
17704890052154313823,12493472833644501833,11742259329964829559,17843812036747183695,15567153193440277354,10732956813882622729,10435647281298737631,10285618994083677390,15425702137590427924,11277663782994843934,2053060579159286163,3402657884837745406,16018018900577603605,17766207660613550114,3456752417261459630,17288634600316195708,891220985931905798,10075772414742595118,6381620411533702856,3416053914182282273,5937626174092697303,12894239852584995881,11120264600278655810,3637236046671636183
146886543327334864,16797235556726556586,12416788593729384235,13722376153092755515,13593073500320793427,5704803525885507123,2454181013783417396,18398991596424217122,9772658940564740456,8495860460010770380,10269400811739457389,12754918371843065216,4046049552914445844,17405244754349934212,10229730908953761697,2013506355155528768,5186193215379028798,1374957655571133689,2746294786762356114,3285997383344058971,9915131925913100034,9877759931485896837,5293594749096982250,5335538223869401913
14382960313905223514,1720968788187027070,10922753949938104371,6168758072309670312,977835533094570479,4247105590822316276,9797692873800345720,4956582433278702129,13678691414020587174,6044562122878627655,13133022176648403929,640953133569784984,15616161676256453010,385886181019261237,5604996465139261105,2079582928485986734,8482970524105205604,14104563426621095387,4983972845091411584,12122350839843089306,4637129957122049961,17917928876558664782,6120749962017504792,842110504795089917
9801339125817683925,4818817648210972415,2423672362985903010,5095400019769429759,4479947417032013549,7454277857300632420,17178078522212264320,6610572884087798195,7546454067568270859,4096368746712613597,1777040998027279676,11253277273651824363,13432119606767303270,16259035087122871779,13683595943893243849,2912010374377175803,4555040631066423519,13323311303230491050,4796973651197961515,14195825680097763192,13194855739925559812,18055233764554632945,11631480449837439352,11573746935576228022
8079473662514461310,12464932625235025912,8033941066079508721,10730661576948366665,18363142604186018164,11780529823787372386,6157390837929899879,9065876021500996788,3089168177970591671,1395171998517852635,7057415856553499218,7708235509148637334,15978157233805925051,8457630606580629774,10986416042711830610,3246014407356596127,17222786685856960899,7050580085095699078,2645410013912240348,10362203503130336872,3138321352531424587,18354829639248998038,11689051815448150775,12658225668091688381
10303657974144978725,97714301053617791,8463877456822468555,17952663304123240057,15188669204046833212,17466563911580717481,4823268722008805110,5105936983108881967,13800977378756219022,7289103467878486500,15222084166161448782,3336151547505537534,10329148712451197107,17539914296227638236,14563877955832876629,10150510519388279765,5185332145792711424,11373761403830253302,5898733766238598553,2743613160752327033,16596801665355968251,2684818302873146226,15650309865845123890,11110809710317656020
56063417364700527,9745791256724425454,14642889853364508132,9003708163011581922,11622961604999329471,2273863675526236306,3386859601941109628,10759277799687226240,1421679162068701423,2795085535010062232,999434409855953816,171537719336951838,3213518109688526548,4856017505916886919,9825136023220728531,16284853891191585642,5158078881891245888,307138144383796850,13937798207730710713,4638782757593903998,12718567323165143567,3846139883195604049,14991505517164083560,9316395949691270153
10479867221542787098,12052199329194820710,9508729892377701441,6348739040395157939,7792658889462737799,2320521590463641014,3264027484850975955,10346584136714317237,3370791601399581581,8505850288067055500,2466145932082814812,12706959142278807360,3667847786608705283,8189598948503466356,5039025652691350868,2137074783734736573,12976646726665298273,6818241611121148291,14964198590099536625,2076322090209612164,16882462459117209869,7653657039890560001,16427457615292348490,14530430181357830871
15121923068545424108,6950131340397705780,1629938688205560423,6423654559180714993,16707621048113092562,15347434178481191479,2311824961898348162,1335129838683832486,8817782424905845508,14027459059288892040,9162262714286220527,7980040111372965240,890733559392464157,3968269291256442787,4077267135610748467,17814534975032047566,17507095349598869471,18221868433400383316,17659820533186247375,3738258305111254921,14748369211707973040,6281625458990699292,8087826232875852593,18277788282777369395
12090382693669294784,6489234188844816592,3364904533671689196,4030024785631760437,16832206678051825351,9197756447328990291,4712737664877827527,16873388664862828756,7525303137234448473,15291368472688091990,2218389693642586294,2901363817033756217,6719875597403204523,9774988933808035329,524013059868658466,7922852141699069374,11323086361843855364,14832432122756767310,3880165863263559307,13243637896227495911,10445229482469238881,8029509860844913708,14669368945490459670,14004830926236813763
19432550131958504,3233918318883998424,8774288465660263968,15658083987983967713,7801226922124380414,12255945374253771240,3846973543054037690,1903811297181536398,5783386797106320980,12442485385748179620,5425919888863000560,18369661043527321804,13194305669258673616,5846732681426707338,4822595804540505889,2446824874254739913,5548368880415092673,16713302060382306152,2552692764163446265,17355763781507118077,12795244952019688410,5825766252136135838,13058805309856152788,356962012686528640
9793103221266290249,14020044581427880351,2518814309290800741,3342363393446703958,7377980772639448780,354205852373519533,1649853597261434326,2237248893500128300,18191189409033174173,9883570043008341465,3810318994814412888,10859849920657451440,12949079743250172625,14311952064986390465,18355864881769513285,3067832807111536227,5584684638466336239,9945764888373725843,9752471064991753115,8142125323558885130,7346501919054390790,2172042269755720514,16688114899304272911,984412742083882614
2379336804575134376,13807904284612328060,5904026248902925988,9965379379015288645,13785083776045241937,6276133504955616837,3272773833938338413,17258459413073250819,13649189769973237329,1335069296235048370,12621773051431830802,14954938497940767399,7281082610525330084,13895610446573925478,8791653260339591644,15039513563220820882,3838674224055140728,11774011225926111601,8049503360843815431,13361387668859898355,8502965643077817113,892277047901766555,5579535719922437499,7345815674204070478
4466727970672556166,9948160433484262696,1722960600659758422,14289243035669342948,10605872229602315921,13765759015228823950,10278722911574315819,16199173041053558415,13069867983597420081,154476644364522696,8934084706541905828,13315010516563497791,17936563072499949896,15871950783809419945,3240869770265604605,3366422121638141675,14129924997639447120,16090654154469620881,1752144672922165868,8202143590257044762,13094824255139495609,2243054823273744756,2703508283231641042,2269867513385742758
8268490628417464425,6079087537779206830,5666926091580556358,18082513505644749116,10396701843627949098,1065793219560088060,3331619020146168218,8746374224056858692,13390975353446608973,3347645222792655463,13360794919799756295,5706100898335410289,14204852295437302250,12285810540530650505,12837149871078486811,10022222323081207270,4295779046964451633,8738132862362738812,18328219978061605480,15138608142991504859,2206150833159729945,366825965117105089,281073100330102437,1150665937645571256
1158109681553481311,12808609663499618631,4780035151355755117,6286152016908806034,9633893261097823592,18335239804467373865,6239887530953985099,17955905327587257730,16265190411655492948,3911972533151783695,16378226181507982995,11945565040393191690,1567776450953728046,1359494748017756894,1324470987097295027,15017538752849723467,18433826096349769156,16888887537202473599,1718612927066316977,8992631616298054291,17776817913672654158,8372569851867567351,9234118602550041562,15145606142470906132
5603483993443930400,15969707055170019579,6493441223685593970,12423600497026925909,15856904120204122781,12744110371595834627,2365614498477129848,5182397263482858175,4380099402188603834,1269502625536206539,8698513627075211340,2582286052678279913,6292575870595301184,1886112928493195928,14054508825895126940,16907329572917838764,18130307383172248230,16989682928944616246,13441297184521445624,13460483787169990429,14332354926076144592,14046146181102341986,12905823719838152010,3230830730275883761
12723550267784564391,13426940749725722304,12987578766606184030,5732733624884664904,8794569283520678629,11376121813221440978,16567263309632237090,6976877240619566386,9720608097904087994,14384368144904227639,7897709165016310872,12581423524031031708,1550630214035679953,15945218102549702126,15907250250535775792,5992698848489974849,18041009985778660596,1849575751274000951,10149417760517481510,3553970239276642146,8904681217996013105,10014724102328551218,4148410020878569826,13536650992541059924
15473573567050446362,11434259752949081743,6181498603688038936,13249384654672983026,2300524034120221656,10480819129876480385,1804777285296783878,8880980998176346655,10445983391453050874,3329293465147947894,13632408124826528877,3504631373676710169,14110840474941002440,16583104687911361792,10004917367970968782,8297658388581398377,14431106139142268218,14305953971548173307,16301124406735548687,8337480872058988880,4542166774123525642,10280938762200237777,16135949955565019983,5288961710541537844
16517792213577775841,2933389345270066366,7505915694722519184,4718378295881716190,12247385695181441128,15684888928694045300,13860665992466739083,12258835903991955437,5991318546637064714,2357737872087016151,4536470204319584524,11741310466379456741,4422523242183788440,15495498823110343627,14817743644317361067,16711250615429824463,15563427968962080607,1271880136891351682,1280682215741172025,5911952533158090728,12469187823627383101,10944947559936773849,18003257092869349036,15591227839718099110
2477709192950858635,11906885454122668955,3536992995756151855,14618735672709116225,1716885934401149338,17405684220667706451,17341561442464888517,15785410106291833357,15593467842688210433,13232171178935760471,8131956743481311409,14410576003561632556,8482246938723459148,5565197156197926271,2051624023034472686,4454033085301594447,11771841263461531884,7406092101461306631,6354757986595857648,18446272618827575830,16456776467106311266,2757771727238563879,13340404598044578152,7195341578128261910
1235517590303423234,11313342912066740161,8340242189771004037,3522950688100989488,4762977727293175870,11398003368870606819,1948778043194925616,2624910035367594071,17210464391790912721,9483920771424311771,18440863830555427816,5807135895700798277,17250318034112264772,6076252941510362095,9172536558232978184,5764020964598851394,4256056291476067336,10323105074969085965,4006086128136620185,16131539887317574630,7797516271870554488,9369157803971252040,16388161394626915897,10831501799791834484
4039262455611664860,881161285444655686,11088016276052450840,17974320177998628977,7241906485412806166,9586423435658112260,16538954866289279051,7454570644904106676,6438327867944350308,13694777916615119682,3460233220214095056,17582884575372341832,3983709603216254672,5614729323529470525,2136543833879463232,4298462296261613361,13458115666324679673,17790285473239114900,5758180884688585657,13820320156410255673,9939648185041211186,4841025772352031465,15952292959033954642,16677323075362246525
16999638414125365083,7150355358535635074,11659555158191408674,7292991231308177757,11744124381675684924,2053107629801109848,10451807748983289613,9585289552514353766,3306539959683422884,12270434949627181979,1337963258483933423,15013084456895672837,14926604206387234283,11937395823379782888,3407592603712464010,124351097683362852,5509277082621050777,16771177211787080158,2839315150331840090,7926171631214401404,2248625117242940347,12171240935003140033,383450062777923027,8214108848520154
3431599925561551664,18093844568018348256,13977986482182638671,11842141244550734016,17523403315148165776,10192251693804230826,5429381392287223785,13094712164568491608,4848555720949224446,18385656063246557001,17974340451290299151,3826703449283809650,10349382811218236715,5459672663012946409,13147439782807704605,14028419536768486718,15968360822032538678,15667815493068856308,11795453754084923181,6121884591354957725,11152581002831589005,2705156721134440415,1695605040879177124,2355950610994240488
6966509490914851772,12526166630589789349,18442585177075655379,16827705247485843192,2562758818406671029,11110010650975590555,16515713227677186631,11741401838397344669,6438273371055736994,15940252848575151803,102420550054665509,7645196352724320119,3105326873491556143,10057860564728945373,16688887552193627232,10963256047382870892,13500053983878657874,4616929260531640467,1512567788914482414,11079834279781136878,12072175562579182618,6226743274934715403,15905948389673535410,14640625843694975748
3941787993538507036,18151153006990487781,1638531127179431167,6491623070030936707,8831676386836257866,15419404360456295069,10392676136343236380,13068439266811346769,6578430315301008311,18346920490719362719,7483523113983550726,17499385953907697505,3259561144204957345,17426905765023138613,15992213530027551209,10513311299651346634,15225706169566157086,3903865156681394738,2284511951884444920,5142567471130770256,6335967436966353084,11511810529699175533,703364453927177994,9743537537004026551
10587262892370369292,4990188891721659415,10543663201566760351,3992893768805338546,15275887015570443129,2244093796441545786,2360583973588902657,17082544376830016714,11973567973335652788,13567573804309852331,6870978459913808643,18164721367066119824,8283091217444021889,969432379927732972,8578200953058648585,2874792383878984912,9845023076227218262,16820615534806641335,7795042052816619471,3957862308239664571,6947973150761597587,9757449560079275632,4090650508514465282,14907524364605658960
7001829694754000972,16873605001956096133,17956362287632619310,6588337953537073217,16635617951560263768,12696020326723567027,3960349655574588306,15505793972569537025,151861054701717502,15764881679582353070,14840084785385099056,4424042543527108149,15494912762527159054,3279012348889113630,6797783518030756956,11692032146717006222,10471102164317269544,13083601219193869528,2886498047483796191,16836358880756381384,16231845558088185374,8718359828399711415,3052351705148074497,15314168628502409399
3440945103889283519,13867445728420985019,9842219518306488736,4919748710967592224,708192703821857138,16443369770481432707,4428512021456652426,17542184364898684491,2957959187759272322,5291731094977571416,10493872472459894430,18235025371680677669,11790000661180730840,14387699705794787406,4265895210767503295,15354914050781538199,8181464754951436036,9128409878939236338,5731911397266388298,3047708872197117465,8631936444637867234,587624631224897264,3670411569521457427,11976590374960791833
8625292972853808687,2762402235699020937,3407062980315107313,17800346352427468043,1223272864901553309,9286889571887742533,8896149771072384934,13324333301412259586,10404846040090717628,13465573473357196399,14436273672729116098,2514139116089902620,11855241739099976982,17729545018327363769,17599047606691994239,18127156042715674229,10001002643776318514,1125170560536185566,5892815348645211608,8001992770599756770,18185477013123958232,10867855974003718590,5448301599290881867,6002446547548868151
3240655350000864041,6971475216059640567,1235398342259514232,17240722910452054872,10104897361376281352,5015248695442185004,12358857720210408978,3506843968392255805,10862375950895516048,4897258321588168630,6186329497071050844,3502538305533660386,4563289160545808159,16268163171603103522,6497952160842542177,12369730419068804388,5418779699516088225,4036767091585880815,899827429755785724,11172106474525414564,4611509413523523468,1461315580194796956,15414628031918771209,17739497342371491862
12652190976941844605,916063176273457673,10311550609704938775,8860189480593795881,11810171322073473337,14184336725943259496,2336625477821610109,6772991927950268320,6307001870199936251,3541273478601984743,14993713586802408386,13184410824992085334,11740864023772846455,6017721574694714038,12685517963172653467,10671750790509540923,6660626410515013903,4557631206621773354,14258695225370872941,18112399228148890013,5359482160434373072,3218823310241266503,660270292830214414,8286583212381004397
14640009824346191701,11627009283570800414,2159184714622737240,329315274003799256,8773313987107390658,3259842454065345682,8623728074288660547,16021906414528272055,3582765122625544818,4584251605809494050,1656587663459382557,11632940188871338576,18241837621636871475,2062102189763685066,12686728964278134380,11748483346103138915,3011542968238349423,3570192711113972140,12426263918739845772,3786980666544521674,3446970577824071140,5882448107970388748,13152478412160979859,4840567557355486977
9960936572633463563,13352690593530153680,7107720469604909580,13539262952189778502,14345649549044575175,10710035325010555408,10579534982157421880,1978828345518760473,11611172131646262585,13661914740989033519,610687926943533641,9670655535103324346,2987244735920042737,5928694333774340945,13233775431976179711,5192913753871327368,17464540203176867126,3775004532958839060,5245274020169197648,15119045137925503059,17973626164938263239,5932621067271592661,5204793670268569271,17154195077766785572
12224084975112327605,1765861571252350757,3902485819672234735,307260607152304943,8725815506043738395,2622937514856938850,16799980363976111768,10421877097679461742,10642624952869796216,5388645060842528460,14494928314395772140,1418336052685903633,10099129671367633356,1067747613384933036,11777275741117872095,14636760831410855447,4463220259848412782,9325039341128319155,11387495699177299441,31874811189151950,15630275552365432037,6818888242324151421,12502236794752444345,5466841857607989925
170151701111165773,9815807855024325436,10343619916715285341,15723198982779762944,7744432924248109297,1792437915209752675,8045260900173522766,11913991294470177097,7870320703038068379,5072231360404044672,1315440303010479283,9906951301422549423,16642532284892533944,6905407688748539698,2285175159765197010,393519590189244721,11522260558978034207,1103329687531290333,10357041607741340980,11715763446581901133,1448116395368635306,18232342793921650143,15446217189390915731,14857754652829445324
3371089807086953542,1186739829165792018,12768188736961177305,3419980611615591744,10303933029320804151,6737420984023681380,10170049310268808461,5206973765203154081,5095436192923022673,6057505276182100001,12445171364728218024,6516136269336241810,17790547218026224696,11165941773557928351,17165623752256625257,18341738343449506254,16503595212727447580,8306773744494152328,11969392280554382554,6687700960032119093,2512524795361462169,7248979791927055884,17382759929316622884,11772801600048651599
7840089179489411299,13255899717635135845,10166190429251753116,2747575107746755159,18200433840961794611,968094838424650861,507185761585141448,9420286806863061253,537935184613208887,15769490935549495223,9251480207387475584,9966182062869618200,4746922641515996908,8663010822901395439,5264159028161806245,9137184723076974712,2645335080419793586,12510444537152572456,2469509551401063027,9203256612479428285,7345060509557773373,13663686311439192122,17974599945681805299,540302645900529262
8901598904972109196,8362285344533812012,17134296397706019872,1581925144662769305,5519042278875441271,3510218181211837473,11541479708339507188,9375064668302595443,6054309199815737678,10933785036155907700,17797403870237507524,1971198566289307321,9559734866612708534,17635437092843548408,15640026831177650500,10758918271819808681,17977920467806518241,13268347125200703467,799065259153745698,16328385623922998366,12363460369457291942,8888032447418462576,16451262350182367369,2298359496793693253
12785492965638443343,12633286238338872923,7869069070626192718,10322908843554558461,2181298028094385673,10239677124305560367,7717752336434474275,16647690373865764454,13737360743937826378,8762069674827338350,3617360157424406288,1867407106790682948,2643003308288043980,11259222039709955158,13432701490615248713,14927457376715146279,7793698384278825984,881415103654841436,12074358354661139584,7959923929719834039,3588034495403529354,9342948526705173216,520153562232785389,1738489644551165725
10746642980800821019,4667993500953510704,12956351762778337308,284412284169754864,9969405699078256037,131678260524960351,3383969409333080442,18098957169975718277,4597329808212200121,3829931624322889677,5886529886771209597,14110493729263752669,168843173905880319,10726162144376809533,16113366866747447649,10321459033008597763,17604640899840683165,5503174205246306660,11764046404894836016,16836455140726829033,13201594061902266358,12317844365980642757,2360998785399892603,252988166523462506
9303569256817025922,1707525959695165555,9916105706489958052,10532616334862909713,5012689816424340087,9602769638024331017,3151771303953193662,18273338731345244522,10712778517008080846,15200192490757686950,8130650711367641884,14133050858044366302,6176117104863183034,8491993434205112696,17517176673309186449,7797723231709940518,8061541820701680186,11317704269232167525,10598812455452764759,13023171946171390912,3399427904935722646,13605389731795666447,9832336056278864206,5257389055615108457
17890776348584408703,3376028509557243244,10295145381800070916,13422778798975896084,16330454916304294827,758758950118947902,9293454570871904060,3706314768464542092,2549316809230668262,7278631189178597762,271998880141836810,2071319478077142381,10472247269368073440,9389840275117803372,18302606647889336360,16740633911768129869,3033991680909992819,14195547329437319667,8987419475651727229,4324345992821631056,12635167747972060664,9559416923043793977,14779202524306556103,1418120834396681634
7533255422834758281,802805892962515732,10749735319338732064,8978464042713817097,12125136164805242915,881613738683339405,8272380136703029513,14279349804142541862,8114496260851051781,801071594425693661,8285643293867597211,12315248910177452688,8485109525098386991,10714501425185267847,10691138719683085766,3246449287257347032,6031383829168251401,13300391146221855846,6228158789960102559,1857102009215699948,11462480546942079568,7111279101902043258,11809487907136816895,16990209374369120970
9061761607528196555,3295700650121963955,16882445999824940799,10344890146070874545,18422044782741001848,5741961134934514600,683665209905163093,15779745745536137252,10965200344036790196,11313605945094084744,15441339193271873956,10409137346313115584,4789684838956531608,13516774684792987102,5748179092743626682,9281241392222932737,1020341204112831265,6016204461231442766,3632172078469472306,18077281868906695004,4458612251106918615,12463277001992800533,18156939116853263755,7703507343779010043
7232633096227338273,78236986638958185,9075339530995829908,6503498130446554986,10526685423278285571,6548680115705136926,9069090667585790726,7602230213637252816,15918266192294199502,18356577513458571269,3377777807103106425,11054259800881513805,16597326068134213489,11476312340031135419,1290516504765466416,3341170825388774668,7035075662015249058,13948930602669098816,13801476065688824833,1810208624396190403,6093880042323344711,10903224707292084584,13376481993395690917,11165443342653719328
6854160866729240784,3772582290372098418,17831001261385498552,6469821602497020227,8964501842284143091,16209601172274912299,1064380146634583004,14868334349257304524,16532982202274884180,6224192500991441059,9686324334212307069,266628277370665979,8496469867067501379,10334223534372468433,11471274995197639983,18065333143344622995,12970781748547460922,1652924187690210524,16231786175592481506,4985832587019526489,7240573639743497342,13066030590147056257,14410677818599683420,5778082580011931148
14784645572500183178,5473852647929705783,3466654456651822791,6524453660741874365,13339588997043914159,11860851145917217535,13258301320199706276,15420276066076751503,16359918692445214477,4636369172061581451,855131094041514630,940576290457870886,15985758146098683144,14353392489478044990,18013720045456502355,3207769760416747841,13765722000250240812,6630545292492851953,13402881890880362492,5577554106089214917,9856299692303252341,17955860915015402044,7526173360975222102,12684237641773033651
14715067312006986828,4755538252134765285,14650177254526433453,1185754130737606092,6097108081184151890,1055499288831941541,1977392798235269779,12379212879706064379,3444198982052359785,14335977409276748959,3716356742301661043,17636982220505821452,6817347980630917153,6601362171428747136,13328555453588942182,6619352556563731105,13296552336101195956,10021073151844446460,5927311068410981224,8162216508454776968,1577057894503056542,12769299610024626806,9684852192389628227,9758406211329327527
16006627669566598818,7826084069518107713,15576296145952246868,17481480247730682117,6083519442626359312,16283006842271499536,9822819230911633887,3762603526921654378,1008690514811917251,13603456087625352801,3642501623503433503,11109262984255119328,1851471940416296167,3296752704693133146,4243230573809029915,12754568091416148974,4276677290161107129,10593657772666348701,16437311605634510721,3785451419467142529,11545522846866220649,11617860667337116309,12865386876807636118,8196897956669077517
16463777122241702453,7947433550318975519,1005561159739219756,10991845161879313263,10821381601825628803,1760739787570689185,6276150754441883871,9767445917117659194,12549303182901346418,13533982611537567312,6443486984099066710,9656373363542029413,7210025778852914122,17365624280030648054,1625912875371543013,1733014701883583294,2569188431524699451,11320774220340379257,12490731501919105106,17644417503563473259,8060072945009389407,8595073963521766876,14658280488184760146,5001856303510926376
12531636467169374483,13116861590582729392,17867603062612647515,12815851903076194734,10181588560576441772,9407987101196801628,14716391098678131321,16269710892641758503,9138861689343868086,16429305352968671167,1547756115057232686,16961252409707300953,7172714872516170880,1716046763839574514,2891915009901426451,1603711722859160300,12379995770020296630,8396209751790665935,5747337311654594178,7586831834356534852,4900149353273993574,2267979418759691716,8798296621720982653,12224426101893895251
12396688151163123413,9410364721848976418,11854447114649336432,4566263501577629029,14251905937888935670,240705000257357725,18086642925899398573,12662083524798370759,11654240701694652785,11482035592771168747,6690243503719656009,4936774865500153323,6395897173127611763,2252773987686795351,3206711346318541538,12597133188798704463,8643255440373277283,4197134456565839373,5608332082410312267,14657662785964985175,827088615132193618,4089415855686232474,7702462688242969232,15846564459588364263
15687094451695003416,12375193841550934077,10504325280483200057,15282553921540188741,14992204296514644245,11322128816016224847,13813558758942289266,13736511719005428434,8173535474997782069,4468098938651087783,197095367871675368,12202790952418318279,16216804604483465351,5578562143056256329,10671682033612358729,3163877062600239054,5548432295202224837,13960421593206723506,14260030305997027506,4264763106918990509,4840028420789662822,4561787847578944402,8876758463263075184,8551170589357121846
2846998647721102614,12388083656494520804,18176014621766617166,3085421870001202914,8172455061788224400,4691808639713866614,16679981406995259941,14213286231274441189,9574273862803608702,2536107197002520392,5497868775228509209,15331052418482610723,10586600959622421296,12050057809121906272,500797626564623563,11537529857846009516,16191562447393410752,8456146330007385288,11857901190927142153,18136668620370105478,16565200011011505416,7896751437749414582,9233146420238270040,15471356382502664901
5591067970463753945,7650596616117827486,17981800998319232434,1274332196886541869,5833922470673171134,3956742754411567179,9471391330894728920,12311578278995424751,3310744918152161449,8297698961190600100,13789049559408006403,2143028164279010078,7478893993811325697,16951593647953776555,4858415748853012805,6149497261798568375,17748733601985784056,18419268728351779991,9883850663258375848,7559268671852497508,15724419037862617594,14023289795241882973,11757580098212587528,15897177775867277119
4640639181629144816,9600196377092002187,653116217859830391,550472738881048727,8124057932223745354,4978377792455473113,12131118166509893742,274120907317760861,5272572743826926353,16883105038736034661,5833667298700103633,16988444964112782353,9334429355178597497,13068014737372730764,1099077373292805426,14756366731792362503,7461636100819301934,3437823774601361689,51532913859710674,6302142818833358693,17133421372204496740,11116307127982212254,1852297277194003245,12444121124171703244
10250605180601529706,6700482005513821001,4014603287243335655,5921268838900254895,13912620372388164010,13263686648426021977,9694905163494749486,7553885295094579263,12114996111941446104,15847543680101639739,13618155461469511413,1897975828175828467,14195168773526095743,5986402093951664336,11525699873899870926,10906452794270978413,5920636885383679626,6119402364271309741,6537844834201842845,2629825551882690497,15129401807479543767,5114848512435144275,6524765070216134772,18349324163301586203
13511666939419782576,14571776607562322377,13834248220219422225,15871209408049268223,1931049756976023498,17414949103161779785,828287337197081723,16539872445889751146,16296509222043352029,14240749522780561368,6121935996074263027,17963293513959307243,16832473878643118879,11735134422905396130,5062653327179048381,6433325596230178075,1835095460358036126,2793794213373191028,4466344341171087474,10493118778536736935,17146701714333362897,13956815388237721127,17021818477971654016,9019913511993831456
12825451945861333678,15489397736825126354,313028861401222837,10475399112839950874,2215234498130982487,15554670308521204247,13731419784597585214,9219656346523414536,9028271940348511322,9317738567294962009,5350150118362302897,525540904112342151,8502617264048855229,3558733686367535100,6054138188880184387,14572866454216471881,13266113868469819131,3650634457106090193,13110943209751247785,8673881727501632431,12943197864120484224,2815595957646479025,5110612675662991897,1304301339460590385
2323649468668810214,6004007487545016470,17068299405677026786,12343779105703741746,2634791870063074867,9659182167846440284,8285093490976081887,9540600446883980292,1703067411772305290,3513695452252250798,250102016004556276,96712044910096922,18385033058447822264,18145284661319088711,1598607465811087752,14863314396967114226,6469227455375973520,14720072851651178768,14742880166946911293,13109590892491206103,264486142197323748,8579287733103897957,8828276744144354143,10611159706522595690
6099043564912780654,1211979744858874163,7432427223055230605,2689470791338321381,5609943356038419858,15835469844881870987,18383430286664832450,6711060962433050081,1433358226522329906,13469481694794088804,12152057340159271549,15707218754208779111,18146571927478014129,9174542672086330266,5906836864225844985,1365623260649717481,993979885587642945,10011109088185003960,10051154457276338130,6846008095339512934,10246265740597383185,7246260357686947280,5155199327864662832,16911769367725984967
12921111528852709052,16322895344097653141,14638285373488148397,12598408498187191310,774511665076739147,10237871336267657380,7678140664957156575,6701900925493770414,17467854837546885227,2600805871054872593,1774499334396540194,10684663019194115872,6951456918013451670,18379018055451368874,11534736449639672488,2821947733660786756,15795046327379722195,12876771923743601298,15414860000769782690,2422470214862219508,11353832315830194649,9284862963211381238,6961271386557645475,12421724992122924236
7514687272367761932,16654651009998156022,1107012303901200356,1406566969888835315,948966688242285130,17816907772307513620,6272442670359621449,12373414027101607842,9172206156367898179,14930202979615144589,4128911202554210979,896471741510139922,8962249560853049493,9276514036845101309,17606447022306737847,8282564099600055596,2463341461025593800,17969124714290506829,5258941416718344855,3789920104168440705,16728785775668215543,18130670597843154869,2437949474243732600,14395015843445874034
4619224769721907815,4776319073552530332,1624886327269077809,16322344610244593139,14192180613489211638,4585549843756288199,7028906990334558301,6246208138369486382,17437215123296563674,4739974290255750617,14991794486323858814,2057962506966954580,7666152270901199781,3039989494314214316,8590369084128618549,5117287956620055356,18030686112419186387,7107058807705166268,12784453150260045047,16982711183324535863,2091646843688207880,14298265726740557974,6516518754589724394,454532728255842825
10246222537300255314,15338361043464221673,15827125008161748332,11278122325862652269,9182760941567796940,9017191386082703030,590903156110444255,5156812482775407864,4326415479881301518,13816451930298619914,13297821571304933440,11316979774642724697,938045050262846796,4321792155195390746,15253984456788978956,7818784687774204911,12912601787635845024,6591464687938956652,11693875698344741443,14655574659617297490,4188196279499921789,1766420370096577212,18351631571788757293,2845936700250474323
14959228691151271806,12660148310209767531,9399487355645910809,9082869114428764351,9688204099929832909,5018628257936189908,11108221300090600986,14037667281219348306,3126300598900521946,5499438126014253350,4545928041913894353,1223795806712385648,16283485441184845295,16000208860420593503,2359649959102452573,9184449788884446668,12061224977006906828,1857753709326594866,18342210785903635205,8441751621904225556,15875797671812067318,11911888854551187677,5789465290689508325,6639959534860053460
2117056728100573586,2190635447140918873,17284241137907210574,10837870540769908249,13906987296552726157,14351250617760484666,13379113088444836356,12079817936016072648,7178149797032499452,13708004332138528617,11695739016458741257,15779768219636101683,9743254717499654505,12386785029241029504,18435204676944255897,10909268786409167515,16074746138169981242,14041329218141384205,6790810362847112577,6928592192219372736,18257106698040184210,17771032611556784946,7184220264806007667,15375240740499266181
16386751359145422431,2875295644902249342,18042320606061776783,15281402289230216343,13591565997834537432,9423586127825220434,15991665222417408229,5879770620311929614,9196195671845923829,6056926937100898120,2343064093536228646,5163864157291740449,1212155103530907627,8221142829002367043,15170931267256794295,18392395254851352573,10703679319470028446,6273596921018090189,5606429882373202517,11522270259952236458,6879298602885305437,15957897493796335013,15183012380232532046,39115778373134091
8954568285737042828,3967322974660957007,162565365703044999,3183841674696298841,15051714838867209678,8451711252178403305,116370692604778236,10134083084343445000,13327105057992132874,1530398990045799706,1054987780747035164,16219779842142432276,12601326794224529814,16100074873063633601,7290412223140301151,7253787770525281571,794659611643891564,13406040451908366656,10458615862961248222,12414838599688710027,16342178880002840330,15794333802932106551,2157938851146587658,15207237975614514420
13066003010058532124,908720571418994242,7504986759705306332,24025856532358741,16793282495001026503,7790412689151318679,7416869627266474704,477661680971332091,16410975357880269943,18209910147021430032,1803133966786339201,8584420708992452435,4274721066290990995,15979007384774759573,18436094947532673557,7089046044239490889,18286272147861802117,16446477741038857487,6014845558935872660,8044227046503488979,3438245262288056870,907275278736624769,15831723205887789905,8678083618327205886
16473675037987832106,13681857721718675185,5255110833135294685,15366373571365142875,12361589672911383863,9440347581781074051,9361064815263234189,13134503627143868948,18322630564187878394,12500459949140802960,11949572406379758952,6677554670819460161,16198701868635000973,2002635755772778230,10012333841343501297,16212138041759673873,2886526066539044244,13093512234400439059,16272761492876040249,17772034315583025662,13423517745935522250,11804104639326344829,1477262790154250687,2381716779211827758
6118048307441654664,12542661566301126426,7232155407142822156,5291014412088416826,12195815801949212698,16546793336046769412,5188901370791915066,11071606108736008551,8938016531575564253,5759099741444195430,17249503176123346595,6253437210598220769,15793728487522291995,3016577954718422077,1768732407766556906,1842074551459890643,7752455414586416136,4961970863657831232,993665902944083847,2903297185193500391,8249793868283222092,7703728876716554622,3640194562693562914,7689355941156187539
13440627687674911607,11037226807550452223,17424302420817320225,15573647359310369435,10858623123634998835,6922897134685350035,17564048287219588294,15985619268662298508,16525650132618803942,2547732667429608261,12534386713618520199,360957597545683157,508829248423547578,11913866920151710964,16728421772223694491,17750544312231102956,16805183768801355092,17455743792072522814,15776245171268255180,16974930413462008044,4766559611061799043,803451859560568539,8694844296443216433,1533346698186863100
17904013761707276729,14602533002329825742,5880210785987095493,14319387976333332540,909464992339959867,6231347845085278654,4208774293293266798,10180196513223734382,4374633923120345922,9815611041492700693,15686931929719566270,9715907672116199917,13003454866174408341,17915015560399299817,6196525049358397427,10971662404699442460,14713520782865981442,17770926751738690941,7616563624377343845,11699004447503816423,15795678952650318841,9535480523212766226,2737776610122265492,10498016800160245687
12244115979593807282,2519951516365347586,12054565591620554871,11095810335190765035,992144170330273147,11189059520675631014,16285742500478427212,7482928158869815812,18215935815706156333,5691497851604658566,14080248168321711183,15686457343433653805,7203323701481315184,7036542225455535395,8706305727690352542,5023799988385937193,2724565273622293640,2441295273416333509,7086584261825305635,14983756289545217724,4074503948907677687,11336646100432371491,9221440001346010874,87853651574156239
18012205916195100065,6219927109237040416,13986042706292296259,1814068570703662236,6190066281037556555,15115366438162532706,2947734054276428821,17211635113057321970,5727227520288317013,16516945210232930721,2572463016885223756,1739239877254510148,11249367232269178676,5297107676069381850,9302401451083315903,12055713852893707874,6736232298076555732,3949164222171550117,12800162208386293763,18133069566149811289,12126479034371003785,7811454099938683369,14953939576962673220,1719214180158789868
9172796634659309798,13794315151550314245,13519207015330787623,4027695380047419284,6656873769509198881,12929066793083376805,652022480674388087,1914844757037678043,13324856783895247725,5847861196835766089,7737743460781719225,1683706545418063961,12272910403011130801,3713144592220669271,12187865780038270591,11220687108147085196,14280262427793863492,6342603614759854842,8381147243065117474,8057457684819315066,3434823383929197587,9948506862059063600,7944186462110173256,11500013818251397817
17551905951223564831,5446355880046100903,9785283648737511389,10962726873567096697,8551094713669316642,3417890441283812781,8307776138173063453,13208659291852708972,12919179755587224114,8706484035988512031,16587040925718412526,992395627867882191,8609080998781599826,12873879938550324366,16132304170886925810,6946711078644729120,6037969022978766485,15504969675762774752,16098902272630989343,13583560401467577750,3530935531721637904,10312231392052966194,13541010873692033276,6001929120516091519
14131693557072175997,11363270809822303233,9727467266490885979,16909079818463342114,10987808883497823906,17958329028178547230,17032247077912423024,12009882726692354662,16780623025550235892,4403049706454707515,8571199649439603545,384835480806912631,10370046505157674458,10813321642420692496,13234443531785637594,3365363152754568537,3154486178961334141,1620065155511302352,12921246050782964961,11839899461106319783,12011626795982346580,595350388377376188,10835113479494122594,6078313248427890551
3400241675488996159,767572093973165232,145476786857049104,9782043670912104702,12548387963506521033,11702651493824546404,12030725629822420323,13483160435387822910,16454973811660951758,17637065396328876130,5269675076064472806,10811283253334298338,17440391682013975717,4281818791822918080,9349339354155973479,4591965330448555166,14544812549286590112,12621195627098731670,9728675193180274197,10721580002552172398,2263062586852931758,8315144885900362915,6293733172630052431,11768053470165736250
17782274390884406376,16077911595783665991,8478685768117977486,17483958172881518915,6354302862077857237,10134180175977189664,16766212488771114901,1650084078498820648,11539804158273108967,1366611039894140629,10606956060221224668,13627712165972874433,737153620195228674,11208022709896778345,3440986251146650930,17162245649569222937,16976228867038191560,16794482507008835093,14322745746446394421,10497495409560485914,11508753229867890674,13389161587583552481,13396587399521308712,6008472121143463620
11421451973773491031,16066727045630635309,8348543611806952878,13938373542319716372,5706188473326555320,16092544240448602847,12699266199252719398,8923031308224214256,2980971178752568850,16153404337974895711,13306643283457845301,2037679040587695762,756785082802345912,13278883773377788045,5205121389897864815,8425670910768285512,984972001604890514,3410476672356066937,17748205710384320667,7090490702070489276,13927905995810144173,7124842164580761084,12046070361407862390,2530860164643093726
13333332086400654321,8512394450859769438,5578099952847015254,8179085885087160593,7320121434940353062,11574727363433507989,9556191491275362507,13796665730569130133,3738894466274101115,10167700400193286551,5869428053096890241,9382515613227100414,15566895574262954318,11538665721323631989,6154834524482635575,12603210357637652625,4349506170670512210,1814757119918395570,8181399960724225729,86187446920315851,13941259214411291628,13971650711099344635,738338602866168722,12973421418375789927
5616476243241627353,11243140208302298330,3703225920505959333,16115573581698112781,12954282303659672371,7070462518779632649,16083947846737531420,15488095781217462025,12130120650178213852,2521526406654433035,13894295171688717082,3290413173822530961,9283586269938109771,10074724616260333769,14016689958494801905,15749182148711575450,13941331993914957622,12241422295413665382,10509385554188525639,7668477574942628575,16265457128246405627,909077995961564554,6311389528244702961,13805152574739070075
180506965816631266,11991266255230832311,8938377874055827372,13648195292782056982,10314024171156738062,18073324779932993565,17450326824245504083,11401469261382521746,10463019929713162708,281641532954757370,13657517172320779703,8449725465156999720,3777536429890359379,2912404980973340626,8147840384095900654,572465057754340717,13141797475176872387,12043638250725202982,2130177832673643611,489045862798225037,1922217499886936321,2660342744751897310,13433783706063114004,4337103634593040833
4343496473493263002,499873457575405457,16542308551579375,10613267529244573540,17057399695222933278,10810973414460985074,7997230564420733227,13085547049726807492,12143731649218307760,18182291364682795151,5943703333701214319,9990891394622999899,11381110504230531397,2204217191400618958,8413369588275122079,12604304940163659434,1469336347923842093,10556822983353032678,16397047400575249659,5743765164168019529,14674038110272624693,12165224847485352156,9443898394525206058,7637284251679306926
16458674933657485009,14621304254930941718,17280634865812116196,16318151325822818880,5063557178168520921,14863841147817316243,14310643375744708643,7758635582494190506,14227368840979519060,326064181467358233,12295386734138943029,3280300048814464662,8213004457279815646,17872872174112652525,13590573198931389427,4367866538132471788,18016048884475714688,15691266690326028128,7908931659052551830,7322234662234313140,6677258039072695065,5463297991118982288,13206773641870307020,7524559445170745518
11010065564488001836,16289600449391766401,11352953938752944199,9465360496698707875,12483895294199529375,15302352393727405982,18136008150706307022,8321210386761867032,12082092496115417004,16798307189186987942,15984446589641733786,17429981698860447833,13683295609607948445,10736842331769515917,9964597932275747221,13588753797287241620,12496414985025438098,9049960372315186023,2913961072597012553,13051037535301175867,14923325386709370171,17473867567039059060,1021348996109898134,8722994892885531278
551344449589734397,49763104437794371,1503364577946189093,13588592946420393300,12638943631844030803,4713551365879007547,2511915737005645170,9160727938968030925,8372066181466662573,7620271627870199452,16125048508459481966,3131564177498452904,4208697444138746400,3555847328416618295,16959537543966283634,7690205433032411458,578966957992983988,10324349411104660730,3136373378096428169,13570025139534260128,11043092954796778904,6457894416827591505,18325218888281151460,12022937127590217772
13146217245068913432,9009126620456125685,13646380679602511520,11440530243232949576,7454073301544350606,10730568549168411704,5320372123384204656,14068675037003985425,13019017492264623360,10126785179099545885,2941852540139973468,2207601385028076781,13941432073949276927,1988167713819736943,8068802745222827893,9722242947864509020,5816599352304026049,9666198709732083464,15485028666508068674,14490007992493257225,138409137476885267,12400211459883997444,18252856625867098413,6367930140496763220
7772236410318701851,777686965410766276,5856129879078201428,8265280356287610073,10902029376275335488,14380264758509448540,11099252843200371622,5991520551358438872,6676329891147453630,13787582737501352913,11699131775827429353,443389557409964589,10562960542867465519,2402531793818240275,11758047082583261376,14584201899949961353,2775042204244291209,6421441372169419831,2463909518194894540,17839022969714909014,12243863446149663880,11817577639235359930,14692309868894094117,8378672230740562927
11064565014642750246,526790890235581079,17710529622493679222,2772593563215521410,14482969365826268882,17623635178485702446,4443140145576667931,10537042900337819602,883722630439891157,10119404251544816671,10434842872068223882,17471586351530822685,16860735744041079649,3093226006932268565,14306700360582108450,9346872808560878072,2938821450889698170,10503850333159483611,9259470863044554402,14614808395581059086,12120299298382700564,3392643633758064418,1035474564009159379,8003957013591973169
15269336535911542600,6894241139305493127,174624370171354067,6899320121759725703,12811134776470264689,7458255304814917162,13188947745515931137,3046415748267910596,6541661087880885102,1296975638017966891,13761647016851161824,4984107934987263311,437960798074364950,16610544704399875377,13385754523191612943,11346992151932432159,4921769326396537021,11268030188100151668,3158380376825935042,9666607151850145932,13194805879398471119,11410518417100033029,11246346888215609813,16566642886733226934
2237810810525527306,3188029870416349457,17186164598086219436,2008986785932603724,6579984187912291830,11961734309161409141,18089301458632670702,3089288613778956654,3648390295151220617,16917202120733537191,5233710317737035766,2247377627508464276,14346156873874524200,5228567763344385131,9087107996919900177,7127181306080437603,13124679963878802994,11752595060233938266,41170989605432539,9225236750540575295,6874510215290306919,472159123114009775,12801380820319556019,3940928626447578156
7593871519524095815,7685372898537672002,15335092354410905341,590201438886258913,6354283316422020793,8046753121339135963,12304203136418170725,1519148815832773331,16393066727001603408,9450651110671704481,6894513453100420394,161947522231130747,14158035468437952896,11072493512838257237,11852682350130804072,1339836976478145116,10127394166405274004,15162824443775579211,4374303070992845577,15931315635415044606,12289128687891718640,8185519583138622011,2150959827438902967,8119349782702478448
15430568095661524187,5163082780563730568,5816909017050670282,10123551196489127268,3366426562754352949,5896281448120948324,7436877045129146658,13641954456786476855,7642906294469959334,9371252287704504452,14325474355837286122,14211065444992629776,5716765309880877971,14269067535133551248,17320158004826094282,8388306689824242192,14093560669123623846,12848719911204462746,9956086773310109552,494433770958465530,8949049123408407696,8419156565672754727,13956899799729381033,5819826273013421701
6821233572535197526,5777313901846177757,15799328765021262158,1129667272813656757,5941964022991177498,13143637547326120250,15349273184766222964,17524800596132171253,14502240922252028350,8567606419091079968,15647017308550553501,4078949602509637048,5438755155393409838,7155226583701098223,16845795795520312303,3117062356030740785,16991225150075302230,15592618778959797584,5253069909520441097,471414646239006622,8817895016125636797,7633708346911392425,6089059829002294022,17013239252263658383
8415598602078562042,3181488978425021347,16841175769342741969,1175981481118318557,17333969543941545388,5081762906920889520,1773195582149768798,13290887770776749101,17703302110921754200,13462995987473817676,1478895828418273179,18221361780905573980,568650644004769011,14292415071485750439,14852405120583672473,7623821394632678721,15603393816553016860,4138031715047814307,15822924683230954059,12753592676941555245,6375507309870451321,17901369896278185435,14318021891632866119,17034759490051367040
6454538078142742188,5167385644922965752,2520192172543934959,6518801342410951871,10928253271195764557,9890547704729904583,2536034232296640643,3660035894807003267,13802202371692608287,2073917410747984120,11519162330573685211,131832005303080662,13740254007941712970,17392940833343474867,10666565188241859501,7200314375342848511,6891262417773115489,10657312207862795481,6055443600166308842,9693792649746155856,14204148423434263323,2252192841351050729,7093243357948584165,17453110890542188956
10937325089728942040,8187531576767617127,7630955642167826583,9638591936236252451,11743184464177994771,6543530716812284553,12187482598264041002,13859861301055152493,2083746886860509870,11575883675975065178,12337482078697944805,6174680000536274638,7316799884290066154,11278352762744521378,17633731329677889220,1500522208775708178,716580357664222458,16440238353252949121,2297802583494443707,14419808930626640265,1608606564853353496,13241639940550358167,12619310273946856653,18389571148788277415
5550066456257285074,17007303477238349940,16630900399298857274,14297901829547266617,7502430100207796519,14708516620157575769,7867813016623353378,13920914331243212830,6678948390264763260,10929504537792494181,4126981477004039451,580127489065713403,16845763449653068482,16925773687055284373,10429527756993313501,12650628088744779747,3821818584785818259,14754804865047325980,5876044013686396018,14754154709619370268,14030457417972692042,12641907245120333079,15133891209570945182,1542209478621912322
14778678523450521818,14107533920244951644,329749424855068492,4371893272133164777,16599233893682017425,12288942056996695560,3776068378225064078,12690666275356636882,15694464677796835756,15797407065272606057,17372586869524360216,8559528004176802063,336755579921661945,14823868606762430998,15610323400039595176,6846981710280292326,17174878179097107154,10675726426787635077,15159448860590755888,15637572665921224713,11292131803073340369,3373704769520913370,16310977169871449135,5104488836422583708
496747086574005864,2760841835777400130,3570826040311829198,3522419148113813728,3693057056510549002,10584104570630059526,16141488532264366807,6651713197244579279,3162972455903082544,7586063803456292984,6591815051102572264,16328061100199163500,14412694639648710468,14262324247550116147,3300832929105142902,2806266536201669836,7417897666988510735,6408287541145491790,4782204695099189111,7245220007562387034,5234823611648392865,14866450103311068291,1250194772530829637,3583085065068136204
3254297083941230875,7556092887290965946,4818375634961215109,8624243659643845011,17331575931655005250,7479077387432213969,1860092317190742790,1157671571173450164,14444781372790892845,5235975235180962255,236315165334074649,11065606579383071249,18003899277023002240,8552405050786404569,6359828156123395013,12844531828344285266,17872876650754261295,3149013002547977620,12531807801483827456,17604355642302367858,18388651750393094300,12785623485316504441,3556385087547059981,390599283307574183
8469789381889366192,7917516957895675166,7469335098118276025,13294320132730233845,10953807094951145960,743257306526409561,5940815980072870012,14362630529225086174,16246099730926485625,318122600686976205,15030956382250993029,6562301546809787265,7387697875289369139,8644023784192835855,213319383250676689,17186721048661705059,10527660285485864961,15007465403633751070,18088261282712599527,12259096826813863772,1029310928760026948,17236746905713304498,4350127043144501330,44192485716614228
16040473734593866741,5049084677076206371,17179470426289381894,16320369634109327743,7579209864625394857,14634277341181406612,13768307698898355102,13542093101395230335,4399926374015391609,14675478646294326256,2835420959592337997,12932490650984762654,16440206152790049974,12008412811189953432,14530427572194915476,13714393519050912952,10438994746977827937,17567018367212176926,6308344390176486271,15322459166550595744,6269604535796680264,9046108725382996344,17503497020127179291,10109184590971230972
12526402908219497213,1775704991108683783,12659658760373481722,3143994964302583342,7253840713619291914,16123864775466621128,1388064889378594733,3250931994913553183,13777815719922131611,5604588138880548134,33991720576710328,1502103054026529688,15687534819207570603,9227210080556485830,3097632132520741783,4293053191197608887,2346283668777655738,14800816531704562262,12500382149921759944,12796468715291484010,4109285006111101966,6719600215857414720,16702452316780191155,13374342386342153809
7071061829388707432,12003240009901620216,13530535132351960091,441518012250551166,16905778086646106748,14142363402511460599,167734308582836947,8531412211874821219,13975892312568952749,15027987637567552225,4454408119759852153,16709408634122339969,5364787364281925557,13870698406726911161,8772811899185138210,7231853966941314196,9828081202166626354,6936342792891681440,8173079593627245884,5510119897697301854,14513452858475566890,14250521611753362846,4666464745821093213,17711019803883473634
9016479443906041306,12606219417994127966,8303242687795355688,6005639606867569555,6784923530785603234,3842381705805251683,210267659071063678,14050734744538950304,8970379660112204674,8048152734057060558,5721115024459494176,7444008176989240168,13469681576268077431,11181923022297209308,17250010865163631664,9303706395201663386,1860504221228743204,2470151547085043328,11733602888590902458,10201889120048694739,17675176514034835139,4553458349522563543,7739921919415775585,8427099884243075853
811446334188521526,16396352144561597845,4781788419277231395,17426477768619939916,5868436226574362515,13985261541551800849,17389047578210171459,305014593030109464,10120652436819641965,8157173215320228964,1693360337542329748,3849102715823362234,2029930221501630715,15460261683638524958,16867894555079360792,10307015055019417552,7330311377838833556,13802602961341075641,18030256207921892695,18127235082546984920,11227009156114751818,17401548603855672427,4458827703819610025,11984478338368859642
6188415426464335540,8179257990489239433,13604257583492860723,4145808370880969611,263688428575136929,10039921227206621683,13866423609505093066,17665438008161896396,9731815431024966881,15193988780243746361,2290543331062592182,8450830486692001213,16243077884474163852,17425229079071899220,11366101291369149487,2040421981381458533,12598414250805967362,14092136239426767479,2249053367115459456,17969574294070567127,3108867515332863306,16065148064851766591,14773072377926843666,17792647841864039848
3189918579004294917,17299198850492558205,16273845266917158329,15408105786845121786,3259467571107100558,5192598354082449968,5310159722919453331,18108946856420747389,15538570371843206344,10296112006627759583,3169523235017144296,4911164645308601201,13547911494043058507,13279324549612227994,15248011298360200265,9029889334198723487,6217440119824991871,11436981815588408182,166643643107265227,1938452504722487669,11257042300078520544,583947429875480009,15695885102068884449,17041934362606018646
5314677945610970139,2000381993426054835,17536088021590036779,1776935886102836031,16928611668575252804,1119014164781669010,15734536818276371559,2781967284154258310,7073075636737814726,6524856388130227039,9522880046153149151,15535457401668378001,2271188414730978364,1099889427008582490,12961412210729774673,1253302607408222563,15479490366259285153,12679163510505100768,10102451521336788808,15516281407189409711,16635843277158292867,12276616913244694652,6589320680761179289,6473957792066169181
14542322674776545958,11329568729063193314,15007962938588745316,17445816235862850568,1035073732766946429,6157492289438111636,13133061376217228880,17843534409189459445,6169143389184803492,3557716478329637125,8791926449711324581,326291657086870384,585292623343643036,2671206160679223043,6236255048872987031,2595539122384916725,8595245667641919828,8753063263928634627,6060389975668793280,5158345388012908725,8843338834468305999,14618113784863678592,13658440414403196520,7560220094221764690
16979569595448627786,13234597343754413655,14066959255403061178,12668977190124687745,13292957234131664277,16291777343672739278,4491647152557089759,12685554571984223270,15630216497014224555,4429319703131788582,5226820013069192177,4909008603438194504,276917399418129030,17359778599593137382,17061821576546234113,13820462946708228001,8297671098816786549,2666712002207536560,15705552407047081325,7387623840499861737,2042584580616410744,17537229820369023259,14624403409319767992,947381614300666053
13751790999355783043,12885409772490060767,1713926005615534485,12958478296641501791,14283102974098371840,10855811956349117734,6715163448914575668,10325016219875001367,11173217679016760815,2233008071386095630,17839642490457663990,13763290105031532472,15207534993697603475,9023724636290558992,15360665968317501672,3995220215792034181,12518380399588550579,11476471032567772920,4120302624541382175,17566257419571270972,4021116681675482099,3647202333227022127,5606331496710733071,2179035704824763329
17127007561770635319,140530730878417945,2981218904991208300,16823993818230110388,5392803147878935305,10734839960952311580,11697245788370380862,8780699669463268168,3278099393308697391,1786162674661265589,12989969370205076100,8291966973633486816,18125253480541300009,7771719970835039517,626890845961950273,7483415376638993952,14797551443968343584,18255968442384088151,5131184793852186728,1371037374332925307,5761356662349164531,6038501898799610811,4209672261505176821,11768540228352625275
4667701147103919319,13961892654462578876,6986957005517023228,8365601365038618969,14336934322420060281,11658774459074097348,15352320433976916762,17690643751030316569,7918891199627817600,10211990999802484184,16134583346267001626,16161016735552235600,2913329492695785785,1497569602853651364,18366677932126780756,12780348946706977588,8563346657589252845,9336861578783534787,6127954820721664270,15914246989279398187,21670709176279888,6612069330365229564,12861844085111351914,4095430874455152151
10682397317481251332,15033732212157979815,10719708819379503186,7499315277559541607,16959317198267132785,9852138396482169747,12082582731971894691,2436401158091796088,15848570648769705199,13647405320891349200,4628055107766682450,12375502263345753032,3418007093030803466,10828633846611755197,13542170084388465878,6499481485908949009,10818526499538573263,11477727668720298997,6646027463636473621,11917982303997696911,8830341674139954899,3354965871477389495,5572422910039143345,4319612963519529904
590427580458392894,8211305151221636530,5235817006612354671,1236525526505122601,3555574406225330735,149506499888333102,11939044158136245087,7179195516169587016,6699435376820598454,14289232028079093769,3210133155860338461,2889699776427183823,12499505246652224680,15594738372796941049,8629983782161459534,8006483521920174601,1312988879291831563,11444511792576303826,4284389735638031438,10854663612433907615,7175057305613279152,8329672523761423722,14598755912205844087,4253595620875333845
18413700790054646843,1410175347534626899,14108989713334166491,71353854420652554,5843246295011772075,13595096918377996094,73851805037380560,8078464774324316041,5776131997424833437,14149543534339877519,13876248069477832434,8538948822399822956,733749891446100184,2684203388415849471,7475079302839267391,1569746437897690971,5001639460406893816,16404571182349507273,11183147263591569305,10323497002135057491,9663717915269673892,17324654822258512363,6110787771096712280,16947425981476234275
9533122523232533936,10028666855280861825,16419670993385539300,6632527143435159468,10976820761855541724,8817443711956188251,3963757576640901595,6874394407966148051,1985322467556331215,5733414712273640995,8660673759928478106,11146171202130338184,7170399664245718173,6395910062126325058,533185575975929191,11333334698081679340,17616009964308642948,8179223722934514866,12017742752047316421,7340926348111602632,8328208123369447550,6582348104860998753,10361378035369700575,6956853156225454322
14311898240042189936,17707454059544380312,13962373528914671235,7233182043564783385,8828445157259104146,2702773571872495408,15740211658221417284,5407931141538734971,18372907601845287736,17858050643141870319,9325406819102254069,12621429482628872561,3417890666430591052,1713774409929048301,13823807581472165547,11599323500853961099,15893713596681419307,13063136124825717918,14718008797402957162,16802617303569542997,10498525717373101600,4548424618047312660,16899424307234031064,13141885915284421119
16932387728056196700,15331760108298270930,70251855749268067,8169038632403396121,11413576384677653102,3513671826461739286,1830399659575852818,6305746167497936243,12077182873416653420,14359154607990284835,15826939164653103741,2576458696361713491,1663611079401263335,5052640938391536717,8656725102212429405,13459707128491352644,8880524665357642091,2528875534125960574,4173273623266879304,5058489821929102576,15588580593353435943,10606345019737064105,3701985223419944286,9965536346684457564
4382154878121435810,3051666723400302366,1594951916264859657,14131609560936982390,10037000791468471170,6014616702230187646,8913370758386282533,5196379323132130057,13257858559554832902,17453832874347512440,16415514389090856166,8567357836021624460,14963691598431930668,9662792387795686297,9666494583801837296,2928690168163977555,2341253305241698096,2075669759191976000,16177041187646462418,11441520606635058466,17582607069841888758,13304082912025032282,8551580813868547736,15066242005003756351
14716323505023350462,12765772235130364246,941612670862038806,723246759545282596,4306824028213907868,4863314792360866432,15286987382525070417,12720116373982566280,14463268965439158343,18115011522759154827,9020261519442191243,4955896409894510712,6690612491068857140,15199474237785173666,5612531608610460483,345077114710657550,8708190650159898912,2662786535850846407,5314180513971099173,6488348029994177187,4564349239419889422,13508128499960069547,797574451115247047,8491678620876863525
15396043586741206581,14713254332746887871,14027516755494224110,9575415269890603428,2966274152719562179,13578555980298086369,12582260368234531888,9624262938689349358,4412245640240534620,5369329155986608726,18035977501359062271,5776788071442908532,6586906792402521261,16665468517840026871,14126002553301822139,14548820642268459151,13688769073738569427,7608568509092127229,9926783450352039417,9958154708829763062,17613592500268837091,3902297189666983023,18060721988698234184,2756477256255703432
14957027322575658424,10613339613856199061,6696707279679814981,17909089021069292723,8367869043477573707,10880389863005834292,582114125404294885,7746137755283357042,2808186588373835897,2955545109743262689,6930539420405490486,367916579017322680,6546589688036060535,8732335490090352470,12301133699506617533,2379556896932427046,7849748842832182982,17361105583272115723,18053301485753221709,17172373853040660908,17841253888236300898,10362490248279133780,13692809480109268937,5617362770048936496
4469782794623596007,12944017678521836315,8605491214609934923,11320566338340275436,8335808886250505909,75973013085289254,8686861652995550881,8910581876585390122,9612189407163485496,12709235857251947712,1224492979361818583,6817594003231588970,8082794867554015843,16127642288547333141,535526774821194863,5093061169864206913,7070268534526788696,9382199426683037569,7865898211274838195,10694152829430461269,9910021934513471313,9465248787987499297,14663326916448309435,5479415982395664919
8085569776952351725,12238686286012852289,11366199296539098424,13837976411527956391,10099807394820366488,3240869361097520322,2964215395797228839,6113314602884358066,4201013530373006631,11632785214025507168,9146412795635103764,7110269635321550847,7038742810241556714,15162244499901255733,10943851920497687482,932180882902332862,1836202079803318872,2560498181674587492,14227963303349588460,12673956349334583510,2558858406076719250,2766451928048324035,5743518819330329393,10772785095439039668
13102630629049131072,8257586415048913307,7833736942683426707,5657472382323916999,2394078606850828196,10929447198579388207,13468020509417006058,12376367942064159883,3889615888028558224,571769252285737038,5542824859685329256,5291896350079453094,554652763288374122,4936344201174345624,1654567542106432618,3062211881123771723,12542477373367453909,15684341544641459359,17809823599896427766,8226648552087848084,15563521130704914080,15499411286315043591,12648835086870334778,17790301753513426976
7091828526537704669,18219218198561986568,16909178339388971767,17438676146605480935,12618393076853678289,14498844183967822423,10522067550526692860,16198838316479905951,17218304451614486837,8197870218847300470,9460964466751527793,4102115325714131708,5664443204023212092,4384586404948306352,12674106049411729232,8715605434089705851,1781647912517619647,5479393600031515155,5061936095951884218,1749324000769307442,15931556734857594952,4259789798542944159,13952436758906126561,8451445629932721038
7010740505803642977,2916060912500550060,1960173577876283879,13478073418409590871,8890031321995962921,14872564323872147658,17774810496624148196,13036875799510860431,11762682950902385955,727711764662576800,17504484180013777586,7650207849254126435,86335125855201365,7179607655058895524,342771017277053165,12761248014519581690,5060276794001665724,5379699233067628235,5885965576892931639,16421079960156323767,14950504115722201453,12191306799323319052,3719463636843692651,9632802097942651537
17293260594226810649,16281132309241330916,15536789453988992276,11296576409981770452,7799559003267881140,1105599691268507009,10492836543445681084,11694160453210259994,13771009226304281517,10258928947158833959,16970556240066858233,9825404678667231099,10670346275307926909,14469649432722520875,15157932659051101203,6999936950451595296,13851943200079319037,11341695637374730762,12751214149652061561,13842858440314031289,13946170421508298668,6474344956033721632,2646420040896042252,5635581750213463525
12396904458735827525,17523273478111783123,2099234177939151607,3157930461648767003,13896997303451161178,17438135573323330172,8367431906049915086,16952088556910303972,271890516765563187,10952330719412078929,2716065849343946915,16048550950129572084,2823912716157644497,4228722565061212471,12153864799839634435,12194973223568407293,4193545217157934928,2412592368259573774,2707846765985319913,14112115120486349945,11155658256182104793,3429135924338320465,14424234008034660286,7510689759177870890
14100211495461818209,18311603480089533875,78935749134643793,6750685348104757385,744050289088040325,11348197744909326427,2052677481612705669,16664811208151984721,12082365839622820629,11084124019151801085,6409902709146834737,11401815337733402002,8550584881282552076,3027560129754402324,7090274885386733928,13861177370932078449,13548789562431307605,18333369357399504249,17133573270815514010,8731494886066045567,6349029854967909282,7425900090146127800,14161220816999951177,15613462921467669718
5665025242066009002,8406305259304581292,5032906185397187500,12128519247256648404,1407273817510910774,12365186577681485333,15731479704157224682,6127008349745231421,2636643895658817711,6935272696471288614,11029140939054382607,1809875195713941733,1620045855535840032,4184032369918724438,1720509605846622239,10550833200752342763,1374080917685459690,16331331294659392118,12060677515120408508,11163861314011106379,17300777289853929573,4042338094694208697,11020674426426985753,16809495141637026946
12639367975998071410,2042820168370777867,17585894190674468622,9014316959256634523,6851190873395059161,12785486445479623703,4622491705101141024,9809332717419064142,3897118254243995283,14778294077585582686,14652086435639953053,9163564520538881922,13841986681995067699,1460398622148405920,15911585744024807973,16337176453799107968,2436789769989413695,14824908865443104340,7444302637498971411,3535665662376899218,3341319499569281582,14832846062164340508,18391849815740616071,772824239296137628
16407767174164058334,3032703405608264445,1296135448412554016,2998948977758582195,17967336564340820713,10574927113351424352,11050487135543814179,5780746778617439230,5883395414224394045,9654330674395768239,2401137179084327818,2269498727736911248,16967534458373877439,1291713174087929920,5436402340006860672,5845464677322448723,10737373243803447120,16992157035071450264,16895398637631007625,8791669671353378411,18131109331106991970,2210069286711627455,9924025084570748229,14463638368263323192
17933537766016996237,4166987179156206473,5039490879588880485,18306401223193008913,5863100213962890091,13743183597483279808,14669692116854454999,11164327184770048680,13147486641710967630,16189365396805952791,8114028570843786311,10641573288483853740,1370319994616193791,12607999233919391771,13947111887060655150,4558195872110188650,13443131266506306567,4871917655008799734,6948425623984314794,8271716500772319599,610397433864953096,5961650978859984112,15411819146520826387,17364193482929648217
9518867133256494971,14249762664925436503,11738443803403130034,6078365219017690545,8468935638626327539,5483069593280769359,5412138600444455502,6610468285740386583,10134392779754086557,10138123223907527766,10837418701072325370,15315522380689930957,11376329699924535763,10722957101277321624,9460333898546897585,4385823435508772444,3475266747587721418,15307054447867198232,1987261989086852284,2526026393739362880,11938428996276481151,15490031780882632803,13498398079599161109,14243964689978554563
14243418381810010281,8361911300083729820,1577972293716505079,7052277347862679692,4637529784373686605,3419994637399844241,8206261419391848403,8104255468879460130,12748516820426739407,3283047040254650672,1285880394766815189,13336036180049390485,10537473885533940185,770464520219426009,17635918007905847081,12149953661975290877,777077990219686112,15561716179237136575,16619774775466020452,5836307585889161482,14962171205228087010,16105038369479300311,6865182301438912428,2311917983056344115
7729631158425082594,17098814710356485239,8791194922681722722,15412243459224021100,17080396229148403869,13531497123346861515,992511710721478701,4731362910806894185,7303156459965440540,8891137611810109813,9623135768666116292,6633904046081633582,4559395806771066790,6784241124856653850,1385593638573509283,515415937707431353,2153838620765831381,11272397315173650195,755268328347931853,12802321507990126747,14928094201707591555,1764883438500712547,6803532643989119857,17307219848450265106
738211688987523634,16655869500852022268,15302690591196452809,9524110436437244902,4991551805909497872,14152862197215084208,2574463532331311253,5850643956133014164,10719307376426867239,5790388383377576439,3144529005111953049,13687714309634977133,2476539592040935973,14247025615434589045,14984834791080101501,14377087661844100895,10483143561015646565,15817435620592477531,13683292738327432223,5602423037595882339,5112305485873054436,12952358565282646084,5798822234043100885,12585879850372695324
9352116184175994538,18309128685981000810,6870808300367508721,4296865229460877146,15602483277016130135,16019369893020095234,13141653027419258904,18413936562691343168,7032336909681616487,7462673612636598742,17975297702345564827,5611971495258478669,4887441897922506523,15636959170460540970,7872415654867192538,1951999743493568290,2191203290157413297,7999824194039986197,6411936921149722119,18049873149294450269,16129106129556114820,7792613320157627539,8318718201752510697,15058030330611611328
729161096703105343,16931736328891187459,11441377137168328183,9694619041655872707,7360619333538685401,2348306981650583195,11245137881212216730,305593266251578985,14783882648851593930,9837681808298220187,427225554145879760,14304468701042203339,12883607778327298406,6890166269928122769,11518991344196323533,10629258550280873469,2690596342970754444,7009500573466029931,2692396894824788859,2717674287142013732,6016877273645820157,18340221957874566314,17301918799311555074,4216013224532802049
10450339771388718032,15013778589783792326,4332278708242052988,14338607939702358782,5086475081952262226,14083878620057712268,2799067236930870171,17141339917790351081,4123802933715746347,14199678558140165072,2102513488485347544,7681630156887400062,8375379710411628287,13441082378194910672,11646572598895272705,14003222985819896633,16855319237548546236,10129072532899377776,11352638938216535671,1890652714910621757,5296451163429514649,436679912050739097,6962964803943534433,4351888635031911701
7646497365771354568,10872482261074897777,9561926457744471179,11134187249763304876,11460150246320399436,12026372892753221469,17940151425674245621,6661765758706863220,17304938175286384259,10700111765230635244,16141284522611064066,11089965142995928153,330280614317932489,12482789385621468984,7028704493755464459,15192522996062309332,9419402056950243203,7730035579572077730,15246844204250216319,8216664502280121100,1735415896025835898,9950611116504565124,16067992226468514764,5215744183371412604
15440949081398056594,6432024990986309138,3783110853934267669,2913914517386681932,12120124193803975056,2993175945720194436,3329524056660177226,16943794199289155159,9233294100155015304,14071402840290956660,18039880567654817485,521844527951283585,8617050146082030621,2216925015813473547,4773872436131324364,4830840372033112577,1487254129313985404,7089305053998473748,13560575274803815146,3133644252593248941,15073551108954877561,7037646408310654445,16582895063047359068,2616384864704268690
954468331987853693,15204583745346849762,17615276733529656744,11128892266311087922,17783466201016814208,4907531796504079333,7449140747241610598,11288493934462803985,9559870926486922410,4138462824453318782,15540716994447213345,4931393347501981084,2070321343614474247,6066703197256355160,5235865471709234075,5915439476822444807,9502393440576919632,5920310673683313896,1430359572202608651,7791535562534695942,1647714912417361522,17616642216002030685,5613007167444421167,15714478046652409589
6655847212040760725,29209513339919129,10431419360589284021,14157665341612812395,484623183661686293,12924846071888718440,15713242340906054795,17939830198268892251,3781595148359851709,14147160633005488261,12633244821021951052,4672018159265464077,2406323647276245139,6080409868262502995,1404634489739189371,11004429388559430516,795967647440189144,2638544409014428879,2118475031488597169,2073637222231271117,12835327367105259355,4551628412723764042,15447683083479486207,15839604826435938528
344127662187077204,6265602336123707508,11335422575482869655,13345275910086346613,1250716655107743672,8940447896440242852,11329233805803167962,7977975814396871283,11813372287867271451,9020443900551832979,6617059471533055724,3133219916554056896,928290951609925461,17968580166891893624,7745583714805627664,519845522405424257,17104603484267510299,6541618908177342492,14522113079283497865,16358985136619807896,16116676821957369132,470244010634149239,13925384755919823567,9854775624272822967
12829970391204436962,5688139545464862178,7073761703692579150,13778433813054878812,17809437008981655483,16417562548292224812,11909070396541395188,14388259764323911786,17588658336093744565,4220776070439720395,16007654913065488293,208419154322080140,15173427419255763963,6678129440359439377,3624886852042989988,5462307807434976975,2717879590817625803,13174040638250112625,11255396769504875085,11199754195699657319,12359299726264224427,16490938080710495831,7485433794061371286,4896128154884139566
13449288786776967917,16564025371232434681,3468377255360856361,6343271973279282460,15991493526550895300,12120994967409565705,1761135251061245666,12314252780465348643,11960568971642752138,897577422427091934,14444494966630176185,8314386642235956692,798872889085648334,5329165035328114805,11078958728478488239,10302844106016929293,17917634767959733574,5598696091850949819,7401709192331377424,1869603652935498183,8216591280190599253,3123643759166266820,10682288070529444290,14313842338662033387
8006073680048636080,11453770891715080997,5174918808742687413,10781140673385051591,2861157187831699432,4479031604078260978,6807832458808834241,14652526459480031273,5076233746415114909,8268566985316060248,5942590819495612422,10891535398306755866,3883483880819094463,8412738892573473629,12331148204828926312,5797971052856321132,11190411516472867621,12607091678522427363,2620096561729943948,16292417083531568068,413642907903739089,15135809893119359089,701001918849707635,2400900686195108720
15603905847127215775,13975833366365235576,11441446635190044176,11286705338260084570,8833180355961752620,13256267536848251479,14723501244143183218,15094006853933856253,12794849841351521975,11260706490813136650,14262451507091083324,2792510832956552501,9696091282938312713,6619275759798280776,12725335406637858542,15740370008672084082,2643796927736322048,10195673270146393538,2831155696580695721,519421863283522728,2343495391744827530,14016657854976853945,13758572925332812781,6477144161190362089
18012718922003903405,4976784136667681982,8203142173338532092,405447838849094702,5003947845721423355,7510730504770511141,8239000253363023835,6195036081170519779,17600283763560560408,8520911525502679431,7637286976361068832,15495361299212859955,11095230981338027266,4741765334147732432,5109144740638594077,6314969931758051193,14288146734642365604,3679540074192545407,371283749803122403,8640196213121989560,7656104063773080909,1737059042873531343,4501518464757854569,10416539169559418210
204386367378685586,7556510598455246546,925306639435557867,2531840448769392444,17623749150416094384,9534653104506195735,4791231184932147241,13182986792826119774,8757034935447563459,8512929960112959619,7962084324762148720,11137492881829459638,18177348132821609981,13711842206791398736,9188746393900827380,15203299700068848541,4018325012205372724,3395845834320038388,15479140837343755565,3773332174985829823,15373776928318979684,7394075632884644938,2988507543696370976,2139309586926529733
15066237505436399823,3969831024788090848,9803584106387043165,7403875887096566646,9731406372479854141,7057798170164586233,5860755717759089311,9121540766549468597,8746039837906143769,12669567513908992237,8585741563348382262,7832885379354447199,10087660057837656675,14889738521686154961,968912032954922119,9522541849012776856,2201590313440211919,14229396582780180542,15903114234021891493,3041404758932007521,15473295095068287611,1980445470037221091,28673490994650581,10025644003633505884
969785086127943762,5027029114584121212,15821129976970857699,16105661568443884945,17356910005140446780,14741047166842035114,13084624352787976962,17312973905711483703,8766462431037989541,5060621619542182514,15080621947879056396,14336996183594134571,2978333741649819666,13471726331265955766,11651772011740727803,16945285999717624577,9241886934517764389,5089555849398364616,13471681188711298261,17182219915037628877,13391154750687685466,3842012865884629821,16570076605225682049,16031564979830158852
11675608535333789967,11529131228802416828,2836790868263501339,10766078216885132479,3575752767857270892,12206691329187583893,6475015534969160819,12931252255013176868,10437951154884485804,5898007317391312360,17217293281912588478,16701388904437758757,55796699549939948,1175665579458978868,16303362141090274935,10206476968590443125,17253109935146093851,17930898083179870721,4329322089325379920,6304250887401163035,6885775942771637386,4446886152615553877,17993651553720259875,919408918726592696
2783782837670007159,6924333172777780383,398531528930582462,13359319115291880700,2920675885698923727,8991273307780052800,8047290055505859907,18066984763170573590,3706194836930020832,16787879802114564287,17058139096855265214,5263515328033356369,16487023412557723680,10993582638458577266,495176153936647999,2989237597531178292,15431361330014832664,9836550118694695529,14398833743789161496,6674897612694761225,5933786539258570421,3715512782385809828,15835027589044488556,17172152292607488627
1323669486815910636,418330994020060483,2107020817288176958,8671930707583904752,1015350330748919899,16758666873255537849,14570065839898547600,2570397749604745228,17679893716353981754,12159125573983765176,6911914331036661246,5903781058537886059,10823338811954095573,10388986854568198186,3270413158059352861,3198301103056098521,14160599761328482747,1500065128132982614,14526885072914948698,1546538255877978624,16404475572801645946,16845646259517921304,4053326339441156848,2658132889964452825
1719697478270624394,386334653447713797,12521490902820258233,15208022255613285424,15262474733816708540,5453462431448281544,6658820391550273837,13070639994395588615,800832590760438132,5092838901449912584,17441123968098568762,3335815183925829360,12992415669841850830,157611418072764261,16423991852473781049,1449304472718704737,2579062999776009361,14187441359907070899,1571387496793032334,7692131273877358548,828256260443073530,6115889093877590241,17924089578138950131,12809535861439437052
3195846180591809518,10673527344416571537,8768144779435223774,4711969424429516073,183302667148858328,7436721172377597615,6567208232090336810,12650687962405386618,17092782433616873982,18381116228214407126,7238896467773734097,1270806912624111056,6354599529134206978,8520490098121338613,4757349250894083911,12741311432794047343,15618362188321279299,12984631294076266195,7599498765666122464,14646127782121114434,11631661775952808482,13132772273759225128,2138830764461003384,11148371477330763591
2556454089736305048,3816077334586067545,5583278300984250005,2095378824765266597,4341042871755614819,9446803326446884132,12301117761653252035,5476762010911599540,5481684045520220088,3055080893027087206,13012529143095572438,4050104798865567990,14285685108050891985,104788173235533570,17953534450914634233,17938068313700614588,15512681063123738561,18387771601345578186,3396341610658705778,12594972871603160039,4138583954667612636,17037484576007872505,6545379891447939901,16994192014623723079
13346079602949662463,17299077279166682729,18364811069424648546,2147556924619875307,18253790125570108823,15039075762274205873,3069410870708761831,6639808514707221881,2575097254452445660,6920928648914266123,14816976583679871819,5349787423498495280,13103395774731197506,12798484303685733264,6844391696725110346,3006339630899794598,2010561626990154610,16727004961048699801,8013372024081226500,14580184949655386549,18346462543626330086,11667861004013414617,10535537289263002358,10192140074550286892
1875203159398529215,8795130502067806556,6655817917911353393,11308842851271364459,16444384978775824504,17255238865760927771,8371126592452154152,11851240979334118654,991987157361099018,3038548517340857025,16859677405264935339,7756736677819051489,12837073878637106128,1795662926302950216,4582025289188974611,7882639046489718894,12630060169088437988,1768103642510839082,16059646310404621490,6327674733765760203,9550555369367782805,2589585399234524757,1527105250596113095,655849976823567115
5958939044664693920,6702264177013500817,7902689574221033897,17820022036151297318,1456133446291123583,12710502875237130348,15687461952371045649,5175332792010759438,6388214927977123226,8115366536345859059,13931979640324190122,13837108677347100870,2096253443894927049,11879006322605342241,8393073597819773774,1195002497174448301,17289836292464366416,3183993014553582821,10496007737749636952,1471924104432205261,16271389101233274517,2506022405845631776,11027159977260997155,7794744382300750463
10769778573357939157,967184650139492581,5776037055907795209,10454676296791675094,11691465727315005274,15670515281004729273,1288622047588380291,12428986066919298768,9843268219715917226,3437442092071787859,12849145990860948023,17148149120620245018,15336237106895539984,12700035544336834820,3177678186665213711,14613891027002731706,9658999509853533309,13657794469277924176,15305684348823544341,14090622818618354080,16787057674377320077,8251731372035968176,1601543782817525793,221223935056586866
9050557979000013430,4096868484065416557,1930444924871671841,13086650897264860115,9905462018038689798,6609968614021201763,11425296971470105298,7183853951530683002,16627020748612169864,16845906484388148566,15370433790809304148,11551769585417962329,10869392804189291546,8829705038230906152,14490188674233828246,7489178200460950080,18163827627986507900,8998907162856592883,16080798040298707261,8528276048285751981,485920062305001682,1896068906580288873,4950258786583747384,11264403194070958171
5406724900884229465,17429508925419322982,14330976611164064704,9044639664757874815,17059380125530050270,11818880234511986394,8156457447263941081,2555999109977231505,3648867354244504778,13533311898646054030,16370240305455926345,4847859329307150926,7718156775618620749,1604783716638940820,16998648530013318370,5055424415335973255,11911606561060821201,9742421353943004662,11362854377342412293,2407403594563158429,10286651485395574647,5364937331266957393,5232389111860392680,1543793180710019581
11963241127550331785,875369285301607169,1750705563325645116,12936152477586535466,10718870172019669756,8483285388838229000,17153850904017649915,6572021964090430459,9491745674678144290,7436834576366714947,3430545292925591349,5200188255698077160,13277567404825747796,8532610781671530393,10251319375492222900,7955903146737893950,6832473521252815344,8481858332297978735,138958926812004958,478621223569889241,6562174710685126064,12515330410610106278,11412109932457472782,6584382848252617928
16605428978020584874,2496514948255554896,8815100279310324181,304952503257158628,11396208203717763189,11980228640102394298,15985283450101705175,13532774013861461924,6723514187990427359,17245489894949728502,8593032629847428484,904372138362929295,1650498999587273309,13419159437094789213,7559622746202497894,17424853716934696455,932195955887736371,6441978866436907876,13206364148266465098,15914652297591323378,10980072459490881024,6986556875931859400,15612214471885153890,132040590349537933
3429714924798276558,15298609338890145217,12742228410794547367,8453332011378726144,5274643289719579264,7803449359194275680,2267549549675819822,17284147521666454143,5397304814320679515,8770532434451354730,2605904514525325424,7171718030551536631,10161417359379692345,275985073774285344,9810740044148632867,3296558198869818930,7477407614354628346,3077040726761875543,13544645712689753697,8412777246861367449,7186248157733552182,7044976011134711501,8200739285278374331,3469874440416712504
12308427190296136470,8528652952720333719,3783435351993129893,17921517164611366120,13568426966747983248,17928168782353237565,9985964435547242394,3847698914260124894,6218260914212708432,3393507168930862049,17742619624667209461,2475562717296296587,12401961393627572636,1313513435369493655,7331094553287237819,9864014012023080730,15583256190297687175,15625630873023610638,13710302875111931504,11065257454265058521,10708378260643869215,13518844951749568285,11911082309954909308,3173032203182079382
2698252414166496460,5075539439366655315,17673299623966292233,6153193943183562554,18435336925693377664,10399708269275459384,2790718076004672014,8504183507256860221,98913714048887421,7428221891094324714,11994826652790162682,14375205290180644720,4338396427991355138,6384825027449355733,8876196953795855450,18323113013404704729,712767940216173280,4955024419295971613,13851549725969308598,11147557701770467022,11335005282014612845,16872709502398235167,5971923929492337414,1869420623220516697
14210167755465596862,3327916193748929153,7266790371339921305,5577411248503959078,5045440026499754826,13049614802045543773,3533607733408379040,15941315391852368180,10267488276385552840,4948173211293669903,8444289257229984701,4323310699561925612,15426022442620812091,6359560613624873156,8276469987527490828,14952019671043214752,13254979931223874528,10717743687887643817,14527077720287795740,18143555375796486600,16033163490440685710,15761763758894338326,7699621685212967193,16419721564605809465
18187251587709674283,2948575146576663155,17700385773618657579,11823995738573604457,17335067750015876577,401699844658129361,3574092392744894157,13096510725865459373,5447011248035989630,179273940241366711,6206502427199116524,3661956455444362173,14619520712163462269,10490051804256965473,4195933341191242470,4100548646246093372,11712338720157056212,6717881843531799299,5035548430040849315,5175127409475728766,13402980833882510946,10722239641871314074,3667342298370845766,11611510638624909106
744538944266079467,14643735799262676307,9245399226066315831,7671064566490482321,9713593298028619750,13223653447172631969,17255617351713555720,7273605563607936081,6761166724538578434,10916500382331100341,3585313147611570360,8944984560805298572,6389963449695921143,13548294842522456846,3125473378408654209,11444245337354132636,2315504642625278448,17370598608982118728,14910892044193108557,9191883763996143515,15007585207480085625,5329016756541522421,2530528410651881566,4703535767359064077
2522402046031128301,13389188777902575377,17658091362831868979,9235862081949849269,16974702849147445194,11400518639817440310,4089315082931426174,4749265095020024201,11679034054344526979,17682819925235647225,15211611595415138546,12624449012905750792,12620736464857541680,16439617048786612194,13312291080966494302,17137466530688277972,16009469732886983601,17063359620166148758,3472776682025875323,9477318568840243410,17833834861296881181,4172908638260320312,15955396202834666307,8919516481674072955
18424861010322684819,1091606194319974735,10429270264218759663,4016719123790247627,5460463041492929637,6477404242099652155,6372592919173327409,9512565985160512049,5065762573651822193,17433460934802226097,8436595080884036248,465736078519380087,3254870459509308012,3873548702969432257,6626886526327743590,3070609881434674917,4117093524844755681,10946587603076168885,16386374509761909265,16338499550536521294,75851323976100183,14577545199582072582,14539393935935322740,9797142176207449874
6193599693381810863,6188817541983023834,2754629549635047837,1900989384045878623,12312008980621142438,13916841010034539264,14116937590935365895,12807267155590434961,1974624305579660031,2812420336870673757,10740704940475161904,7954712469025665188,7210791620931473048,3676003004816952784,5961744528680918556,8157649591909480344,7968247997513477958,13481479733602207258,13003023645636751587,16669972117162112869,14462365382442103925,467456557077926081,2810231139241184216,5607056540705493723
17818891022182166556,10230721478621167219,16751686214267902277,3455803881121744568,6268448122890596147,13776876065003067668,240165015663228997,12736729228434900347,7507952296062387432,10490229820279641078,7805534162871606339,14864990017690032068,16520870676703565077,7042088747942363175,7496351635021849621,2682857236627640884,16993283504610717827,17790896772099093883,2849745479958872039,16883271220801646554,16411179570937033059,15454548929051341454,11505056142546867997,11132028011249756697
6017263197949545488,8486553457716322787,16531341032230065828,10979165959748868118,6012845963250440562,1426186621536360865,11861448142965995275,16825093320789849784,14298983868192216956,14171398347685192490,16308852461771247040,1059334041313669621,14552989894043424337,16162325951551623541,5778160878973523766,7615577528079587620,354524287102405029,11676850868836697674,8106319763772468598,15780441267096409506,9261208980503374883,15610044400179480622,9321297561928769890,863435029932344473
9222027534232292886,7008957799949373423,1769086164964166016,10542120163090276663,3222077167052502877,16036871087545095727,11253170975591759769,17094191884582411441,9699054783317895182,11725232187868698322,17163253198898305839,8407672159082922603,8298046400206017423,17955429122759625984,16422404690557930286,4045133201980460181,7281049718487041115,1680235823319418579,6984782508507454562,3390295622604824597,9060836236792602294,15122968844183637778,1174427808475506211,12807524081788182352
9737961042658514789,1503525051576137079,12562806304954346999,6899008939137215804,6664432738337545774,5844777446595808577,18269618407420605290,4517239970813191921,1222658570734534177,14780398372961552180,11069508073321620211,12933240702307920114,6410897342611496301,4324557146152839549,7660741911650733706,828212483600578874,13728252374100109855,14630449859513659332,4320405302641554854,5633740035314704178,3784570726163385156,4641623308581741522,13530982258880924901,11027873312060253117
5173494872588687116,6660948015803844330,7866665974922186191,8089460031726179299,602190883250887268,14315107261617873348,4840462044311954930,4433554883719555794,16473914940049566344,1411900401087239073,11897221939455329280,12041836454920120050,1957070371395013814,1718753103400005216,10271158836144071216,17527972850553505983,10990728798392030360,12270798224402986577,5997562721664802730,16237260759258580741,4068158507065425993,13068851590289927109,7742460209579232058,12802024520730150470
2265259537145639655,5988818109601385765,17747367242208011941,623844610955616335,16490487206897553080,17277214503112182603,3436648003215042814,5813341629590463981,533971289031172440,6477094107267081834,5593813527479330904,12875200773065839246,493548013561459678,11844192851877901734,9943656823307379089,1342114231929824003,15663269460130601546,7618120591395299075,3935386276348137546,16024141669087510815,7000193587407479521,6529683800048230756,1784783603339764668,28599390993461368
9886330575131732830,9731503146439126933,17140568468399937690,5831317445627739852,7558503352513515546,8810898611765654509,15860171055014409058,18088951556531744331,13282783220820196689,17563249077666273582,12918753382433505551,4640685018520094577,18342419999378394146,3365342811522770807,13485401891678738303,13843728039665704650,6354011149724411316,3686532798794651146,5708297822126229607,12922026386799891243,11515226400652051679,2565367303356624721,17714918991319948233,17697155631498468479
13795869542337769540,6522552133701017401,10235886749511717455,16146528823851695454,15036679945389150031,15085683697212525125,12701786199464451582,17434627018759302789,1189989773671186642,4267531630355180657,461478189024725241,3027174872120977120,9612907625057345217,7797857533967586047,7463889211788706623,6283240219607022373,8250082218217521438,13222219922222008896,12719490290400201105,2990697196749336116,2887692263733782104,17899648631456852915,2353908969899923201,17391588120070944079
18390412491642907878,16476081822887120209,15884214321223493359,5651379155666455413,9082274835501619248,7056712013325745005,11731599804367420655,4894473442627114419,10854676647665224906,9240241804391857312,4661591927670469747,9718080247354479941,8962244103636322355,2415616608254391757,16501773768879023382,632644562408828040,13889545763648867044,8007399161716063335,5674469659272539131,7714506075070946152,5011758418565793944,9977020797352530123,15846209087705148720,7872274847946380640
1079713845737996905,2025204460298532620,11631808439045301486,5894668733480828988,11671594330503846852,6644611053732870577,150745243542821652,7545072973109488225,576700481122034398,14662152036117740547,127106337033700932,14372578975296815280,10114596411242919807,8993132087359648866,7376595409530320338,15295261245641534170,16305489353508767005,17280311692246927663,2216188470439807629,473254347346039083,13331507224560987378,4541277630318776433,1741086834338610815,11082836232276736092
4449119971778931166,10678436855632912881,11927084888768793693,3627315848439384000,3636478482027590936,10620655514482995107,9543467789963560380,11157473320728199895,11050813339374979708,11325521571123431253,14540437296461340366,6705893019739539821,16479132293903305664,423351394726689837,1211775895245633656,4678025967386876809,663608377063409557,10039723197089469413,15022357384701102132,10775769986810642959,237464215042753487,6138099432940018274,12767123289135169576,10849608905011102192
2330114559569424311,13714238987439008129,15084974343279316507,15856167526382452365,4177176453518765084,13608427087799941277,9080937255418379744,3840205349792854947,12336467620456345637,11756673643332264713,15041361389653768305,1166346085564283672,12943413180166509966,3170499402821581273,7391134145669535117,4283729272315425820,12276421814414494065,6178955897362802321,1355443107045253100,8143222512284195453,6136632292463242604,4427380388061706566,5785959757714641146,13684721531876541640
16942273746776160193,7901328081819835757,2249939561175013711,12849708324077695845,15598181062219545779,2158008275671192117,774160616423373541,11648498587522670003,10164935158047489575,16797625917759572632,17083513622194320995,13832162269571535718,11936561130178515042,16857067137832994703,17737350588954825390,1210966536049738011,13162835085143613157,8994821537564066149,6284777257560277696,13220706851205923351,13648837775163736895,288209266862825630,1045315622699807559,10609654590409291750
17296510804757272302,15470856767301234703,384168230864046424,2546375460057610955,12655234970665179583,10140166044946911987,7030445450305953007,16541930836651512568,8341168157875700387,7629461165631607744,3371224697539252900,2886364347806101505,13219885813303990361,5443590422066041669,1219162771581028526,17638885295413033348,3901066237782514581,9935285159617372911,2114745133752440632,410369419705916660,3312477852809275592,4648788360531184577,7612558430619195305,9037695327242037392
2003185029739235520,2588982010633705326,15806918509145756713,9133809337902282332,7120967622224794164,6733337263227413418,10714520197444421265,11480126544289106633,9822083396758845619,7931041458810120674,4547873392110750674,11739571727250107076,3432482536624263654,7377326201364883678,3442864781228062005,1210455212581525849,5157229031159968075,3550926173631684839,14592088133350256260,15163894851095633121,7433652367903085188,1875200429091143449,13745774193280511719,10505352237859358754
9071941503141826172,14807803147735944536,9213964364455855960,9994348175494976135,9837225339431741599,1470338608386706313,6789884142122913473,9733900196186469628,10377461929685318068,2117060975216275670,17933200518711416265,11044308183987749084,1014975024593255857,8154855602145445472,7441689415802779845,4603557339811349286,3718084754419279212,12767241431970409230,15812616870624194626,14091011132248452395,7881016693886661387,18192003934075579875,4437374433653525801,15215429097540051381
17778127244285509762,17869734538821690806,8356484559362702500,14111384411331764607,16257629890293593160,7971653296438932216,15237727057112545679,4427626397525424120,6208890557806929694,4325796390341334571,9630102935755065631,10433192958856976589,5973521252312166553,14673663159587550562,5441088166354458014,14150997208155547095,12574601610823082282,6313622433193367827,15132129178537424118,4326965026129593657,13107130370379725594,16001419292573039255,6336886687546129634,8633962323544177914
4185149568223921794,1966510903738095,4502035868172463009,9277977981050607454,15622976909821760786,13206239595986784260,9268865952028892741,12252101006334236272,14062701119940046438,16524983825956099262,14975300392659555114,8950007868886445435,12487078402080688982,14834945624985654081,6799701290409536437,15695323495674704094,3915416909025050877,5305678685054205591,15704438338226294820,12930038703482439997,2865073439580037762,988076851348554548,16416256643171198234,4595247275056113540
8356024721329517723,1824726923976785629,17020494926432707186,8015996844608006815,10125904723731913976,16528910600818164168,489867847647636629,11626878890830292569,4427394780185175630,15107188372243425518,457193686494215579,3177420868316611179,17436120789306490737,1995487104317974690,10167648541094678380,15714173809551416683,5155669497920380873,12265697535494702957,17832339080424319868,9602403612694573146,6579767860042806018,17452081205383628486,6104040348139893235,18369170215138348211
1907603195993261642,331084820685753294,9278161107963380253,16689038753734483273,2129628428701611595,11960395187456357712,7235844226655012869,10070145752974580421,6476146480023957640,12073360216153959269,3398662065736943635,19673425351357723,13522351647736710770,3130198554897584408,4480713900333730007,2154474020867937308,5566497058487580875,11849800711213322228,5812174196475687260,7507542402051085283,13606243642236993229,8849336449151621636,18423512227120302957,15852746760804718321
14793425623001867290,9109398377816668314,10469658074309122996,1391490124296294695,12670906776168853389,13353666838869521487,12084955917494079692,9940286870537220202,17562408426715705468,18091370648651094248,6400984833518580932,12620915125444146047,6595098337629726402,9533419385325961712,202198939160800773,5939088476601014151,13849352432481592385,2366254157792436222,5712681814183454179,371242460866852142,11738390051080323262,1830985382980494139,9234475998241515606,15324218079864829608
407590689824008164,6657903766056614909,3150482619715386674,7922624679045872748,18156442858010619457,9376579274286915487,15596533500844805079,15236213273283174664,830734180867812995,17477182530478178485,13827583684252342687,11234116228988026032,13666757276546652580,13886731618589521692,15577662485025008385,775814604090136360,14695872522432313108,9765556188149121770,351233902721314548,9506220979652218080,1487746737343677408,8855450297313059827,2599696220393421088,11345360435041528010
12321579256194525848,9634333350502766495,8605224079537491341,13696178261898475330,17155778894423232425,3581922547799489035,459667832832541202,5811230130552125638,4385014422630964353,6216321244842959587,12505158935764333601,6508360254615970100,7288155712291945125,11844521216586200326,11169214783532660464,2796179618658814938,10922420797414493203,888044019844838810,9032441256635420228,10737159222004641083,1902307759648182646,14584845452646238173,4559394486725238735,5029808845312748343
14868875361404311603,432830192455896353,12998164222010467957,12328343980196294146,3357797224607961410,11054897917886167332,212138869360162553,4347065140841655151,5624086705543653561,15596674440746007196,8411078428917159720,5654010721386693052,14095966281502744008,16425466463757184402,3973322404539970466,7469727507572947061,4247843538868613001,6287711037906461321,3640192238956725474,4778839643672604291,7117957372371737800,14779335447361051581,8256497750150648534,15455091248430609135
241674573272389978,411792481947769029,1082886691063722277,17715325439421617684,14726571846710554669,17746397381572067498,9719575512828299231,17808683985511861890,740274357920593170,4995466883670215986,17473086701535509475,973226606056032826,6648816464412082846,17633575128584062005,3897002234903011677,17249194119179907584,16505491770393044551,6990589491000378354,5499315608823295191,6112211168588256331,18291045438771367555,17932864571950676469,4428666474246994250,4365423345007583925
5498904634537917093,7262470365007084169,11910025772796805388,8470613578624379967,16841221719253314697,5407876309776879602,18246839505661366295,8135409640221808740,9529482646593556798,16087594047263544324,6418755780117939799,3355238281070501907,11716982940050863847,15676390199208084311,12586101791660177661,5367388620161268870,7760770093363628975,8254668379729213021,9458331405744300984,8226652140132655309,8336359915005868790,9628798589610007832,2573442775663260647,3977442835533708227
15546998124437686905,9498894081948187609,8499035985860991499,13062705927361602650,18307371290709511420,18060909056622727915,15042465747446931099,13065905061585813618,4555950747936656514,16771692572916130113,14431734569039858471,17016671840029801226,14035189055857712313,5805994788066447666,4773308342383577549,14967486528815660580,9528603459217196358,10961195964295603841,10695232026830580024,13048687771048760640,11945365036363405106,3154613195477127141,14096599904084787090,9996029426608128696
2730770837106812271,9768377146256962862,2710265754481342563,2032513838891930888,10711916926460503002,16277194846430076841,7744619456529540886,5697902193712099142,16473882614720270928,6785186065799212480,16426588750475297856,406495963278798609,5860918342729407038,16953336565503580342,13859442666078136351,3513453719607989266,4251883415795873216,9286407505412802942,4467314238443771127,7372425782725242208,8133664884874074944,1607888543904245368,1505874261892232736,2486437844921952448
16913689193127685951,17361962022025084532,3742225114831583202,12308325175371510936,4541966528622689805,15021592236123271751,3960028290645530115,2141577886906776278,6133431330104979197,15795627953175087572,18278530303193818594,1164349830119515189,8164675210653305047,3554086566796712346,851996703475261801,4773031633108438839,986265005084296393,8313983391388157641,11285472977349647481,2608867048556501894,841634933859152071,10014832459084587040,12360433098275987504,2565078625983073609
7312140678859296395,12557516499199221755,9908455098215213916,6963066125769954981,8587541700028917890,4097728954093127830,4986187072598472909,5613419221282750979,7589680361925898968,16074184725941144266,14028955288998272933,14290338095993429998,8881635717934791277,14076359947725607662,2768062361801364856,12908637054374194647,6422064278323518550,6819279114618641613,13949691617299718818,3544633803363207366,6986734680246203623,9199794460428461772,9601851162078259923,18384499366301778550
16730969749479943861,16607741928902837186,8627479629081610640,4650222894739737410,15045906655961765816,10785321406028102525,276290251123374665,6458362547139079872,11443640626326645676,3040981987188265239,18944351871552675,15754655568384528242,4121485113527509146,16151662327335760549,15580019760936180392,2487163678974993309,14428033727633812002,17174205761267978216,12737977777442482843,11764027945930546595,3103606944079715809,12180092324068587624,12508996270671015655,14188052186030587767
2433645776792878015,8834781293335291203,6115191096292013981,8046982399718003338,9610278836313943126,397680991143199534,11942052179288755602,7979412886580707942,1280058476449050877,4780224785456899745,11720008429435232030,8385141159730015052,7103083119776028474,1925067145197460943,838354485788436909,14542986586474345555,7520852776723409088,4473252403079662783,17846978936315206517,13974484584420990123,8154772860308416448,18179887058574598472,12949332768704455242,16361993852055883565
14273086898158573458,8880720174111346542,10906957897411754486,8004820533731012767,15447289623064482951,4612827240498071378,649158444216964022,2770862166031830871,5313221384290980484,13236608589864688724,2277044327329001758,8452839058640866718,8027143568520916607,9978996572064041495,3160688199603901582,3996640565941887911,4941285775637719963,1737056208299070235,16854103864206696266,884819197290012845,6965365238989559615,6829980089030867804,5171876284612161511,16938220271766066416
1261679655851034724,11845216390247009620,12251235480690756037,12656861085973057656,8748218389898621651,15403638333242929874,8867008799194279092,15590085366055621169,4450049248642628200,3320729040821998510,7630394695308910926,16520443272944781088,16444175958413184024,11464813548511547353,15522185515982936284,16138436987889553416,5800033682334049,1266159434783564670,2081877390344989785,3161368510273186608,17436947766640624165,16486131643583404865,14254684705676024010,17276289210740615650
16916981421839982555,3164688086807667636,10005995742173194409,7156785021257527598,5295626969065977578,6845867761928634223,12136045199483572763,1945608923743735523,1064214442528991530,13705607176127957625,13403789888311299905,3166207421666005329,4027749542350332190,9488144831970157440,17262888004459733354,10817096014031570057,8230595941070425611,13927769405419325065,18226053673377511943,15275961198767979633,2477283775748707183,7597004256326008805,6928938470740185904,5079408647849147000
4036583997724925336,2411673108419052091,10069353065807047467,14580619351492163962,3872106832117900637,3118847836186861162,15004388452841966969,6124832447559585666,10988789652503436352,9784941558433377016,5754630903101039629,14103306701658813639,4717581416252934960,14594635052225512044,6829081862816746617,13826185857672186545,9780529475151519111,14030368636359469050,6293082652747987924,16623223342955916280,14107441091108347388,4004595091729810261,15646731814023596354,13551846526280214587
13693310078958687916,2556245032659834151,5234898647127713866,11587995277045733660,3418254220578780377,3684276977100174791,10438855156955472641,813876935509911446,16324145511599363045,10479752583497615998,1187772209633663730,6897467260929325269,10488399160344257862,2986051406137112022,2665065064180343202,1834194043970018093,7015414000658056616,2753069453287248847,1513371434270752476,4775309331020929068,7701410155420444556,10018979335259149724,15010729494612554112,3001029283010445198
4983716679451750583,2419054860389235595,14427986937096006243,4601484649443257150,14807491093785991589,11468641603166122077,3602079919548846020,2440314704602369371,695212458951026490,11411352936256686014,12386283672784341082,9348805014847525101,2661051659538924666,14017707607336525753,15473074175484589676,12201157250110471673,5765463619612880469,12283588092762937301,10923150827525523477,15214870573209260730,4012328624520041102,6874046494112606146,7218928865173049933,7770755242963654561
2983740804763430426,1318780184212165422,4111845848824016615,7215677145058458906,15198044150005134117,17495884622896188090,2886525806057887697,966057718041522789,12455384465321630681,6349893719135723360,6895242181399025251,9554191351248830062,5720378214968176049,2339690978203387705,17843098112271149925,3941027114031340905,11291085352100907896,9563905892276641938,14431910221819664853,11444287768699985428,115781348626037125,2309437482041333350,15753512594833031817,12124785909708523382
5363102193945096804,16148425489809135392,162927178472743211,18334892262066569592,18165422583723604613,9223324520146578336,2032798893772020141,3021141865811804171,14217022621854904875,4116550402764000965,17414465976972961448,14101138541480978977,2881953433699737123,13426657498951268153,12385825103969963850,10893033005546359537,1800346059364950176,14746170551295653465,14054745188250126865,13660806192343012095,16685372377106646764,13802625866184744374,10424485265459989599,7969191643081518229
4253763555073046979,307830394515263873,7079701109357212560,6872959759339512127,15843972909354256661,902090793025196158,16494586079463161039,14017529498256907844,14973725567976097744,7451530486044249648,79247368218590960,3312177588977043121,9768163110533183821,11542535687123270938,14863571974291050811,14894208467210862030,1036781952478265980,10169007628259579748,9764114584753821210,3309759300708182791,5337414995180110171,17544389476843553861,6105635065980796276,10482429011266627731
11483051150236698469,8679615121302217110,12087580093790930303,12922528919708207004,5977335848923339426,5078655282177762148,2571834327573650953,8127466679504821317,11663597717324639902,3616180648096918727,5731205724773539136,3585558034425664289,3104545678671773831,3766155677049574656,18372407318173965509,1231605812174492341,15463007629224764218,14647504165287864672,11940948188781101481,636978669754131752,17255486060824482793,15551678288647151403,7997423367829160335,2677758267788957642
985623147327106662,16728678969684970323,1852736280972851376,2445324004297210315,15860968967257320117,10906743285952996519,16944132583381483712,10682069770937391207,8108359692929880256,5679106009089300222,2598137869684310121,2964535754149173777,202580314712935941,5840254898196626380,13429775735975256332,12102003132310892657,8189629288019796842,455342053053657459,17023080059567582596,110908541729448232,15385981710963865929,612299883012738373,7558170928038404482,2208965660668115562
14917631023187504854,3678051617039510209,4195031914730071372,13098258084394220160,2189224690322997704,130188002141743133,6626218603270028521,5200597500005004593,16404110561971725860,9096594853985460941,16682635887439225449,8506590230315641781,6495609984142523660,13532074143605620737,10707821085385279636,1886720973839991106,8667914523447445780,10560908664561197142,17742608634259632331,7011801141415038806,15797788586249354558,5895959063804494515,16673839154495312643,6424088048091230198
7590608567423033887,9463722675852671770,8862521134234678572,10961867897249343302,2748316829751415937,15103908984987200493,4780761053882633418,2813705531252063621,2478258771706339422,8955996837688350867,7993125178400804754,9686143085609261983,1443125423559138257,3892509042491654001,13393580892589987201,12862731155517137562,13933906045971292464,10894463529169247735,14259813673687937294,17329650314908098530,3123970835058162625,10469286514559487438,17405620682804649002,18305254133133602797
5257326283910418642,16575217974981608577,1359583014211040903,4093386930995925879,7270990895171874264,3886930450148556495,9009898559399575290,2919202818394493661,7820870920906014103,14188608592051170135,6575484243554848828,1873419246537162158,11594660224714416632,9631259507075262623,17035834969104515110,7414928561693168372,5594316604788977654,6098252617258925298,8309778081925937536,14354316399620322851,6038370522086913778,15903940134309537719,6521242076381714610,6988422952886274315
2138292536023918649,12213850913034259972,11911780428998361779,3019718086175197782,9498243113951278845,12516626912257879596,6667763379743158435,8221414895764083200,7404452030133684220,9903094166700126756,1049506444661935312,16137571594967070554,7771208202715564128,7615536907433047843,1008248322798368053,7850272005540866377,17393668955195055170,3856901917467279601,4460210094344734945,11077187129684846034,15034190916613622020,17502053023168083113,13583605261166184065,4617155274255950301
2993734818004887864,16090847983724532519,14918932283202485540,6830721705520675583,15561052586465872622,10411798791389063087,3926909169068334766,1163703549703402922,12449383100475845403,4171260284965231070,10679435975919020510,15473527239355722961,9213799973020963598,17163274746155000678,4783356464192402599,10855468916802987884,16092112024628360934,4340135390494819853,3001449780424886407,12371945172213555492,11278917874333518872,12823386171482950967,7665323331876007290,7142292610387547386
14904738854909364210,9041257163726830413,13512277878615016215,14888353609126202665,16685998795883526468,14032746617200299159,11056139313119594754,10464128315152384372,17322970235942921722,17788861663832653684,3725353211810082527,14572447423948772614,17368056003276331472,16408516837431861482,4800457024908551382,6141694493106994401,13551166918084495782,18325526676350402259,5395173363738677210,13404561502617724504,10977304229307179932,8918725116284116214,9761402933359749042,12602929010718443903
3171981330978039710,7413216715571535714,2266493898022522468,6967158973371784663,3071210344164700820,6567722046900167008,15437265772207141795,14417981138741240840,10685130549390229806,17756656108566977741,1317451573365097408,358570147508126415,15994102129559092136,10581175927244400400,12345267055135222773,4259174523550567506,5767503236810635637,12451609200832763425,3139387145469088970,15700419013672254666,17925674036430245886,10344373954907949836,13615900595039712322,10828372064304593989
6414420860078380604,6255400015387409071,3150271112611918918,734710543537023725,8997368617346492543,11392357880037268907,14205170531987123673,6981210359841995248,7098152754133754414,12316243696263875295,6540143966693090060,8426058611255030568,6512156252637213180,7975593618013891639,8806219360872638886,16716059033378880575,9884879868780680451,1826743746000619404,15361481758623650435,18289871935604178699,12968274562588028215,5899375526910482511,1562229237817938297,361618018245255745
5723871240784291605,8543340403283875873,17979725000441704429,9308718832752376407,8746563256711649186,3737272176238118372,15161627348879927485,12792280143486784164,13957574733398290609,12086119258465894152,14396512652666141227,1123335779191872986,12429990535889499807,12546642376335855934,9884895599401667179,13480183051680877605,16363258187194820980,4703414025921139381,2644602060346017472,17252969614185231303,1927025813164458133,2404849017383792784,16403851167804631741,16969059953603476951
8529943154750086997,13162844183421599695,9112635605899963910,7816661114813183513,6541182157495608033,17164887465578532647,12787692391972052496,7743495451262497823,7541080834378998772,13510916843794755038,10435974258140346845,12034911901738958414,2035757472868846506,5271633845958899937,1184704198459241497,10317663851036144685,15261826214868308397,12643412580530925952,11049687998546012153,2596843417245594536,14484578400718702443,9536958082835939998,9147440370806579317,9600601090703592028
4905928827176321435,6861998690056332624,4531058507045521527,9977111482758484172,2350331052119985571,9051722241886609366,2205791924196015264,10069052861636514194,8988625662466889235,5504883461439865559,14940546826090786732,1967082043490216245,9842159148088810957,3437082163755902246,292056139617639103,9032037360842866591,10763093573054114768,4459381052312098191,15802406417676056452,6024277227538181081,16332269905804494735,9241104685313311294,8442232720805229388,5707441429996197889
9058855335629132621,811794380260851521,9160438296703240081,15868429571518838123,13275297441995497230,13020296424833195545,13798255326012086668,142775867076354576,13277086576315344563,8501790690317066810,16713774097454320659,4307084351063471425,2230419864274891811,7521437376218629550,13666329316493105393,15315110706528401689,11411476656560922657,11749858269000860697,7232442493857373348,11946735357208365677,1519395768157099717,6875433954503469415,16606909988353933009,7994069707864444206
12666564791717263279,7938946598263193920,666388645859853132,420632994851501938,10649419743960430803,11863713499659328345,15996062427045062491,9224417882410083417,15186569956363856661,4513095881056606930,9081053461652602735,1760523541909982766,5520728752766268239,14962917534885878893,16012181920406359378,10017173143557574026,6718329658892734565,5350848855053016466,211946803528852018,15394158545399494522,13074489473871608722,16796848697484756867,10604327417833790513,18239338449590436269
294877978169833652,8055082715395054908,8817728740179759074,12599262565857235872,13170640892391116891,1603191150530507389,8153605585941809117,795675639700043278,13449617643729829067,16787419342723061655,4583432529357068075,4787364348171713951,6934667858154209750,395795369891332031,15623390539626155917,16921425784272681182,2861779266458850761,18446030811775601686,889614223384077719,17440861767295073690,1333450590366265460,3024337960993352287,9041155828182377952,997208892238853491
10887442051254709703,1720881014090676006,16377806334892031783,1850544202814747119,5060294540779430994,17194101531475640297,15822576096687341104,833431154765610123,12730076620455243011,12981661471879271858,12720818985913683302,10830404513588937724,16040654729171672128,18195933680476079812,2513460353068014131,12252391945880170015,4664676251663135873,13933490633050730828,8742804937668797982,4540865018083866610,1472766759278290112,12197903160813459118,15350608961061348210,1912244130429658387
3536316447790387320,1476820127657118327,7276708134909374178,10408173930797578170,4109251990048278037,16007602686544581772,7010833385484955066,13385017740652067258,17503610022144247682,12775016175844539779,6644310045038229337,13932945639927467343,16055430206227367524,11148644643483343609,4670915224849875141,11546058477493653004,16695129823585003442,6912297392565729291,16344056901410045632,5370470101010932350,3957655585517697578,11073289619308789634,14327754003484362542,15204680531210066113
9142117735777019221,18121992180622231147,17313065093990534579,9462402725325933709,17805044228199608476,14956419621338862141,1006265617225900102,8729669406240639449,17604982824542804219,14733161139690655336,2818934387362868431,14346634045575520150,13728891967093048262,17684303552839665695,17967890518322283234,11911337777878646138,257839300349017630,17508087308241333687,11741638805403065456,14317982297785583211,1446947250027278509,17787329243091145446,1380609959864972810,9344468432490451881
6770624988627900822,16952995654074731633,2967673008550411906,2618492405012680317,13476510320109678586,15494000195238014855,12885660332741444960,9894510490768094577,1008800217906393821,17471237622797909053,1683834804956349671,11904271341165754645,6642909776786004713,10588068242429624774,5606214999516771373,1295299601392318573,9016175219199706753,16496871491426039731,13069103062372867423,4376934326703300026,8554223434802757139,8922825835569634402,11435534256272545938,11494317242200936259
936784233914352692,18368957069929761078,11389579976686412089,2157179299827797009,3500232573355286312,3483894155459165803,11054916505288864483,6009747164948745158,12671709773404138016,15137476489171349255,7951950337753001679,11823994551201906771,15956489953747112136,2468572159928094850,2194520267112508305,12187167980644850766,8513233591116016607,8161664271552231140,9705647438954388123,17534589676678397346,6763380484431273191,12179765598477920430,8318820645173847842,10272779679049161035
11086702812089185957,13181196103180289514,16743165682038152063,16895975251493628341,12936569309705630270,11317363389446881894,10787243584110657274,663010472729418175,497538781181010148,135078927439974733,10361470903280813213,632825966398637782,13289681441903885838,15888689949221866731,17152931925417932867,933136724172205446,3167606908013757243,14862701044531750784,15227104169299029356,7212969777901868811,3940727560023049827,2765364005407847755,5358045479624775773,2051601570976176652
794321214239261781,3974266081537104693,12870220963219875117,11707887627617987482,10784448778049006118,416023846242115212,7533675462927177739,15175502798502323989,12748980428024809716,3539901967226270268,15708806372231978728,12398398433405792677,2516834919018067144,14777159573312753948,2903654009831241321,12461969753892141543,13727457927661684087,8352415802694656857,14300009754234882548,11094329653725970681,13727783785049436462,10141999629343424680,18127789102352636496,16186644910197372896
7032896196463708457,14896522752945146589,2318500082928468857,5089712415865070345,2519669312831274463,5933236095916823758,8133252128959652700,8638080702240051887,1468455488493138764,5508013764942175925,7200665548535124151,16986492181205663343,1545954396555898090,8879614340592832853,11869832878469824226,6125512345988790547,7779972120860096786,10890553091790661417,18327718789710136232,1250810405215899429,17056681212928918212,7143632188083551648,12016966094645486569,1783928975960418423
7711528849663732795,12926508203779780470,10678870266976951697,4192463570136510567,10933132389389785916,5525339462908575964,10482147020077113051,14462360868319070155,4815087018800262397,16956524646461823480,5907991590002559696,1127624962397619845,452412489229190843,2155745411212885288,4491897557876345589,17712828041878028585,4133051989581157432,2940814584277577560,15946887487968808904,17241599655226787759,3391557165835537677,4980618560392589788,2774420589288033392,9064214232933242937
486335357271428248,6628551903237027384,10223041178769340304,5578662108094754299,2666234613648129737,3301988710851814059,554101599692907043,1798822354516487030,4245332446987750894,18163644737822157278,16141951521849961666,4441044586010205429,9608086931569281416,3358098070724777391,7982637662708857420,5886449683028860185,10381568714569739022,11820126369291291729,9902884808760745603,8196718025933944177,6478814031925613654,2089105173921528255,12308310127829312321,3210049181224782755
927069306946923926,18421105124674698607,4067391468194709145,13083793409197383989,6499574818928091900,16059148787873930934,14915323048663208711,9086758870624332938,16524626023656750242,16876356788896269991,16008877226483918690,1754074112816886275,10757572328165508840,7483338123473327279,14631277779800887584,3751645237962141316,3997968566644089641,3247142355272588982,12373323996345470262,11990813943674754319,8733753821350714200,7397924738088443894,2560305848601568508,7647572981406009656
17360173424672427499,3185799416974298261,7403603149319878380,12650661612320967195,13823191746052971474,2604568635819656338,12939354532641930320,14808893033759423828,8711479527679101121,14961195372626215306,4907627553735384018,1002053866045400472,11757849391215160583,15870689286930769633,5300638105640967845,9515160166645798596,14014756615780153900,15245736413194391234,12774580422225224776,7094399585961400568,3005938089726668520,6924187828039398167,17796271932533352921,1085104452092270629
274187588434993685,4721132552261294684,5480962410403744472,6476370541979956891,4072416038477329575,9287848400708447228,9988253816859559810,1627187497914849723,6882042101267018166,2746680027704119234,8196868046561602217,14725526894390653544,14605508568473971222,11363275562623830879,13389796656977292157,7417148418356765486,5147445253990223312,4761764107107698389,3564462871822626323,8400242378064699141,11576957067245103540,18352895970896037015,14033751774367052746,10338844823673286172
9467738618311241664,6406649057166906769,1743201426070178881,5051505898528934892,16576073480293282978,18086910429820840941,9177053179526224257,2579885537455246900,4211929046181024816,10436750861356402725,5292311139776426792,9992707589987757840,14354349245663396014,11406262394523027900,9502140556199156035,17301294521626567714,15934130916023530414,13323917026635235355,15604651654215855214,17353015589220174787,15638457163603503893,13621656201094290240,11045947162778581617,6218330919076852930
6385863415219388247,13628818220391429705,13470620225039421366,11823610044806310861,1839095588794029446,1144092040473125174,4644746868790120784,6248732550646821599,7342187526333465421,12571348849691156292,16459113364529996062,510923215045515500,5950509884269558967,10399943846597864766,344888918509068029,18274317834085553628,12861754641739193280,4921099060256205687,13132949775157173383,2234141612758357447,8247073363292401229,8717672421030591766,11050038366065879535,16556788223519886392
16887831699866672705,4511330972129587611,18202385185451013644,12984339635745196401,7076551161787230143,1423124770452399954,161351516262429501,9331646379979181897,5571359927434367278,16025090813714680194,5148844043529166703,6266855515202203919,10911703354311689860,9698079051044882942,2797515197013739391,10237803231725570653,10518689661310459685,11858938628875156395,6182645196018313880,6264694732756681969,3496249700652423861,3980605943933901166,9540839400445730386,4882799283023480185
16082587491796438133,4225174260684604279,4368606883265856534,5154626403808721090,5872762323388295139,15393646281139681045,2044858644996166286,9483402634580513429,4959885211834628222,17182072352174429666,2913363440566384225,13241627883749597152,6300968742530674718,4762388347428850871,13697199440570643770,17870617775825445754,10740224365599096055,15599089179942592612,16866977452430284085,5351764093447950240,10313801566331159086,3875698726157228536,11539875562519140653,1249659021779805458
6033223008175140484,13114304798501785800,12945804325323952897,14880022970122814516,16406331116635000659,2330582162853433954,7522124111859183582,12183416591861190739,13271409429518923129,7134814327216057043,8738939627984961420,4454088320047347739,7100529055906771747,9804666571560671871,14928029843659776549,9201137216304551148,10628898976689536150,16900264454927237819,1715608553752053205,6901594734435311069,4884077762470509178,8754258388129052067,1136539181720633140,17579053743903492907
11655904661374439032,14495283972332312124,17530273908841259204,10290527486312505646,10366273052972912688,9914814101420256489,12271434774867999732,12279180296120383964,7503654932453988793,12398661303555485273,11966783141789568737,12074309398519047755,8856706830189628872,12948090810182776123,14605860250976985573,18127113060517597124,7683928094012004451,10450034220154280476,12186692607771741876,6629938448650354829,5929333911447949984,16076930220839049124,13068741264612843189,5146217570283478944
16259233567720374114,6195143322906566374,153002156348364572,17889241630600697447,8207647037091902435,13553309492315589825,15221278167123365859,3022630238272672316,16090351309490505265,10394525896161169796,17614334953126449603,17623393638873340765,5090701346587388759,13156857140435515390,11953871316692678401,9734821039236499374,16618763616186156743,8282265624218862925,15857572293441289922,15986796722354231947,761686517635334281,1477261287478201592,8096668415542768914,11221037140129394815
5523302529152092625,1549887426672307057,14928561363685781339,3285272481551017768,15268507094379921361,2594034325280065160,16756929962342333685,12347533459939683878,381403222014783477,12406007394708847634,8124561285219080339,17126289076948371987,12567190123996421576,4556848643235881997,6193083052993681639,16764918319926249262,1108542068718841294,5423256803759718906,12263256486094841441,5851320101868981497,6502505253339542702,12251070378390192928,1543914804323186479,3116179533419575142
1805676401743249229,10264519740020263872,4227015548208638684,11371337201546694948,732961467178480282,12506382858518162634,14127957126883070357,14143080360335045252,8212046542510616243,16396258195121623403,4919677132532497530,2552311022750876122,13444166382813951265,13254806445896307433,4007115876227186942,12514147989987988611,4768281570983994624,4837276849531980193,17031646365883897813,2830181758111708194,1082318445573923768,15658768523983181197,1771227974758351045,973374874374793426
8415072236971618767,12641151674522770777,15270216601836911609,16003485046495021512,3425308818413534207,16868101708509616781,5280534559660652321,14542146824992027635,15160123913646026881,13064088478810573255,2902860007378501130,10217261777637696372,16900398754422203532,3916945531170434545,1645210617408153955,4811704998090649719,936437274852122142,6528151879154288491,10745087987853326133,15279299662543947304,367729694186331096,2728684904842393725,6281374509172235784,614185036968682087
976017044454365981,13109005856446191825,15656703439179876485,9719204073845018023,7874053676335693334,7715641313099137061,14602049454873454233,17303008715026467457,631087511515961754,13343782869262174958,14810430219913063197,16546442514211219859,10557357810799371659,14836168860460069224,12315133401958173114,8466701730787472605,1702912993110322187,5008529732874447667,4772696810243394069,3950334428087163895,13427784516010998984,16371038198757121431,14104805882593456766,8009123106093203446
10438247643458958693,16095811224067567718,13199868176868576240,17092891617781165474,12984552019260407725,4595758393110662096,10750859972930110066,15797963668164390893,14346357565338456602,6869913125329077875,12390616439093551404,16584538212079272609,4871247446942908740,2454639338287498345,6384247906743435622,8871928318521592138,11143333437436288564,9099617107641051096,2684942019082848060,11374420444711442754,15729465187031574107,7554098751792581247,11129490641353857273,10535004942012094559
12409820666086073900,12334334487760925681,4851654215701348707,3725921291375550502,7587677166624622107,16450380117576992861,8282367156857969994,10364187589247070395,906700595213634735,8691447986722508381,9194574128807761348,6480656531586656642,12551309886428302640,14084808213097850207,17334398529044772675,7002493443829212619,11156025611404286581,2801129900402865544,16494550272443000372,8957035228414028848,1015388577457263968,10274921965361723781,1112253636713374788,13060428496498546293
9826201564945248009,2721573892874696205,6329606120321274399,8039628691247342878,9322602400042334049,13977814287115076340,2524483647972381446,14608177858390830130,2875612795502885046,15577314075796126948,4803631939788684606,1918371455448005841,2579448917074358729,4896580546128015845,9901438947345890201,14909673419836813880,14667937682698498472,2711164763476482662,1942701004246047154,11766138064122980344,1059799641899102652,2468050162683284267,5734541469545330874,432896177688583355
8264690158747290772,7065464928355598152,8263243358704559397,17195187697070779606,8512013720031625889,11228584827863183979,5439172212563991939,7283654672220169375,14510011222647436054,15088796313465674882,3411200427727505400,13523559158469783753,15788575495460826185,8615138172730648935,455855922040275103,7474913372975081228,4594446636730146888,15388110902558208640,17972258706058042701,13964394100180911941,13642597219152712806,18068536162065139863,761315854754605807,6608799139463118956
17207854435250272804,15363107945986956487,7488416873303081058,13484822974971445664,1497069902019976165,6554099010265857551,2223344912606438472,4820705901398927293,781507643774255867,11061603680570742210,5496431662573201990,13344745170943121659,9829819363844829272,4034161475983054683,15676672162691677096,11746485441003218283,7729388018783955899,360006206728209194,960591634029832978,17863962869826549352,14745034902873995194,16138465630736338415,16916066248670430818,7386762196863671872
18251536782969122659,14911523180532000244,18216375375359732364,16247548532204921142,15073158756986180578,12412046196321002857,12330138507145202712,2433996818510700010,14415736994235369262,3856048726933854241,14373534274195295234,2682662058300531903,8391987821909781661,2209904460775217175,17799483038227293634,14580219530934629193,16601007889454517590,14721841393534561711,13561065956626193767,3033016674808293332,9410839419231213997,15713338356167361230,13380367554189746919,97693971633945760
17966485619005669323,7006528994349907183,932683035787040034,16538231070302436508,2108772272966945793,1162456619139052663,10923848240956411193,3687920848095701006,183857245778733370,1273823208579009757,11401779217983491202,15619708367317291318,6155394182459027705,7242705773198721592,10735764484614321681,16160870380785047305,16826206760159985828,11614444289533488936,8429083993006409643,3647779242377629852,8647771641076646065,16482132336566486220,10152227797764292479,8960378400799732031
15309769042224126026,14948218543522827483,17043223967798689452,14771957090061637539,8096523372583197979,4282300282911588823,3967265624400664646,3707395116484826615,11633604826666112043,16718158495023925281,10621287584271188420,9776456851855941546,15664473250077776476,1503876163697235821,16872160933980054453,7079398216221598647,11575154367086052185,10759579240834530439,10408419113814264537,14097378021076525917,15234604660797619605,8294979778414691370,6821279335271380752,390395139378663426
13784443925543830628,15092420208454240953,6343667412822803617,13087192031334470523,2727702977108322592,12961295309752925344,2193064676554428354,10336331163690999879,10833253393758663962,2162184849231327817,2657874935253075386,9141297207652346084,11322251354678552363,12306141578566981314,17576011185214664026,13159422230080317758,6421052348012207222,18116439434845255229,18386289570119350100,7611975942201746885,7572070577878461255,4628232251623411054,14946492020133627889,1520878668811364235
14120147831088638372,10121555897282727703,15789343314304256284,7050920186728489958,14369511941731831080,7577279836175016673,9859530366702725676,10246983926173490583,2655411922311312995,15791821825337462794,6526079906989438478,12328978668038137249,5459808633746935538,10380444857815059541,10890084821042292409,4091792027464434031,18166460145097673952,11195805042769221679,368946294194117572,4743573655002778235,3807431684591579920,16987612367710257681,12768324351238931885,17762645337085496517
5870465286600707042,11211601219169009945,17907579407864799350,4897691427824453927,2638577681873840609,6461066478668217742,2970761063119804357,13236179473191319613,2368605531686515334,4787966186282213228,4375133301937205404,11663339199163509609,410942303470072442,8969801897758453616,13478739596160204111,8038444746877719681,10275693392779042364,11508063902503971898,17379800489688455153,6424469528509655676,15042180440797071338,18389230851203170530,15274708959916702297,11029177418079939289
17357275838537542941,6444341175040673778,1812065750126117521,4713242256486696493,10813204895157186142,3411673648819131084,15962252160189860620,7421970739022555830,9253089784846928815,8565965308683834468,13034819047296721088,10128572019457952373,3070806910138600710,11667696797321894264,14468087052784128535,10112112463978374853,3828897292454881797,2479423943133260045,6483553493669421671,11795047432974898863,3254543794091023215,11458591894049904178,13786558484065823404,2008880029668412100
7957960313519882016,6855039884195689385,10337746092181747755,8209191462209412411,15312914736951834919,2160206701734924358,18434810451354801020,8724983721412301058,8828785071841574518,1587552587886916596,17961865966255596592,4546874502360315306,8374205529127759685,8751221179879377375,14802204610797230415,6476160495196862140,2464538230312478996,16390971745374193100,400417949524217617,13873765459241685354,6746548044323792954,18171196900325250272,10283302953164786948,4650994199308887715
1075061759268471124,252918503316700517,15893447772525214014,8688321216563724752,6396751573920511204,3741319919565535885,266713617215767474,17859879862351920732,872700921157328376,15064553160892248934,13047324001688895911,5730975509170488107,3714841023788151732,12514254210950950978,2414639581144457369,5595499395367875363,4445040556696225849,7880268177731073662,15842777835205253520,2725570512873500459,1173833505714768257,16963795874989641058,1404855914119472880,13324260505705312991
12332278558125818199,1639238470696194194,14193987447593551132,2368864053442571877,10367536615618746284,13986379682604917122,5210771378022394084,17983137669943287457,15164283629944836692,10855086238385858486,7226307365361074602,466862065884243120,2583584647411437975,14469677097855041110,11100421457429152566,12489681286528404735,410581971673305422,9254423111346364966,12835298694260328486,5754305725002851959,7263360808798190236,11860368513734409933,8362103069438274667,2219685040876824633
4619886798847196162,5930241801509194504,4472570183459859484,7577733916136646516,11864698696463268095,12163772334983438547,15400153185429584292,12347928670106396508,5411612477366212523,18184976560096151015,15619075255285262472,10225323725981242791,13279617679021784008,7746591066069570138,17684801047212912431,1879943293080852042,307460842178375835,4991515697057901088,6983403969596445784,5226210038581997113,11992321204963495419,15478853884676186240,11702379776880091307,14008974655889311033
18302009290141056271,9814151421330218472,5970861336029194076,10386481609522166767,1546638556992801170,5880778890861054831,1693920506150505808,3148148797198199574,10126517497838250290,3793367456687066593,10940621028601742844,15652661802391076638,11386459133950040585,8260850447174421590,10667044044385964046,5695964696565817812,10752396329449088100,11280062165500926384,3841887115095996416,9674883656162091860,11408935281452196708,6536725558716764782,2285504637991983218,14626457759222257398
13850410232773108323,4294536136994704072,2158745755017137363,3978887338478245369,8680292917687637528,4835459835796012368,11951774753236482075,14175625086044502460,9069803353859774768,6966877656216191385,5388178928120348491,6997541725579063959,16367029875106582258,10082571564112510634,8873087390037792732,9518844225977928987,1426080116931050511,3096441150955734256,9028420912613465468,1541463263096190902,3433570796152260480,3847093738052417263,5492535462759063388,16242874225744531965
369861743690492749,12631279665876690719,8139226171838063966,6385070360900352336,8963163557474736090,17671766605343413807,2711721680238463436,8048369891140113480,14047108595230884945,7977754486974248070,6131220712512021354,13029914079508304398,18377028941705486123,8297762842864754530,9907036108885613612,9520322012345040754,17009034962480126097,1280327170382897395,9765160858749716224,186373894114414925,6726216621043251094,15403996927480454133,17659925573466339309,17033483599334883285
16892980068646968866,6673445728943634369,5027364805297043950,17351608006339014638,9239917676526262516,328501600112238573,12338127821561865789,18248522322257199906,1691030022460579620,4969623334320060268,10251002846233530649,16064002315731299466,4285686559485402259,15842364729792547897,8474114199816739361,4762930185984446665,13629186431718229068,8882970596958383020,14107291420877454570,2826299975795307564,17926386978851738356,462740715111816460,16777426958531734596,6915174496467220612
17777243468834144955,10815584107026869604,3400357993798708239,6483321327264172438,2125803520000961040,4386686369511611109,10069329825376581601,718931728632723993,14672437496791475382,7538317255110537399,18436513100177233385,11314359620626043979,17174312211033044394,13706570050939205306,16519046205568407565,4124987901745772353,2365703828985093953,18149413085756914045,7504220325634055766,13823801226855359182,4276803891208054231,13110114983361111554,3541918189364636918,10044703534368580376
11286074368791924221,8391940933434352413,4911148796273331186,3428814389370430934,8865739713218021679,8554540170320955455,12402414329274599035,2884553266335497947,5027592108051830718,13878430615066718746,676920308392285403,3636620146123645289,15010828383563632474,9203802506859126482,18437412323399830963,14071669022668629303,4869279104239775578,9326196046554218322,14274143116992378404,4679111526145396785,5848807669702369365,3814912767270939155,18212428691105835388,85536132121489768
11697782772558092334,7410985000720548908,12331609927654979952,9818935427531879159,979092264403948584,18048690948676388280,3271455793910456260,16313808045548695499,438573163740831102,2108834752233818612,6334632876990603204,12473616557702735886,5557375861267211463,5029344188001079971,4813824284126865010,11643636055122031787,11446893978953099251,12410002568550548405,15351409579677780278,6097289131843278580,2174645088114207209,8376548484697130931,383107309195442761,912912237369083909
14913601920701731869,3483337636188776921,12588046568524849092,5073850915810074910,17015194444784859476,16426578540228717244,6215908947652472818,15608405592147554825,13096215242488700625,3797679689277188152,13811146661240788929,16356840581891734681,7199716197316933459,12228663122719542147,14947840490449177657,4483076832428776155,13699624245291237595,1624289668188542193,5106235631692737767,14552339065987047223,9836511371174024362,15088940197782190268,15041375219819928229,5125344200512555709
17724859674730944840,7457602651210181143,15401147951762898395,9136210802688263290,5131573695551685025,15124742807212288075,17897352487351209667,2906184251634914248,15280902347711924043,8986720864975193912,8034947601876205497,3191859788097712394,14072457375267810529,828411045150044090,13534028781778237637,13739851504323302893,2298824591740718549,7146742306378060155,1823649066975548452,15586279610138363945,15472041056928859849,7928405708910900017,16904472805165774656,10323070208235652141
1968736280017069848,11054129907756339195,14507745295516494155,742881855644607498,127036429010466006,11895890349981494673,3571697556382053728,17318719724519662256,16331828386507660096,12628650083268474297,17259874096587122837,8991434484878395164,7956420716442206940,12476536931170684231,10149222020951094579,9511183445041646180,8863953922814956319,4851983128658926927,1245792446436360486,11242948673331050584,10746276289506389390,13507710072852277961,3501592034541461506,12361973545914672830
1770234158346706435,13204976128935026871,8914143235541122549,5743272048841887656,578986957359736844,10910326941910068479,7853958217210653270,247158828208914922,15638556305507286239,16464945144028027987,10320681669880533236,6257890154202940185,10052031125528722389,11509751185227270127,11824872058486157528,3139080036488229691,12393293535243350150,14958835953848147013,16493889494300997017,16931051841939764900,17618415381775315280,16006426409333499195,5220243036573721539,17808173123779963789
11704160963087076130,17852845003655360557,2108543916051746161,7504818563210004545,12171820321106684836,5059531758760292105,1323618028175352803,8327889829049416501,15943706930717203856,14946137490388122112,4906349902409535463,7278183749930683817,13741081987179027958,5593215573232881090,936689250942599099,10602254365911341092,8137782281165101555,9088042432822969901,14846381833545176169,8551894060606390251,7955706619330020473,7554505084371535732,5073462122739129126,11582244150013777850
3252390390350552361,192780654710641101,11101665156278190280,12802991771751807185,5194597854530337715,18413633187482207839,11124457269808926001,6000514120451741639,2256914492552793487,15941689252202546814,11809389962067429171,2825147346584722040,227634971311650189,7490137501324204327,13946073924743871471,12766350695662394781,9118546709906780175,7341623078198225238,2184606414178440936,17631912154781293803,10077175027069293754,4374625898414267538,17533825304427978911,14278325120891808185
13104789177514991352,1425387322721654046,15094401402146626456,8152410911365672951,11810126017198362981,1049667821294468305,18286703149974434352,3425999504228863486,10194048569561190115,1495441285953384363,5860303740092433831,7513750627260369213,10904840081726043645,3115435257720920278,8269109450046300867,5406354238175661786,11595093127076598932,2142294830684656103,10353248480274889990,4673035715100439713,7674778607737188855,12210146097783978659,15064959246492258979,2437360702578262101
5180312308717213344,3907130764444935492,2846049653065823858,3279581987454257061,12204663523038060789,15499650015355095829,9435579282025135553,732913735720631493,3457778922630349366,1624474503950944073,2483832196536908272,4208993419926231914,6773607303984651702,14337330786016197027,3680310824232334868,3074469146759343120,16040188349565443427,3115382908108465201,982258925351533788,11814450174124684421,1086538941568966261,15165291950443070475,17602844905339978813,9816626578420001289
2324973901512625158,13650665527103808695,4296446011572178850,16445931918410482612,709110201175706813,16194879671985714231,5238118472402546414,5686687533466651004,6544214914549838879,10829665237661458322,915202013838880726,15711892461342445663,9337899482519828300,2332054722296821778,10143809595738944759,8886083136839785128,13712700204280362242,2276488972994587808,11583520369110824678,9993117484387997375,1909504491098016100,6278522377691548964,6599217672807560748,469756857601170761
5336137237143117197,17328192076273471367,8569504848093903070,1596169051313620918,1282963163249612426,17638492167572910392,1725060590542658550,9751189177286804597,3183755572632047025,14579908994725149980,7693923412134135850,12586627846125902684,6838578091044596158,12044436442473155949,5469450497199554405,10807189002970960338,15431388190965944298,15201223114690329955,16004619998480692561,6446390128263287971,10566488552195445151,10053237236236869868,12411961868321745289,236354305550699000
2966154452949087545,14991749289441114029,17766513565689594587,2685331465271780364,9416450934248048277,15819736784757421186,10110584148466557408,9018446375543649812,10658522889479541167,8097076402285182842,17763669369315355941,16917358455951369457,9198137173533582823,1605480576203180588,9013004818475547159,5558769575121865273,14739106289118719992,11212235300970232178,16672628781746899017,13354855978999518639,11891280625155759468,16183501863065004379,3569664102396421994,17093484093264750237
4782991653285544100,10206273423753530599,12774374493310607383,3312667751910708186,5169232255538262108,10591542571448766812,13525487561330212973,13853896082103980771,8115970735621035457,4404771231445452467,9058324437104253005,4637966911712097215,15552310392516596557,2970861330501701840,1270237089432379213,16591980924459731210,3066047163742698987,8870280033258365474,16616396581861825524,6412514845048372531,6561619003737358415,4728720839859791143,3092350970348582006,12893577092792026010
9157250789473192299,15104529262518981895,3475735677007989061,5955120519139083898,7224721152177531205,3747672952071179912,11890780371260720362,14301109613149542042,5697063147500502577,1797824986756241364,1457854959934790070,15586207623642892139,5764129963397743150,4870862185017365602,2901874361661477377,14854700445679533433,2040286138058068903,6635190214435732274,6242977687096167623,6776638278808261987,14563024965970221370,13593719713075352422,5058734133012703546,2349445956779758507
2326587142592046926,17160729054521611305,11019279231402540984,18297040022704046758,14337170314568637056,5208423211013433035,903912475176275482,8078932928418495258,11397330450770143009,9335013398570451387,13282754848096876028,10513274619289202067,8112506390083434478,17292799696982909910,17099210001143787250,10213240813136218635,6161371842578192552,4020279386698829396,3018717073071138489,17421985978309988450,23569419865875759,10239411168138942810,5153372468207248149,3973490910628636120
1630185801565949697,3395564557430622478,16811422188194945507,14004580457785221237,16339674038649930412,15491866528932649868,11220777148153936660,5191674100610461511,4077163475002366794,12086275288323415687,9519313800788470062,7427117917954824503,220284687671429890,3998999051412157075,16905043490258198572,13049805738394313484,15018839928561702125,16391589998714475818,4569619217678011837,15703407053079367639,6728701797215076046,4425142221359258124,3279864899943312276,15347575529351295852
12252570406394692321,6611335261921514572,10318536661573220252,4111903581006782146,7938847068488677159,2522738377261260280,11605402581108229980,7191758626382687529,923633936033957848,5233232443358636744,6453439226038397344,3488253125141343676,294979886472338685,14207766105834294079,16806589859706859810,17408290814599017776,2514034297090411326,12632689929203681874,4528966842203418524,5488854355382385651,12261368799755941395,7519755705158792263,16561329028252909243,13264456584279213944
13184656402031366769,13019567482293903149,10076768017206546188,14092240918235205252,9738473473586225101,3702711624262124995,11843559329465476702,7411301954097027156,16084856149672831398,6225101561471310482,10859232148170473007,11228263360234100397,14818196167037726065,7559664526583798113,6927204381072048526,3461526099669241886,17792424309653627823,11102563999007868196,8453966184849601799,15223432560641783686,8617519642802401302,10075616169357961304,13257389680168692600,16200534136458099895
17174783057167665320,16730755657134577592,4571075557757481375,8626673088230630491,9568616665092954334,1450155236572359133,16894013160047357189,3512471859108059772,5278239006043975311,352613660984741856,5631879775070936992,9292175734101714575,11035953726978335235,9952873618571773075,3393915771738342973,16849053532600121907,1363525646113575103,9439167291390832141,16104984385474787868,1318527745622746678,14208283196408912396,8279810882095781408,2891756283524119607,9428780503779189676
12357523704242379491,4239420079378274723,10800230188206652021,12626303515410428960,8956271906830343060,8516289687252576092,14443253935491346019,11726611386715324370,9994092618354180292,10465837182424503258,14676966817804087532,17528668327656008584,3764647675861333386,557400665481465429,5447527597794328652,4357182480077466233,5715572498574588774,11426659001792836752,3505650261148819242,13862665269889423934,14287949628487750707,2971451307691368565,16436852272132406398,13660903408036399866
7251409629658557849,5519014238608757591,2012033886719364129,12793879375161928908,15610558802736664771,8971135364673053457,9242267787211255011,5405592819302573196,4690240729054326423,3412324888503627183,10965415531841924385,13499758813735482755,2906577931103567929,7226334133185972781,18356792169414959959,15749316482541237656,12772891868407788720,17764478118319424396,13501566360177378877,14510773449464013608,17829594267672836898,12237558168331247729,13434929674850550780,2739713737801180157
7807318908861166266,2325875275836296691,15473334334248445599,13396040233065652431,3376903725309235969,11828096801328511838,4821862283441357353,7329381219509484873,9702141450124195534,17569774254553825710,2996041320196530279,12371296084624770674,17306766863555063033,3891770913990453291,17504171756893505423,8349110684430156842,3622443164310571772,11919861952060454417,11629704280450559229,68915272567843956,426878161813264675,7465954847733437083,8567365026320467327,3965608138521545934
18059533723352730145,7643637062061692900,7747122994144745527,18441780799564801589,16025081373657690815,15166357948694827693,634113924963358854,16968899723604867725,15042145271573366597,9153463122710920374,10649658864130101481,8544856420482661299,6092113875493827584,1304392565713877739,10951239792380380920,5186356985551277400,6203013292559531064,5114768275905476873,2173244699786228255,11919071103432492810,8322997250852200607,7116275066991929589,15761664859414237691,5486926091535941919
7832613726027288122,4116422537018279945,11228906972224156927,9369774034518692775,4196263254654553341,5825763981745097911,12244278804940747100,5489853797019547330,12016240338949149,10544981428103226043,11400315779583752096,5458285118733461249,4054699283939939190,16685427672165760875,18339816007511335948,2497662926431601882,4643117934454566495,931582525683711506,16165498115186375128,6843316128149103804,13483934636834750052,15809002803371675402,5339465625721040368,18275394894816298282
13189398525652158391,13619891023072698945,4536712971293295902,430876967538633286,6732464205230321091,12103338751017926981,7765758226003721129,16463418003981012571,6203754343352858801,1094398774507342206,13386969333330149509,7448811066679400750,8594337090976843176,7392009589875614242,12198160321068814370,8746864890468240842,18091689194878597114,13164587283222128761,14241135296711782569,16211164512315748291,8136461216639111336,15504668544329872791,3738864543933766419,13076383476848640471
10008099978608441242,3942974564719013111,3772932573010645605,12901016099522240367,10831859991284474526,7395168774121135327,4593152126337640556,5764972402882964941,1508853626868176642,8498682462571981254,11663520517440502298,7556143997710793905,13682392594843973369,7857101862536044689,7037272888247528050,1560315467510772913,5506528617527660349,8897586904404288294,18069747909515734902,15578265075695402684,13638468137714180156,11063939711669780189,9833639490738650563,8363171533556624683
4895905711739226180,16395455377038027892,11978364633203051342,14929779585655618750,7146392793012808046,583055128377631231,2294526551834554392,16302201231634188284,13826087239347247189,12396698986013473986,13120777661230271237,2967680807637223329,967961205213758354,4691951432539633813,5421279409469725714,13605411594245144525,5431567384012334990,12893255464639547595,14084735275812847004,7172220635308518055,17726464850922338983,16374046540794604461,16701231928358834813,2675011789078412209
18033351906564244333,13849112962776620956,7568308572680290814,9997910806290052829,5085050257133626069,5187228244751167602,12388021440865585919,13619388963817986497,1914315815692616521,16065683482275366732,7240457658066039787,13591806261672307483,8053551266861715904,15530814620309811896,9964830105231791987,7985131990316180932,9151517877803800326,14017440729378478306,15588933995165353569,15834906982595697017,1450842020453493543,9418273325857852566,10400411579229927406,11902486634648698889
10081440324162939195,8036495277648102733,12136978983135814658,12645534287543752244,309791274870190452,5877780939961078419,9740355018049370053,4228532582140654444,16130440524299548300,10418746222202510472,17863297803906761179,13649082511168821033,16830314748766362677,2203383690483731163,13831731504211077299,15923583258146292534,5030585421745267037,4215008738535044733,11489306421416972648,14876785498550534398,16238536928239849760,698721542228681074,7359073945525567502,9569085239112484099
15755593432234635653,11023681512056815341,12414031349294811687,5576881821890711474,14986977706032997017,4358859510387054432,17127818281522006936,6713647456833259473,9493211536642305155,15870709190732618337,11792369444836213471,9919094737850495880,9900949987638508237,6542920253122066641,15446246762525190695,16307231844233377809,17545417223721153964,10408090790346616456,9551049728559246282,3925878763604766476,2114808399554414420,6816768389911239584,5658956403697898691,5129992327075016595
1272666995577301006,8403650688553021105,9427820595903166062,16936537940373972941,8610378375461995472,8023214349428529024,4323829883752927449,7008001663925637867,9032613456012218646,15616293779316057177,16753353677695725500,5850103122202630239,13068265691298950624,6606146919087038005,9049443597437108933,6241854086079906056,11654590090637387065,15125313328620606224,1802233211792383932,17975387561204944793,12145519867981998484,12176176978644689185,16215989346091976191,896082299651049587
15513300732155061912,9466268969522162569,5489653216028326501,8595244116243806197,2061174716278074062,3597183159877739392,4403996861061184630,17583364066633882521,7408274125211937084,7005706081097684217,16099603114693668811,1917401792674000107,558227029470452255,4138325841482619270,1686049999869366883,5437575644117877953,11989747641176093034,18231172968336646714,708332601258587157,323418857934298010,15933167449734963078,14663825813455021128,18338403195277165375,1372247923545212698
17749287720208888381,9550717190310368952,3088463619525652314,9518597669820665750,14994954793538700756,14317630014367106160,15723062252108066312,12317978276768829244,1323250435231589358,10480948926184618562,2638155561669213498,1234142311601927530,13544077256623786227,9254780986937432153,8677209536287721173,1412073419672179240,15258698452468412787,16330417688355537325,16368714348777704599,4969741129176292837,17469562256892667929,8704776797013802467,12829578950778802663,7962432543828252187
7506003284617089384,10227556488144402910,12921762415310070514,1173127810658871076,15645362958719915750,13677935452347548179,12646253673349828837,1468296876303553797,11061398517097118588,13917213841396382725,15157948476196877189,1893477485312976946,762218927376980390,12757346214748346739,9388268591684595374,11894652354221858362,7657100804368091817,2919277917748624477,13303905084627721439,13738153887076884108,5880897170457414226,10814555928357239716,16416417076045740694,11258678808060010609
6953530851184792100,8058907891202384750,2775091911292710732,15127933360058068716,5310270862719391288,4047205145851634825,3254843585385220960,2465509297546482863,5596476591882665862,13417262369413373165,6264868741385344699,4287297202274889148,12557144710439257274,14941606597104767182,7096266389241658352,7841550982594965417,7187781066573295040,12697047548581492645,7790996648196407660,11234535077353162303,10628326420650926213,5287664842163157440,8924615418427999639,16310263557095284129
1408487323701034976,11926789701047113044,13531975891045558903,2749089573350201791,12228064045315542802,15692912439823643956,582080719322826246,12915635045657073942,1633340116833542604,692248238575075002,10111683282639738255,3054566069773125104,15769861202738000787,6603214063821659879,12495458460682702368,3821485771311375030,13935107194775432311,2446000885907734105,17376590741791676323,13860459460351238998,10497505890995577517,9817490778205520341,17559113683274653651,4940155493189961088
13257752492146184455,679519894287739000,10098636350241843102,3218488805189510545,10771480813565493664,3594873246617553601,6382030972226393671,457743934515499999,4280497933136035618,2696299298726396954,6238304699971241343,12373424028513722592,7291980702089443564,1951987301823437489,7992863393947696289,3817947860736940407,3127962424639245875,16272115656121556394,14294192743037006326,7119156617389520449,7438493100712053276,15828687405685501063,5459281040440115137,14232257885912632445
12221967350472327016,8068564520654152902,8901891569131893798,2091324712828917543,9561133744396934424,2832480368063604063,6665363398604300717,184841536320237232,14240928378510021960,16363555333325673410,4929773934069670611,12545144673748698576,7558661682038310164,13487659368168040329,5369907073903011243,10681370615881742960,10818869959817937477,11647869991935098636,2614210031576053941,13613232896018945058,2569949982378098533,7465750741381128865,12700166682682307173,8888141723204036655
11000386829330810588,5136566524422562239,15765793098894881269,9515151336652979397,12468227953707913014,652900186080730643,5070392656103412766,291176791088303605,11620814457315499165,5479939075004199463,11051574523602597189,7934464034698103370,16098323869081368574,8895570358209093905,16947938130143845381,7070522963189363006,8643343241570797309,1649342110792855060,11497741276160831240,17296107495076537484,9511343487613010757,11189265769071280454,12481676729424451916,16481705064104596834
7217260040882141201,7511945802960638456,16707198355752287477,13757423919131909827,12951353423662258609,10473312928358465366,1421707725494532135,699744545436039951,14649135188972852299,3264448500220332905,18091453035382898082,6003725003352737536,975059529717485547,17349297431338929060,10747793383625509016,1323598846477105273,10184022598485538661,4276216605305817409,15651870831292201222,5388176692435880839,4853425932910705928,16418195926508375253,16255900524455554792,145340390071766645
7947398002095476465,13418641645289191360,15404538787115960712,1017194289803220894,2408874595992340153,15333923867243655463,13586673168145305152,14775616163780028783,6702422327098612286,17630981038790231136,5667779648355174887,1439518412393248732,14836261975912464709,7987738374156156775,9396797037826289326,10560901217854421207,13816799168665670122,11672230922808863892,17037525546339912284,14556006091429870597,5330698609197613285,9908903717012515230,8339436903778075031,16681171803740418184
5281242839291162163,4056412159141329070,17884518540221362589,7790458463949982337,6784711410288336409,8539035913635164717,10172480087914835588,18058414734008873467,4488363686539010947,12612734107914512617,6388306623268781291,11172256783520245414,16963311677448120136,14543245568037847396,16213576740928459806,868369247720055015,3550311165025498595,11744536971715014744,11886370871727891911,3962664697842336220,551499667213896479,12817503097419004044,5049620855537864753,10476689886237851801
2093901058025583327,13841047206404254595,17041606152179538847,9783073885125505872,1181126830362487901,15598833294381195827,7305746258477167290,17176836184327616511,3517530396192628739,14750190808580807256,3494367037644826574,11752457153161006198,8978587345145288663,2300609259638789739,18198017057744168397,12333516328365717617,16179988348208457431,3728529229863582573,4229119021342074216,10800818856266051450,2323240409654314459,3739676841262210795,13331212369202288386,5412269716687610662
18228537030599965101,1720560234515921906,9957150871298086160,3893766953128175263,4049849267707710485,14217242147304750293,15494983017008893666,16008676057190652925,3092148880013458098,11318856048061051212,1687045096324745259,4331908484782393241,15329685125595228168,11413232971715581107,2940770363514409567,3094321498153248254,3771551036952496883,9062057570346913753,1009962183138545119,13070262379872033873,2720029197090099385,3876891420260140292,13057042238961282965,3114442694252830901
6266057265010310807,4329352163033409536,4672925270969806838,6158590279160986507,2038739790423313752,1039735351451141511,191379250038887177,16514104855784355413,17138295737606623424,2550008832707521240,10432174167248734934,4320339436754049080,16456807311880280633,16646589983964779834,6574056201142057464,13636310280662070518,14029085684297417648,5565886887754380649,10609862840962230967,7162195069723832176,2636205581283044775,1103192929132549678,15593946073398478485,16579625268076673728
17379799656650491091,11190982514101132427,10662543683712056441,1978663119090188156,16157679868764292027,724045752328532323,17972254746312604695,17742817032550778886,4004845300449622267,8689102765540203616,7696930335921631617,8218697248372165523,7436729126486594932,10455666263684246553,9447876630170140152,1254398124080614883,16655113666677737497,8703425748687687346,17613299819781481259,4562722807770241797,17423911680002770329,15590197571404789292,6297081941597875007,16362192800458133408
11492633433670938141,10135137237361323718,14862100559109633079,2868306488715462370,12832477754880689392,17025841914000628949,3061852730101206296,12667668627321643992,11573899864612744812,6623193908342734718,3889657198100277112,9416908892299390046,10685524339191428706,8117899659696231975,2810047114528000880,7562473625817723789,4607719581568327782,7613718615079882681,3479078167450114393,9699863705503575918,16334098530962193380,8047546514839793731,16102544804522658379,612048592805744402
5339650338043029758,10758711702621001859,17588881501681718804,178011777801642025,9494098349669355122,16950088774614409928,17567764615305608187,1936253991840112646,16302290818149860134,11698721896107168979,2923258089745115982,14802654602433284070,13232606842828133849,7223278176636349361,16336862458934350839,16620393300718764890,10751721908236780788,4365719893020895587,14565657012381074345,15768219903644788098,8900157544560217242,1287438658013538772,11873555611642600135,18297147056193331056
1588498026515308534,17915495863300412474,12604269270465393853,12451526148689409853,17546038178724476650,10763854988170653699,18383978092610930152,12858179165190287215,6361367545066510378,17608444357359751851,16993053777367983045,16902152812081446727,14985818599295650018,4092022956827067133,6394771087029132638,8574080142537957041,13739762151868687837,2050064006362531103,15721517546208018262,917909856339765922,1307271821006229756,9203183319444895318,10421132139966939854,3821523589005892888
18018364320120419269,1748072165970829032,14897078777949805908,13832282244128080312,11278073458496445072,2590531813497206644,328738786377239677,6210300559181413929,15756272742907736867,6229084708249572941,12060480740789283570,13231104649155207063,17373306639641908183,12603070596299857500,10817601882431312029,16396439278266074461,3603874937907147938,11988248812470799842,8010006036042272627,1226464650405283805,10379422192012676202,10142475747523967936,15337266352088715240,7928662249709546488
8617046362613397254,15891123881157360498,15421866506188582818,2580198240372216796,16857392311026836422,7911207334172095110,5260330007103704493,6367134085416792480,8277251813005352979,16014785684717682995,1501015669736277398,16289605527079244730,10259847931658180208,12169721284411220035,3147650508342542975,7421774151414170438,2069653933635723622,11858211385582891992,18342086406433673859,485171066244772450,7886768026670775208,17163183125082945783,12786651771418954109,15052831634760636122
7351512703452175069,11430209040352720023,1095238190527713176,7645598511988854635,11233830109579788774,10918283241612423701,11622228176699043016,8126773317960736683,9629108089714113043,9887996907163674449,12183527900489507112,12298520174247615020,11327800980979046376,3771138195717189516,4349466952531662211,7938469712199107101,3961923307524101123,9546003484836882391,13055091411611852799,16363621459806523407,11385026916193109593,17897565001529368116,8051463970846749289,12657625119928419910
15125354410701135200,15511733615726640640,4602751389016219300,14036497237940356539,13521506487147940088,2474414987092599174,9766191702112619576,5974399041630664998,8846670904002647662,4787345111269766569,6735888864981341564,7929395894195655003,14799346015135542104,6268468406891491713,5117717401776747634,14761638920388273731,3029689296443720535,10355542195445749298,15950992154570687294,17515575327576641049,2951270248334968006,14015529769971399943,5790269588376298243,12499665367562419280
8403261848532688926,7814260184912004775,10821683631450650970,16280247957230648412,5452143149336495160,8947716109168570294,12296962136211125909,2294147470867664514,8845867734739254445,10147392648240861988,11872651386415726488,12920545820742509299,5658236740318121988,5040162916304656361,2721875126725352733,3601882992959150547,2792389369173417102,16819632174563459052,7126665664153441587,4412890168411400203,16684076335655004623,17100527343495869105,11606010343782943896,12083414817919807281
11515958617243184067,10598810139848653857,6872558606086593946,10362275937901828085,649550251287280256,683905631600448714,7045693188186505072,12666337390673995392,8421680751231475693,9634113552761724697,4319763400756158675,121015083879485779,6725217351576984322,5417785237139653355,5655986386615304162,9408881879071451604,15031104455444672773,8345995096916386131,15243166868472917499,4556116678839450457,15766455260240480554,4654426945914016003,8441062904440139384,6730128863306839341
18017227674821890947,9944699464954670831,15861154269923351156,12138574759724185017,16289995385306192251,12308804545386302303,3538111108473150961,6431113144575515830,4032247825287345644,2536415338765879367,11846071041811927814,11525935531035716023,9252941562578552166,13634064461722104158,4340795146900702190,9172920845895971325,13933885433276039462,5922693654514263638,14027640972333994832,5735532186514867268,10324653649123723422,8099363608515055802,9244366216090558660,5962390376980548344
2455751939532827535,11711521212170612536,16590512712267598136,11271152741878920939,10608746984924299974,1959488127650526331,363076546993029800,14300042578919756615,13254626842148021672,16830493221494044443,4282971151447963923,4916147341366982309,11877295275737290256,1341896612452252870,2419924465445439602,83804498958629824,6160218361908928199,16307620506451649292,1342355995545099384,7796506309615435855,2033838031087990485,11954496109318756571,15878125974553052723,14983901792893847827
16956750734595414439,11807754519330815094,13244170731076568021,12767133247448430166,13187230030057464581,9589981000117704228,17423550180705925004,14655068779126680145,5421322968284831527,11138787595111428870,15024354876059202704,6808291867532422690,9458442639456141343,5664692351380087046,5321938988788425658,11209687326419118204,6574565120536393957,12547385933562531894,16358551705376945484,14628561181399733855,10917347398734488345,10671900952181463645,10403358333926861432,13329056252054939473
13615220935704753120,10927243500023086108,18445104419278587875,6589067317424521851,11197996010412736974,12344542671610230028,17975616974005207770,13559582734849168925,11315645804354243254,11711092179490559580,15411676114042699044,10919736844707997043,13277010813018955344,1960867007417691810,16927535721459736984,8775224985394122948,8984671266654819101,654274059019926786,17799064579114463940,3147674103965239304,16246064305075229398,17817416871815534140,1574563889660313618,6768161642213906592
430726481805927576,15169059585268343430,3014066555354552017,17171651544351397037,1758046450799115631,2175834642735986168,14429276845183507859,7656246059818739068,5962613936941469587,13564799772193647181,11643561970325525966,18118527765475006784,2353066282663276776,550985693405833334,10456126059896388204,8139742324732839852,10647913188738458972,15076933649322934650,11849960584935135550,8469654832224453323,11876382887215266138,12792119864600368703,10541482770967213824,5073327006820084451
9238829254946173175,16747042279264665260,9142382158687804185,6333588916449415522,9219592615410134949,5517614056323613616,402857838672241869,11471156844136149242,8993431355358311217,5088985940602930408,13503542622128967288,263799185827114631,8860705732500231916,9134880235548114144,15717119747107863075,12602340294754590457,4501664654784601818,12292940410626923170,7980041888562436288,3537420979495984248,1708160149770658409,268565087878749113,16730065258243601139,7020058506015060327
15049280568018072032,15826832152741503302,3361228520541623276,2238975285721152909,10111606338857535893,2251194398695276160,11391057536650071440,4437538809141761297,14552111369297684006,16133601221077266715,15726947247734467211,12481157881329069678,3780949259342203589,12117842598893770379,1520172911267723491,691485466175522450,18165081542345314431,9752740459930362040,5850219017353161653,14699018485318235101,4924957477600341591,7834000295726236172,2524948840167235411,6992556930728398476
13758638028903222738,17289821105408633441,795271265078274233,10912981343237224251,8868955951673450323,1669089124106734773,4867756676184048442,14340062925973542706,7218417044090810468,2573462329006242974,16520551151671570134,2504368370567797302,8466381102550392798,8839204697722901835,3884830117553856338,10468926169050978265,5190041181578556641,12531404607437987342,9803925076087591501,1104095661653346023,5937283992486556563,7544947919957969063,1647522684068208713,7880984040943698887
1387128748780572370,6242628550476558656,4424774987580370513,11170647323007446875,1558558237522279356,7534034135153758999,2097046368114268149,5512214977383629644,11253584885732190907,6930135239796339617,12244106311062247772,17343601966510895973,4243182998059988842,6716442698291708605,17248924824139720252,18313360875133843067,718886161762906517,7625133621320499235,14285640506099826356,16029089312677118886,8529576187600612355,5122911286953499437,8927741291221554361,4873303587876827162
10216932149103298515,5973168943353658597,2378426152400289338,6049492172682306510,15904152956622938367,12838992350735106136,3046169739938074179,6685450757093699209,18219767088688842935,11118740105547106513,2662629650592312430,13480009476567572836,15481678624231614977,8468767554895602572,13067906759571423332,7314414695991374414,12801406844231346235,3026154711025680433,2992300540854204006,2845482569878107295,15765938181398802405,17436163153390058155,574378441225539866,9336860102360840582
12838449219816313060,1970845982645957802,6910549850452631199,14483821838370758344,5850939930131090802,10480785404127200670,13041845051412541657,16631558458543879559,4202812333824877652,654471325327192246,16512590840041711772,5506044605381934582,12856022115050532734,9579284552848843090,14045755409292107244,11184293282075116886,13599813569966996187,3752967349698507978,4012394888280534283,17446573234767940203,11612971833857765549,13721309323074141510,4739839996149035791,12324349823993625150
17319128736360058994,9886152264360058094,764698250518076912,11341629055079121981,5592047677346322196,16222527601923963592,15082926677462850576,11082984898592911020,4801684909146719360,2303241611879687953,14799584726586604834,1193699616283959358,13163868911015866745,15110416466231762696,1425444219104718990,8479750600797897353,16297377750254263383,1838258906354799068,8850456421009983783,12358209050846434622,10480360833296054377,14727551064766265804,141243676428183322,17830268005402097253
1663612419607141367,2177858954578528263,15759285464018635853,16010078142533073254,1722964526834891249,5500927766035676835,6611827585110872549,17536831681439949229,13968606979158747386,18169983891168530009,9245295522907079329,10835647766291905993,6829837637890712377,13228488909436841749,12702188130268628541,7395251816364560557,17333610311541497237,4855566382312399450,1401432372963141099,17049026972423552528,9587520082151725915,7662997992148018020,4670509525447035978,13776490812648816420
6848703100128668000,8780022584862087273,4326601742620330950,13332006174586821061,15281908293787390077,4782855889809961866,18380583638534777812,16678766259526086137,16553336537890853850,15678551207079487386,8349960775244693176,1999152976781986846,10466538483825226616,9795333383251965892,639635525776225874,6219267369078978464,13156629179227962462,2679728126068574667,14378081169864716378,12952856753867373158,17025470142467668679,15314335693473898576,2477621381544472600,11573607141584650638
4456922582609516838,352376789341194415,712327254947434985,2443775399838984240,4460446052768948016,12690000672572042297,16977251555864182844,1570441914286032653,10969423438191653546,4692073843270005538,4923449250496161358,18157390035162406549,10275811301023658457,8696513255315664715,13498411328241876241,14352925491535620655,10906997051828303458,13973070494664167379,155337694216713547,8266142035979070518,8298226859238863203,10208899284121881324,2970883925211356338,4851458918452769310
17014032949989662565,4425533296847605351,5535571831686170150,4079974474179026766,7051891478219222833,2209301691292360069,3385657570277152340,12784554840891652838,17485770386327646095,999744571422529699,15899801836542017585,11855435713079801879,2440056259692047883,2928047356599754141,13409494341553792542,4501090967203747160,10826030859865722454,13698478016106413808,1474439552307727920,9900013682413634126,11505896410074005666,10692513651339545078,17315323816470749069,16301260442279940934
12981493945221014019,6187484246556002026,12587058629259406273,9702094634306545903,6834659431343933683,10750409828169169059,13316686299465868915,2812216764193618571,10627013016295507289,8142626740376715318,17449194627461862020,9198684451228991093,9758164622955157488,1572068484874526381,15522658323301606883,15417141789863928145,13199474516854795858,4617145543906321030,17044876530093433757,13744996954306917547,2081874376485234144,721113618999899308,17286682441855090202,13113129400478984289
6401392472131275406,724724075934802991,12491332902007164646,16235255605765152037,5981839728880049632,7672783549916967541,17066489268834277137,16359844219140782799,6873454950614731879,8748292920174299663,13819882722822939387,3534087413326638006,5307322021812612565,12193354283317132772,996660894476259457,9179873564042177514,14560528206300196810,3457716587441444827,6173755241309030847,16302628088381110256,3108395648540251042,14627292751965177475,10935286096228315542,8422497058459460843
16950058273903262286,6357858524917970300,3117532746114652851,10711422954444915970,17731864579225036988,3104768014548540167,6336464154573538196,12121048912907373849,13344039533234330698,16721512787577948264,7432947070237592955,5095372899149617436,1226852358326208367,17122086046157492365,13756540248157167460,876497329513213310,3782852837548965832,17404202373605568739,321087004195070011,10174458990266995948,14150690194821319980,1448323113204139123,4659848597481784579,16954205880250584862
3589545911993561461,16340289856767407992,11231576153424482617,10546369463408864933,202223027641400126,9950203664320541206,8975159045322550685,7710283399163097888,6150372850388597255,9720789368255644404,6964748445291426637,13822925747536427606,10590797635640129989,13271970107435493459,5448687529624407929,7189580042822245335,16177076206273943274,5283627626944859131,2964838515736164596,2519131544543596479,12780348890141910610,17309448576078041477,16979936045504819408,11635978994974207860
4449892783982051280,10207531676675677661,9999979258488188634,8428247538453662703,15106559678862696785,5484645508545409876,5460041953788194869,10782865241686168922,8882590566092288176,8472826072139901421,3665222709454216661,608010500854154685,7776996047761776123,8057531975752999339,614553426850978886,11564383155465385252,11139033558827879527,16663080470381583199,9322355576059221206,16067651312985652840,18356695468265015877,17346106364882242046,11519684043645243577,9886742505266689572
7117942480015929575,10850210457500894889,7149848969666240840,11288321996757653814,15949662091203847319,18293215132535814042,1662720893695323754,14073853680323021939,16860647685094784317,5203034575289056374,2685785224510066265,3534525159210051903,18001737961427755215,7536668528402834582,12263676214732040214,4986308349392131656,16726976448223755719,6169914746884090336,16981968799464909045,18016149487601840683,7727258689707008425,16065256884507100564,16477486018022998312,1648724640027977232
3682050287199017057,10171153137746017240,16767968410030714957,15616259857281143291,14059185844907868369,12150812667151574071,4063233006418637565,12149806835597216919,18084930536295624511,12323002385346621855,3496254671069951667,6560005462745342087,14257069926607084770,15664233872685681412,7418770634991909960,15166498886392352319,17221195559050809930,11829120994534063246,1955006413366975607,5599800436254370697,8484655632267191729,13847152690072607731,16790631167261551588,766936814933316623
15619860818801803301,14285200671612123843,17957192803330241726,7905116598880505773,15488276472413415119,12795323575955350373,17348131171433959533,3245877707627233205,10316097724263819812,7498874279474726727,11205238915936757349,17203304365391641830,2771323665937192267,1689690665534017544,3448177224210512186,12568629615671148810,8080744921050005645,7292115552088604807,18120819645116767090,4780871413790091387,14798121512940121463,13884428068932347542,15411149824497112734,17077831139904499719
14768966284150265964,4897364745339924076,2367234842639205480,228600249459448324,9498107271524246889,10252365262791562491,7427214548809669929,12063302510283097880,15636411379179366492,6035583007221855902,3323685578082254855,17969135801374262449,6207632305297602072,16473422865483738306,3304167103254436579,3302884390530391610,12796588461624654469,7436530181752030838,10391076751118615894,17580252875265526489,6200155320116852536,12878049848958163951,12994361218006517030,2517848102775576474
6114443672700965777,8978037347721855680,4834120583148931593,1333011219842511369,1007578899824366771,9894129687551855357,8271687575500733226,5389372503001002152,4478477115081534141,4710675763710652180,12015264075433465411,1747725533111705898,6119414218150714644,15519362455404433269,10430465868822960927,11732172678320878216,8503665136262310009,10762738905928282402,6375008689735884786,1480751495021823147,17206520870419670627,11254274937944811437,5326218303349486271,885269622834928322
17588905763445422383,11271674091021804798,9037486539466340731,8039514336664535848,12145239752709743289,9378436962282875493,3827442971385026549,16864657783738809569,11070698894113976899,5837641595095002465,10959197635442799945,13794086882494015277,2416712191979443093,14110044230374539554,7752289219098315410,15746648382192707897,4849876313955441122,531804877723739831,18183319682779763187,4159343803437486482,3877589832881050248,18420355897816863560,16783467367052573615,15737118476226991105
8726207664501963429,10743753029416917202,8758307620270379626,3677923738341817440,7344433411723238725,2762285436743844146,9255631597365724195,2585222035470237710,2000215679899477060,12850822215222758231,4738446336055134597,5294426333808781771,8817618578555180466,15386940911133433817,5996850549684364494,13738813560049578892,18024740059922598498,12951109224031653597,16351885028657632960,14613501544269949348,6929006707455318073,10394853580421312602,978949549462614852,17317739773445985979
1704327945745851299,14741297033387947716,12834578457856726728,16328581702012897990,5696565294588912631,8717453837620521799,4494077560719644128,12573893624731419987,6671873344024616051,3763907165396501566,13802562534046446750,13184109835813362081,12563154467346351371,3740100141108000730,4025845585452388575,2779359659587270360,12060892421058254210,9702802680294013062,5670984051022632427,12709723412316042474,3671964086095914729,1948203424270480812,6652981375807389738,5357770310760814811
8237129001637253677,16241259134326131238,11997520640603563356,18213896992632375944,714664017201433862,13744190625044842851,14509407305969645412,17316598535363391896,16930061024090099152,1052202960806080401,11402540039787454479,200632279620433641,164086391498400207,3813358198605358321,4899996486648982916,7307783811356709474,18320511142498473630,8819434861887056563,10624521132428589966,6310134601636374064,14795900207023948999,10254393109779901613,1238823153866269575,13932004542507086429
5053304423393682678,207460961385934029,2700982356816101236,7501704141280644055,2854521231812967379,12414998099667779307,7041588093822779430,8943180822854541457,12944642549741611501,1715120898911608843,10630195421410240246,2639693091312239664,1789319892297066931,5188393147279799352,13902361826931124530,17098533785363286368,2745218237337653184,1511020182183411179,12540511093875239652,4610396670134937360,1650411293323448120,5783386817861081785,3620532096961077321,13646394545707968365
6902388428757805395,11839743516320874162,1312599237543079295,1653198366899863820,16054189719174104047,16938534985271220275,11355595151366834195,5063157549744205666,14130847278196104047,10031891838684824485,13487749834154732502,13600215032928296182,9074195643643591259,3126218449085158684,5895681335911230606,9072774490393133845,10822351960788259269,18327146059110041591,17708956591737326187,15314747377142124039,17885631113465615413,6519150673665997025,1171304194662295164,7634391156838901827
12655066361794229130,8293553870980256930,15323319178429399203,5641480006717810403,6055330385396685905,10058994940063451501,1187543783268302631,14607028738391443627,13056689322995514572,9832682473981741851,18338608983138825195,17250460886962371768,6220499838763946392,7708866861449687725,10367360360713818633,16600235786665897316,11783378213231306933,10059018054505887843,5279552737578951039,7353018963655422438,2957813320441990070,13223457349695231394,16232223181110329540,3816646092521619317
7949262600427933069,1556759264393230207,16447932223623208221,8650373545403124966,7044349188138409984,11423860954891566988,2594756846390747781,3020841553966546774,14264498738900549019,13762561184053700168,7106519588863019985,17369438401691889942,1941186823446914021,12172417625234058592,10328758000185324672,9390678082956650261,5629829632611159618,5379017344635377991,10374166346760647311,16806519922465967298,4775793140998227367,10552653054603629938,9704198141017795177,647915588089797640
8695506900587076932,18186119642430064660,10660476067476485360,13525764746516253384,11047724732185080176,8283873672940138052,7179088936680182482,12804378156018877921,8387508010886033023,5310458151409287941,17347184352413988235,10361921915318349804,3298067878358542054,1242047767008506661,15872585892578376733,6736360251227110535,5139905543994073525,3141991249370201595,16606797352901445171,8711066520373688561,1194011313286241911,11619597632815124115,13418382704229569332,15311374764952052608
1169180705614669012,4255440393319312565,12285387106074169172,5617941016503999322,6614837681851742182,12511465010008107449,2294400962479258319,1931229044882464181,15656956379947055149,9177210004178633115,273962518506087923,5942737648812912221,8864870625874339622,3281481497133888021,10518302394006456430,2343213277133924923,10754109329307268252,15654477448344220993,1818092805139907167,925109783853531878,6960274897227900239,17333111942654397610,17879824115387475789,16005429506795266039
2167807661240192802,7365963551563260918,5277871915032963986,6412106758007948785,379059678411481464,13901129094162651869,1318391904173732733,13717324960452840489,17242764032149978835,14049028910986675015,1015099113238376329,5315530741949264442,11717834200743106199,16936283536962659127,14603339460343135852,2521676387430508467,13567803211348470675,15659826492902632744,10654900068303823742,14686357338587489391,7372669977690483573,6409733479007494721,1938048471055519164,7616050477321760092
17879411435793477223,7877275662314344693,4778847717245224771,18194273861480912864,106267090434716091,5373975157825682805,10675363089820562265,17913944478160854065,15878703294049850586,14168441882611290100,7843122460661960996,13818460746980809567,7361867810830767754,959241267008893946,2644924367984689401,18269987423305557012,7764895222587694829,2433409403708417410,5999714982518552766,10663191160855774453,11543543365130920661,16239318681768991827,14926652827619807021,8688677867369487956
3439173839012478137,13806582166917043467,17543232906794637918,16987375760679934305,6592185814766573809,3760755465277295357,18077468778863474391,5175615050243683247,13598380102612450988,5336301871071561682,11829077434184841853,3009676989089880623,15001402890264157095,7480945870110866158,15476458820446879021,13702213644991188203,9231048445128137915,6305912867303894386,2378895164056347464,4676418204434829512,12051094962333883326,8396663413324776113,12052953189403161782,851055512983691706
6193903477399628577,16732499098523565335,16221511793888188008,18117291273895332680,5255517246385820727,11654827371715172932,7945287229771759599,5762606814256984339,11175817630120733894,8404965540774692919,3145370957238599079,4890552117867088300,2676353725584468529,3115873859468383074,9435586367537917780,11850260290472212114,7142213885316288141,10524474666884525833,15921916990809796196,10230806154291309020,12135245739707252893,8309542679766499795,15192616146739862824,8525956895126104035
7554111918059542910,9046716293326029515,12304658074416027959,14929177305613197353,7367995043285079685,6010522064957625466,8680819788746819465,5839082813962834482,4694466908245892778,9835541397239332291,13203188952831537147,8134742679786289676,9372381414202671200,16467502872735489125,6174078625729538933,12665666369527315850,11662446028874126191,17501025720698485394,18367335954336192985,15588198067113076059,6125811376621655625,9699854988502572640,881141224812561638,13877100773081490238
16233191099287465575,2780576623428153806,9100971973782630925,6823868454697624261,4536274640878452204,12515272206099097279,12314824759806323627,14864924826255949216,1326074814652317447,9109469990783643567,7275392815119418440,10727625821550092930,2565927643360370231,326590136195123219,7205501257872084229,2189051992188863762,14773354137378684468,12625362346508267884,15015326717604590902,11326034602940722446,12798537833408626122,10617857678490529951,8541846727016017023,7828341827189881150
3128169678347675581,5504190862710599245,9152359874641949978,4057070652930679840,7351081930969588254,16033549942991689581,12022957812338824165,1808905494399070369,10877430058414216533,8002238681831026585,15753724244555797944,1844146873325139768,9627063187912229084,5524580255490024321,9424652350482395147,6263538089731468078,10882648898150228040,13306487241420109636,3955230513194153722,9214074290960507722,16055935876584530667,13187041862873686304,8740730916097070939,4232588206585518709
3840789208562750065,13051478154287381792,7692220359089505265,13983964997421710988,11199560029518998592,2609794039806840306,5607184936496112826,15956370890182277795,9501504133185651968,4956044914377447036,6605754328267030790,17423135340073279162,2602762637314034566,9917444521935735969,458995164953986013,15467738666292723786,3314789188057003474,319284306872275538,9612851416522672950,15975447114555992262,6066320765464099973,5415033884466869808,15962454833120944960,874192011061419370
15762172063083342671,11361241550875705474,17156132854423712545,5491119634728334656,7694892712367577210,18167414206775700711,13422030009630232324,2619287384854705818,15874139064567559321,10833673656640107805,13742101102147579632,7410861715595470696,1363597779810475243,6687033023153601432,13023158107139113340,4835587252603136520,193467654689433716,17445473047733666288,11121235992358385775,12021556523692702145,11568736281729964342,14190828869303777692,17315830767604036175,8294133338355688887
4542112183057347266,6970330397807126732,9830190459902742442,2825910742291421398,3879939661319238290,17598097452912024051,16393037859871573512,17265880199685423727,12254344882691085076,15879916534108195324,11575773994955811923,6819964064514513601,9252143330526705868,6839340961976715373,10862301956644427237,16246496491582777900,10798824917655713291,853573496292964272,7876048776625686960,7387534804833867171,176160984539956935,5268471471059055781,5235536314764949767,16343478062802864861
16521058075719029693,13909910987571464237,3427807946792526669,15718840030589854321,6703728870562345921,12415211064214233994,11043366070559131594,6773210180000642293,14654031427889651063,7483428025135594025,7716608684227976303,5700979644867526624,285168391016343615,10838371771967476450,18225811358519614235,2153484479477781587,17895485545727872237,1560424731451345504,16441872729998971509,5533708428142800945,3017667155401439051,8918394310021883889,4261530950694252383,6780008898754675864
10421425693452815555,14410820057051188828,16805105248693229150,17073556735198171581,9607832826469271679,18185674865538543978,12852236273018579229,16482109917868264553,14123773731614855105,2305870785669764328,18061123052145626715,16100025139128108414,7079026422704599194,17535353877944675784,9274999227037073283,9689165558798408521,9100528641029215105,16335691290184505815,16630638401461175660,18199839092373585525,3465646670965860389,6741516190385661797,7656271917661330775,12868849546592335911
17354600179871421939,14457560324247019675,16549916517603065767,8658456581113058443,457569875590526297,2524926371014596340,756344926448101831,8592782644567546367,10174300859173739049,430553850080546534,16194744761270454334,11341252126495697861,12326538292363794147,1039141209086903533,7591428570990015314,15379027578122133102,7089284632064410511,9347010587004105596,14494378064771255628,9236067845247073678,5565349359205088293,8697404242267392784,9751892433828614716,89000035194998481
673576891805899673,10316477572437961877,17815429493514154199,12429559980092491561,6482590973084283041,14645467203226570551,3688274942573905765,1622862713086542455,5592407826123756125,931098680628702741,5451278471156474985,17924621838035877723,12826868330271870775,3775012206246460254,14338671254048464401,5000883961868209270,4518860955625373358,10789155010155358035,2368470808280266043,5293191634401498085,5723087200305304033,5322267619536544080,2963416331093845563,17795092833665841890
18177145181383150830,15439080752709294797,2566451762542174910,5612636629188582093,6616241917552680818,4766277047973041645,8606233047231303146,6923108426719309651,8522698736480805975,13746650378454316356,10953950874738976179,16183638134625759781,15174192899244216641,11605501221713832141,4258161227092271258,12547895561899082411,2082562776385830206,8643027964790827485,5438384460222195318,17064293165103164846,11523110084972835010,13822301699708982086,12077755595143769723,11844096250759622528
10127491222290409549,11250902671446298091,3219906402611531291,8374693245395908689,4282923401238962852,15291089583399822367,9021965854698664943,3867820046720941306,12137052105486490262,11578746152846492425,18331342121403007938,1166400914761008462,11332753561219360278,12107360155938135703,8605332356300246686,1439285043508730250,11539917942284842370,13451254374179892674,2251923085773611191,3468521433535339416,3966557171615076065,14891247599831666568,2704945406389987524,1774811479262245331
3562416268889922446,8669487637782713407,10595787408516500041,4179367122908809513,15291877618092746171,17394368525539157686,12650641054875302342,4831232867340535967,15768415938887798799,7967448652302480281,11314486855306467754,10907922051684472377,200732101214026228,5341346678260943289,5499834084445376431,3025418471959281681,15185328283855444235,2548720684600385858,2210311316419346784,11678621342752531546,5135494212687882737,7161260852160929234,13183047998465009440,15383520976029131081
18002933000776036128,16596449584900579458,2234468902579098509,6653802280783774773,16343860389093150866,15829647950261338542,17076074350538930422,3775485066450016466,15206156523165853948,11229281878155207814,12372532844210990433,12302573607642351957,7158549130781299222,17878095623460089748,10539003317432951910,7326651687411092454,2461814288152315194,7142185741440442179,5589166526787462755,12917257728358391604,14739743426610003038,9021019596454161931,15199364281804804930,7843968416595363561
9685372253967455599,5969376016299043756,12830845781008138333,3739441254451261449,605363996399881251,17930924769310231374,2752442213128558223,14548577102388980570,1948105757218625667,6064854441361965051,7679536011191128391,1265332550953573230,144658665219433076,3043051911419614606,3388373799465300193,5676949299581690049,10805836844669285813,7668725112496998304,644192232457882486,15161694047089826822,9837924293317736181,8777822189774481002,16267287763570673174,1407599949463503388
5005012737409841214,17500594552715878398,2860935319352148365,13222876309938652271,4686633677303101971,352418281611765838,8642220397951482832,2621335304162631620,13133222982493983923,1852136596201888334,6736506072733021765,12948855328325992683,16654713169383933146,7297330802026679237,4286614961432510871,10363268306251867463,6320887825409658611,10544652197382658428,4547394923433952325,14544745497681248474,8273824857121253016,12583312999951155863,5589794982056923100,6467890310026197346
16354436156681288592,1333098843839679865,18203220510223332717,13855962942146782539,15886272294476005738,8103222102082434564,3689166146577367366,5857835181076528241,7242487947299011751,4146248869847280993,6621858826020326399,144972164727024089,10745822268207529132,17839431354016050963,6815706400339355326,14804308237032952174,8214541921694380837,9422404551761501802,7281027866068271748,9050629697659676191,6203315153326926817,16276041292238066611,546627931775487366,14580669354321103611
16921471821734962076,5708858047089788460,15607045115747697011,13757036452139284512,3783009179968455635,12006485451075008610,9956122212684332786,12171203478304874359,12670139606178565432,10365900839068939695,3902343480935775298,8697025673914163037,5985263554493364128,5820411117608451569,3774675216228921826,17974374391147412057,6223318116862374608,18063239505813565757,5162939426116405892,14439015762031624729,18119941888350187783,12504668540441120429,12879184102518030562,10113577671426574070
16766397769476761609,17184987323114350258,11793149307839721797,6583138987063495099,17885364633922580844,16238957267189016561,820986522900452027,17377067271960126681,13160358405677388639,582300040647460935,12511701656051576529,6544162181360185804,16944996427294802591,12486643299883846984,16038831191357456089,10605279176843766380,12806545907663737298,6004459949054917259,10115244983519085753,819525328972697449,17916597589229626544,14238973271059013365,17251517820498304623,10850734827106376983
12802008979213827561,9444800162067520716,17938340763921905860,9602420615376982644,12397674979719639632,16117772419929147572,12831276203409424442,12061091931362336286,1230704148803412861,3831763474178926366,3039697545479225333,16827511331423976796,15348341751298969495,2444562034380357185,4595985302621766964,9667883345995291259,1576039088869724628,3414186671252677691,6540065556571449874,14331626520730171781,2419905090427529149,9792156495377810697,14289872014310370913,14669942784477276023
3544679172401491150,2131478680030524168,16831278039591445277,5086237375713463283,13750129129661551293,12559034473766728613,2874553499901250588,7287499060101788691,4635875568217439575,8312564880458749393,476956921425654189,16413085639335185359,3706941483309056420,3328216893909633191,839894485704535910,439313184249327302,6389973831239097325,720425319460524521,3148080739289335063,7555434738488351152,3470711295628156238,3518620247152793970,4857353159002441322,6148269100579578000,12034655580514222901
868976838916691216,862214025601903650,13568921505271277166,1960305360208373025,10476961936692384430,1696477287151526913,11510713912881541114,10497737482448602054,6024117286451296468,6448298748924985129,17703508942576555597,4663281906616359355,6316813977634478156,9327103389030139190,13964936649068188450,11227378278755070083,6204419824607790080,4074908308765366902,8196130077409880397,14022516193563724141,12874441994514617402,7665244170898193435,15652718356818501892,4494641873463471062
1836352096213993801,14530703219015861946,12289946290091834399,3897887915950258986,14020655736575292287,13092430248916810075,16343309532322552893,16017986130546959764,14433351608080956522,16182672556583924335,4360449717627410288,17225097146051918731,2799063351878460908,7804477577149050255,7437304729568940102,2769481124198319178,17800072808288858067,7158296918908618242,2795453940719264437,9968738853610975639,8384994959020869821,1588678473201836611,7297851097500819142,6419793816230432140
17197150979431645583,18307049801512307978,10961893935481699280,10575760773197139443,11991791637778010940,7002133489452420219,4089882653120884968,10509492565318628615,17038834093223349120,16897582931431046177,10535632265458388036,5403775307188575107,4821757897545875444,15121167523652821672,17863344735803866721,772108320840118062,8285335403596499045,11587319347574796569,15225480226107816017,7263754940800763452,15935777626547881240,7150601690930903923,16328581515329278033,4351651459202456983
10778276367384478703,14147291881804916152,17277032565428989306,11462807983549750154,1282250283220389412,2187657338396432916,13618605180075382549,8665131562811431423,14671452652995652238,15215342706209132245,7545571254422670963,7855104614542875208,6073417636744817472,17770500414182225300,7507220130476318314,17848623977094397064,7224590257805215559,10704533918396758594,15558353089232026143,6577109119845135263,16403901896180595808,11351598851259617339,15038595660974819515,11770682256793587573
15163551541128795770,994090884698746606,1400856711613042028,7953829263485872992,15759789534127433485,6485887083949455051,14011066233969206515,8798012788712925367,17648136769678719070,410571176734802940,14535137119184991574,6891000961173382789,18081045135075405817,3011371446344537649,8363330843451001045,16036361599395180072,15893264731527622580,15045350393115865347,17838903759776664475,5323855543204132953,8149269754666714444,9713818593557786257,12799168641402140395,4617023806951632753
13569096303515117494,3832424505757500667,10575494156667249614,3078912033766746411,17522102612360055767,2058334956361071871,12060522001840209543,451690130681525718,9373478524769195408,13631299236397769497,3097236071190135052,11475802883112139708,7867644665363408469,6439021810319440894,9973777372354182914,17570785475586668195,17848193462721527406,2909681680164320355,767176896496506440,13863109677907979018,1947313539049978814,743669580210443167,10973498970641233732,553689405204773078
13475052466322492552,9757959150643361511,10635789192113235005,7383964989299008187,15312908778152687006,17182189927616695794,15067492114446544394,10068678854902294479,13747957555091076600,3636171302034050765,17613834787715459892,4503327174181598466,2384299356570193095,4744123300769241545,10686842175353448580,6995150681568128068,4354822615489139278,9330446920743771998,14048535966472160123,1391563874160507261,4575269382329399943,15838533482710826620,13441733423621345225,4477672249625593260
3246359345093308398,12962144431437356327,16917308272294671063,13696999906944211480,14208937526496037321,16290680546522780878,4003149054337855106,8082148815657993103,6691796432230871492,1384733621558553816,14407612759274228475,3530090758030962414,3959752858514848371,13368178215779541085,916984017617708271,4411024405584997046,5022641359413977364,4036102302012134406,2393880312794465519,9466144714723935716,5031846116415455776,4312465616300160798,2774247517322574173,1369224380065106680
18239404199864570433,16692227671838067704,5964285592115450421,4642535941927474803,13488123211790670757,3551932927575278930,4070071937095158875,14424232660214142703,1758864322279931402,16296302765365898524,2509593483310969614,1188849930836094374,1533002402398502412,6530836650625323233,16412499292413676829,1297355331689756397,7025339069427726657,14969784823250450660,4851642660518828368,11220475477575266285,15682500444940372090,5800552986907386315,8603298008719137799,6550892571728326328
4189233223657970349,1282166875189709606,12871818379476367336,18220931064141389240,3298381385771285862,7568136770596975057,12866131840910204514,9515297490438488863,9794125275419464226,8456759763080230635,1099104414028536691,6062016117042410620,577185430287432584,9219693435989176177,16546924919259817328,2304220086017383540,17156594713604082748,6319197368567801912,6066424923614316743,2244462546785280190,9646689428486208477,14713759309030087497,15930447975756134951,510947010077975633
11435774884654982990,9810165678793515516,18305914352627853999,3584253048045464490,3678650907790103332,7427141264670880146,14650593540056497755,7525257511372940649,13378451171964857905,7780068938185897704,3200909333435926265,7220981719775528382,4725489370407280798,18326773332991961915,17036619257082570277,7255018837195301652,9043827786348380893,8390618173496414011,5927702151182258252,17101215473142720005,14368408191737130931,6482819916623338929,11855436118499924807,7480631442144074239
10589053136342079416,8866625066935626901,1675313735615252357,17552223585886998630,5947147618755125772,3896507733119707287,11162364935070079696,4817676500710395500,2303077704014772130,8972282508584221457,15106399723843605855,6401402968925360119,6020796202794660616,10030029560028461561,4586581884066928838,8597446879426204127,4406313221013119974,18302656721591715223,1157674821481235994,9384929046655549845,16551798435833905381,5794226374753859033,13416442299281327640,10185525253354763765
7150092653700367158,11678875904338853050,2346005745770687593,15300369965623175079,5766769831785704552,15920800844656449286,16589592159351400357,2709586728525585814,1190400609989028589,15113517818756122045,5357026917649441905,18427750324521061224,6209594542982859640,6977930898265018137,1192679502798545791,3764939236303019956,1528011242055712225,3851009312121409855,6730629384346839192,7419016977337013650,18184879898217508678,2696576464591293181,17824679255368999924,10337941367162097654
18375372941361039583,6634877810565813535,10415626861081974242,11606829443031384431,2716995303451058259,17393461052953230273,2196124832822795986,191192114642581449,15016499213078462120,10199629513000688909,16915779246513641725,6712206757770392422,5334088631921733795,12341883531697641459,8265483766228208338,7162788963404841552,4931216642443328558,4631667332597130659,343275326940215052,17363668239901383618,11736390457516362907,17642728247212617153,1784733105940330810,8828871208202179615
10737678865763013146,6757758932571033926,17701337751762737807,5123536654211122969,10099585674521203014,16681081186727859727,8357497612278192744,10322415543483368915,13292621691460924270,1678881044576784112,10419799186323615075,9608423249415076469,2618378495407789968,16268051107275538959,15789080953298009721,8604899655693967233,7745079491947845161,12783207080385383558,14720065061533077282,13349960010349927062,10917094190391571524,3562495808550484134,11984287115107146494,1248227276074134363
4562588673433729148,741047576575810217,6019100783992466785,2730985452713350810,9939463591874721565,17667631422850942683,15846019988244134242,6551838809066852229,8134125265167494752,18347531844200602970,4835747785456041485,3884851343457188132,15004163852216543082,16150448062738346606,16818884469210122086,2559401145242913499,6096134429900248277,9236793205241378336,9042309288967865455,8276982277933833141,7756100393559505853,10665616606340325945,484409229497319363,3940095906488201744
13412596794339353928,7397704699347532469,3300236952141423471,7235140967040444088,15136721619555921596,9461506563218861547,14711889413499402457,17871764466258873790,16735230994915440786,9166008489630549285,6115793474077618450,1219592903697250383,18267900240576923372,3451863936136606121,1831888577292928685,5933919091830334965,6167026564818284183,14017673166376179744,1625504254981792389,17818071220910032618,3110316923959925632,9136589917221941012,17375649243400874918,2491445474310283255
12041601995186015614,14367437596592287106,3207336104181879859,10482246249976906055,13474474741577594385,11447450412435035767,13042376357735454145,14594812202256910351,12766496736126180422,6799004250894834227,14446305140402561078,5233377589585519108,15188817145835930527,17274961247238318977,139101063245469027,12502528649756652074,7597733804434819713,950379069807557016,18365529997332922285,6651516427663579118,8010056284853015132,10426797729405203039,4613643739150828832,10400891020968042058
13043098918798474090,12445286888567149241,8145475500453367544,11178539493399617851,7289985763278110619,3611980798674591801,10349225654008633813,6313659043297806771,10622642846492999872,14065341962586888108,16414606795044314769,10519204377348728450,11352074015923263754,12476610737339096157,4586924077654116336,13238821239315355611,13982261232315191531,17243780819648641905,5102239319427526991,7687403658351526931,6895886575730121853,10943704541286105530,3202736777535149832,16582193598533795213
1131892011322837373,3950248015357096517,10715650916208847828,11696940018001587545,16140680310969477754,7315949218662409101,17711595726779104914,1037603722829188987,2713378812864988005,11969952266383038871,3539311954757158594,10567025822936105433,12763783589787184158,5670582168378732076,17899114747564418430,17639306067857430795,12537162350803072293,9982684816158647934,13404059721130400870,15812535130985313138,3955115193036139435,16453483916467151988,7312717729962791732,13622519926466174610
8675814221914388444,564687725634636547,4918764020212713061,7471678930803907615,16505286821363536418,10063390943995557413,12313442652540084106,7636998955734186101,15186809944499874587,11191198265937327724,14298977899545776923,12002696412729136341,15477204785397559077,669801061062344358,11004263731229053241,16382425888474034138,4433997878237695663,9174883444725371376,11982317140669312928,9805453923875394532,4736259389998752685,6231427231388575008,17509424259270724443,17591325472853160194
11421872865153437136,9781720138133085504,11731867203689602451,17956021555710316955,5803432168072450321,1126456924212271822,12866740614459468539,10846277932372715979,9543077876802628377,7182576312031380839,4757378062374867645,9949103170746575901,1463765889026723060,9216314010498608777,17334469442266620418,6606183407850816544,17422673973468693611,17292059974553524443,1424378391462513395,12207432045341083558,17217293639506545243,8826360865044758999,10355819578228504024,7256772210593598579
14684870416688827215,2472870998949928659,7405896152151755973,1268840306097338689,10035659917342970791,16571710804116317318,9353483753628475881,556671526233100060,14351933984791780468,13130443581471880168,5525568108160225801,14658291606745529495,3922288473121410769,16344541693490464618,18237065141394902558,5261315416796231639,11954428236861261795,6561443789199928980,16115053055530450114,3396540759369438445,1764731017178346653,6384970527930967658,6274816781295827419,3506287141608877262
4347297653035328194,9775775646882698624,15082974079871066788,2785833557455210830,11770295749218395162,262159290466646354,797635841100484929,12126222172554352479,15844907050933454349,15270433533940621122,2727579663654975851,9602359589930571563,6432919907599567451,5799268038857400393,11682746711950700225,14063648429467165016,13456958597806185505,4402712108678125630,16549115095870367241,3971859754505967468,10988396124713973439,16867228180896528273,3557801162800692372,15615130906917982312
3708106572966419639,13051651703196493874,4068180231934234973,12191693885983361352,12973367562380230748,5734268264446272664,7270746542158023501,13999416851896284347,6385665404026521290,4085792925593164491,6866359107339871981,6592173259460969944,14146207866346812733,15260335066675825173,5495041080417881339,6787421681487338763,2596862541773850009,9885702255921322772,720037838950674125,18041525054294150475,15650025533365565544,3285524079758846967,17494964926646409517,6023693972918152030
10097298971908050453,1096390068324174840,8588865129506530673,10590474300141914172,10309114769799383382,5797845823757766521,15408206040896602662,13448551630038530193,8102414881083686559,17704554354326152876,17449865956322577043,2756323915179144364,10795018961006256596,17149629849754337775,8148920683124677804,13068970155773454978,8721711860072118744,40248621475018522,15118092380801594667,14466047627604693997,12024011611948229545,4072378050624231877,3485445703088657639,13419260043698110230
4586112154662520673,6122427788546692162,13431353346136616094,11881628099516150958,17097469532399881500,4543463384808775897,7942708356000501054,4219612458614250696,14367684535581525744,3792275869545534952,653508157102520779,6683031556755603353,4102350768023384986,15561185085968016980,10404169101326000009,13327855655080096134,4248145223004988304,16115259428038743774,5386894830950012959,18291855116502725002,12636231806619780076,16993197017661749801,15112684651212907160,1132316472041111449
5514424121881266571,723224629587677836,11204557909053332531,7470282755320006890,13543277374457361165,10879969626755220069,6279404073467564663,2995217073504849894,13208211300153305641,2647122664868336757,12148197554472809662,1765066831930328124,5687364232511067093,6344652940045643941,11772784765884334796,5471944645413833099,10739172601779654296,6710763109950404234,4415601477949360284,14298535139578377535,15411945092051374954,4540027900854114537,13493309440606230830,772698624021525777
17790076904254473725,12846343180972671377,16679807005020029,7118413592341242358,18350877821537877403,7072340716268952012,1806703353801389083,16122698704285117499,15749395374175943831,3835441008871756178,1828331495357701135,4892217342272666522,10529487836966264377,9326055708883660822,17537886157206069623,11920370735330689230,18072031854550858348,18271857743938022609,14449262002058954960,17459813687779638427,14182517681199070877,6758872409290139828,4200697233525425081,17576673638443809726
1606764021481057714,13230837668913882657,13362331521572773960,6331870098424510115,17217600478347914668,7183320224207259363,12950060707571098439,1231066435855569072,12475835500069234571,4281474951469270524,15863918450719390419,820771824944727495,16515258003471911170,963674560532063837,9157299793979245202,11645781909791331136,2290049614797746984,2660676940786506530,12068834624111591719,7152150466563243252,18004416885736463655,18146859262729201182,5732310541324113281,5770834876344528175
11959327108530680562,15177757193351155881,1327446015708586699,17266093692962837499,5017871870785912327,16687242823682648542,15482915938418994513,9693897288390610449,9015018549708135628,10324676826929493535,117387834918433998,11859790558384687295,381107095045674644,18322729345342626152,1479317086538705716,2521878307171179962,4069905090679657884,12491917565212225728,6382401335333529038,4498770852959718472,3352472912754394988,6987933007456817408,8993547644906960664,946492393147438897