9264209623583938281,6134194200897698302,1447183466313610802,12091325952634415634,1584842565045415836,898919020623873417,8717350514863003393,10972378152245742227,11383235743472923409,8298833793240395256,8895091429292198794,6514520837415239562,11925899226406235970,227206779027409490,8591483264274921003,4905849648418565702,13834751470698422331,13965493535452059040,5341976928236801151,17600107151324288157,16015403146509271512,2483222109654831584,14922838792022595086,6265649939645331539
14766612287789616710,14234144627225653901,6584870370422505986,15082036650533027737,10583504972491275276,14651961664677453850,12602794802852845937,13593270459472476445,14244953349213905989,14631627418003936274,12725400061677351564,8786474808724789048,17983422320817523243,89593030627283470,13947439350274841968,8385813289745968393,141289463671205449,9467853853105072212,5885274235559900745,16746550430812129930,502169351471057037,7382793566051639880,14348538455958369207,2041940794522160608
6005370165620907045,1680064345577113867,2566399649190226964,6686958998111045634,15503042098743475113,4300683154506806279,17369565185666807709,1426098993584583202,5965090795744477384,13519884604802440151,16865521323211787427,6577167479646982538,16702747463737690105,11930088136334222844,264939034595651822,7544369274094591673,13837001866670262020,8760061904043944574,15694323086580144539,8676626069467666117,11189122658465921009,795667010225233239,13794767586960589724,7492784702590456066
4913067911759285954,12093959137293744631,13294216315960930286,13713896145317740321,7349391335220283554,10729859279970269097,5360366842252374483,5863231482619770504,11645500545079415235,10047332410822332075,17444797379925962054,14222001530103588465,10801009162853877125,16225815771141152988,12398717811800257170,15510969815024895681,1792103589062900120,5999920222731036079,2412562786840670736,3200937515132422877,14817342789541915670,7158648455641674726,3933127741408907285,11054886421505685095
13388519345090756942,9344091087037389714,17095493274648160890,11598999919654166039,10496038826726200132,8678024759239611917,2214010788452723510,513107840000952568,8280108958610122124,8909376910498020024,12734786141089717826,15864518195499498133,17025414862872274772,5904713303601559180,16303438739236663601,5780300093673254437,5671494098860861816,11578710699624187709,12297423093611246980,2402951226589860162,10056618565945725231,1827369033131644275,12481106849529635669,8742038300184913002
10457974671858036893,1902961960318225965,209919326798703713,16142042588240126660,18130866605675878568,2426658053995939998,3753679585109523913,6013021713263391592,6278609658101365447,12731971766608315862,12582510979839231507,7757475306143464380,8287746446662112914,4463714105056799550,16516437375958580672,10898777903471712332,14488971527440839049,10469964459359618087,15995382995647595458,741686750984758734,576759423406617869,17843514361287475716,9005226896394952023,2483226133660414255
5090060152671104247,12540536441079399852,5060925445420473710,14735371628011962327,1860219584094624672,8250260146940747444,2795141710545203460,1617212650170862496,10972039005470236574,11484957276908967735,4904160240575080172,1073918126236115165,16202237683018864167,13658712413579574384,6191059868950745165,2584415808611664421,11544913065433452081,16427280457103419550,760481277907972087,1299384700373065654,6067688822977223627,8267917626493397280,4397797117570775217,18214102179868607772
17656859505853730296,13457201111747096466,1525687880378083043,2869154778678422660,2340906840563759741,18318184811138264589,14638895161014543027,12718857885498503341,3345682371749663830,18319660295032136426,4047923646763749020,13623557356888955182,11396769010970177724,10802192798206416779,3101370393285944337,17044390529050132853,14917644184385775928,1128559286652788435,17835907496458363416,15541432188248674614,10607143752481649493,14585214001413088802,5224033384293019384,5410169862480742058
4699660911417364955,10980238186043438805,2815606906762061129,17740039508402758452,1773488371149207014,4144963517734130077,8115666327507599066,3745896683971314756,13031147015406041533,1420782246047323601,4211283639847588460,12352103395941502382,16152003498428307822,2228803401271110513,18044210556355712612,6131324891507834692,6653199029659125661,16641494873632285059,9075596032351954961,16748138482176313267,859070496518968666,9695471412111892134,5760608546569792037,14405953413390375601
46336628980069206,16089406706959346661,16586120136246208227,11789003887463720207,16282520404971051300,17322415238531074524,12355452540626815021,13076923764382844203,6736824680168231954,10624844277867228476,15795540471119147287,15716096387941166303,575830456348165956,8737105980355538504,14741461317087534369,18246382568979367460,13705083068174851436,4598090484024875604,8529816407700971390,15461631110538693158,1946321908497787243,6844410651560633575,9554543817626480518,556282608765849637
15735306078134789157,10187401499277621051,1864028410325096949,2987717571129156622,2680049335343550814,10644522288206985739,13573952832838072727,9521148812989143314,7961088580347983826,5915787039263846309,16869398250140521933,3894919168649663264,17086866904407379000,15586949866888852214,17767208557330923934,5719365348383816236,10168896227240605054,13136285615759394978,10532713613983488726,5697151183399218432,15706896514872718314,3764567474745950904,14793770280101766548,12014574302028558993
10933398858769431478,17811872391800139454,9080344595011178760,2067212013369999847,4163081781823867561,12684142037028082733,1437577649407142885,8022084316590753919,16699896174257597272,5951297141852987223,11387486309244448294,15818391798500031053,3724010879836909568,9191656125342728669,8922080443230436220,16832485645810675522,14163613167119072318,6279777765718902702,13193745947869645929,13551423319528181870,4334844931632772983,11694512079857735759,2269811524856374994,6500634379236719144
15703247628101254303,4235932171681460380,15019823463498363251,10113118486190552264,13361639486903853202,5911891343082804675,12512192749299492067,4469863891220711385,2679732555723100877,11785688239646765888,12446215649048239825,10022686859301880886,16459235728792107459,3490922400936162745,11969249226581248544,13719746121265851378,2949244058845062133,1414062735111484176,16466643141482749531,922647947240149328,17006183813370894449,14120176535882291219,3770975637404824425,2067091003950252543
13906698080308712754,4909920380818172333,1797995783610654191,15031476815035728472,14927677784106610228,14562072766656998714,1895256376244403235,629174445691350803,17000828165301992366,15558345677405070459,3143277954409535042,1534424529415930968,15855871467768072777,13665816954990459265,10275911702653610306,17417357509882622954,3019396505113284979,14236797864380838184,3476581716037850102,7299071295868120079,5497198483188033018,5040093469839517291,9684995012262381364,11527223379270774792
3267699371406313827,9467422707633432768,8012089261640878156,14513390078960043907,4493431001270200657,14148446194316244173,1748206673115809399,5723527495463106332,12396856298649688937,8463834417923163850,3457941354465957836,12581907850648142644,7054408815096223871,10778410762669395402,12854301664467025815,5758461327669095423,11644024823147516100,4096366964692448040,9854742874772076829,8019890240245720499,8719600501207766370,5569968903699201059,12110763029141631748,1053427190043328664
2388927561486658120,11260581289814253974,15471770820676653448,13444386761735167073,11124853656729388377,5283702704202116998,8706642444655100134,1094824445709582746,1038062510531050031,13098859916014785383,1773586452664287273,17189414711737647060,10294885476323882985,4711775158023636296,6066139485379267252,12904018266871736097,6022817114157414789,5041582028801330691,1537116566405057246,7070473874483891134,16961125972542629420,7315679745265716674,10055002443326671144,8711565434662421262
8699571900927720644,9281954748632514424,10814182346309783421,10759608491841571704,13971179294858663030,9733413674845256856,15930089201317657237,1782144520429834088,17256168202234757627,15048679536830030797,11890122774833149731,17764746853896181357,9883710145805173440,4048478814787536558,14241980643779527741,11193878927053683173,15588529382083212775,10986985356514309456,9902036765314478481,9124353316398319584,15825069107304297080,6662734170681748365,3159474967903321651,5240031904509176117
15993153491218807836,14457088990226629430,4187660054938875565,11074291248208907950,13684372396446367944,11927209040303117406,8578271222041324427,3519727642185198376,10957629022615755304,11083524712101734187,12558465370372092849,165844326006791057,3266778092738682317,7112678294164784524,11898159839230829521,14259523948412371062,10275045012155288135,5082786113562428174,13442044366984176352,12970865325717900520,14674251148291841183,13136648725898701120,15009718310476383252,801709299233120780
16608275790553414964,10890162626785819413,9948035637220133767,1837015655503800625,4918017378417509551,14843677057049537852,13787169561840169530,3845185729406597033,5108837703453286995,13910014382656520120,11448372950410126027,12116800794227530506,1428816302421841100,2642513820615353551,9499400981663751996,982766337752138392,4384268374241898511,13995112234893839128,16390507652550030534,10947353230773257541,15305689185752717940,7904501601963366604,331033266895299890,17027687473302857212
4269778112607705538,1764391588719086592,11803122168306457805,17937394332990895734,4663418595891593829,15231394380662535769,14799596350430266028,3267455630105090813,10152862964174371493,6116220355043987575,10467468726450449140,13492654452827162316,10069054977070163232,8254690965229485995,10219471931736987646,15657395540764408434,15987408579646537158,1511710058782811068,1979478295284532034,13950169530513271633,7076964701577674479,17964982445235998265,412515577680154296,11879921567732026988
5906179925565980951,13064013435055997719,15139279533153417671,14078653047134235273,9716555502231803970,10009380110001025734,3217745534746292702,16012633849145918330,83028986676023984,11700107877497518667,699172592951916971,909206667855578008,8850484463791894330,5699145706480933835,9870356105175368938,3191711517384746517,17844865915934880689,16220280319495425463,2213174879922770363,4156317000093401145,17762301069568700568,8623540832301393859,13693452234775248825,10457057642241297565
8173537765251663910,11041905391352035967,2835761349076410748,7083926651090110629,11970475359561101950,10549462895753521949,9262268895793738043,14375577395634703527,1231691846480100736,9863070223360947568,4129896470043883920,6264827805877155727,18139266836534314375,1577327411024269188,6853509284125072931,948272664362471116,6242568325974808624,17883559435793344865,16089911749432631455,2000674926852108500,15095286321961821393,17693491078417357603,5732402713926157363,13575404815329073265
17330237712205347993,10407777227318209374,6664262228260609375,16940226205811370893,12738857295633756737,1557840332067732424,4891683925073114870,4182872802095278455,18073100748920498866,5443523301416850205,1968319948439958032,3820330473362706926,11665385591207547660,12338935698924593011,16304042751258481884,5520924585410674388,9272741153686603533,1707173773099689560,7140002142314443859,1720457566308856734,733297898058660808,10509096255945384595,586446262954188703,6020646787388504567
2535483015915892171,4862037921122949923,14642120796685556951,13592020183603438117,5766097065773833408,4990597203055795309,5826422069702842427,17148660453836697899,18107794964097008231,13474171163403454056,4119524989719684931,17769536182260675142,9480271822253719221,16577025982005823990,1185809376585801007,9129512955346542039,127398383399841310,5655222799426186815,17688839874307198496,5380764557507400435,6637382627861620024,16450896807570524716,2963024022289679784,3776481456910600543
1976696693141469339,14052088442597016795,928652134681317242,6819466049797421687,2524018306454677524,6754852820978752780,10204722325450597647,13907391424981833456,8377315678721465506,12782835131192008791,16336036220895374229,3804545052892003268,14273160931309371129,12665618067552617454,11886406926093387254,17425631663864246226,10362146049980004349,1896322949720667035,698399782547051892,15098093139467247544,11275061389328533738,15793719610701548497,11788935815021236385,16246949558150541242
7597025436996953648,7138132277463194997,14293921191143374732,9817910110828604929,13998140603286445872,3855109770010230054,6263755378324933104,5956704978611138586,13204688357532228847,15871743693205396132,392101483338531350,611271206327858368,16137607179240110728,9374791390997190947,16018742139284778821,6513371639539282612,9750572262513589424,16287930074156075848,10609838965646637889,10286716079852692404,5403946656939226195,8497404947787609728,11982509069396332890,4097804537691671824
2549241969656504798,15950595822726067070,1605311240295663128,14552246728999906527,15092734065752398889,17599704820752688783,10069903272158250886,11393588979583649131,18409096676585515852,336623035349898327,14990904079326345816,5948223985432975389,3737358149290979986,10385809303425873625,10054796538779195635,14652078617297441385,10242009218902584513,12617996223420632185,17532401582733255827,15230875785760697115,5492104349564089100,104567777705886724,13958978496675292554,5698006381572014306
17788402337631365584,15658228820732776496,3097850000703634573,10220122342903432175,15197258502199202534,14744495659127893408,5406452061794346342,2831615272631258615,16802805209407612573,777096299412093583,13357261160366512314,16561606508574390126,7143942692607288606,6372512524519105216,4982968223767109413,1522559025268558940,11387387512474648753,6651187326039248438,15825317765215185223,12408738299678025393,14924036086386189963,11965955723712734938,12010935958377724779,8132534397786959142
11858975832651701964,4397032618469188176,16971568472223755343,16836122570891874821,9966663255723102836,2696683307664801966,4307186584242617249,4034351190477529997,8009581021475765747,1049434568481554102,461593367060160473,18059991451430035066,1390562374309127401,16617347211882347169,17786023250745409248,3779350910600072892,2846266762013628202,17408581935164498087,10795750660947715938,11994566101802130101,12083011222024787317,15210102437023831640,6087021385270348044,9747425192681502154
12461644699589797207,301168646741187626,1196565588204732815,16404657432644279023,3917985167493646583,5921602161377505186,11569305447252066149,17992613960746088133,7850094865515298851,4758795442785206534,2732340162443750782,10751330261487848197,13644115244187959526,789562866589633056,5363996714325687940,2600654197131783465,4972632981934256055,666900501765325566,17967035622924276468,11745505475593126329,3503012987346931112,1492423127266919224,15448639270046157225,8397647139385884852
12256818519878140377,8698287506626517102,10919477381030444633,8731166439882128596,18273755582180409747,5989842174779117320,8356831686719709094,17476200086681675728,6899635990792162590,10791925870250025855,2858450664058109815,2244571581374901242,14573821172322962483,1675512877403826509,9876755765693033488,134066339562259057,11527207418760291627,3621940301352483683,3184338857360748533,13285347348095833663,14073178289445175040,2622328447102054965,4035468014724485288,15794505202611262689
5129531775667082152,17479265057226044571,6620078858125820275,13650079876537420029,17754492198841042724,291090278700711406,8398220425020077246,2067151636403846045,10465319766733366714,8836844138431414432,3547278198827263118,16768839353992989272,5121143326864679638,18376983574291808378,15730218585638200537,2595263236015033393,6831966795556189677,17923195031546828091,17500765396536427880,5673213439484691825,13823250708337493622,16868916858360625304,18144585250218253293,15271934598964233072
3245666503534141371,5177662783795086196,15971502758697554706,16420797319203204848,7524447110099723886,2451379060656978972,14249665131656775009,926790930952102084,4332018737157169269,15592272343601624060,8958275773390564704,5725944926742701984,4974292639866322570,11296486683086299259,5145278487987412913,5720852863644924767,10324751543110280725,1209303590470255397,13756126053997458384,18197184755865357142,1272323441259891460,10170742765300102434,4958054491545414536,1907718015872058612
12934367458065379450,114870981371557788,153956066368427303,15112110314629599300,13108751082951965118,2980158495000957131,12189612744634383036,17386916421421405109,7425429228307835633,1156931358434879465,9155051364889558117,538990692492070419,12629219241757613115,6929894914747666029,15445910407554475883,7397199455829549540,12944845403323759646,17148336235409613067,2011867495112821621,3029609990643356463,8170102930992608778,3008983879897464051,14826928795159827388,1178963121267436846
11504748241369517984,14605786035701079946,2320776134226343296,17900277438253326031,17647860471026469685,5967581703777286429,16873860674661293379,4703117820574717093,1364286430352138453,2298181605101305122,366351766813891536,12794539516047507198,6597765888352024901,11007116857943577622,2006648610424772954,3257301613956481710,16184835829274871086,1087727435380968755,2178357382845095682,3623327545621917262,760888581620083413,1239808181065058910,3202833433806988536,7985951706734204575
6444693225328933431,9128299803046411362,11804849007864428709,11794378587361098466,441937367061303189,17855294048738992064,8352394539318057061,11718932870068376713,10756249389643821688,956608568442872532,15601067043660509342,4663395762797651146,4871957173154654791,7378715697037869354,13322145188970066607,5415482728049018083,16985679174350722361,12896349546615103758,14449495380854685493,3477209285084547276,5713381548828220542,9087542969933148584,16483643185674132010,2056808649831731122
5014564574734756774,3211337554005083055,10626893759680698257,144849173831566748,1286985989532829460,15854543621971964122,4843957468656209083,14811055777282702125,18113534651719786708,380865200928744397,7064017250026349645,14039807314890281747,8331340828496617397,9500743509692827578,11265530080640732074,9502783674603025790,14095184349945246676,9788792306944588152,16676426953160607117,14270653211729913341,7710170292078332889,17706954402350857182,10576343809912680206,15580502768629387558
7241580514812919997,3022557275183759731,10150601532926012230,9378967273215830786,8424836553255604807,17640687521375345017,16517411811043579860,14021285920491058806,15676918800158403817,6484018884998504122,9647922637031660218,1135415946896089791,653740745589074071,2580507702177767763,7816036623688913590,9427504012091652733,3188826942150749224,1235437211654275124,11965399351882380195,6660794472167376654,14161340913741898771,13338785269399255605,8546138832762561051,13226965089433696600
16697405451566337234,10911178534524786444,9461287084877175682,4221675156261368263,4296042508723357679,18121193107269464111,7820852418071611004,4103850923255303482,231481823313671620,1109238430598110111,7033080871621676620,5462476514059269282,17971896997740383851,9439142081155746661,14130916197336362466,15092239264601564278,16892911010922455535,531196703015276165,7756189333494652970,8067658420317738000,10193697057122497513,15148841762305060011,17987363585776542509,16270500725479219217
10686947878499828543,16029783335898627154,9177329166768406923,5571110753694617358,1062316164521560978,13941366934683694707,6723654776926955385,18030998858598503593,4955553037836050834,774714022222299526,15582319832511926316,10401653575161138711,11794576189077507664,3600811104779244468,3368400460507442763,5098994462701662876,5480701855217344281,1836511664263028568,17929452144987838364,5796292088583734090,1375757434585780590,8880760521533304856,6855205394185160498,15149234922720094190
4058748602118245509,7402812419681670682,13525206277309754784,6794781983711071763,3794910000435191452,8789057403153983753,12515846799323326462,11786674807957468222,8632659669802447356,18029355716740884968,13327335002125144113,7703174830612477404,15317327367260996469,16449491304575425490,2297999923511508827,3751513164451884654,11080001544314316186,4858089034369370830,9196669812210231357,17316591755415271776,7889165196405774840,12815647461493622775,8965683595671313327,16378266467262333028
6250692633571060718,17611662711852484570,17620181315748088820,14060497578405091603,17699188190221912560,12642020452555892594,11739291628377219370,12725457558226527610,5741761014774949837,17654544157437345197,7460492848139504563,1029608273460870384,3924126023989054363,7686286994537271873,13162513366896064062,17138980766673045844,12373948761552458876,10840270256003607290,9592597721667622201,17254790511567157487,2658433696813335882,16219280202913660747,7308148831717530167,4844792580429591516
14140961325588575059,15709911243378980723,14239911900305824197,4399216246850966390,10613096199188814930,8503100316651170334,3202822489948257329,10619104252014874342,15774606359556633350,6292215978547684855,12536977482580802964,2683934883374180073,17329413220307727451,17274801301882895451,16833047194534780912,9436762986908666175,10806790873645927649,17995325043121529215,14786723028589001460,10008274282496300207,11356035807335796713,16152430504437337105,11108968202748157841,6468629001203948900
7444979781313796886,11793248886074088080,14572939379736992945,14915530739350466287,15199436438613441229,13917410585966759634,4829237934386093740,8087566879008584022,2385285532554191379,6345583222060242829,6165446936285638948,3192988412308974060,5024720377607052456,10228787668334086845,12290000812777019901,1906552544496249836,4745611738525551892,5315495304508252959,18427467170275769673,8845851097282197822,133505926120791879,12789903036948889793,7229702985498093363,17433634911638416937
12414133849657882220,668228636284932640,2796591843791129659,8407283303209923084,17543265752494523336,7490651449002282190,15000534588183916708,3764555331050015556,5900307745418306713,18439953163238867699,9488381270807006699,5994140288317472349,17636469434619591778,7216928677508956305,15320039718367231619,15732867556195821464,6788704582153087480,5824483597356541172,11819893235264611731,905686865969156792,8720781652107724373,5853872987774017105,8374847067434717166,2777403047637529143
6187470261218480369,11245704643903419838,16515253768881168378,10772171325139496754,5233129031607304700,14519078948145383224,11529694638043789531,15316882567360400152,6382267463289924280,14542460933098973064,5001331866191774031,7000648863630548417,1281664978747877379,16405175248286441633,10328845846381818636,4243565865511212890,271648522634127781,12057419662234275619,1741335358942099504,11766520748650739119,8015685595138625136,10749974673725861296,17615833511215357465,15725265879289021252
18203574750047581410,4666552940806421644,709967932550710015,3078709432370906971,9761393199982528617,16883302166604581525,10466548163008058225,11125345101939737074,14592280828429333571,7931477359694942793,7598759331137576156,13514883648478941738,7870367371539737326,9477302796666385640,14080678209359437073,8681492818516935813,16519384461131385793,16451426098154107721,206526567290496739,14068910045313987118,6908301174985250109,11819947975981510659,3284107218710092626,926405496496489553
15908723642495046942,17895924180380602788,2026700327670589521,10896152601273598153,12198509998895626505,165359998513523988,8836676754795200212,14990661930369871225,441908890672841814,3681720186796731251,7726123853564995568,10657906569984554360,10873955911528052430,17355002320281876979,15465834752306970408,17754076558973237020,17030873298948240015,7329704873514767763,15342796965250639851,15910533825728073194,3667908874179678537,11043396067754553739,12898380329536975641,11297997684484931318
9165478286349148355,12026031590464274866,1597311183442556216,13877504721857629434,7149834468037391544,8804320792800581726,12824561184406364478,14527921731381163091,5863606103491127161,4085128374929245495,9778813068907414611,11688498540744298864,8864018736658703905,15256589858017115165,649286030400495134,14956761007272199611,9475222079918363264,12561180386683853455,12597240040110405594,6975019488989263234,12712450521688590723,520982526850898848,13772070115950503073,13932389182589705332
6754240758727506652,6420208425928290739,12055428970699812494,4799865890215878355,4108207502887252191,13086050848562565346,15442376891796541443,2472164491211532259,2944238515942924618,6770801449933157964,7480621850122502268,1542903219602368329,2800446021444803504,4693443807431474283,1781099220620918602,11326798456675122168,4956004188360489539,9092990299295854177,4603843582013275929,15611068661638159289,382964400347886047,7707478360076880615,6570029953310455266,5487737307723949601
7011217817101060220,11233183351609869826,885419936618048626,6813285822181419278,10511479725705265582,10086076140389959558,17560307529478702235,3548771815069100307,15495794192704830352,15075637170049811104,18317507220436530409,14061391955390898045,7011099525472402817,13096449044806964708,10084435046650650898,10954803427863403234,12754630665072161741,7618067563384381817,9821825512008034643,1450633912405182725,18058450407308438526,15150574219990228325,11361931901648797102,10729590556240709861
3800914245948415746,4960073917814268330,16984446156326025178,16023687047574481512,11197391382136307634,7609553947708598913,6385673532631337397,7818509810894871325,12105223167515353255,12912990758829940218,530382121684631096,1981513706592111619,12921188384509574946,15801813285005667468,10391511614220336788,6083346369767249950,16004555091256947958,9318240096839932823,5649966668775191188,10910758114959365011,1958566582362759147,15959051074259960754,10967837223084319299,6936252855242145434
2443573023771380952,16829554344345437906,15657663735285396528,1875590917195929420,18441674567613662099,7533031056011852438,16714053523375254274,15461239907402825878,2757685563796256677,16453712371753810793,6894140416222360767,12885007934908123830,649925139839763778,139523341664814708,7628993059625743549,3409977069346612820,1977710045145162206,13635465179179712362,1229696693424935994,12946184037801797769,762779665795981782,7760337071122027806,7222043935547745987,17469759352502826760
3679420978532820615,17606229803042726614,3737364229166314523,5383619375190742555,10166121627188427760,2545159062244848681,10770889623051897102,5981766548894395909,15313620213717293136,15038366802275457271,10685579258537836372,1877813539882224163,14382082758461131831,15414741881912614895,13866280916628004061,3705200032201931871,4980790879915488693,6711457430266704566,7438008188627224246,7652170994411408309,5938974142603583755,11313426746586621009,16160491374406228740,14032449422944924325
16923843552204655304,228360381541529153,159016001640640096,8564200992188893262,10347058458461152805,14225079757378423373,14331498380361545587,9019011037024859574,278717320429952860,15171487501568592808,4570471168018412467,10820977756667423722,585278604552628411,2064681440789699356,5189627396533242365,15399223481682671264,7753910939574954019,14015629733322909414,15619511687566645012,5309618007499463389,11406300065928571688,17400784648035906520,42663385029219337,14285634689386951319
1621387584008347295,8927942144334985658,3741453185741077942,8330289059014058271,11448135503403206057,14578350638860988437,2152431995259572409,10577527665248141475,9370818311847722603,7031086319647114628,15744734087988696728,15992642046131067661,17411146707737881075,496522258640423366,2758517341914788215,718725675357298625,11499192151696593301,12639737706284693457,11423046390179680381,4172266346212782231,11867256102449793127,6975192338553247736,15235485114901734731,8627723181141327204
6672619545044514446,15968289131624371116,10887754043393110978,802550497276156432,16294407342166393414,3787959547128509819,6974362787732771765,1017294869207658716,626853974531055266,16596309728288213696,114800782753579647,7888719325428395472,16740065952118397502,16504789815727081184,14269224002920253997,13134388320907170531,8032142248790741917,12194726410465355598,15969425898294680032,2896473370584310766,9127968707616476875,6585712507983421004,17779336511634667445,549496080716542015
9058434558047793086,5788531231095275836,13975926149402320016,8663609862571887795,11877881042230866455,5262710191203466183,2113129186091140747,11922219284992320149,6537832614653890720,1430138717663366388,15320867907507531686,6160925700746867865,7160413700612896279,10415764998587625098,2162544458172275543,2892111541676053333,4193646391784228256,17100374959644984595,15823588067553074413,7344931900100915847,1460988770685853479,9083610639641393938,5523388693361704212,648236410107179716
14208062246202399666,17820945459987718927,7834395149302778136,9713626319448532488,17978923549528913379,501580932814528352,3836745153774482813,17796498541884991356,3768119488644247602,18155207888107486391,15928390271860099998,14842312401885852067,6267650011737527043,16976057989313218425,6965613115325051876,10527020346221592197,8687482270576939600,7822757294555381110,3050862474457992621,11991967927421374168,13408036705410282048,8972942376937274875,6821897426502830904,5201541560995054679
1388534413919380108,10850514005131275174,4679960329394535455,10744309782160290105,10460041136114834913,20732601791686902,18149164608692266529,14269569197791508364,3978084766907624833,12605408941896143793,6390002992700726323,6361954771777025280,17193658433293297672,16828001861351509817,6271436612719887873,18055275937486674927,9218741814180034977,17898094237609828323,5683423148788320793,16143796663497900643,13908633497095926289,10559273022693699300,1862245552817600851,7289085624026752675
10099493964536802235,7313001753947293728,7511737756726587712,16885035639960134065,1427711268909667043,13579712727719009490,10672456637544583983,4796826349222015387,3472643855824348038,606028807934020142,8364509828336202936,7622900661833427099,2271703403786819727,12665140705467393611,2935657612880925476,17073582438915478047,4547463053090362221,15959752460831008752,4098489949840289622,12596163856419908564,13736485749076724303,10666543644713178527,8796631629384964153,1920898963690702661
5100663451000216103,11930411564082776760,12597526238951160110,14275840852151358768,805820635182478793,14532309413659269679,6933978399482234477,14155668009598761875,7844609226444186420,9510118972066057469,10043254932758193515,3183372318318858889,4986056080808575137,10189853391200571775,12853499744198673243,1961609419870586911,11396643722273465272,1801263862573775248,4363089033731298682,3856454017118674812,16517655811641183831,5754916606594273288,9388332900609687417,10400806419511469571
245745231955238238,18146756151612820192,16055546265797399225,2338115667400144755,10209593051510915501,10381660951912270598,6205426536503314741,9122291017739790059,14221473552466310201,12246729426117727649,18375715388523418937,7232804789910510763,8340939599065451708,12702691976440871418,2179417284197494407,6385266097686610358,11262605982720756219,9420684302063546793,7408710076622986243,15274433225087752040,13618694386136938453,11596969553888611972,4561041059995944060,14041835342793725313
12419599053901907473,600703334908558871,17046723231754947245,6291145746008372461,15308305247353156729,14602164655679726912,7610049033787825033,8616061493843846538,11052968155362238451,16379696206734245472,8422712081266355592,10727320034697624858,10033304996153423112,6728908592154926952,4043447109062990576,13312427381930749977,2402065862751459849,11841756136869812727,12832196003202611004,17528991511295680782,10476305770423463385,14790872541860654577,9303790534067258913,12701005610505814889
3645589186674860244,13347132834838760110,6105045102169882165,13932422469783967947,9832899011574023369,7996455268412356117,204726125610945444,498947958944547175,8691661734296323668,7392181745263357480,8549412146287736730,16734579671606135547,4312158037460390199,13412218707935970070,9401960624653954157,13083853911716199402,12690608266980457371,3977186637774222731,12082052916214630828,3262769366890649603,16007957474960233990,10146135659665797010,13764819552670268333,19846604519997234
486871133122729276,8821919468542009079,11284863652741419387,13958487619997784245,8857678881889656482,11566374762599150447,15332470771159332446,9301253927223691757,1455300433281677065,1085405167475494199,5364607395735984241,1972142038226975031,5444440966246376576,4678384049888680414,9845006193887111959,6072139309791059787,8460307056960729554,15351473957176017482,5939274916067215538,783839393047058233,4645033153560190203,432435757188841986,10027658688207910920,16225270298871085163
10715299796364171901,599692958117568621,2421285608409577790,7483452819678561616,7586356776632275109,14183942205179635082,15678194513659410637,9500306264809602858,3539587485453135917,14199422041946844875,4165162830615145924,9263509027877680199,12253942308900761487,3186303019946715399,241766475723191651,17463786004109866099,18084223610539516823,4469601453361383194,8158126028797683505,10394109543582806317,9647933087057088972,8156107749902288951,4072444185804390017,9092591852689251209
3931194242075916046,7844758290881654908,14998998605769870238,11212651130084966512,438978707863354471,9318521648126587174,1441788994831589644,14725005890773843791,4850747534507645252,9508757289060358753,1551539159922047836,6333648678399547199,7136230071037702767,10176037436693675895,8980175278172313162,217393207444915936,7097812301840617078,9870155394312587395,5049278475705808879,13507709153681233675,14564676873330355956,16515490740382617710,1977242342313602246,14077152587121049859
10517036855298096879,320054999703394777,16280358439612999717,18401237897639663157,6021492986139598148,8242765937203649486,11676359578524743026,3075477980079231803,8422103965037518701,6081520352779816270,18400861438489971321,13076775115431816762,5255425401577916874,11501308357611327302,8316846133133736025,7257996536004226265,15812231167734591967,8907688233997852556,13314847263826811929,11999447473772983659,12155016120612252219,9860355454597561977,12948088269945142436,8742038377686757348
2740725803470856427,18001880351353692576,14835594166830056793,14942663835331070062,15015014931363934220,328169426610270937,18284092116301400061,5349371950679359134,13810730994166015537,13676400842218028592,4057388337324991249,10661895931953698717,224892618791504502,5551863899997619974,4653264267169264846,4899547373833808838,18112675514492517312,15698530538196016145,17443319005510629254,2736836090004793376,12861347210019665305,11179703927355035488,1445318131318357236,9783861268699078353
6541629336200760403,3633431045021095347,1184846266718771217,14069204319625995399,3092084052897889590,17845937016317406314,8518729299859491719,6275746758801109193,14179243399471983916,7719114178816203937,12131981872209578563,4409262365571831035,3274201134468192813,8439815250550974282,8654770539524812222,1219201363342619016,5556288995217504528,8217066561468777498,4078076404145942551,5127951919377341348,826501516350753701,4941823837658178188,3699454352089257649,8275896721348452760
265978836183241950,191394399011166305,17195521644523959115,15247508896499880191,7722013971679681912,8509981164784254259,3420976893143171831,1883139207930981612,8357223658132599269,6883176263882841252,1873743485121265797,13946621358100233581,10657896053396909794,5720799695348692142,10184922284229639178,6786970652163736628,17390552225044444632,17732630077470544629,7752323149796056524,11669460065873375449,7040085611490732338,4500807881040718793,7738497831588006320,10748406395863512491
5032313271690460934,12855053054413359818,9624803272413031897,16635220237937535065,1247784668053892890,16662645453707390195,12507382813481493686,6662147343226361805,12993779267908200004,17553139739917120246,10148462918828504653,6235375828802131528,1613199985869002687,15160257324120042157,18004460204424969054,14786706541304255861,13217512584177027686,2333637283187015944,14931425481926090770,6422918246820210836,16752131147833366297,11253861474606757937,3703353517623942190,8664075139645833824
1284406228770189203,13939189234285606108,82709413462678495,6892066913968690463,17733859989663691771,17745317203511265745,2455708112864095177,17344070684071565058,5568604320586964642,3093703435038563211,18210367688479935785,18388195939401055001,3536214795386420647,5954604156051031233,1181868505248059186,4958375899356874319,11015790675323924319,4020403498604473670,2503237481587957211,11616353425978971926,17434698112895325553,17713776176380507136,1690049309445072524,1655200929865671929
4230406959071066836,283782780791204293,5603018006653096289,13144943107731223486,18387485020597558518,5131955529024270216,5905986343779904260,1150866151829858797,13890722509880937508,4246385028689550189,31039241683521310,7808830598768609323,11603811187131484326,896803342737538865,9624243373846051378,2218316415166634231,16928571345852884462,11522437039573077599,3380067091230267786,7850051826905704229,183644664023549092,12914245045329544689,923125887807277236,14682611683612123306
1458277653186681291,10546590176335884914,14573896921575066637,6970948540942018049,7475689174942334568,6693060631691391446,14666618436381404903,3500993980224643672,9993750477965268869,12507939481796291710,8572476376132606761,14874469798159895396,12294370189169300648,9356202736772367691,15028359207872205620,10601972432863004744,17247313786602007161,14075029869967749075,1497386645806987520,8785543486383012682,21063385403235764,14088247576038192552,4007054833802793093,1192566062006279596
10790771384833101627,11289138345528030793,13459965117953589027,7716445931402332065,17849944576526557148,4062883241512870312,10517764280107774324,8630092738629141906,8362470792896209797,4640883757124113845,11532907682802374398,3029827218655623406,7675440277095086329,9805219132251440835,107978906235372384,1553388864957300208,15048171727864281328,6201672100965571042,15481129292458104374,1209588100910426083,15577249717407882500,2886724382948713,15008447805253613880,4963493515421081286
2351466189340809410,5002124740302968129,1554777172003245349,8344055068298021715,4040922708857356924,14449429598734731503,5826775370833631436,4600554000982115595,8500991157132598492,5337365898071204639,991268189557105063,13041921103957521409,8058361623189728353,1510432033755923157,13857510797345917997,1735393759889873399,11492056203476083340,17403253946509106207,2690328672080021480,11459908072931337388,6314175519584694722,14695999316794777405,16844421401908669403,6143825577697762987
8874888416016192740,18015913233878437157,3534970721997901007,3608780983606008153,9605835633263220916,2727899967976856638,14952685868784144372,12161429717464342556,1480652755227964233,3412128301281795701,615759175481849108,1321184264346081081,3382591809405320364,11872339130517272874,7206788486598932588,7255149283298569105,4222534545339425949,17507059624929621879,314861488182706842,18314367273618683472,3005912768213281237,7812034677621492390,16378115573309131609,1630530785979377795
11401369465318433641,7736844972714446869,11980247518921361791,4229199353168458479,1593105588548027816,1429219673522720773,35822423693894856,14556145535589510591,10569391607449663078,41382875343835212,9816036704031420655,10440556099418800881,4791229850602596658,1006079433352198333,1397580717389174751,1866667596799503895,9870204749571942113,12560082358107328837,17643237586647944416,8075154726700638175,6546465318987469704,16663305849443049615,15407579376877420121,8602627504933846228
1698592145164098713,3460319545309117917,780721489759562306,9605889828671024696,10936056055091028844,852741957471764071,14347326015555181662,12434087713480219066,219816476566984669,6469416422859691492,15667666244401112856,16300890792320613229,17779567563531094029,10144471329665849698,8805273514279795220,5680671220266716116,15180529077649671473,2549862074720396635,4350161687906069300,4249509240959095579,14270099052937389153,2315446418599797798,4778821164117983776,8672090087003890686
9864688555703155324,13189998436003408290,5726168366195866195,9907228337897398516,15951326140352410931,5611120989287184550,14958946358567539502,7095153329822988910,16858941482065306098,12640835368909630550,4910935567137733068,11833387100680293384,2293834400490667029,2200495863255751911,9591871057210001005,9555343839271921802,8128498897052728496,2002590043662092034,14265096642175151599,1479641377915971369,11875540191067755681,12314359360193436350,11002534956817377651,13429455766228544560
1547496225251552670,17552228801009409338,13001539520698076937,12405526100360556406,7171320443920035615,4635031087798729351,15340679321362097776,1745416929969704185,13209152852365063,7973318198345372432,1866680623233967997,9880655219910607347,7774649323067347633,2540621933700467775,791125978532746967,6517518456308174600,16619467220757146731,12467190152334008066,8558328669877644518,13730992774041462013,3258692460930378468,6439999605157610581,10556419340853180824,2633465832186058748
8297529460129539295,15360490594330647407,4276887307595589575,15081708007484762011,14713310613738657199,9105283795545112069,4760031754273225903,3090513698083728263,2314821393599011917,7361883858737304675,16175599903948822164,3754913629357877268,17868593524241219429,7498585430014433691,13707760577564471689,17233477872212292370,10639043742668752758,15175579819881635225,15602907663100546635,14259001804687697586,15362941297749311106,4107307549481578052,2828339291769350579,11435820360138928935
339851084156862300,11136596250752891622,7234974045121144376,2971697850315981652,15498264995796988352,16014241916996728934,16221354909407207960,16211772164931449482,9600607374323352560,13867571203315954370,17256104936457484853,13179779021657141903,10425055675999834032,2475941866960247738,7484734660520800021,5722407473487290664,9076483975143204341,6199957243867741298,9713538341442997566,6594460775965476302,14103576743793786674,18204807649466726170,2943108699256520749,2951275178472259230
16586018130029604850,17372061887592228687,9250287129115860308,2390992157852959893,13690421222572854549,13571968855776802906,2602501863349736320,6026629184709852262,6527901374213962467,7630262801837036800,12571754425525889506,12286756130124636290,3678197953141346779,15156061828181143082,6881215199264293823,1822441966084006787,15476978284138057425,7197631605662091889,17295692379400345783,6364113800860775136,10469039775428101638,13623236681703384867,2044091633187333845,6675362416618348506
2423381680560685984,14508273292566802945,11403140634106197663,2660258876834183258,4176109673415585114,7507325077329107476,11145956641246842970,7531778519155533082,8108093165638701045,3581785198881685026,11791093808670679764,13495984729037760340,1662737065406095317,17324655224227664501,1280192581626823491,1598597813899863303,13490165292677949670,10927076068972341041,6299158414174596466,2095472405671514225,267973378591781283,16906708093781003414,9588236818259778838,13663240966054382894
8625608812585894422,17476898390416157734,244337100803055144,13780924752110149521,7999807181640559985,10795547901335173882,12248268254660007995,6651099403293782904,10315727122798988205,6430177644267839257,16963153731787845630,10330158710207295171,11425902123155195053,4505516887354063280,18321331487629212739,2896909496438021103,11450092542374343982,3874556681106592553,7479500592057332306,10026684461328643348,642050418180392712,5841687198925923035,13372084265358139348,3701579836908662780
8675741728614679497,6186470069385617503,10318834748284076514,1668757104469507015,904916445977932578,8538290780227213357,13512270639395657871,2607850465672484097,8457786833954644911,9905183921134913150,16437574555805728928,3118011514833909565,4553169424843534591,10554218816839789528,3634379374737832784,6743115572839218653,17050893135507219208,11693925153268734963,14859524729372241068,11635936817248216850,8898954666746849104,8428092445719486835,5379973246351781059,8552432609891417157
8424987269787566707,18064837671700826519,1285668433922274978,14544448982108550432,11893425496605916443,18187957419124431213,4245807840119433079,6475642178450600897,10688474578756794965,2676570442659914234,12509655084319855984,4672813722201193961,8533655187111004967,5753981443533753388,7578590684267586868,13715621151759515993,17714409062602334109,7819885277143720441,9002041140549428542,17397490883590862372,3598870711061202909,8606250784536045831,6356866578839947413,9675045059063659030
18115212675086371281,3747042122095498476,3910478421029879474,3958562589594444039,2764123272667932142,10343518705254579425,14742772121619295097,5281482915305670760,525012057051164475,11333486203695136570,1507121685447621500,11676987463820247180,5489320702378730574,18126675776496813501,12082048441527747221,11536464249632918080,13759135528314622758,16392183372682172963,17576701084686533999,15608641677430692218,17343143697666996789,18132251614704807261,15027368140763611919,8511039222353612145
16995961719908374507,1928702398485640682,17298710612181611380,12936847282886936957,747792725803874203,4380926849524500367,6457980551441475239,7143857564983919120,6071918666858101907,3839915531175356446,1370713257401885942,6656080202140402982,4207994616727137224,11738170831644493474,11612737137704444036,14981458328875132332,1395238594678697643,140513143124905884,11829688356833540339,14010321647441089343,12928281139260037229,6529581989135764684,8342919894369429042,143772896528890959
813612066856133861,7873789284683044205,5385885978721264834,16618681980422359199,15854589547534100698,13293203661267843061,9868551674817810741,4077089305769598575,12123799710727089403,4940083806393306551,15841094604881099062,6527144805271401244,16184137909407491878,12220094927740930649,8095628066772682144,14234756244056781522,15758556673750280626,10294875058393539021,11922569333465321499,10906427601790695484,17719051862738799046,1602001521196961948,11332550794566800108,10318060833452337628
4645594602662069444,13349229699865627301,11681542450419649545,12623533174951468891,3424991847750737714,12384608246695091544,13501900886415505963,16555289080918864907,16595960472287698723,13094506247682297398,15514083396743414345,7171195348007358497,13486620974590931811,3725380086227400011,17510900872389433040,13752446915901684465,15291998136067027538,1541105350671673686,15775507141397966072,12659220863694176964,9276141486732415422,8855333238198404646,18112782586494863155,7292041611831135681
10590280053167231039,11261029571724671802,4734072346410358003,3649480559221452174,11080764998342553619,694492292940697567,1833094073940217035,4817095089372264732,10663353793078311174,17870494088039629012,2313586544553081025,11885958076788157328,15674575773347921974,11300252802964678617,6722447210147547341,197548857221038050,7351513964753820185,4743094631195072184,1442021654602960659,8024875211397665804,9630026930017269923,3649937376571094305,15139246035102631343,2677815182216556232
11340012739328566181,17755880891221203128,14675357774580618621,5133828088897224961,2755286495323599537,12258624797580826199,15283572974254317375,15983799300744757510,7940525852390549567,17556657665336101678,11536882558931232867,1102413455516506655,8823078972141582317,3363582937628733886,16785241106369801209,2084694770172208481,14517637453260603171,1177627200845428936,2336009883888161228,10535901201228324578,5493474901997654333,16409222097839463447,11309793499003626125,14648035088910501547
2889031383993407807,77162237820819049,10356456945046644462,607614681110136631,11516534846405707527,13010035104039609161,9698774696085292346,6546630758716229377,5521983633704457055,4460128857554601629,5256952208970693157,14883391580077163806,14170808257850696022,11247338487115249166,12540535534658314917,17092975554366156505,16667951067556320667,9018680147210790633,15561515526613437032,14986139643938952891,8918147209295201111,6533513326724739586,1436007735886041731,2634165081530377106
12494511149104833105,5057353726769369738,5824982486816512689,2803139431208121330,2047623107987188637,14159362482579743477,3355511502880392802,5023282333950593817,12397987813335973299,9011098739612852908,16172539656847496953,15164295742713921918,5807409365553312948,6149572321255159233,16151235027216014138,2356269219637536833,765613266532892269,14466019830525656106,18416423459541031346,5994125074828746857,7281064563320471019,11868735331656446304,2920164057290537829,7379640744571048063
10016185921907132089,16192875412271416132,4781431845004507574,16774931648607270043,1699092459417256246,17501133323154838131,12950715815424822909,8702176540157262408,661278274277222192,11836658619233376782,11660040921237987831,2197964660204416001,5271191518656968836,11487156494309749104,4750094689411975328,16875438976102633572,5919704196940682487,5577078377059266987,10286384400066717187,9594584971600958125,5343896117376363499,8265149496922697524,6514004391893885305,401973297136645265
7252128633724747087,8400625757882675644,2792970086809082255,10441462741937320729,16946322604767898627,6966233539814086209,14717093158749770867,2394745460986409197,9671535138165727,7220744090676382179,3084832608573588857,7532206404544513209,15620883432683735079,16357697606838315740,16380152466845201373,5918960586952007769,12875726565220603238,10734553185085802754,2017639018735220818,8955823235531560174,9921801689587664266,1892211600370437557,416673025436286017,9492358735113622311
15544897532734740914,18166836547179376374,5134877890807334893,16713612064316087998,1756406494346333372,2465430455592714340,10678084625115720477,4327049945933767257,4728490954078571187,1749920260929431320,12061197247163332776,3397921169277071217,11565707016968930162,17970389214938619732,7758437585487578813,1539058813204199684,8942621714634217483,18328929447900486264,17027726605012552562,17044371263732407226,13854147275642737593,1237573289772247288,3467726159405012151,8787705719803056649
10869279796816635679,5991562133401548626,6792755332313924517,7021872509897395305,13883092062606796846,8299988250340370660,17078241989626790276,17231076716542990159,5760126973073851783,3756030179499376465,9134331223042317560,10421343398881842098,16641916439923348421,9865411618815644914,9802474350451945626,15446535745071839340,10844746632466569189,10204740338001187727,14795573179586044286,11426320114801832326,16504761677260106906,12037318597353582585,2334869463326303065,13802453954349224247
16866280449988833177,16752035614561679712,549453987021814911,6801108245599714183,16136040375905290693,6385000375089057296,31303062523696273,2081897159273587557,17463510631379092749,15556456499574749885,15232579369478259810,15452204600393891592,13929064245415098333,3891668623222023670,5789032591208684973,18088072212486235929,6377104712433062889,6977911595975726415,1982953725448929133,16783197815607548076,9069078491331008205,10895347134765925916,7025277371431329384,15123431425919386031
8204580557456054034,6931955614210364199,15238989474346572090,1439035542530412313,15123649333734171943,4375825954455070620,7495418794027745027,17629202759566035716,14626810954306265229,13316486319053719473,1347134152826751812,3018531121727110881,9671223178888158650,13103774617266336763,4738731405564209129,15210113436824555245,3126600401355764273,2092176115215583352,14170196407644953216,17644523480059215890,560788813599864265,13150671638792190191,6770449556175466988,16067737700474175665
14945759491115296594,17896755105951766350,14256010402729677067,10855999466281090632,12195886627300103300,16453020782631397832,14143303989127907143,15486542609330403453,6851334554126329255,14949056190834908934,983374777366595141,16556515022570694445,3325819740006697759,5820328985754348097,12222510385189461583,13917592859195524023,8994416745640755358,6946633572775126469,10387046127145097412,13176389359657587354,6270514497094625295,1198859431541243282,15205121866178371847,14137650035366120197
11810296923988463502,6467602588781745978,10267446752342888733,15926828499652171789,17938381967405351119,11849658416261193339,8326799125732284847,10914004827866783762,12283162766715011315,18265963607711665790,5323698388456104067,2560698472421121429,17853125222345586541,511842710289550619,16620257107988862917,10256231085777864901,7826755828018725747,3605016990602987668,11772858198632835712,15217624178119255067,15586919685523005192,13106506774439291232,14589444669746448185,9890189489914544443
3062162651414409642,10307345840235994247,13893414223452314449,7970915611852445348,2664512183604896278,7297518111252130560,11034769407366583219,17059995774425396145,11570771473591033016,1782241046631101923,4560473085286765032,472607573561195543,3173165786219108402,14964278711162238032,16277086531560898637,13732004424438538497,17679062201912013832,7870582848245062163,2833138758514379326,13955634065061473365,16350653694922066602,16023994186278466557,3420005602702283711,15131622495251457291
266822590728406804,15371650204491960773,18422440839679542087,16563374725141565710,11409068375150640935,8692730102762621739,7314007991029263655,12415701570469893550,1797754109519031818,3602563639833971123,16224393174680128339,13928573980891739404,8874815509873859450,15175759277440393953,17926845587996378800,17112292223949088128,9327654989047020156,2780065749486911783,10799667656772159581,7369848940325628517,3624033397257484220,12513358669111690086,4635266372622955629,17135172054063559874
3271315924264007276,4824884807980095719,11322782044882332099,5777130199266856124,11831304705476831259,13670853326857544212,16299732520045547334,6365390764280495366,7378574432106091616,16703342385298923503,17302809938694575706,2090942744413019799,3808794271979464034,8091777673603880323,1093188203812437090,12608772444711436646,16660273241400580103,15647154545129792544,4013506040876932980,15124101288025546108,17060022281836865838,12492830069110234800,14522479439778358329,8408492419367692505
7544974571160137260,6417298630600198553,5656762927112498243,5492621089902155775,3023282345616681033,3356527736282079649,3541698506380141275,5744224465338308090,14153029908607821991,138172213245028740,7044240290927275610,745605464664846428,14166090202474229632,15339544253768468714,2530315853678656424,16688354989874341134,10757449429429334635,8230383716169837302,1123662457511587164,4742533614306727005,1431756220747570543,11429343078744381078,17346767651076933106,8363050029861992912
18141524432773220396,13208124407078643143,18426191944146062141,14407034560851672935,2211880664990510927,7838826489086878560,2659579537596570218,13289606740223262848,15475882958881907452,5900413820680107712,1953769510878466081,9164596211360438140,11947786514194784445,2271885487957797256,7017367546526271970,536853927111521821,4528207491389379392,12482988549799953746,5587869713096716436,9301259644029927815,218761442717383529,15870890422233360910,6526093550137686792,7995540430869950223
3580453379525073046,17240718165824264791,607460922454988077,2865955180019393763,632328672122150947,10070624057279466175,15390197360825115940,1814305432230257242,15026086772894920724,1012228147468306488,7654883312709883352,8090920124464298455,11087498072225309495,9408772393875170631,16237228138180867610,17770856525748947725,3583799877955288241,6940924677393550866,11533933779472015372,248902524787628871,13019655205513597839,2809195927937330969,10373020582886180530,7253848175045729044
5116130308529988837,6228183738860857074,12882929402100717280,16899564064665850871,1828858150133479398,9062233017645720097,1696640929224047347,13738451373224765662,4567783840521677517,2103965143125146288,6636713974822323521,6812309252795069581,10481531807494092545,9250691240279886539,11471992858350547840,8096190855403195570,18210441607550062974,7786170443909485084,9513712703052711547,12773076404802962374,15310780040626027821,14172731194745701106,8915554889106244434,15979540202422913000
7629372733984245350,14299157904542807569,3288452771657310587,6794582514888665667,3579350662738865331,5009291855275389674,7847316026879011669,17902272016471492875,4127496575687642012,3720528897892094089,6652542556069176663,2178779464791749960,2148018684436314462,2708544740383404195,1028053818260437341,11086365601503945160,1593704062422933941,3677951291467873919,15372456158829968599,12197340265703831247,9426084668910861965,1187801504856999189,13125186589477220348,30148001007114632
16616778436152396364,15155234865461813092,16839627363843352153,13892895192570470503,18432666753559866543,288348107473895264,9330964093156981180,8939486298742342315,15372335708173736406,8780269549236180774,7123863310091472553,7993612492552938082,17113676320545697174,15791945823992861300,12554084966831737688,10703712020313288699,4162837439378879042,15451072946990804522,4593591022527693435,845602406367499154,3644420098760235620,6740667641513418067,10826407577047234070,7868777851109902080
1474406221115984961,14348613164917040131,14025588786564819837,18078961376832875943,8627430707960134445,6773403162535669568,5184329001990619789,5624938971111563785,6596373171615489941,5797133415987070612,5616605606720613213,13023391580370495151,11819092950112142047,4383017499089570666,11110174644942471522,4188327676634348302,8773411483162890735,576456900609960707,2823062904531639674,5306349630696536467,15981125308863677580,12318110728115139078,5106081462988737641,7757935117864083772
5283865132177060301,14208188119586901238,12422644230657176859,5627583403970397756,124371174972487342,6207071804783190975,4650789905115870429,15617491784649064590,17562817085271711686,10588307216113692113,12683585142099236673,12187855789239604394,225734122735480476,17732292744353125470,14895444500897178334,7553464130631315170,13600447077513053209,13577832094165072770,17807442956032166372,14475600075537014774,17217876505431935016,3337207017785207451,8059760593075693467,8237324701665178850
1109140849369956032,10303518303083706205,1613296339782339602,7135832289236217310,8009934290233469636,8122076107713656461,7735984331683396214,7680888314361480823,1746802273278101041,9627233854789356261,13992130695749061215,406107469413701885,2849165920301725942,6638772816196916826,18363682962366787653,16122119372314124513,9107678441511333203,2787439154845009230,4139814865654524636,9981721747299815784,707102593088438834,8231911025163224830,16461341874415648960,2446880520237511309
15162145346003344944,2435262704296931827,5070386763991529356,14813979576283096507,3295049084318891477,12422936104143563874,13684442475192243040,13213131744178797945,9534621472238667839,13033934000079486432,17585514580726767842,3634220590130241810,4832832656988424156,11571219099838702238,3603750451362016266,4156904964742281097,16747115636907822722,6775178466184688230,14230853617805992344,6397401239142977554,5732371765207359203,10470527961732231548,8801384162010640168,6499935905992891440
9332213666195473970,10775694115744811379,3861534027566813996,12550497620645032087,16316472271949869248,16223017692250051426,70222455074575111,222560002595272189,11086538666685726082,10558762126923888615,6513243120049103107,4184977928407998915,6818459729749033187,2469517431448004107,54622722401753550,18224211225599915539,11322360879462044129,5291747253682930303,11619954490330093354,12622939422514785252,2592995637265419155,5225098542529708891,9869298258739290392,10277680980706753011
15243521627847933265,9641108274853846767,11602407732547851086,6856504959575507210,10252658672346180939,13950736706111660497,6755784699841801647,13649729153848806344,14481541467064528008,17534294564768681120,3389002875611760095,932046663071988477,8606948666519973603,8362822637812801527,2014811545893368772,14773928077748955315,7287954938062480152,10254987285846087890,12986085902303368307,9909486389366313527,10140744400731655081,14628920972757973838,14491940006973178189,14065385321469356357
12021787563718119979,16030875471227316909,13246247335865517240,280040429958843511,12857554959155270493,11164594889189624705,12514824727432702831,8726495635100667169,10567990746573421704,268180122323023266,10883451918012520265,18345148079901947087,14321071434289476627,12873173495779443582,12067171744472964564,6865017028988774037,6933857546851255849,2822632572024070615,10399758418018358999,6043203173423235374,5785009287354295305,13001790709783565275,2276365115417467507,2257341106491410987
3361135380654002110,399289150998118212,5964431563599309042,6325340268123922201,546596380006749961,16124946022686667436,12507891171544605564,17163770751699354452,16077883801169854488,14768363630575204625,1644252165119637478,11691361363670002452,4707822904216569749,16824301471242142486,4602444000910546084,6294747380925308075,11470467631724854325,13171270714001710697,12213802959789494635,762648849081540300,12321201472777241577,12914899056356134226,14370594026588121971,5917025775280104177
13340361534122706006,17639827878693887119,286443043390326588,12966138634541101410,8647774763746347660,2306062725875603422,8024533644380519907,3628450812226173709,2771980019509640295,2294861649882792892,13353722542263271603,6349590552181506669,15370847413744354603,1500693738684778309,12123683103569620310,934396688953921221,2486623907638252812,2270992713042695089,14422863560981370539,9064796739285240725,5150110062186518999,10763466759299805846,1225585107623759827,3066911493408793213
8638897035511329680,16138217447435542114,790532793298853114,2649091573597801640,17923779939607059915,12786482020851385488,6157938026776686652,10823306240675548319,17677262951061728685,2370294593285909731,13541994730554407251,13194069280561686105,6181064108980852818,3874639529152871710,17933328949327368838,9295141695617349830,14884505722691398478,17112964190089338264,226804610965748849,3633342496329092038,9832216649946777997,1659549115400961901,10810106701277094632,2654366565961474665
8512108317382945917,10454292927939223934,16953254586511075944,10801282548889384802,2780587230148528548,9361980789847929689,10566946729866575514,14184594603119943834,10107022645705199431,2384251863200431349,10106438795155942642,1506975289586993913,17456575104973667703,8859254144839716541,8733720036355401711,4778555696234862888,1173651405806082518,2878842976910933009,12137717323423571811,5396618513639153893,11883758069795912318,1782408750831038655,11798059932093852863,10731542669322349077
7756949668336222155,16073710602520038510,5896453886889906538,11041804182131415410,4922701566136728356,549617424581431918,9344711667318684136,7005741116671861320,17683890710672575505,6325650206009588218,16346726064464886096,3937184141248192085,8452802131903736263,5106703176248943764,6563385701708793783,3257839263485079116,6845206817730416447,3116521667726058449,4272079124958995312,2426042281103809242,13700664567163842895,4645557739891465179,1588207454315955366,5190501774384425815
1225851332729945318,12455236599474809629,6001635422879010450,16369941320553381810,7311998677340195693,709598571210875025,174752943044379553,1282290767082180147,7938913329074633945,7410499125182822723,4686648842987097575,3129023918905504308,6857091095102664081,6918775049876329189,15608350470361872258,1082450157443748727,12303444909850630886,6638569904896051786,9743487028570855430,4506846576382373429,12834769240811663562,572931164800842539,3657809763056687482,13523686349963750918
5140082376279123825,13074810400482339545,11020074382353427926,7423646127024775747,6205043276105253130,10080983695482960512,10871706237665697968,305435793185142066,6068213182589709665,7967726934619428576,14433491231689028531,4409105159528817752,10834782745015230276,2667094836750459590,4601269607404643131,16704256212482117994,3816693524153979260,12522390689294848774,9371253488237236048,9138990547940394588,9606244377541279912,8020582052097635786,11072617126814745339,9778153499325466022
10205928567204148877,13077781580493228409,15299863336848915316,10322177405265031893,9314062126838766405,8074455522730195747,16949237482045477840,5450339184739531819,9406683415222950977,14909859317873474431,9421680795733576313,8258573595032716490,362155472042054555,9603679799375881206,17005443263711700964,8341787848555150969,4738505136736965492,18329536402015854733,6813100893300697796,3420829521124998880,10642831340259601317,18039668839392540910,16222794599535332327,1208167417481326063
17351993918675851312,18122526206688274641,6777181966263529827,13724151833356443896,18052779569269371702,10523915462490645682,3446879817423069267,8266604244070234119,15556557072743087286,10065594077498533109,3555718061708776562,4841175672888669277,6545413070691218741,12758022517774578751,9815513397108220095,8522835815771547968,2440678811470749733,5488432777236726735,10225894724908001330,17785189843485200149,2661971327721060237,6755052485846220361,10964725953423816219,15189177429367382214
9520482989065459646,5416515711810778437,222036536854827361,11733936384799715894,17245360208006617015,3320859987136014810,16729792127579090893,18110338842252114832,12057733734229255757,16320967744671042410,8292062466300769672,14163265156991879456,14321120336543084560,12978758644123341463,4933871369092501201,10793822753912289105,2790174453926592877,3006952513561729303,2426523097105173320,8433158268466773431,11676192169270716501,18373381151487050832,1166070778401002483,14589240452773363955
3047494661427828265,16850433377163876847,7949065994782146179,7848588177220940093,10003621741872882967,16777485423823102883,12700048930638037286,1810070681699425466,3400452291699831597,16444297397484365028,2140306987565075398,10788924679076443209,2712567622512520709,6443631685454050704,15044642590605386569,10650791551466274720,6367616681623851360,16770557815525314606,923246869603091839,3075843074229328211,5001889392524230666,7124906230223341366,18296465546902634815,1071256628879221738
7382787585410329921,4230244354114157679,18315563827508282839,268141510334602910,10090775919906848263,6700430622964031852,5393658567310511548,18089550599098454992,11128758526850857536,3925425340082548759,3192652502250148435,12826677668715261477,18283494847923389046,11722241818544537523,192438624448557919,8289086313665153207,7550326341747212736,5210499449741377980,10981794337398565452,1245618609295423414,10960547717174886304,10158003536672765812,5204641851674110760,10198531122998159515
13767433181546000076,50011953608464179,3385693834955423814,13065265914592452589,14636753964981083952,4790502469623366264,7851432071380567123,11485192270021495595,8539988893445294856,10063257758270101208,6843865890782919966,15444236186548811417,16129728128399530637,17017056544579101722,4846567298319601384,16824747955175967211,2811529744403005039,758819501340290312,14942987053085354002,1996004353571601953,17327812257634028065,14946435812332347224,3564194718091525161,8501895023918784196
578709286019112540,10299651909098769679,9170465743798474571,17554719646236226678,15084015497458675972,13889898682405260591,5536156292245576991,9784583986584643396,14232532231163744103,9505156192928048233,4607172164023891439,1996379212724641064,6371957385684945700,4113821581250899175,16501932078283247406,14006853685282013841,16533123584872387553,15626306454996999767,2734191891841069934,16977775881598123282,6409078245670054710,1841096528700758467,12007864550699795288,1514654661586645117
17264904729983610774,7909958653869919457,17137678751202111910,11555128333498187975,4892517046910902452,13035540584559991815,4819104437982729484,18142342090641636211,13038526362999194119,8097450904841989663,2679011947259627755,3113539651164343071,14317499642005984376,2379351019474688709,3259461329363548803,7799868078593241572,13154121174682597357,8850487628692782770,10552394542399117446,11066781979086646652,10246246165902948092,15868879673693489387,5648032749996043788,14899197355941821928
1648320839665902214,7319737757936663017,16533326636710066113,11660236349980928497,4718704885762671473,2275599947027484721,12058985279579759781,16650901906147729869,982988376250746918,7072914405147298173,14373685069874999344,6502541001416624673,11652894450325653201,16337157745673820555,15377421780879997265,11078451365986194491,18309167958644610752,16975175019708387547,13229093341897140495,4487235704634658818,15544633075783510162,3947572799906558136,16836586666793472694,5394697447867325086
10426923192277922404,12256901404913192701,6781268255839595912,3793852554727743019,12225617076700437434,4353957085502089211,8137023287599729825,6933984572097208896,10849631189317175845,16667368077081657271,8526612263730288644,2584944212208812598,5041249689264258837,15601631037913671325,10624199433375719050,6021227378174228195,5260571552107064722,10146540210616766061,1354347151990801898,6150415801150339101,1342163744366301932,16386409311532312827,4340062708102988016,16187312574978193542
14124002464473424588,1904423043812845703,2177079969055371513,4716776667870220841,6437010756208493632,2470943502709061744,17948507502590411106,16085510058338909959,15358939366740898724,10137136231612188366,8923249122403521817,14029207140349635157,10460949874878813592,16523353181159254929,17232687466303778557,14758606269252375194,208947686166738599,6314872601981136687,409231636866887153,14412088844133434039,16823380264307072926,5507068715605237634,3636907110256340632,9639362675702818510
18005563650548862059,12234105874884013587,12142456581327699069,833331875070398627,9729954159829768192,17470156002648931671,4768290903355493722,5883856369385189475,7169897162841543086,15650030540451486921,11873459498888351952,9528474481258920095,1934462956873806341,13526350035770679524,10112431343189651598,11782793384654147079,3693231031453552867,14354005319094439532,6680228823596054257,5658931707468104815,15820536339448303649,9839175149756487542,16293103749044530801,15501362929276112481
13626089276959812698,4363595705389960552,17721263738135783463,10940243338031431981,8365757476901572742,15258400841084934853,2759754633081911176,9761034523281152600,14032047447379480218,1385617606688252004,6168091686636405581,11260548968189146955,8909411009975455503,8560858866157597209,17465441561687831735,6257432721092378685,2728696597156733197,13100527619069860030,9490215574790878606,7932540700112538716,5831160486906459753,9329101502500716210,402636670450522411,6124111531043935168
18014791452482082912,3414850982243312416,14257111990489632304,9865208881483487962,18333215936905665448,1098077197956195149,11634364382925362143,3622241187455711465,6393489882456725456,3091336858360598876,18172346063319074163,9841288445637951436,10109748416218320650,1221602549597547851,2885690691532131680,12770084545214737473,5750893600382351441,17311408933052199771,14542366366443052845,12169899472658694226,17055519052491332641,7436172749387769,4565333815338294151,8010200355219953002
16059220519898758890,11281007265456201546,15595071318923781604,5918840543594432121,6718706239193283656,604387053131067450,4749591115911256467,402877631120183903,1597619381531929023,15310738495499649043,3356186536840304996,9841733245702159802,12911324278743795826,9627943128275815031,277576788955501458,16260043230039210244,26370310007931390,14801864158678354798,9464000406290573064,8827704521400119996,6649173904689745029,8266239629391702139,3048863133677878247,12834530514640527477
15248253456080619002,6771952151886980323,15948219178661138018,13741289241660151655,1666799839598987970,6612802631134527901,14792591075412080253,10641854356337885366,9214156129143178174,14936000902917315956,6420764725628716323,14232295494126979732,7967271483754750515,4044454974412152721,14559063803099236592,16546811841794960514,4055736283726971995,4722849200674008819,6998311885590225304,16974237832998801589,6199768631969386865,1421495533299680093,2501734416221375615,507326538248202185
8534262616816101268,14134285449736628631,10820344444010251826,1072562807191972108,4510896274147551349,8824636239168337951,6058067190576217125,3107962031818199839,2233298690456574055,18363538412700032134,16053887460717015602,10426406145491056144,2821361837382862132,4748150404395262783,14249883344992207234,5673379830667751086,15970608093300877638,1368998882151528165,6934350467305226686,8938931892190059308,10575903237323315598,3740686987357387217,2874328665563047069,7779137378383056384
5745039110320098500,1907990244008857991,5820112242858812507,4430255755588767385,13762037733536804808,15895119351906511128,15108016671902844762,7482957207040928530,14179119971500924934,4097178732086767381,9105680141635553318,6784194032237118901,11450756682135868962,3249305350595259849,17420864802516852148,1424891980320726348,15142076575845218287,12519226195363699582,3087922038534842244,7368744506177403407,10379054160146466367,12114221802618581719,13369229672555374303,1915011192447354497
2544852483892922137,14401093719722213703,1144530930305694446,4713488086390731075,12769169079160887751,16611436485038674586,13606839180057317926,9597483903679384566,13577125738761845508,3872396713534939639,2728520154595643366,3017216539391600558,7438627439985057112,17095215712809969336,13780490223306475352,7697973213786285298,16680346622313865069,6027699278470684124,18211181100843015323,17596690063579647035,9118100556776027956,17150228496462113575,8832774029340077595,12947516641364154774
8354306254922084505,11338868373035471578,3107692921145429932,14919262956092428152,16481268597989974446,2621981558599411841,325438345053981495,7389676900666987407,8591465481931312879,5718693892663193257,10941981347025997449,3861564992925800037,15018229565263211290,11044224281256935516,12630743344413444142,17400136264726752184,6269902580937263005,4638232538392974700,3457352924390778168,3093660921446118297,9901891721554286628,16133286644768283829,16223340462630751972,879423539538319746
13992797921392632057,3419195242792996311,5990535164475863276,9271847952104185537,17061906080615305609,4638420350714626263,10308392757137788138,17761855922311898093,12362263395114533451,7529237518401647344,808052315260418313,11763248869655072282,11185818560827220058,15817106942423035098,1621856313763517926,5236609591684665811,5658442554190593327,1226478453445441544,669888898479007751,16110901964688985662,7240874753470401447,2457346423930617321,11601932608295683849,6079345699368243775
4321215940801300260,9051406586361026031,5151217897047866345,7983132780625012043,16262866110802583303,6341153704933257989,673977087083750257,7187300935355096,1875733680233839992,14439945528616320090,5425104389608157104,17492148225330870554,7927766801041827226,17095982544719749230,17692695775765543354,12611474971892522264,8190045471069586826,14720170752288702353,11782559531005910851,2979313855795861112,15978505825920714879,17212525517714157806,10270164355227444676,1212916527551912940
9979200726766608872,2676007543173310892,5343108704436316822,5799675944866593733,8093179916078993260,16928130085679812545,14178432520875306516,16769698964228071769,8661258774095037071,5756176658027315014,11631451478022965970,11935463308343791894,9078879754024809834,177093242929484512,7331605882435489845,3738230312014041613,6088795551226304605,12391268807410175150,7390175703723289581,15109451183528225039,8214747068704313497,7375326106837952252,7381151236447721523,958824568292737222
16856271014731184058,3867541887160677877,17611057289766427637,6227604764059694281,13870597428939089712,1322361917107969520,8325564799933277445,5304676922176615450,16235430827963447308,7863813853451296830,3428878343954312230,6684632656030233765,3774387356815078195,18009429145953810849,3906769791642473838,14852722937896813567,3423646833339447100,8021061684603281983,1505513316798176899,13171035370242307663,12709446419305468965,16471639897450700407,1473256090199368706,3896235284476246574
6735340404150868271,16127728413469716314,11343782598437574262,10966171787984185489,7501935184754194507,7534350319411563614,2010640552752516785,9027635477057151446,3573427784881381758,12269792150420582384,12035001053959637631,5955654031594595065,8871973095935597051,6780630633758512868,10012263732897023088,14249896401299509262,4054305452525661632,6122089413688887092,1979348432827678453,2876287896287745343,16423262187383316062,10339775529738566132,10028579455397064111,1011402112063293397
5479416987927419602,10584689169662007255,4149279545421357166,15856114212777919242,10097864147305175232,16778685656692399997,8278802307121326931,16677023947295740346,5043070918640247449,3951607703294785095,2530330217384876972,1438026960806025984,12269832628014577568,15468025751602362505,10851262855098904524,4670041978169347390,6825066068423122400,11296526153109105211,11362425434917653221,16930601180461828375,3149309138032509174,15836973657599184753,16792623349234499048,2355268921734577032
12917525599356697324,8408951164878341015,4219951056762956534,12143135738773840042,780218715977077529,6202336045284906356,17818701192373926142,4165479770240244254,18264259071554636471,6221899988640081391,3607281674347265815,9604661381961962666,17132361169617774024,4320966995785284976,2947830632522497145,13333488157700822526,12441041102516330417,3633026736182532282,3744733838662194841,7649026782446090095,4286574694535781409,13951648674860674850,2228700524894234691,15197152078567043699
11150791972137161352,12527484593233008061,14284249284666573171,2640016808942559695,14584334028509140617,3469654487534699984,11325718823825240833,708865553347790098,4519093770812584581,14572932893577524020,10608211916419570560,620375979984959097,13310314915843700586,15025097496507026965,10085555077746068725,10473682877154862621,7337172756133865162,9147232618005577554,4662190722509892875,17846828858617012652,16604771729492548412,1060844162426472867,5599265637106448883,14125333439446952533
6452833872290697889,3025265362306541163,16430149308317660186,7590178745254832306,17843397260564459397,3121972270908788896,8161883175557704470,14181987304173225516,16042993557904285583,17393202986495103468,14079417457504205568,4354093729398296696,4425673592811683174,12189632947620154284,3358070135501972297,2666710482846715000,2434768705914677917,9985373831755450772,14792114088144421786,8183911083656709331,8641474718858382598,3532867051300237925,14841787924601190706,3336984594791729152
17416140637916104992,16206205777354675408,5771017042873843456,14139136309668575434,16499818575927836621,15403180021436269722,15353771908987063666,6582948651872178650,368420907385766601,13645567264475864179,11249527656187751995,3651093239587791247,17584553042532722969,16313619196220746596,1320014522027602109,6108869696351468782,12466841146134721748,7858925070882752063,14369638027667776536,17933389670583592699,3382184200086853542,5759977505915933123,16198531706695137252,2095465616619644546
15667006518847650342,9272192668408843495,2105147843826485868,3620893089609729737,5635440158025814735,16159976114841783804,10729927153943884117,3799386093664446503,8893327381231947750,4497564646999203787,9918825060335035441,2395462770362556219,16980951715374287027,8213524457502527857,18242063719084592418,18068664009144938496,9331516100040648635,13079785580799185336,9236190802071682264,15097569077864014374,389797180475045101,610075151553387845,5494086738239498729,5303137959112509210
2254696200627923289,950801039283168700,262722845029687209,13367908456776927749,13344067562129413453,14028942561637116388,12702374382647178885,11304414907464252692,2990815049347327695,15703801973233134379,15875081487925588611,4920067032564955310,13863387832709822865,13212257911041263785,12396464802543075672,9898425585513527020,15031274805720623989,11735756210180203377,6647026094595490767,16450807594511138330,12525986366049414167,602179557066964851,3610686914744578124,8611825751888676586
13394335314803109564,6201826140174903551,11597032300435863834,8962029314139614195,8913735984237979779,7959156550102605112,5381316163308008806,10788136218070460259,11284573587406037169,11921759670617214856,16661191420196336710,15397926100422200675,6767484757918503854,11299914068970318417,18017950588517535940,2232890287914066193,10592833395215516932,3327715582054000558,7825501411861693856,2435667294285547936,17523990155266139810,1027007266158383285,15799245649672502250,1352449303729327872
16062560177089018876,11303422550019182239,6102172381055345041,13875705077634235072,3699685222620402478,7679609901925036698,15105472114800762783,5497124098742837213,1259882955185897219,9880303440035579332,2208937895002486388,7723198397933957377,17946677661108912609,11715961442676851113,16782349473071721599,18131733256267874485,9811903892508510817,4648890352532030530,5458428741937507368,7595494813425788754,5281848110896868452,17307153949213182253,12172712830257830498,975707022456181020
4532440756929957584,18428323366421446744,680427352240930981,5884533143534065541,17827965987539218217,11821326621371619373,13221761503349271406,16043933906287339362,3341120915779077469,16809494856076446798,2988699137846922110,14953132732600291077,11684121994527276103,17632656915369189372,7310467015031877454,5240144081761098541,6981876744863220079,5903051227402490675,13948451395088128982,16402663103746947254,13901891519532766290,3383876038831263245,8948087950730290647,14720285457483157417
18016331263213519197,14785467366345486689,13411880481679550900,15569763974933462584,10546407761708861538,14888122741251989961,3671320728096219650,8823894158334317530,12396476174820767287,8425600536400948457,9092369974812069379,8834561010010188735,6285761207622148650,15272458278038872871,7456714564290020899,2360694243880955248,3037811783507259110,6700711364904988515,5595189016749421165,5866400919620949322,17200461479127527889,12999166051230116396,6781174135834407599,14961536750012513222
2688275759287392081,6448867132502501873,6284691723280376847,6926596260593095856,10694363904802760111,5188270478397767407,9963739401858953392,16996210444215068843,1568709823976049355,10129821048163675439,5453059794236435077,16442437493291460993,1516372313174788595,11226924066280028244,6728984477995806719,9495626134761527132,7458553808743678424,11213163900889793848,573622079155981126,16755758127157040304,17576628116884700687,16005844460325635681,15756253819422893231,678495491189768636
9688834887244648532,6145623099442063082,13504825671628005111,7837311976840272904,7662706415487644808,7786954503844286712,12345807829216212849,16728569580657324644,3126144283916263375,12238635167096282680,3129516725193826346,7293211168782162581,13580579937830244520,9544444229137665208,1283386175691016207,8763914402034186150,7123332189043425488,5865067471744779118,3701851801042362364,6020120607182373169,10715927975149040834,7433979798377024105,16431650165193504055,6678566419092422678
8276227008254113730,16641848095609912818,2678545637088438422,15469959053712185397,4990002270889517948,10890774189627483220,2560116759989998427,2130928302239413503,12400832047697573752,10123113414446309411,11007221333023508775,5207597096238830598,14922672672739192889,8195072260504735286,3798000534634502285,1592779597487076646,1905940780376082792,15955055506257474007,11668635100180718646,418876282403968299,11804519035774213648,12494766042065249275,8328286531876696955,10874821798443491476
18394750677870853042,16837555414729933405,12925992966407402653,1949761836285417689,15517552598196271367,18047358364936431475,14731949712754543465,17160296626765701283,10179743415102981985,15415839628939591241,8110447144547190465,4771309297264809214,14377117202058918346,11723707079986734180,252423362876843998,4572430599388844494,1992176971547828182,3762477371812019650,8868392133193171871,12895446533310568219,9183875071851913362,4052000900949358494,15732573034994654879,3192677908781500755
10370877429775940591,1351631914971345870,17548669365731003429,8759713181499755310,7691282565932155003,7231205993759627823,3052355918071754080,5032383138050669546,13308407000428901345,13608739688485304309,16478743342560804251,15577302908412752771,16826976534276860394,3819137267254208660,15938800333006046253,4014435474249181387,9342887442915312281,13029704972267114779,16294173250591596376,4125393598624195705,14018042385263291470,17182895053041750176,14479877986268975930,12860717585943274396
15410922732946374137,1268005270742799619,5663503657864110215,7516192303330313063,6988042602192816135,8982118919715492303,15465555639163709593,3800512235331058915,15306248566496617827,16056032175165951602,11314742933177319908,211052636384083670,10549728907821644654,1285146258837536184,16463469051092506795,2164384408937118321,15027561672428682495,13908486040719015014,4209148028750711490,3048195745364256110,6518717665172779641,16461592033092073682,11907074644581133902,16136919082703896129
4882285078386126468,15536493028975698301,250850953845932505,11351687378685549016,11113656212613554868,17674327367243620983,8498972394148082026,11293107409342332599,1671413887967370369,11984586260089027102,10875805741627944458,2305865567239966204,11257792829794181874,5079810252941002070,2712335598084942809,7050593449805243058,11898175449772722972,18444851122380279394,12829403149355701221,6789959123056372397,2335133903396068941,1329353154106733278,12954281668007024157,6502966161719498231
10213266799315088800,16220006996393009104,10500230015219483436,1213881807556535417,13274768852875260966,7886370410431405427,12877565378895284868,5528620782576117245,1158081260983885497,16891774100861720860,16316092101198934481,12372911102702464888,10661519053343827495,9318731632013251221,6460919583522330464,9105771803725069125,7410716758833276927,577037631792793818,474431042295939565,17214285092853319143,8657005315538045090,5676296922671623021,6917748771690201550,4963034528294340870
11580171286977559629,4909434413995907933,2500116325879120720,3557708744162264042,15281439079506667396,5448506388091621482,11044891552849565329,9551246495008376450,10962936028783630937,2076757002321006169,1838549098959421770,17662336523571202619,165353482365414898,11935909562636743857,15652048833068156476,6458294160026345018,1871413629834074760,8168980975902338801,13591658818131818408,1456684152117387423,12425541790338851119,1768561704374759462,7074544959339942119,6295959868735410639
5977820839075043016,12823433822163940219,1781393720333187480,2572988605924096718,4784304454805982993,17756534514041027584,12535475041425147572,8264830426591023391,5004259829516355624,2991335870545019540,6532393521731860154,1803416973629556929,18055623718719265768,15626165711007443600,14128131892367712289,16583111272377565744,15960203088423097285,17504305346600773027,16646504410111301915,2190211064266394970,13784517979243189721,5529971626521669441,11402550589083858815,3362774756149524403
16555960356467020985,15860847289861826591,9412865686327632374,2057905085537950567,16091262831032144687,4788441572451433102,12204531222793164765,69308648827074006,4092894174646933546,2424430457207737633,8956733963284029435,6156355965163359914,1288378265716557492,12627506048951327413,7202872096427561712,17421472279637958243,18437138415566800164,10386343976676494362,4427697645422159819,444179624645593165,15175253792248532099,17708148904985209976,665774109192375172,806207206238128861
2080263249568233782,3014885463666832247,2455456202743979199,6726386365854203311,15158501831637495269,14385689187016457102,2099855905806062951,7776000638104184704,2236636996222321213,2112269072479363880,1439744971367201357,3005521957070657549,18197681562069945001,8933870605217848009,13348675752248326274,1197265620922739063,12826249909351660040,9005071473164313912,1169749025611329717,9122816902140095095,14435202688438615295,15487719365332192469,17956099705891337592,12233379847598653491
3567583670168481806,15749661409280145024,2235518842467886326,11330196052081232142,4163274286187336843,8228866761991973957,15769631240535569957,11732890686742826557,5593373353315755985,9637586601980054650,14543074881786794247,16683435266880134457,3162974543184192734,3372530562788709543,14035379162563403926,5485730533322148422,1162954125400118496,4329620562839766511,16394308252321429043,658062812581529109,3179083299109803778,4341141984037018179,14150476330567885003,15019566546825672555
5115860167432606070,567674450079151047,18290718930982114223,5282340566975021745,961245457260132052,2119534681349421388,14114312837569073697,4138244583306539225,14071403045088754126,13645164075283276297,9111847546061014820,9838385122267036440,4640630610253345848,6486782136894522341,538764028745623870,14920072649628959042,1621193510252141427,6569359852403609864,13026780678337607532,12131275835895106725,14953748948163878801,7107134547640092442,8330132430401542202,17652595938899374636
3147439261907934696,5681498100420529758,4617471441758512981,1078032567014844726,4676131213902139393,14569838494763563441,9350449981279429001,2570278171936526344,7445769307672208992,14259444085685533953,17181342641564019546,9626280596511597998,6431877527122954663,9442334128051933122,11857891200639876112,6052498378133216812,4245665785302802542,17711157150681558531,11619388416031176872,17618785776386969697,7900366923407184187,429822676419356559,15028887057066658527,291167466796034186
11472207815197854421,2514000974926222089,4346192532152428659,13922112870012317042,16963260910579204077,14994063707571953677,8371593612202737878,544955932421325683,7938853235951553513,14332128519111460147,3483349810397272025,2591605312696100577,12826263637254639166,9387254306064528779,3487694745375476204,13130078191434288076,7691816653855513820,3497415978046402746,3345849255540203500,6034298569309416998,6424104894190227831,5966393583814013106,12324123727837031155,766591959618530153
14938632247790456628,5708124666886805082,7304034097277592524,6759182527058354519,12619002091050734477,13288092699874191829,8719451941403268291,15830877602774958804,1014654905499276936,12214652938750727416,11451016771954388294,9318835612106669239,16378790764493686932,15715488434386615908,5350602249113011804,10481305325017733769,12284111256904423514,11008796647635644165,5340738408813850101,9861841415517410956,12055741233197106024,15285124564712630613,8446029208927446112,3497410800845982216
17000280345237126977,10174430833699739279,6917476171292928467,14257459988182638307,9824559619201790637,18356004411946219666,1531459349936375548,1503338528569316148,2883756081909853135,10027351550011027701,9198029104214203962,10084613947648713716,16626362528060873949,8004375879086383701,9572497154028646644,6859885370300043705,6054666537040943542,8336598634905424471,5245564964778206434,10695853544272996221,17343344433974247890,917356061962125914,1633213298217826211,11130071561770505506
12109753097914838607,6822820242341882872,12689032009881505633,1924700619031101359,5051547790314605962,16735311098527895783,17899662091464587654,8579843360354290798,6041056918652864498,15977229723051512752,11679056696629720858,6876411842921037680,1937383365162964605,17335351230942177623,10311556929401347783,14974484991352009737,16141306451951550628,12792919567343113929,12609984338556643587,15764431822940492208,17502187062777476712,16871451001329906276,16773341852252568052,5580888162942645863
13044920862977652500,13583137947545212493,273219496514565293,16341465953900866207,13379958961278609043,8383123389940676055,17792844101848379720,8061493428793695703,11583676122366139408,7885288624851966441,16482599702470053289,15625168303643618171,9782535611971417017,4176193421954208534,16642168050526148455,14064886138181328438,11790780276208020789,7641542420095184974,14119039901819389106,16740602695721651743,10664032762022702242,1169010697654700615,15685858961933463205,15745278763165679620
2385743357227695247,7932727844946581618,15219525643883324769,5811185118279151007,1137937847258045556,273566692323548297,11471534326111954873,8865862204233641479,389655040531274693,14773581410869494293,2532408589344822016,14493623939746614851,1775239085965597176,16337815863594831721,6615594237022981000,16383405696656246582,11904250610311757502,8877548119044719356,12858191327790875879,16966760093622170984,11681809745711971349,10035818529889903122,8615273227096393499,12311525695850288812
16964218421085036839,6296013492242774494,1953792058270150584,10014997960840094210,6135746058464065789,16307634778451604423,13286157384257421320,6961330303699840574,16906475197694446288,17560821638796699670,1072362358020786692,16807017735787882837,5220315515084016900,1467967531826052544,2600890853385293849,8028959195855625278,13637093452523841962,6112812933161788693,17567706220550312376,15817366238202111569,30709470263043368,1316272809456810090,4084385057762826008,10894384934186960861
11091537050235703056,10046178441105067215,13296899353561470302,3698737869175260244,1085522873661234100,16504117613336851716,1153020387338282907,15194353144712886177,7295938921297164905,14565675326571431649,16845351533499787341,6535055677334595610,2448456964262462371,10616378297963215276,13516682117693852105,10837317133763160894,14970593744932293026,5155856882356959704,9794703894914009516,3676748874549821827,230218956316833131,15878083543127061195,5484765026804695880,3811131432246811099
9394035444192963915,8546420298110628752,5756055301719207333,8411327869198272831,17941550339328422858,11630699741132003449,10674443457773612893,12905939431106817249,6752537925095622051,8894154244036453979,11965345342646782754,16899589462770652730,9976851747601395849,11821391829489551851,3907500037573453306,12072907028289009305,9240687851822948702,8916989940550523815,4486890968400669531,9074665864867414173,1197227742961326904,7317969820133375986,4333018221551162016,12972116564543442290
18020071658305162791,2875804012146368579,3125609838743626768,11374343678218770751,3453240753764699775,17467467836439443908,3478233111234280496,15470304745071184399,1851436216075463574,9455568420127264874,8231180603321514256,12249562208969954883,14708883172592892195,15414136627937977661,3914549049519449338,11262867442473950346,5763812895645559527,16042350829688729249,3173789817947615101,15925889368797925907,3801554152269354875,11593629347068635990,6361101369118942623,6994074945677129656
1588655725486904594,2960222353029451231,2828267503148122284,14048138457970280748,4949073551133126255,6124687536219910180,1146727998852794729,3403453121455417558,1029888942161857162,12080532153953578908,3955222664808664298,1797405881723177844,3478824035378296217,10949591720133869497,4170988670005186790,6331858093552227153,10581642850201413121,12900421007269188421,18095652596216548064,16831063610743820656,3398585577831397551,9609545449308785817,12068514069589833804,7949337053469280189
5973596518436849653,4080997509101210626,2412782177226289284,17228497152833120587,13573819040407058315,10961524881591725724,6300984110235095417,17140100314240696531,4334402530441294092,6547182066808945455,8781729251075795827,8604526359576190642,14021094192534766452,14153509940594045546,1742837743361162788,15907509185764998185,4182962806740998905,7796872913286621123,15772952891798821750,15810961316796229949,1538537551795945230,6689745453575676898,10337030882866081861,10221027103116403414
16302019426492225687,9205462746237267643,517635993651267320,2192422731110813801,11046467834436759568,14910302856429577393,16858250525128182148,12984169620087292268,6581379034485148923,260519164017580682,13521668464337758052,14634517197698749813,9287928519978006304,17266304770763265593,16106542055410063682,17742723394470345274,18083566611370021948,1755901896033381301,13696377235291206324,18340895072552728605,14795587858734847503,11022790921955716082,12679107294719630996,3440497351037467175
9817201596228294573,14923755014386589664,7464740923395370904,11160501767813384742,4735786549529083658,10801968870927749751,1596375533680869575,2239031047590674453,16970401987899360119,11559109991910123372,11565921940126542477,10110379783668543648,2405063329718290802,12991850728942608745,6721301860469251032,579743860184764240,12944264773118440528,16329076461588426956,6990822540579205606,10811821203095841506,14225548460253705187,6659311008457471926,4798301066628911933,5822330659460310505
16666604432744087772,3856875865425468320,2157703684994382074,1273472451940186879,6385657479900564424,7461089211294707181,1967677698775548415,10345215823643235581,729029717136137290,13774956415838719968,2458314892160859853,12986249382889749193,18134251326470354271,3018324954770291365,15288436409880991782,15623063161184908390,11231703315346022714,16011555651076788530,14252088000437786898,848309499241030241,16991540672030169196,12337773147169922757,17825083229134270526,7760049151578260915
8627374353421077403,12810557159354439693,15849787026591397258,15799275017854357984,8125637095621608256,11681656401906081275,787495920256856537,12873800062676306266,14474010681248750678,9468136219848038070,1169768339708487526,15126471106000246746,12439750454517278002,13252623472170421084,5878799384089195933,17538932920150053493,13895951545509238475,6990424641942606101,5620822317450303845,1291738902959793026,1772601297027457435,11025439089250253281,4782380517827611317,14309851788422438291
1591625717682807448,8864773942353020063,5803772742320382853,3351433579082708335,1597582733140517176,15254742565561008648,17499858047413622072,10681414332423268131,1289513499616561333,5585501832211616609,10229532693616089015,11293278125459567237,856383492449679851,4234350856705652400,7723390641296392779,9791140688069217336,14635795395426116154,17038448153887701275,6987095063561354524,4466898371317318022,11523945651451459059,2645293397261285154,783339157821502593,1634791287795718264
16134526793995016121,11969735756963140128,3868949809116283747,5733191241948797259,7070322381312510031,7704167514463493481,12898481554243216183,13750705171655146120,2497878237115419616,17530081381181459574,13972190783393581972,3682224733054107008,3448367562420956401,13682694407067338387,8189421848320705703,10579400932530796997,7245400205299481992,14369816384506593089,11019984217514044370,5597951493375935438,12987087615146875456,4797112264370615937,3962348255311265122,15604959311030719780
4536123510166278547,7656068793896306465,9042170716892095974,6462197358055604121,17730594218074322508,5534854706306529784,1824663944107951575,17368148934150121933,15746544035155184326,13613667690132697224,13953030538695779368,3252262565905651883,16822115609348467283,1979943639541842603,10578987238840730286,15785132805792134290,13507323235163323126,6518362146552611233,13685023670530212129,9178053263365914777,15794282323054722137,9802233282844555653,7884031954129149282,7203714711728951522
10594279925820666253,468445413599500051,12773665323429999857,10249429412111087966,15400640543306565986,4347500421918011060,11780717610314232148,10139822736854123564,1760956583593763711,3342361354033672067,451387793346553831,7609875351475418756,4781620337625659390,3549852975143372034,10694564850163694947,17638423135948592182,1846432801137634656,18439738929306424072,15374883026723164054,1539913629538393854,8517473593464396134,6575258853514726123,14484695311606770614,2491935898531204781
7989030339536076604,5972400340759234499,7082946349182848094,16005642983754029403,10826516964113854936,5254502312346126844,18383135954881782377,13753654839857576925,3627178706105278224,14577431003898554069,7558909904379230887,14480260203639787328,9574592725430768222,8579314650992689813,3696663980713637555,2042470336951449796,7352727605953021948,3534435765563354339,8733821781669372541,11221048135919616753,970317106048621050,5936178380996752721,7668190283599865250,1346216185219934650
3678028298371339519,3837456259197040279,10062994181541141007,11534940822205567067,9674281581587547142,8481196641813193745,1905073259410661202,5866583560697839408,355034336904652371,5406056118132441818,15311594509102586182,3864567847205428232,17619135165246630725,15415753248681877156,16764613637636464950,1643491948210444413,1773310192056073477,17400681243417130716,15648926802679709785,15503352924102777853,5129186573260937621,12894826791901195400,4904826589176273132,10368488143519738013
11212624437204278043,16682437692953515848,5329975470319384963,12445293034747683621,14848717099094293422,7601121844956489368,3682278892718267244,10844425019114854163,18325178140143196154,3299322563731181412,16871331538138319137,5712361333697659480,9272597657154806678,16374856587636075003,11296911825774345360,6563890304807618054,7771737911934346926,6711171248741772729,16391595154593530521,13218576424259757604,18255308142944439148,10554871841640479888,16066790175914900107,18153640312118965553
15745382966471775013,1529866020893379543,9824291545294818478,7636313833034314353,18247556598419523782,709113679154596414,10416945060394612442,301981181350613233,8240608144608031298,435081003781722498,14956931144224992533,5531227854684141984,6538774790182142748,14785569565938826022,13214333970935908236,9871282193193941720,2011877735536909670,15305220092915051463,10724352070889454362,17873409192324246229,12974369740361828494,6204939937872219439,2772131141195039201,11875655773561753838
10190366404509947286,12759648823085511527,7065324341601253292,14838627186665877647,16196464338176161641,11639868884586388624,3709723665851759272,7308911987896261132,2110694044944917275,15224732470399717127,830894075904989230,8678867138753656597,2542596044727909952,4896119014441615843,15845234253923250289,16309497299045440780,13030855626907768247,14166584106870404470,8493453939629419127,16745149397139493437,6558065623774749772,449320213742779157,102473074673018709,18303167634867170352
1743504765777117096,3381772208625016023,15266089462908667741,18071064756326564663,17007589657518066479,5553644601757932797,17228757389591833279,631679597090072951,1971584525890611802,17534216809568367443,2657426563640468492,10655176177725961033,2556953647323006883,3319289597221342027,16532435238052210340,18063176153167610920,15281120661648493800,9116598927281509675,1951068538327820842,13813114073409667992,5931360719895843966,3360236013336337623,18138492081467108741,10607319370894891906
12252838986439119619,7355909419503614029,592787403363135181,7251789627403725242,12899628822993488579,12208756758184105263,16602023534734491132,14412504058734232122,4173388416459196563,9907445657793458219,5893119164072460019,9924762946195306425,2116865710932060447,3695519245089541088,1599142746188857515,17718212159974640100,14265044156614087475,9896977282561492686,3612507155686814466,18327919971086005492,3245539391672459186,1867393195901089138,4735523215777257706,2296343644129933320
15712323683748229565,11965978479506588159,13043250055824700060,1507606098208598860,12414466445949487837,14345413842016937953,1356561470891808327,6339625604546288736,1942412328052291596,10711560848469553046,1169601073002515559,2872007357094599812,12284447146427274036,9115663957233294828,3359807328910093016,6940989140863583315,10822745741788198057,17878679081402137586,4741624781003852405,9948736170695796573,12297685945669692796,5327381279754752325,13213608674784715476,854710396734171785
12050098191249472799,3728275657227709345,8864338473454597152,12191279518975385078,10773095124183807611,5526507865688988562,14070289403257363726,18159830034802246148,15103540347398082737,6357061596072126361,3621786921088155655,13893531020125940888,13577046364947543522,16826883578767568060,109349489178240408,12328933885780599368,1086009321161551119,2254049667598535233,9829121299706954029,6584212684089958530,5949888803315081060,1194279220897892567,11193877413761657549,1329084571230026525
15335437731978117698,15911081108035538426,10030416679880639620,17686450780274181313,803699683058334633,228853297395835921,3953782724318715648,12953408445674476664,4758378642755191428,437480980162467535,10765337900862857895,16393068816246058990,2816932888963722726,15450117611225811189,9598894243504111479,12129451092145801188,2872498851434574372,7390170228394890708,13831229471797297100,18339880337048450568,633692429136012498,7785434964049461942,3395829451136359686,7092869009041437715
15075177622562393940,3145572941471167265,3877208018217469123,3290427539391009125,17305559275222414478,5890700940819062211,13276990856814116692,10102702847579104146,10693352895629812998,8559333543341732959,11055937174723245563,13019233584767033179,362135223089174233,3166291439922938381,17538068825270802963,14290513144893824446,15671133504740259314,412345376541406340,4425949877952941177,14819994583192787958,9147210436071569690,12843940640426867589,6809208439198376328,17524238485419033200
5078337292239883702,17338023631880994957,8219426717058736507,9144314171372305361,1779535360593627067,10274799795341741457,12956284594041879693,11998727842206597818,10344869134165852590,9070278662151510476,1863534328569959285,4490945803867889985,5441655767670929874,88391259465349160,3938863854024948199,8763057605573505382,12630748263851609903,9401276341193184352,6886939773835853642,17026854141563891821,8045575228172866578,2988013216073383761,2345645035254557263,10967351161172415451
788597834504596567,13720596681775213632,13264472534603018886,11367457534206033822,16056241553818460110,2762531559206941893,6011257162158040387,13934825625451211782,4859208309028521983,18324261542877031698,13557497607399761905,8782345813130590675,11886159081959768743,16973253787242183682,12974345763004063853,7522422891734147295,8037534586720716643,10054269477994764794,12098990893341681339,8747757793386091643,16322292286777822326,10464167094466265635,12416164666826084468,18363896716794816588
4041107571803054753,12060097012697658733,3993112737361733654,9863488145473632985,1317555151801350605,10340682058531192281,15397438495794067087,2210556430548176480,13423105882724228092,2489588612235761238,12444215874772372069,1339618616311119893,6880201263881483909,15388909691218714262,1668778298354166448,3451419972802994074,16713454193762295184,1193123187540330506,4915021622539677805,15285364161787344905,14052251046174279008,18174680753309915048,10981202811837387662,2293707637852523873
14052987467385534928,4206857384015553420,15813590504506464389,13795391445793624568,1633537839684960487,4516413207047033468,2346277428926640971,15960219052161061015,9792553454260839549,13566367220944663904,11587320767358652159,6605341515755547740,6577946364101181649,12984176476021589298,9053558269613074786,14633124788038048727,4843682628426454260,528441548964894433,17745047697248393634,4755691033572865621,2940529753207207477,17308405905254119729,15340110446009287345,13504073478439786469
3037063669085578327,8322872670876444636,9254642064226154126,6575878527442094511,18152605337328806583,6679056362644625456,1844019635483962690,7591564570334257257,13785644322054726484,9325072514153323375,10268175766035680835,13003038300867596347,6635796983692741712,9974211204527558937,5955472380780006892,7122025929565248363,8020106371843573566,9543692947400392197,2358850669914971596,10307292360853741234,7917258436581837310,9204798006411740969,17246926651730226017,14534740680138676782
14738832421835151629,3587190919680328269,17428552842551294165,1148198827276644300,18017983655710280721,470387055879906746,17188758188490273501,10422499706787666154,1293671032243594442,5893199851174887472,17712907728712922485,4383431125498677299,11664505612965078088,297805304840310609,7068786437745088601,5991110672655633098,913445512040439156,8305039378864754682,350842936685713865,4276253267871287821,14426353429298679507,13377595659763726504,3191432850468266381,4433918848158372673
14184677836094520467,15839471630139537188,1644281684877857229,18063154904011388259,9907423660889317448,6790485858502789759,11012065459063391271,15228765146732660636,8491599273651585742,11755427035918674730,8459545796015791075,11634509850046516274,9879145020218902782,17333390953803503054,4896367689705712431,10051206827093394979,8561389520729904812,12900233652839516565,11779875644811309044,6542008957739308407,8979180785153321989,17089971079580517867,16334352021914639646,4750741498513828140
17452654622417744427,1659429112913879179,6140033755037330811,10699234696157210596,2623938703081563177,12398454935429188372,7405964534103418602,850417825052536558,7153320604690245241,9924387494896178340,5930473193297284274,15443049903256957172,13534845522364362502,7809226272561581646,2872754334889396445,6000360912430670346,4507652337727302133,3203711798826978673,18094721261143983246,2292357480023365913,4733217759887205181,18155885181491906870,2171540966018510234,5166955725592332834
16579889323582192278,8503370548838935024,9378178946461906452,4385704937807275571,4615727313471970783,2977506315115248414,7229008460878571499,15822815346600176846,12282927841789174045,16318858250185919811,222395112198639493,432244536381880959,12502010304061471747,9557190234734259318,12878571001931648093,7899022972774887812,14570596957780581679,14781879734474944244,7134444480875527722,301027888992481806,4572648937273475761,17785512899386861184,6667608299357632385,3968513689091894307
8844524691677819763,8236212608900245022,5178259132587059293,676277720729040980,6529498619053013033,48304546712600590,2820055106389302483,10982562025685406975,14697132596986177503,15892410639329414853,3107324087717529022,15240731095765649327,837980944512909605,12124747060550973950,5987736523438687678,5044132434816831518,15316198895815711100,2890402119476070502,6474785482510033976,12595927963863035025,16931836198825604253,3730443649516837526,10645174352264656769,15563371850914653193
5138355469691778064,5065097730130625272,4140625639878433847,10470951428793975946,6145890764676766523,3373602275340549053,12968580738879992550,3127330256541363118,5742554340349266125,6508368824673122443,4181602821304517406,17247068077449277264,14453944269238376444,11498282543949328044,1671717126916833037,9232562488420722851,14001753991241054068,17894546507659178342,2026539383931713479,9577282561258190142,5336502500578083,13053151129785311771,7377891207033607999,3467149220601065911
15340558718363827197,8836524804277042375,8408394562978269992,13729783420289335610,6498569160765032645,9814102275386636745,3667320446368955319,11428233638384393455,8155438077556500162,8290920209222292962,7381438942778495211,10617517578842255054,8857565995914889370,18117786599412116747,10755211771666987207,14180088650948210499,7815258074955858702,15339243748045032119,2620557359950946699,18138095516300095735,4322358036173988023,13918866558154356091,13962263313068279012,2483296594894898720
1122887880986875897,1880375442162359043,11269110893286964312,11801284724947018353,10038059362222618555,16588518850874278695,13378463811943102471,9611048425821565663,15072321582458393792,6475564935895079347,6950187726743215031,8673557272416436225,13864366003095939154,3185433903214195443,17528655290058144610,4515434445102743855,12606356556566395021,17192473517777965942,8713667815689484794,2807043835887694196,16308817187306770005,9418193818157599984,18087870158109097420,6257819029224148966
1622074143419989722,3440428744161614183,13001182947314422266,1903786952039138873,11258125809613415943,7992909649211746149,5745516983575183097,4761805693670649181,1526344816232551976,11571681145106290822,13954258585822098853,2693942396494952835,2685786913715796531,3877678497058334021,6258698219044513278,6308866176835822494,17771679311755248342,1236428864571481675,4747669012852284340,5358089349940635656,16479555476493911383,13361827701381542617,16868777784517766313,11605535749737470829
1534279986871132948,9182866274604398584,7341787963435886537,13150330253503346399,14357492850235726724,2558002210164373040,8337876080266944702,7416642078375634403,17666352423034885646,6900491638284288664,1807841075099234469,6130334655556838802,15349469307233455741,9589528176386662068,650536163899750666,3338508647206607508,3546960007961466762,10954394560299318744,15250778279289516153,4477841332432000049,6070767572259489378,4215866102973184414,17839617483132885018,6051800534663257163
1511184722242374450,12260687500823184498,3532574534860927526,8864802720087163791,15406610340262428000,4143068123363373040,5277174541677428060,5221774077769181473,5621455230829276310,2006212529137955705,13773630870428525677,4663812410187885234,11833037087074013117,6631743056984741344,6705844976646719739,12323886882733209290,8650393979150483116,8315369658005510107,18039461223159951325,11937189050065548080,10238940393302744350,12831358333574194894,1274268543625414254,15714756699920342228
10802528799380068940,5312003042291484816,12239842762226845031,3949671474046172220,14204634302946774962,3713510335973938924,8465824196743404724,10447178197590306057,7513925019431435217,10444150733351872888,16408388515484302897,2943319014221019573,16656899668318484263,14961513769158217684,3675437341405066808,7587009426954339563,8176246536758487241,13247481014783556523,2740289117699929105,7514552513294301704,17233939385500697970,13243418378814268560,16487482040781520395,8292715999194760772
16864812075126999326,17751649352499817318,11629792899164451355,1761501580678501919,12495441771699420163,6580160313453896998,1835687814484702750,17623922192908994349,13158388443318702134,2904874530085053957,3406682405697154804,18096823349426928982,12106500457052577273,10390040801237919087,9641295716246468612,13393426786580163746,5792804018574059514,16641542275219198453,6298490144885206362,12548979716881993686,13387305092771182659,16632457034223745780,3618526942049801531,16164380944784237422
13076960748783233918,3505762110854632554,12250370997497592666,17845345165907949541,14479433886485703167,4197562753317350727,7354299449445870316,7090940442663933440,3411524869462405378,17625181833098183391,5235488359132759164,12077317711174940354,11971483740902076310,13262150341099551438,15245350082797737973,6530016940656193753,672305903916228684,5382198818455113503,11570947593221577386,8382824282907888707,3121966744581609215,779256465621408170,15174119695061724037,9897665725988997471
2013358896260287069,10525426501542595817,2750205114820668134,11261045818203285317,9555825283945601421,14640451965235514774,12997376592668731486,8889261478516639557,7752307356592656425,15634685503905414836,8681581478768363115,10959823018104697442,4174863249346493114,9283998994677169941,18272990819069125390,10286130437936701886,8135837313568118867,6451324974416426679,16779968570986966509,6097073592105500015,2255063833418363474,2199553844046825147,14185380457819511212,15983840730467405322
14664206167305651820,15824958545713696917,2362531185757375444,563817407811006048,1188281378872391398,17050253630918603090,7467396924414349115,9859401554330273971,3582758311283819205,15418868139417693087,10090797025819647565,8097909153243365394,11148998163495697404,1746551044296044662,2762830987649868184,13590910381479577505,14548839990461356848,3208575944856126775,10094539327572614852,15300257681947210055,1470721090313614198,3588498947172014969,3870374870311550198,7987244931906848057
7891898388795842800,7664370644212327092,10733962306104054809,2285874537813193003,17070218664917318652,15298786714442532291,16616570818594583111,18218131340127203209,14142412274455207688,943196310978406014,3714424883492076996,12881985420296881880,8320843274238044916,14246884862002486680,13053052428389449880,4660132308014737900,14800688531669799667,10268938922721189332,1270070604477606867,9260370157459483430,5110758036573214535,7011079984432204754,11728826417236903555,14156772417630250814
2471636888358384107,11686009357452599698,7377895278718529307,12868197990101811329,1591144325024399804,15981832857150178055,2529206244545980873,11869185765382508510,7233018484283160110,8253205241287066567,10998262960083210274,1098628468518364455,9395881034774222749,9539498887321396317,13923968037570461761,3270628018022188920,9035488254360525030,5531294320201063707,6366602329529848272,211254743196076144,12315165611762471434,2276754394424300245,12461327147890762534,8753725496513383495
10631643372794031028,2325495583322725060,15905882009800634956,4882138973759761747,9427419198654310623,3505186317439860731,3350919728539863339,17203384164905778671,2753050353662865067,2334592645311929754,7134584339500161640,2384626965483224373,92740804634632081,16763710292124799589,723290811056206553,5577702658101929271,17907209128551389633,16682978369655001600,14772956369732444014,3070561352221698924,16940354817366851505,5449852896182134204,13997425156344004871,5200532467845773896
16965290548259961747,16401594648776090239,12327514631526889286,4344068617390106959,17162597913632564405,14808538472792525459,3000651463009508174,14607319097356472098,18182597204072551603,2759829522371843535,11034831369475476698,10939067313391371082,10869871307163011806,1362373286765920835,12537078280004946768,14143043641518407879,12817354240200531339,15111318821106911888,7081895805231794272,4459454481219434049,2262564650499693336,10103876732332467710,17784532456244268484,10981394190936430463
11297287893916687723,9473876062916125251,17126219265083228156,7483012807657843248,16723918090544650287,3937688453262239085,10637062688190205859,17831272559521135005,16200084821055829608,17160866256411431261,1778957165641413383,7940466239168871531,5387738362598909587,7341988524051043876,15747565649257224847,3564660002721263733,3824913805808473467,11081369513783432597,18698942895934911,14276812258285753181,5995016594656055060,11676109205704501449,73373596700479981,4434291557199468535
678835902146962408,6331558983817183647,11565035804150313249,4020158190214124387,18353822428422228918,3983599430823594231,393287795246639320,13305176583297667173,10529761820912491377,17146677446360474663,398261178417911844,16426777934276793753,8366922893926490727,11996727415664992454,5962097004009769853,12419998760433132501,2686804021989284584,3010294658938514981,3473888047187604329,14214791991611332228,6984914461105541150,12342935844214526556,2354160732019116747,13793130390387030325
15092332712204811785,1736650387335559688,2836370545574261495,9809930067788688909,17464986540881136579,9617916602086828487,12768923380497589742,7370301369815743282,16183559763568178336,6939330341998839193,17645688663938407147,9920677008849682590,15794513283414983850,10891994874971608488,11201576449843188048,16782378970705611351,493417438867516970,8137391034186722298,5626367547017652242,8237782716133733380,15124951835167316640,15474848176570356139,7185793095028110604,8348923764601359007
17718054362828838833,14875051598303444097,9165106419553137417,7263941353040548053,14341816094047134823,2636890749847592184,16275700966990202285,8474605766038202291,16632885874114019700,16373101386728508459,15540267737369860289,16700422751502969415,14066059827386059415,17727174694730105707,10616518230174652978,17141771969672515800,17736820054986094882,7565173324709621131,11196576034143657718,7909970638004186667,6311504758182884877,14191640556314349829,5993919441917369610,2023660716145399603
13621630801004249777,5822171837981674927,17822972249475706816,17356020894934589829,451387708318936800,10371278633732033428,11555549991958643768,17785532575500255428,15062816987506662158,10789822020287123761,5439353170311665881,9065060953526138116,8164485451490566748,8309714774866157756,17490159398025093091,2715698900675605264,12279258222218711039,3089956343208555082,18292305274834037531,11593829847644863797,3398087769866461348,15103399141974221344,15438406847899945846,11342496580437583871
473234486081649402,12333118613356011514,5975776430517706620,6284014033060075350,12278504438582356660,9027865091707358541,17923382717605900173,10922342254709942891,11824176861023662804,3029328858850146442,11228805147731658096,17565224418542398090,8086376665943431087,1036025594712079635,7873617819101038687,17501337858491539472,15846552000724596494,12705706396873095941,4094189610397632415,3232867567250660773,9808392243962510812,9221638492639893205,3899630303943353789,18057109862948081714
211083835745597678,9027787682089012652,8726176570512558091,1588884281731658355,5510052197340706560,2515115879281072292,5699725045111083168,17326264026852889084,7423561973597937946,17157277994377427899,6613164504355525134,15327600759582862342,17991873864400905486,12905406941317935747,3243147300364628965,6328578147531857197,17879082473578760518,14333008132376783344,10240599045588747501,8775078138046910253,15668156990421185724,16262487363529876209,15268887384514828397,18441399299859237388
15037020345606187668,5676079353018762550,12282180222763114395,7642084584853147814,6745016564765182880,14186127014233414882,2228723665690697442,5846213670506940200,17546457262071325114,9506749853523803397,5278157450406669004,15050434475572065686,4278257846055658486,18180141852709460854,16099883806310601086,18000202324781307319,16882270224729305196,11383956092202726326,773896176109558187,13026477765949687654,11614229739558637427,16473373578892521287,11910640466775425158,1781196668985644788
12284859992707015085,7206598102644423452,1648805100139388471,6801264110017169381,8610379953022541618,2547370440876711228,17894211153094256959,7566518688808052285,17260266003738966988,4583503640951843003,2075158060329508417,4224961567868155314,14205376312258876056,14252941532510382194,11776635476535298472,10952307056673479981,8543127846982015015,4314367267687552797,7903612562387661007,8791625391117202920,10233289882715352383,16116637532220555817,4049952465665399150,10042237342743875110
11299398006945470671,832815861818395341,84584584339249525,17524929201065823279,17992333335165898653,3146916046375803505,5886835480826529107,61724629936782972,6796197917058614731,10970840218672359976,15196638083472284023,914486772701387609,5426202975518255764,5917700061975393071,9941598528274487763,12946366157226502944,2814644189098820316,14560038992833004289,6610907845304739630,6440279900857969647,16742027130459140790,16560940675588454322,1685673382460462930,15348807467055691924
5279706256652614849,13778353731818754866,2323810931608139075,17556590831862316900,17356822426422678916,6511102365228830817,4329772650830329445,14421780836416691205,8707005043065571432,13910528545554974980,6768686602950906737,16566586137030366677,17047512131256833993,5596219691611142924,2939620416844173094,13084435593912722986,8789388950029985678,16647536106706053524,15514016605674244653,5352519765417319541,12689518579042909021,18321602521853226034,6840397783026283711,17429683501233570426
17691383976292835050,7004576857675399196,7290021163107780909,11738004711050376796,15624973460933084340,1639012594591037569,13025715216849106777,10387418697407302685,16785269960815809167,5172966562264563913,7083363116192819528,8062726540165226769,14601054495151169159,10965310612831436756,4131497928542437865,11970660406127318114,7956953910515180240,12894984651437221265,11217874163099867236,2516915608936795269,12560224133261788261,15757960665152859654,4482976785467260852,10365995564366443384
825539445564644343,14856477156222635288,13412111329320039756,1868960600641744528,7017380595956341717,18140582162699956332,17510640295490870414,7639418051314789833,12136953004007334865,394805921766486975,14000097688553347424,588258917027965448,9577163947603742065,14885150497698253141,11082584381847326391,13826790358226909097,3773872942101783127,17140510191242420222,13613395288261204890,16246807616444608155,14404176736074370946,13034716004925213337,16202671111679287606,4370319366622725748
10636780071674950535,3288617639773409424,11550067514970165663,3673421203707316651,13236661621283360204,1153704990000584096,11806470332224004658,12509896906194040579,17523890415465720808,12759648545797056342,8965757738907879270,7094755916913584609,11025052778621220691,4789012161997190806,10217845958405550803,5095778986494331017,13699380027061772206,17084658186598555786,10487958506426023334,15980176012777137752,5325782634382724877,10128527051975360176,6265127838960011159,15094146798316317481
13890727849955794285,18281321038162461375,1765475613014310916,7594516127550194984,2183379297934393148,15566931548415037204,16255371703612314560,6875059363213787558,15491634953899729640,15359778705945166437,14212729298406020129,3361569145460057214,660124144461126652,15483882948868650867,68037092184018417,6982575281680945402,1296172398774055618,8807337416336801481,2271510867440886878,10826373062198021078,9705077787770712905,18288870943601774233,3970014761224940007,18120961482611376359
13388653098924985500,3335179166236154693,13437051904112454551,3005748726733481049,3303864648463966082,6386500948510515951,14632187223791919671,11152759809992898526,10610589029394774981,11380095243163792463,9928284948029481492,16995530192324003621,14285822156187416828,16381946529702446080,11778799835099620564,15936438799249956964,2234494055845269412,15114921835308356803,13597243383893431561,10152555423437213466,13049375391620326595,1796554038185155717,17326669928690043487,1290393209335243699
86374876740611636,2442895455150260986,14373044921262640902,14421951475495452543,8261135242135287309,11286343127683229614,7024416379636654370,7243192852548179832,9707939746488392367,12445137122258981798,12301978491846843111,17653792611516979870,12953717018147493372,1190266992815666610,2458572951930659136,2643492979313899553,10807996133143326834,11083414824192049074,2338953069482928562,12266251169923593430,12264366762002219456,13500799109157892055,18087242732072370178,11602403034159739578
455661190062219390,16173835636606042438,2371106218679947026,3478746193745904243,3495422754674749835,6237383459611595297,5819723087322193221,6388914255384031685,16704123737548180363,9161904384114830896,4837574269763343914,4628470639615161274,11672730388305876299,15442135474113427398,10907118237002242510,10996082358923066542,13080381066294893269,7480617502118004229,4856601788998254144,13608060267283917159,14718552859761423070,18366818875888716072,18081769518474715983,11908704330655910981
12547743364503690354,9333425468521088526,14346462186446499988,15873638513275900353,16819484333404150490,10244246176480501739,5165696991940595470,7657290547634593256,16888616413557993130,10498774657445441641,15399988614181138017,10813960768612823031,17349577594063792977,5107432438242844166,9446363486870700493,15440173850479014451,14287890268007511983,16261662920525657018,3110302673415927863,11286530900711699211,12858982175851549665,10902697015901160260,2591884849563366772,8322186972326612595
16551697825806551317,1577765752021465649,889011627806689695,13998296830202909543,10029797223809846630,4891783648132804770,11634738398832634693,1490290376217710724,3181285167928925487,10665116904829120070,8059142433867869206,16301947940299680390,11095383689358630846,735397107563838388,234327558993607476,3575101471610714705,15596867754281035952,1092666065304108346,14216022270919165436,15454647913029797240,243961661246309054,15349847428616289093,9330208282325800647,8169376158165706408
15573394023886686584,11890832398703400990,698037507405590343,10999425259394386698,14177918118126374406,14821739007619986585,5740388301409002262,13263271428196511053,16612886868335341714,2902734729942604706,4828298933601215234,8917280875730611136,8077558986885134923,2177574938166370942,17873127832739169611,3540758223837785410,9799532074307373841,13055168628203790922,7810104270288181257,10785541813050365499,5927813179524340696,2894665341203552653,10603576938768863863,5460570338209702091
6901174381953323639,18074892784731278248,1083841217579973196,17610118229988170393,5989974648636515030,1205963366057797700,4784652310897933296,2957497756987222524,10954627364921611156,6357567186678387144,7616369401378797737,939850898348116452,9046516294405535433,17788898951846987598,1074563393512011815,8175902342207583020,1639412717919618057,16137468147497543816,6086503001844751035,6038986425296056126,10591880927552819758,16981267718230834813,10047956189318492124,7503852006808911701
5431254635889518144,309027179740663133,530466891039446310,6696839133250734349,495523502316241062,7781378991505927171,17499242691870701646,5529580850223347084,15675731537322842228,14925310468401973035,8245481676747755758,13105718363337460258,16592317238069046377,11376472148541318933,5392402746641607709,15875590840748900819,752103193831184006,13013909338013015255,158952183963316470,13383811696942092168,17749334948792188239,1218822580078960604,3547375237437333767,7086071078747765324
4568260461867477637,11484836730047158598,7587683724196971316,3109264447047792280,3613973183869695071,5724407390586500933,6292019255106583040,8879422341101992638,3043083665834075786,13412735742481819285,12495684024513776736,11826698413170054240,12238460577329675929,17626709993670189479,17618296494256550008,5521754449302773744,15523041153910318127,18269419648928640222,8337705884554175558,9650304957137968746,7937225660035211432,8147816308171506486,1862987949322306296,4532129567141906671
14945153522065708230,9164968988085701769,5202614225657056745,12780291196547127109,17623187459176003040,11891580994149884541,8069572678918294987,18405400501884364315,183656196355044202,14057673341736446101,12454763393309215419,5117916697521614315,16694989856912724922,15591345281376616613,2460071118220290763,5145070851632525425,11600166018903168623,7648419350520600596,12764360751614516472,12912192107564438980,2264637539414214196,10776513850595084274,14971588711589356606,18309677365838660535
9791699616386430770,4235121730844603075,14968494721474363297,7838165942331112784,1438927396915816875,16375789520243358999,4135608576498815206,5744047833219911547,16302655970748302837,5444701651493690945,18285404449716165489,17675011459872234594,15457925531028193485,572529281804451530,13201183654724647772,6858556677965250642,7288601041651392269,12486624594950653344,993160039448327639,2212233288705812517,18340698714220946669,8222955843108500629,11832399520524062950,7529580314982299549
2082355357395968498,16724755195439367829,12853013507251151569,2844320653600045629,13864045407620813116,12589551198303791759,4552819793035166669,269114850581116575,16808155025375917913,5214201521069724330,11703848671126722706,15244839516357091467,9257004240113996575,43415498074549921,8070326835487497475,4196081272937359217,6833241520382443192,14221668623303240681,6733112936272378209,18107038663487081362,1643722397834820472,2496355372108289205,16431214352277882043,17063778551978444223
6850723662974780437,12735379302799753931,4775574879732261052,18291439540197258697,342093760701912874,15728482513668611313,657657138744567247,7236144354007734627,4115736783807064341,14321986639234922535,5642407449872045239,11234827738736684682,4237620213697396366,3482073598308117166,1499196028258884002,14987277888615247696,9801623958923175578,10594927349552073047,3481217069476315151,15908700106974131326,10043232155002287420,7445592891588233667,3919819219040043865,818739803861341050
328733959791296844,3408593089488163499,1305970690005026538,1062608648175399254,11585192863129784349,4848369603242589283,5122516726989872768,15049135515485166149,6983384839435151358,12080319459441307928,11839271481547302383,1828976342168246850,8941188627779496499,3213559888252046914,12938152615507527272,6437782617282128648,10869745313262694076,13572778742622319769,12232365064671076003,7302951473914114971,2531084697979888070,13544338260022128429,8075462042474347964,12287574923991491560
14412667589429172273,3377106179909429964,9256696571346189366,17882056876199083657,3629892596550376422,9705354992331205413,13759389036108780856,15694717525017543233,6842664456452693199,9649045854993845870,4454609143108926798,10424705593781506696,15345521772742090572,3318379163437424460,11670628413378730284,5359519899810596563,6245647594081492667,8311233575400266484,4415808291726422599,6592366423420183754,17680437620773148086,12333052910487603683,4115278878713758599,12156444499925055394
6363154336753358868,18272593514099141621,381519245530223911,10695032150984776312,10897187273320173552,7458694059801116660,8681859963337063349,14587730574589645662,915712310884285377,4985897226776714215,11182668060712026670,6430225716140303887,9194057460648045801,6582005320913741080,10340581972043152166,12574105260689439944,11797209889351757140,16444978049188892743,9299753380965692659,17627178779161931168,8201200342408607591,17538309110178917180,7937918122578963541,4581023766685959188
4842996225230680494,10595114471605293385,5379418086159078875,7907478351353651734,15608345913578553903,2444098760035249763,16546242817346358314,8466994005702985331,6420997461592949857,11158335381121814044,17877296092253455427,4972769062995257214,10887349022079849308,5012158615318291483,10011481235289825443,3688650040870044172,15140589315627653946,11563283160790130810,14880043429764465180,14554081524702388521,12571219274288588414,3173062872232132353,15934595244445951930,3645974780794749379
4598720459078418401,17927044188162533699,931308628887313255,17330487148312791461,11569958011328274716,3384541090330742984,8466601610957958142,12077428657076477628,5204165147178922885,5562067141765531849,14881553589322572530,9073795162393725191,7347622756744253592,5449085466981942855,8691298704752728650,15919183851957915803,12648204879345090228,9240556090096014264,8327669587415496507,10403226686935274696,12005593176311440655,7290334475224113777,9639637403062877104,9462031729231862592
12362215795698844263,3386262605962072812,16851450655656169095,7916948482134698452,17218539808895310755,5627360868719861571,1419398230701103398,2486192814617171142,12549347275804046443,9809111989380413502,9677977247930841411,9780310772074808732,16991365567786476885,16560526491326450827,11522559342071561689,14755283687423713995,3168224437573740903,541697091689667242,14035537713925864655,12893352812289576662,4568649431556441030,12677341569778906534,10984817021818753871,6113959256155329276
11191704588631722419,14760540711871778055,14080850194622241442,11928588456965884445,16015271269215278056,18034074518159723453,597386927683986060,15508382034954872149,16080466383869263019,4343953513922117604,14399872166850249740,17971144697287736271,14239609665000112691,17616515200509956302,6419712720029664121,7239055133449069396,3435624254041238277,2882356647003864299,17061036051286379555,462538768788832916,8206765458149883736,8100435081662532759,8119212491402648730,10212964375936083076
17477773427109669098,17632447293634177034,3462444773691970456,10958730084777863708,10477300187049703840,11453806249870052315,10893098092672190859,12628531492653924564,8062290482189135690,11646186402810796852,15859794325003586055,5448413082253111584,2492185322299294382,6120813808876070946,7717784022175982124,17273531786938929719,12492669415224873354,16897118457358869934,12366904308837565538,16408422051750271334,5532212527831303096,7695082464018001947,16955119730879947069,2464030897207022187
13979094211515622438,12231808908028411516,11861317881368650918,691683722364876321,9155251879618034340,12993414763645700248,11304923315037883131,5257047774224222322,14088962329184967110,10248997623906201657,3317890394415533602,13240978843915777950,14914050943150724117,15315518166589177095,436633836735539712,11359464918472193277,7056194671875087989,17215419472102806154,10350430628845782626,6092512580955995644,11328953916150291208,11980490330987195266,8710246016594796658,9436217948580246450
17111099248187464365,12737685640482231873,10687233677073103148,567825635735404891,12882188275917001797,14600358181632047963,872245324954298078,13040289517442194055,12208029390383617958,823321267320946901,14076686908737239415,14283742362306704664,4133521880341532417,12419261910459523854,4035100921335317009,2345585116328311198,8658918342316285947,3241435597818031817,8302504122461316867,16856450534365958742,1477536159815651622,15440038521761937806,16222690437004184636,16456038942752398640
4987734108942441427,6174785181034135493,7923095079040523100,10287537628094821686,1282066755535132530,5910542734416421479,1824654934535963025,3819658649893260353,7212927863060514806,2828076617372411998,14428551382841449654,18155095537511158660,10984970556690835848,15815514183501580460,8452357804894668722,12312977447908639387,6084772323592459117,16450810747725470418,10577981934050701157,16593367427731441191,16912330348208497141,17845161604788611121,11777908836379316432,8188662952264150028
6861568581826682735,17525933574742510442,7118618799318108252,2225701441301277743,5710501347963809018,7693067029671012357,11464453308764235804,11655801984824238906,9178635488056755263,13037682892595128420,6040921947125406372,6856144414392486336,13591736221368075442,3421442097539423765,6349242113129749265,120090124438361293,16081543863580507509,4027472676966727665,1169525985348403153,2140611667939142845,17951128029454969674,14652701249466808987,7786092764968876711,7042092797496190966
12151078379540749611,16029776458993970204,1427354183833576963,2541181906871058434,6577117277756487395,16812697907732554069,5939546579936756728,15215339564896004926,6076203454634693743,11076005540168340216,4445045728398426273,9346289777264046772,3007397813902828106,6240564227129086234,2940001914506054516,5185630927143385885,17010730546611428843,6686662293225151905,15367203182372590669,1437004003924088421,1639245558312816210,8211568409799231061,17827401587088775324,8524101728505573898
6477735310129547980,13165838405023024889,3235770335176415737,4581065398246922672,5399328848773930074,16376779721403226153,7976360779536466654,16743016861041633423,11949103143425395931,1791743903285557970,12447853073733596049,12958293146880970626,13065716902260620701,15805223736517832467,10636907823566921388,4494258491407255165,4478225034931926940,4941711825219210770,2771519474556820629,11012958303344914882,1509286733426821745,3741946936196129233,13935907731414899151,2444545534744317748
17899092830347522040,12323461757521041031,13457857051879465507,17665730004151858848,1262647678307974854,3512945823550067169,210018928693397844,16361133728295903323,16205790475507463786,6091724275609922881,1924405916984734310,12324910941770864529,1032769821582019249,7242961726575651158,1454758423022963272,14124186347054276141,5759802525255689093,12294502415446361929,17074631475951733031,13061805657259527587,4512170080423693367,16534538908825963354,2904033953581585102,9875854828740864949
10764430287717095145,7082956498279282945,5037090112000984934,3903122290996649982,17571206594718270423,6180689166855037888,362899304834491701,15246803432480675456,7540685824448774634,6440690421728424516,14884182707898773512,13178483702017716101,774988183014182688,7809544286091055338,4957590115384473036,15835261834966483458,9889313553301829312,11108098506228093992,11750889733813140709,15781986277539316794,16982931861622774691,1511840477994299349,11682067868274122836,10046448010317655533
9097508387058411939,12940027445121799278,6969223776033419813,2005833828577706896,18127359299600042683,9696700613397447932,2394744649116613321,9161274792090046022,15024391747073523146,10201140514832334783,796463186459901141,2543744328698940197,9447915598501298280,9398777159137295646,1145280324729865356,5524821929081415389,15336929977283628417,6073086334563909434,3297252584004732139,2682147796114145105,17470078478157645244,2749993530460381444,17643839052175024417,14807570928789788423
16952314787017558916,1415277219288929217,16939552204607134782,11874210760820176550,6130988577987412466,15126683332432454946,9623424465399602326,5384888052055626069,9047791135084184921,17181316452182817186,8494191510996127580,13379406128826081186,1601907740236157369,17533583703843241823,787029833900017717,11986376112153550150,12177115651781665065,10493329652731482925,10601622576660744335,8165569712119221729,7825975448857746938,10689607042209114023,15947409139638536287,5826186815365362521
8654815858799497770,1281354107899703173,13484336450922267749,3349863165704661987,16863026514189213507,17636887534490848760,12556790390408715424,9056115831735327307,2965823606931630423,12570456206871649842,10103166510959198992,15022955950992536259,5410016984023649420,14883273448761540905,1368545317507238401,5054944298914309674,9296910411357638791,6746090277522723240,18168243292175518145,1215618927105291647,116998847544697643,4614477927177493479,254259288451294113,5254932813106104395
16425245298290613751,14746652651902678562,9765854811809536591,13876951771477892870,494897410888489604,1759465935052379672,15771275941709959399,13801889716707128666,9500954695644189933,8729679697371402333,16641509143280608001,8098047452753457578,17156155667367236629,18106214993685903723,11323173408245732460,2664157117627351141,17813491753030759783,13340691346847669266,3556237451082905940,1374216036849410561,13742178778367063503,6727429387917890515,3801412079575497925,15337869789202129963
14235928523494409256,25373179562800952,3423337453894086282,8189607884771586713,11321759330623539754,9076743490831558073,14397235045363943435,12297257487001505328,14890814858533275764,18302005197757713074,10940927474560347319,6926437890594542780,16043948079914778684,5835117821489976376,7067574641943925838,8598957150541393829,14191193311398014162,8991860119144742041,7505503129898583085,7863367798080958919,5421151350494324962,13346133849923090287,11662423576843916800,10209432687759163626
120405651823279684,3367299895594461486,4324029624810441129,16486380592782634854,5921509778561083830,15980666463476828494,6248806204928016674,10780016466273897403,12377307735184776451,9163490982641878150,16618734056474265771,11575337664519257603,17235113693383291784,17187365540549552472,1139060726485874610,1999087955113601718,18049305158877534338,8772949911066209978,7869644179272124426,6303208150894655655,4379458689770942748,10425284996522617839,16364014378901177600,11533656435554211655
1436556042638001448,9264050527036084739,14161682827427853171,15543629444228019057,9247875383728647983,16013533518330952419,5605118468355637691,2617802080607507076,14362342172198310909,5361597963119488855,4159414483989836844,7803387275891000316,9540980910699512330,2518302649421302139,1376008660935601104,17178842298073809154,5288796573351468923,1280619599758316990,7421438664115675568,9295622599153245883,6262548556327642700,7762548959160691124,9818022874378011044,5222706749880074145
11128460323757668860,16089527048438919291,12975332720665616674,330341895226888738,4128228254943297647,8857403244418903457,11520052781114028834,4469874253809193513,11830366315256931744,11060958735709459846,13254770880692908719,3727270227062855675,16697445357751955293,2385043938439685801,6779997695624789393,13454389723238125194,1733290349070828197,13083709102225288807,5506327672248222916,10655754845894081182,3160656877476852980,15864327519706496608,13771414034783837065,6705496238634424295
664061508665902254,13836739432915800936,5417655530180439822,11553516756404526203,12262025788260691612,2915863930399439672,6302574560148436750,10380232112000059620,12144188655091974205,4616873368235287082,7433906078275254595,241428363831041794,2005403948513952639,3102490221695866916,9173548659835466638,17587350661215979429,4662014649358017650,13145470405440647935,15326514841337415001,5976890379473994771,4194609843950305580,13248488441079060400,10672425333284603447,16461088644794093384
147601604249727736,16309031251070431908,2670385323187116650,3997782469650055070,18291363173669502239,16439387330648289087,2937655172540941019,15026592741432558880,2657626504313038297,4780332797349635352,6446538858241359924,11921295265864319668,6170318662270415633,16708979814853325117,13760066244176468463,6643695086449079364,5106662494658752637,3741639655547864708,13641751412391652619,3774215941939096590,16604120251975551901,12582105958893109537,6877150876762478768,8170057731921493827
2546873582092382941,5096769468870366909,16803381745412822231,18158829208669846565,3177604058768362053,1196331994640143382,8686331101555563007,17202362292889274596,11478018420301556137,7649571048516666180,14134536742985162354,12471062351616985278,17340009884981158544,15876251656962999115,8392048771943145654,16780120348671562328,10298878243435992114,5769200750226012105,8071283123855984151,3325685886938068273,4557712215759168273,6962345025560291620,16593482847285100489,572612753778527965
14240377080453515451,16474924351845105969,16445637956856600431,13900551203049313858,6643918899823720315,17839123257572005373,3849845023744192979,7411478936719247473,2779035166536115889,17085826310269434750,3103770510589378256,14313425778035872812,17415312265050621995,8932438924958891757,6710976655005380094,10105555428265685071,16601013746701363194,7287409726089683473,10307756034335307148,2031542546698217944,5063472520519062591,5045452773845558484,15289068804435516531,8648662237992336914
1453491030051583826,3562049669843395432,5160706027672202889,13766719457384260659,12689227358442603307,12306598638789442067,11783538174058450824,1872782150720246077,11305477579299512800,11352586875641321640,14344162362646628611,13825074879903696064,7589647508845281601,11602590079104749364,17802532660934263552,12631174856280068841,15341977589062505423,4188859447188017726,13545673515311270559,54222091252182113,3650339210972895179,13591494767946033898,15535244746491731020,15309936341603272322
14471258934282085598,3150202254218425992,12676033308455038358,13375506713356552658,14406868920913358952,9186371657334636157,1120030310381776638,8597344432514219559,5228482434780082548,11984447558311924673,6564357540560697451,15584771060060425726,8861072909356110430,581625773012181612,4820076082544580343,583296938571022227,8911519728873317298,9483897242046633446,10608094711986696399,5276176295913792628,14457633967223867461,12769155481214820419,7541150587222511234,15071863303881881140
14545665811283816972,6378905829647587229,9931712102236214780,3076369511572365034,3101070506955796913,6989969255723442131,23816966480077624,7841852080719806948,6740944901212785844,6429856758559219215,2940208320197008795,6792556638172490882,1518211956394364175,18022127559322766273,7781772654928523586,6242176517137630064,1539701251830521408,14986851886091269594,17943127811271632613,13015020396276383967,5268036875391901590,12984018819583289580,14953824574245601876,6869052294159431224
4419291953649721249,10483900140379085938,13838245214504382727,17521841942426413196,11519725991835762585,15944499186322456295,16103004890460173937,4855188594224398044,14771649382943103880,3804495584158590082,15105062293762836778,10386472099017463900,14421534661320852424,15377755695869509332,16653839213834470245,10180497119750452119,17806665876038562145,25343767846439969,5312702459835310702,2801166200324516754,1979876467793392796,15257183801209063769,2349530957889811659,18076393611638915016
11215721476231711932,11189590751654976058,5217390540450768610,4504631168072174245,5599940366080449801,17733260300808249991,2606472380390746592,7055797859284984128,16600742406452870395,3052775285476220876,9657460478408722131,13496557629859663535,7809295087114942596,11493841443525363611,4091355157489738907,7165087388216526254,17391580258079886171,9412685483747085724,17978285978573138842,14913411032076746210,14150370001396154859,4148635863826916825,10461855898023496415,18310344347863699297
2625167976370358034,2732361427289267297,695580315852227552,1677211869184083104,18123638567875379157,10458450059200180176,1700100186152959815,638329057226976679,17226012118311886872,2392752161796719881,3505427317820834353,1377866012236792717,15877273951562583849,8486006581135096776,128274295743880098,1882828599621439449,4888229027189735111,12325838596341053714,5136926793845994382,17956813665236491608,15072238118008002878,14218275014029658466,17045909277909177085,3101798844049869352
16656839968674009703,13235386078647862439,1528280652605548897,1603590308598845036,12585080450997253339,11270350687934668186,7515158288925242149,14800889990904644694,13617826179728080659,9465460585112760322,13933464083828671394,12628579224405609704,5073611470115282429,13891887728870130875,17486636640634980850,2568473756191584046,7919017377288222513,3774891346674966667,2613177218861897210,8561225218252041534,6942843506751651183,3607217386801447985,9058645751919753318,6838719673111558923
435903221058121575,12887421996789421556,9816414112355976337,117910956249188903,1384584724198645779,5955712196512590989,11781154876319610476,5530288610652212166,6707418038097179972,18134115103266081125,8508588004425302201,4198137232922220774,10128635643897021095,15554936900847046047,3202237721917250199,5970599383547938668,13296945073252089798,2706267643968763476,15205082149280579008,6561132973970939751,2512868576948989200,17820620691982872800,14787235470117639820,14539562142548848167
16674430382892478972,5353559682095930246,3118893438561625503,12854147804381400766,7336032803774206539,1380870700614751479,11599250460427445453,1563145009965718466,11028311968998358895,14026178637113931350,17129237427640508791,1916788872600467780,6397994103203085019,4358607080877778558,10840310729651210461,2518308207003546080,15697430453347716361,17693021264648876817,9286803450595727199,13395012210252747731,7446943541056236731,14666829258792642068,4252195504382591943,1364060930539260952
8150660406635393937,6866411939306415524,7422706135669916468,5167621760269511742,3421958685284829407,7704490012670735988,3433459642023757065,15932684117598319236,939750719659260231,22322206468502242,8844763888986996577,5290471176168675081,5317716254604748162,9310153768682543602,15806122609778466947,14641281025280820940,6766086053329168546,17972539706162648349,6798513150266954634,10789479842484900356,7547610293595300766,7410840315673008959,15517926908529445669,2450021709408307309
17131543249657622737,9487435457912104711,8658900472819597547,15743706278659493068,9097133641599312777,16535752031543150609,1756197461798777517,17655553919728600719,14568016307591310924,14688646870715957466,6280526397303416353,4110145893767698888,13805288271318169509,8842319068799803445,15295992737983390142,14138260441999430801,2652457147679158900,3356707847598535420,13690168786919925008,2862307791924645546,16400945241929539564,2154730101790887441,3145631615688331223,7487884156276891088
306411561630650522,12812740102128944664,13248088950136069598,8786241889541706211,522483240346574572,1697140078024430296,1689349453244911899,7786085473298761490,7173546765157662335,10389424342216102188,14454050132810748562,9574380599391447652,10811763234491495755,8604142153260543655,17650276344635367723,12481642421197578666,15138656560989824796,14961722577679679535,6380418661317407332,760082529972301562,13663608821953562730,6079303271909336387,12793374988439834483,2377218440009796627
12157705831095132331,16450140964415906884,7192130693605985528,16855499788604892565,15428836871320634115,8139970511349035483,15082941378742347355,13160487077753262986,7401921487970061171,4940322764828595484,15720339114077128744,7180376736717873133,2176477398588693319,6087236670225620,5849986495505556317,8577626857032529707,3521890521192819635,6866799453297274853,4360682355031699230,15152073939100246298,7843895372378288284,1102557070571066244,11545163822408725288,13013478225354700205
11979834482402615756,9718750312774236595,17446821899573086595,16434819117174346269,9543716998606681926,6372354557683150000,2789295740985646553,17892906414538717198,9403408502574151715,9606017998497393212,16083352107572307871,5791445895381326024,15201737378914954101,11365657039311661630,1880486580833884263,4636289671200597769,17950929063455953668,15140405566597868156,12919312398665811035,3255192122551903511,7047755267590096914,10429480166363768955,12985013124249467398,18100172802363758507
9641774373718585533,7021208368451421929,17355962363783527280,440569630781322687,2888209106970367047,14259683347073069759,12745134514060475460,9802028996447548709,3592710086327004905,2360091681493340027,16558429338896733823,18140171000752097079,12769818286243006787,11231871443137056382,1467057511160186181,5626140026705519487,16949561318489307952,16450480209272958807,14128262419473505679,7687327129531253207,4334664973445376439,2059117982704959697,13745253384309676584,6985099243216265851
7862857828250921807,4038782428727136522,17106813770077577933,16516074941414409144,7382858776740072589,14053077672348805619,6857420974034691477,3108083439976666520,640882923711201255,11870975179368376640,6465889423179518243,6487300787441099754,17002739895754408284,167579952026569612,7475590122951364231,8005438477875284946,3237827654647449856,11746042141760459999,3666571213554229082,3023286731197978407,5713451946202466456,2750904777740302625,15153514784666293646,16730615972091671017
11916833915255720823,10232728151784806530,4211911730470256704,4699505967229137999,13326934452325369396,9995240284164300743,13336633776111425434,9394270213806029870,17737396130226904241,355360374729867157,10528688195218597505,2820746164186756936,2154705408317503194,15877677310090796793,6352632327062687872,1378113481881433528,4181831932909646200,6596804038952105133,16895129455409167144,3509507674026825780,9420411359275076791,5388757129577354458,15134208479721536789,14591716009659392376
10969562161395781817,12985975068653289888,7739194858145219001,5436099640318582871,1467115177400463739,15259704473932291092,14070525191265646462,4006490486373324696,5052230823291300085,15881292601444277045,17370515348213986970,12624088942954528365,4034329918962372119,11849076492142768956,3766520960163532386,13841647549484953736,16955894216002152948,9462994434530617361,10066748508886650103,3457432105315105709,11672049615368122416,204625528463080296,15228852754598891806,12476309336309819406
8196317465919085511,11130738504034326408,8749782260240663234,17603999596943958566,8817293639141004690,17914255908385941493,14490499594629897692,2704414105440101893,3369075951163774084,3376665299797793306,18155957102355613467,550113130337385675,13843719644983432409,6932759905400001733,9151162181325417428,7332703157673323833,3160702397099737269,8224865412332768792,2164806574237896055,7119654491429238963,8715046522122661616,11951763944483904849,633994033612263921,11657046562088681002
11377903496847335059,11512877825751634977,4770929500747609572,2862980710593348739,9538967205483069818,8500354875456467774,15912233260255988335,17453301734343641747,3615596718334084301,9120260086945069466,17132181606891482971,649142439890189883,10859210520061522893,204096467716136100,18270384543593614274,16894712595438329453,595561003069072166,11400232491276370751,10495047714022324800,147186797126575604,11458707074116567468,11318447536074753666,6780743804069907691,6721060999197836782
77993516366477399,13665355532145584753,14605005161253430727,6737052578973638213,7018807563798473175,15660014956441634438,3043405702718024879,2103195291574684212,4424158268730012698,13677271598404288448,9758164657950647257,13819399711045953748,9516277476470554995,15125367086959008532,2556700805417936633,15834564816152153178,9395191089636435858,10327501838759117759,973359484684489112,17467445563246618317,946592764454403968,14809301047111198775,162257171780510646,1956074442909002656
9476124806176876579,2847422451661737861,2245462826612535947,7229610478801177998,4627141528436480337,10308065030579067926,17769898474317121002,16272420937187925207,11316282186741736256,8970314525957964553,150999800212905799,27222399980856455,5064624273277048762,8622607304656660268,17539526863785172798,241086203987236633,12482254056852455342,13672588348147012731,3856176378539322052,5522594050345559659,10130311676089184776,10387321813837783779,13490908687880681919,18445660664878672372
6872580091856835044,762795230320855267,11729652750089960779,97209620796825963,17943409241249617478,13728864772597511014,10125972275830853247,7068933711929531928,5944545517118508195,7367319750825018481,1224221659026788523,2495698289255336802,10446560365682574737,639341862642239456,1304347183952814118,10991531397402230330,16632284713053564420,12628742291437389896,16920766764627846725,3259698861799366691,8223529783828358921,7546566697233308142,369450330658485503,1304420294420195111
2146970826166490138,11158159159140257725,16998597601385412160,1894432875651461539,1449543587001528852,6756259541558140941,9388143028765072693,7932775574200067260,11040090950609768393,5482571401577664745,7041182760037059091,17082462706165504880,9210989363012330679,14291250161094181323,7203025244843825275,5383665600511786515,17087941199800843,6972376070241505956,4074617577908195031,14425544482413878918,29325922160612850,4195861491014035282,12499305588631114247,4749167744887530695
3502279513619108164,18371320324450729338,220152947151590981,10259368232479362598,16451207622712973481,4321452953676509394,2376305409640783545,16067557127193116460,5568456579888953025,6173814881987361017,5791183542768891524,16041397183000404411,2194993806193138440,8724265385030655697,11957529931236286396,5779960232789186464,14753710878334829013,1955018031134184428,5205771801328227487,10936819743250881134,8124645297208145053,5886355093210002073,17570430050836847173,5328383544413299913
2729759966544847325,12121475689943271432,12360655793466237504,15760950331733412909,8664703897833774431,11432645953931474492,7537078249579479232,6499803134184726207,13564877539148987648,8587154334324093447,18439031097827900279,9551544163985534292,2205984781019707047,4889592896483803653,13469632129368514807,9483269425995073918,14070971906571888236,15001671341330503852,5654069764100526914,1271898877955384326,4070978948796542369,6835858179321837122,16807550684577693212,1506542138652105745
17340630787477986457,18406974302939670337,7790275142613824236,8048526830476417864,18388195543509264601,18310994081807901617,1355074731011735072,17477139307180138871,9561052644738547070,1680523741371701118,1148176934321274811,628600290926894952,5925000375513380920,18225072829949227798,9118874968281607057,16230978238336745048,322264034149326572,17641925435854158087,16914323332268351644,10636192793217192911,13186743625384804985,3481080001827775319,15112828360077322907,3025981843450850084
17393788166599782022,16069052292402919591,8812978345881084668,12354927622889701061,16642966210779089293,15716482189054166049,11655041855743024069,18209220615544581235,10580541745553618462,7392688610938158261,16513205060187906985,6523743013300401373,6823940663691391335,443957160814532588,9288014062551845754,3653463533858270721,12046813992168102015,16748409650514790520,8277410363650704025,14071358308293012744,11391299662244396040,2854324333003586499,16566981483749537055,8424762383363325722
13350790367624630026,13222453783165823336,14128889629059143490,781000972241362408,7516177510485669043,6498456660888607756,7088767999095866353,1838397040100245591,13369384406698400440,11321824869276452597,18023150911034653848,9386985944531106708,8006779384494271025,7749677344365223992,12797242021980852475,3001447530560213554,9181008487654951339,9630336330779819965,14659177313287811738,7934536695298200026,14015192126733205480,15527944964252426339,12077845258438285406,207995074088461868
15577176296734791145,7251621824008237860,4593566563860791873,7346513772895480515,15316655956846432877,12741139907016929218,16292752522457180241,13269430252139844841,5535400333682893434,4642339383496721337,4683431577150408015,4818612181097736309,12798140347443399850,6514143086585195715,12997031297725511213,18414151389096899396,14360320766296663410,12208983766807078447,7133186466578759693,7795684827014070185,8429914307766626418,3645136674691653496,4278824839689830911,9329083715142128793
13577853943643204753,15344972526851837485,15036988339296613682,5237514175754961706,5239921614703544162,3298217858691930534,14145854757530587966,8647767986475734335,6609809060695930898,9464599036561182443,1352385145118941316,5150111938220621472,4381693179753237686,15407154988200509121,11281120351735710116,2340412879413577710,16521384862944243688,9850824811869648990,13273848961426212420,6942237234406899985,15231610964389181922,9164152727521157716,7050339411604185108,1845020656815889670
9619557070461381903,9097885020555936626,13103734678633690748,9227208006863291079,11562391521180241189,16483530092088487777,8257549999309273396,15638642579373369920,9123686375324245496,4110846065891375176,9127534266531148338,5093325688178067867,7354354163488260875,15907044401006000672,4041449222946713918,7316794544355819796,13954604966526586883,11558956504786535174,3480627179912989392,17044909833469232522,7058695228384660572,13117782524508004319,2821385556883527090,4993136071960384379
10364539518719953161,1302731153972100384,7914963111249048111,4215826646975337088,12962274621734013707,10340880029716537358,1574209049446202328,9473923810686960841,11274996772433255792,1703136476236379527,14539971993075839069,4064123448329013606,17912283425952363953,1282364739077376098,11381977968159632099,13306473826893663742,4504737696508874900,14167860093180130867,16228345077012550995,4758197276930217341,15256298391557236790,17667577323679667256,5463415148831156263,3681881762717222608
15256819606424456279,5006203967617761464,10878746110491594872,9993196004285494336,1578592239089814945,3847598568810102182,12434176345885627893,7165493908254932512,13091697028502858901,7046058798670316421,11738245934455451017,2242486692725052527,7993574957877517470,6132239891568468749,13784228112981576316,18122490199927760350,16441061613548875619,14199763181196420240,1511074892268726250,10663569015720843628,11416054011782658653,8064415897400449530,13988677830261442348,8500671810266244211
3861958993884558982,10809306215474058290,6160994784249494541,11464751148994124880,2144482223855755746,15339782683930660681,6941022320012024001,13267584774439428538,8031311213782018635,17936891557999561847,3252593321471083605,7357554731005895102,3369115590874274573,3370583506293037004,1408905974162388445,17666658456008375866,14000715874405304920,18024939265770406802,16188575630142977837,9184331183595555667,238342077231200258,2824080915735007428,15237721807884063580,8195389794362274054
15774470496378272546,7670356780475516143,14092590830887329892,15177836372947366144,1734571820761692114,1654968162069673806,1865773261501846476,15192440323846867844,1445393735232542921,2519520273638163528,13323574747932620429,13584111529915889839,3164974492083911433,5797188080076098434,18293741343030054274,5014377778381947104,3823334603295386505,18363465210138962596,6335590272324102094,7388321075054101715,4538221584064748762,4671274882262446620,4413739795590436588,12831245630160059403
9634241784196749162,11678070570987053658,13287024318674505532,17955971452417221987,3572026253604410602,8338786424036390998,7091732845373407928,18417417112343220673,7038177118190892048,3036419255226647473,6522333975188712032,154854572813554058,6620953329154201204,15974292622937163117,15323353272053955305,6177586188230002324,3364998132199341692,16983750308122941962,2775352454060157764,14950706694914758604,6718294142981238958,4981533865930665489,7188065375062017377,2549029023909982905
17930443746831359104,105431438260573328,14678040524669288424,527686663652585123,5793831500356525742,14980067573093036703,9603658638373563331,33024308270815825,1578690689814094636,9690950039252152823,14199726783477720690,2911238070778979271,17648135472952141954,4503960291528695233,16571335562310866769,2256409586005991054,6282857099893809872,17889460152922226183,13854017120042943143,18112131648036129325,2376921400266820288,4782870358846916896,9372369463931999329,5603565630798137616
15699051934245005137,4711207655688087874,9999789488694506442,3230722528799562901,11137703644257248091,14138176276813220948,17034657259376301073,136128436775761524,7886356544281765245,2602519699930495107,7268434436836962903,13701040095203029827,7988961256511969568,13066379454119817757,13470487651558334375,14571900989779074184,13944193841297783179,14370826879842145718,16899623514458251041,13826709615819603209,12746420135498306244,18042619847217511830,5997458489409757935,7201180124015193478
4524853535896673796,6985168287288483395,12366204131566163498,15227819547204427691,13168974539961281770,11544241707859948932,5467769311853954365,6333227699795573585,3619297321802352797,3264297672348770427,13099828402285649768,9287534777638179849,5739543550057080081,7076578596997581626,6108745064212032466,1646250690498342063,7102194877623052361,5968683914849729618,873272351473848661,7873073982780494462,2330162834752428163,7428369121178048325,9440325374002500978,13810244672792444301
10733349500895910995,12466978274730964090,18149638691682240603,3626888651846153044,6207366935881165880,4591453155883592676,130953015586592262,16181117447089798094,13985314626922519232,9488578211038259861,2823688235243886915,8641094376548395735,17537846393256660879,4155608704831117149,8849788494233747441,8033067170032465964,12646524608769187331,12560874825199640174,5938468711756433611,5319403645327698718,10160581831255324952,2325921060806738817,4553862371459540392,18134636973495850580
6834689151485602037,4724178908715129753,996015646675706494,3657969225646180110,16561027443728128094,5584540097043788876,17835694474601855231,13664363597207282785,1211522108978591486,15181615862909681605,3823809605489973537,6071746862679358926,5865491225593406327,13847532497486235422,3163352447831669931,1346752393121740616,12293694336697561126,7160832819476079367,15936315955112255005,1238390178016573936,9731197555479652547,2175977205388746821,5019731127184936702,18019257217973784384
11223517963761626719,13678825427870035150,9765513923022635150,8009092395338862233,5550004326792114654,17965834075195447351,10472188472397894409,10451246247197818567,4241457129240625213,4735440587619878775,7186864570787280821,715801807085037659,12643346464163564017,3989364629814962115,2342268200169082603,8624255881571125077,11537272566593556082,10672222048380317214,5661685902390412377,12914750851489391129,6288410837631560360,12467873799882979084,16377267141361517694,550329548674608341
5704158130860345045,17262925522406532369,3730167304793387643,4116953051824902167,6183363785167207982,16300530309859605901,6229674033086802486,21335335242807642,15737338841765772723,6083087390194479281,13488073666260116539,11046467937884933011,13652386880962848491,10666732611573455224,15211785323729293252,8380459125703557875,4988837101158907463,10256474238519820045,11095844009276154491,11238680164100624925,10656168466546687577,3530450458492850806,14035221262933895020,8025448083829619514
3005360124900609011,10699014260152362120,229113535538353950,7192851982366963626,18428899824062923733,7440538876588873830,2399523983971200420,13918841902433856841,7856415865110000774,15826420872080109441,5911088277890502953,15830634898079157075,11001789364703675020,2474356221860776508,450441190389833639,12843387589867714485,9497080733489423719,15430660297085416017,4130460621055980239,12421048687517807121,4517607011624372402,8501894873683888029,702637246099828061,961186879552038123
10932254068899459158,12469327198034066935,10834187461467820651,4443878459464896848,11486530603399170246,14355186705858304156,16159781849118780724,3093502115297693752,18203455370299268032,10481848204863130416,12299519362846824258,15328045025911079695,2437110567215398838,16397632531518463091,7306902632074619758,7197647688515410252,18115241134638870823,7306643113756255249,7279693070657381740,9929534585981454725,9851916082400258331,5797424766566586822,2709870658454820867,17231479257358566105
2847815388525920067,14180629288321854418,3268167729070898552,15289673290376217720,15817104879331596105,5435035831639631715,15886626140033218623,7370945841461259109,6179656912038418239,17300511595615027124,6536538715983136786,14922287883783242842,5666000913256028357,3614093385772997334,7538831581357122674,3880541261049684262,12250938297882243337,12383795091514670992,16844035109780828604,14831668100279474783,15741367597569376280,7346897456552912655,15577891650883497061,6156269491539992399
15105273744740215981,7991429335269282576,14096812189577374689,7821813926799198488,4982101912449672089,1573173080845636175,5762434914638524932,8380867248939238407,15570186304004035598,11245327315355714332,14398335269499286892,14464516106693315552,8278689052424793613,15369335769748334030,6787582559908919422,16158217839826737135,662794184969412776,1178614196357353306,15026702807918303874,13407269334832601570,16858525093801971618,13381171862238120135,12575588558319045419,1915106330062135532
15235343707276812884,14267058855393725819,4432778594844590531,2961030387014132450,2632571153746244573,5629946078470377630,5686295828353264510,12779044957913869560,15862121751596777730,13021125621746794817,10392449313517228554,15996656676750285056,5710890353960597246,12469412072134403391,2199184503717122916,11936638380715305138,15125736328348969260,13793530259930663046,73266061397419329,16763659782245966424,1004941836125505575,18146509475440942136,12231570440525701805,3961798848004663664
7276849205732232752,10990689058931413597,15142941768130243934,4321136003290112824,18248424307301214755,11688616113936102031,16648349922662332788,15132480897177059643,5994314254858694953,1986325815649895706,8415146345384689752,2669243434109388779,10518007616724373173,11818948686425495831,17246698219413175817,2361662021232945516,7785089919440044058,3584360162674610999,16695965311394900970,8753001571794778655,7215266496173873780,11749357408458510827,13847448969213400089,13547319739380360152
697194342182778828,12792798472915454695,11901537393657845880,3392433817880100314,9109162235812166349,4714379146473045701,4492329776100640273,5114546701655328671,12152170563225920071,6106454098869516657,16079441839300629419,2020109476218330063,12289594201752085610,16352014855569140212,3122849603186524912,9199605712337150194,2874762437367076198,7845024532120534555,9500280173304802199,12452987206676926500,15613948718873446257,6939133904832647520,11723387942919418850,12823202082354373614
11780801046297189599,5218129216876711807,9870404380467351522,1160228613572772199,9490790402103505895,16356384463826230022,14993158483984541591,5944635407631522765,12209403680571535162,8348801049036621452,15548318655396247873,16769505385525745200,16052113496838444915,1882394691821547228,16000916004265652210,7346705054651768221,9148425560324244242,2912381205682285177,17212849008491429448,5607423599986259918,8323780669164228077,9251637555678774544,2470801742686467257,12349016437451116407
522902932925108032,14091133091037277347,14048681181784402932,17158004840892562414,15029370543029514654,9771243917463175826,6444670233939457075,16302316354189391913,4301066239453256982,12948237529533132751,8954087263351069386,16014981011456543672,12389540593726179038,10338927168259777493,12689522710213875840,3485610756660424390,13422666141603271046,2193856520802891508,9014448386058079409,4952938329708262912,3620979654413854828,13119714557987055944,6546366485218538162,2040081439621483975
148764162286633981,6761504326324280781,4698742161293543677,8154901620744998326,418622730332971783,5016881184820887572,853329903526944443,5718288222541682427,10487553117889584980,4242209646475245180,17022320893635997962,1031551339854030845,9266443774933451188,1416628607133818684,121332711751876060,1601956664647756501,7603808331887719283,8718233012388847978,2817356858543656071,9653020488017859067,11582318631502773312,7760768840638331721,13593610896323924634,6518830909969298194,4233567890039467975
7198914090365121243,16003189798682183584,17942873917185567813,867651422340726132,18364255720865085501,15937094915351625291,5277284521384772509,16515947327969581204,8076194598805508178,14819318240357963689,288283727069141512,18428754717933420915,15915540398511903115,10473969528726174759,10746672612554287308,9483803290567481807,11479997252702849111,13015843487219686779,12055043834037732972,12535811509154227890,14767784716068157483,17908225484381661927,12126726295123092996,11176411412832055021
7192581554027340597,256001730276479592,2412158944107629713,14214296043004206032,17358426294967367104,18347456720632849628,4891893613328116975,3362706360496420643,8573406837590840706,4086087500251012669,10169828375872692427,15692728629040451881,9345628932471045611,12076607851311319796,2908688812384639209,10552295967780083101,7802301078589075898,10672948912759572967,7981349448271213136,17296986703693088257,7250067771760183541,10395741492134387846,8208138873199653430,2036953593319973230
5756242775518332877,18426088481717387454,5554009328397124555,8704213831723559440,3122609972443967585,5983008974930375493,9077256480276745134,14201578632487263058,10794877370719828421,9124424946396204102,4438088988795103876,17448439056149487507,14291034518389138748,3982909523485793920,1017426676030746516,12519813152744332927,1325243278954083440,935528645411983245,9276293965077211133,12668349637564950086,17860295927298477818,12290154961792059065,8593826359027678104,13922489518854487116
5526825041770228150,1907458939599814630,5164760811208789219,15992823754300157267,12990334516228152953,1814121705666777170,15184790556123560301,10658892349318276207,10376532222523675077,2125903321929980844,963850751426125073,3198914104319973223,17271420705428972033,2488618167464665999,1868996049968580131,14544431910840632129,16422298530056626856,17559426725933329726,16771683305053932156,3057930919078747243,10942972780509196660,11269827065183509482,5097784164473573600,16324969365337025424
3388093291964457394,4680867737357162886,14113683076033055857,6765477798221232048,3973826805669477485,1500124805238138652,2426162044103362305,9479055278495561411,16812525475534834281,2810238091384102022,3325641846173769431,16650181202735897171,17858940876574648221,4182149508193947271,12136130610852682935,8006191373648450925,18162870764662901087,10877274791035453689,28212736665143628,8184557684217026887,3964774394385879433,17232634253872332696,12932456548672404717,5382792833350707762
5311837905720581561,15417250624531821779,6666188265961865235,16997026998378002575,2215445337844626230,6701031849152029908,5150052557086046893,3176788806898241133,16504246580404243095,8352158351013819085,2235205286683153818,12188569280967076387,6708573884112349579,16580448778455026021,1561778538536434795,10431018046343557028,3602993244532344397,12749038021930340600,1689770722758115553,7391124151870766979,14683793114378867853,3932996143773951291,5550772211031228229,5909916678356882378
3634655639538520467,4537358119220619228,13794081462945557316,18033599611636905456,9033149424021811417,12486802117393736219,10389898879936058533,9205534320584939498,14854687184059615506,13045693278434516605,14341321173913570722,472396504606819389,5782005965415564438,17872648604179377857,16693571832188869273,1171188411222327240,5187602892670823927,11650573021831862865,16260015999353168972,1545213477139739332,17961972759243373133,5572670451149270450,5219554907251525580,13493123545151761883
5055178154334574774,18093992122670596819,12217533785768119159,17650034139105637526,17276461067161263712,988359930228790444,11465054558517544890,74107295034483708,8827408850160941495,13406194039914220005,13709888482012755444,3171448995361130235,9073480512377037387,17303057599100941853,8686887982273108865,6732677092236221010,224627102970227697,13068295195516901254,350031934286485104,391918225661309044,11555179265533478902,14841290431238914398,6360819386109478677,15468283474224123644
15679533612021904368,15729446850234402364,4099349454191517605,7057111219703773021,10570023033953124970,17749648628075170044,18320161242995423172,2130969808025506991,9911775048591120960,3157509513542597594,8384962807210169185,10929594074368548319,14729518241700696934,437829839265628312,3401588162136486880,9251430653165286870,16177151001027108829,14729545645127631502,11975664482346014004,11479543282995742506,1800229251085309960,14798700921923058270,2200806807039537036,3997032891869204107
6218629151689328098,9057952817303320609,4061888837993231078,5908840408368411780,7277365813794616674,11431730079637936107,6597469874747696955,2490679043534959058,16741010068160259279,13185493161477103691,3334306809564757466,4136588425671510584,16318834725971689183,4343389984093748813,10870766109129368964,5950688086693888917,14206749627051042586,8114329405651564422,10773221844975544319,982915024365971436,3736455254236218359,5610382005336717346,15628949670651107037,9394267932827178601
210098512040877293,16159053957362079660,762131011308699707,4346064056812464248,5794507501934017206,7447376404450912503,7003129121436679911,2158351616137315431,13042219447682470241,14841243309601625961,4429943533277000319,10232118513863629190,15524390987941005622,3349587244976471987,16365938989433584936,3352483841375389875,9646014306934887957,1478179763538801221,4633883704161663230,4629004234388671262,5724657304723974038,2025019704162788822,5065027719819979748,11512304788430553627
12360862417596136156,8489122930726958366,18110955383117714851,10513498742663270802,15404095766847188909,8740507893242673996,4523438257911016610,9426558697379662054,798733029461639874,7563173841564245731,13002762009245898051,11637924958189703105,762025469472632323,1819006250711933276,15435828142341647308,15123957868028639054,8810043863084085355,18099145974439989750,3583517786332893617,9774833690355159618,7299533067762004209,11700685824366931125,16232556217619548603,2187327973633020409
4872662672883793288,8985354765190284865,2386807253999699417,585917346340433407,13681380982743239715,509804960424459914,3811143936537320847,16517878942680720013,2166901284694595994,6937083267958741825,8046824302766182804,6741431636067539820,16264056737372692084,7903499379706054257,18119966277317504823,3006063088209232293,18416389868150227769,4063581941835086852,10988326071168358619,18193894783490220207,16353378490911724148,13262281941221431333,16355285921316333531,17836728671135654192
14289114244133052515,10133299800263753774,8678419655197799574,12396857775992385208,8209939005321434272,448388960730692889,9021022149737477065,17838368780032447076,3983869043100332330,11175460778597950508,2188659478247369241,15005037376080644312,5026517243442881914,5347587377069795180,3746342154914358195,3782973766279170086,16389693044901059659,17722872743460332466,430144971610947571,17590240585945650175,3837124778749587176,7974131991400579070,11617808834303603016,17043609447541527083
1906482540718369354,826674261798349318,3316919424831325188,1797039008127329458,15446085694737518796,16017877762480271911,13307984423969384815,5396061698242446828,4226573141922721411,441652160110885504,16814158711183454279,3805638273067458109,14670320306491897880,3896519771324513164,16021522185509911934,7100470667868749798,9834838954405192605,1455753116950653879,5362947556098183199,18369159760989440358,5933409609268384177,18266646542786644222,17838469641657998779,3328187520256812861
12788796654367678627,3564332153682430121,3871304632053402230,17653835610571428524,10968249217052267502,13862685050769267652,7370480775285838550,1028691250739353692,15875263247391920000,5145879243716206417,16027979492230965002,13124736670109682385,11031940996578433985,18230346182565438108,10502638876613976678,16707354956403667515,9522241517208260902,12413392452161916326,5540497183668331430,261540649452052647,12033514747434664618,15424947570711979992,14783017376062301303,710749887695536923
1599436474049817415,11064243285550301429,17868406339795832022,5522736589258132729,12116283359140598426,12235792882367383478,11068269052318795245,8981012579504617931,2829828659815663623,13313381503143820892,18210103496795239406,14319770832187998404,16084096994791652811,15281235837420407977,9919308887738553946,12701328587848156298,2665884919309365055,13576838036603881633,4236194816759808118,15842444822891421734,4290387033181506413,12344972196142395846,16718359369725016784,7684486898279423234
10181843647765454785,8474892672827017206,6351498692169621283,1798548172840081964,5991009940121033221,14132180124831806870,12991408984834695261,4824358414893966727,5777477389841214671,16889284179074042979,3041501083297965508,6495118992255841014,10131589059264960680,13821005258989618653,749515106020250444,12557128617500835157,14726852803725624728,5383022208265289705,13576883541147028013,15323323430841684705,12063197721797167202,12120286750398117956,1503124402379004027,3161200533675640240
11817251596321826012,15750053851957430211,1167911052483404780,8712392554393053949,14189222555206867675,14197959858586849515,2374873504664040994,3352646055888592379,7463664322942959999,9206042929947260647,1211422059065185737,14288339259922050434,6822939894258308931,747734028070149520,14197679735232651569,4355128950959719801,15680443999849686017,3023093758943395017,6913598317640440618,16057022790557631036,682213609514012002,16178434045171987763,14186255073558110530,7490737442247472
11137897057852367391,877120292916094952,935405368049429432,8976617862611753528,14848369313861079018,11081343509755164423,16820876884884697870,593277493496277430,1855546476468241444,17952762863761388822,2089019977478641943,7812251293718609244,2675879234388035713,6621200083251506539,2514981751038972858,16631386550424409846,11657937138097503578,2925432019467374229,2393189782599068529,9194983151164101500,15970912490365953952,3293542865825061288,12262608625038482433,2488876991291835489
5046679053326180385,14271591568813973843,8517613763549465529,9601105140873193936,13203736834091833767,13528488933052305418,4358879691293666216,16729617712301912244,352027463568912594,11175786957535339670,15319545599730371804,4225559558773474058,2545736975805171747,4812496516796790664,2721025918230155307,12296885296309520611,6740169737912540982,7775693077613571783,3514333119198871728,11982527890044605097,3111856792702464328,10297128243732978676,9711084526786626773,6497439914791154577
6405125557494253819,12134998605211017306,4810662168083838259,5421935778562422430,10436816526517792770,5575809977644342963,5084007356259171516,7759769494234721257,10360109553095195958,7134793088274564700,9579147959500496363,14651434383771088573,4196549920459427251,9033222032377092060,1806092533804625183,13861675112236700286,1695752875617038305,14010169008619679107,4636946310553536140,6614830084529399319,3642869726688183000,12032907341782315063,11265714880656215754,3598147501182868674
16370674167438374615,2057595000953076893,2470050052843659830,6257247656389917058,13848613840766873509,7027758253664161863,4536708330652836392,12610464987152348832,16471238336964542176,11375074455772126407,4119518410459584287,15231592660929204278,14860048193353590327,8749043340428659064,9548291607204686273,2394073536782371680,2433384864023053796,15194009809331113182,13713637969582020854,1314352831921922557,3499173682862461305,765773557009695187,13227565023829806778,9165981144622363442
14557049334874250096,14122790037521395905,3489492067049640972,8156436738910722704,8369371318270663207,4908662453378676949,2945087693421777889,11918101305190371573,2914470325807923359,1420567912360144970,5018399400073753965,9366357664766790653,4744307319421192132,17941827209939142021,13240064139326562382,11663432284100554368,2203237876973098297,2646733552232486247,4026604943944221480,11339464263046539296,11009452149663492061,4140030411947612897,11446770155222678486,16941525248169000855
7811813827173561055,14575672875795351242,379516360807607012,2400125084865280965,6964375638421677540,15614980528810088013,12051641722528872298,17565670198030589501,12649082225159548295,17959376906637018160,12646938065028508942,15719641659938121401,10774309730905896440,1131599079266234757,183886373687768137,9129055749952053332,13429261246450802428,16943865658823572060,597756227408510083,8749037555489589382,2674156814458292970,1032747979752622098,14360404218421247419,18059475332108657912
7361442850608031997,6680422780049735553,2345040324827232937,3062913389208621319,13488580397884715950,11580674595697965025,11333559881735809378,6710988606624462430,18391853669265402429,4207870178579050430,6178300502400372788,3815378384183957342,11037964985908037386,12547941825012045452,4697844520313914562,16107598838807097149,17665189083026822196,9054784414167921191,16533181334193308089,10570321426224445386,14945853106791041595,9092449157758944550,6007436972266390296,14312860212762925956
10734437126675856121,5293970902733855857,17681441510337221405,516488346298512542,13230061984723453540,17146982454904978907,1404852479735720861,10340794848972213074,7810316186792051828,2054020059545016972,9679254915706820599,1838419678176890887,10212694125713321622,2333744763018141773,16637918531349360119,14827947176573918916,13054109752253820181,13962853516229973285,5971106529494915129,13319673504138459790,10598782250221234584,6498436196369303144,6839599733364472206,16294830631556035908
2624679327901938622,2656685140564338423,17689883325294747089,11532162079677876356,4941917313252318105,3591484689195729931,10199595716155890371,813380625230425755,8811151546440088445,3818105849620390246,17235677778692421820,15190788307891350246,4747984409090461458,1137628927620589090,11070975342200733776,9733651483413488528,2503483168343605736,8720350990709652060,1582959264309712677,15147347076787376614,14701797931455370278,15946619047679452531,5463833224894280025,8206825953667678388
6170532749524107892,18355276095404286427,8110642377804199227,1779502297128689139,8182757759263235941,16579357113243129462,15950800324012548371,4526500326199167116,215804540334146884,18430968474277513703,12798564705510330095,11790999766107954328,7076181774534940426,16859183058206463152,18360305532803269619,14260965589099504896,4816443164928361561,3592779982290694762,374994130995244314,17798163330541806267,8305272720495587343,841384162040473039,6983354392842760612,3098757032969212151
2117605357503204961,10362972425417219266,18375860845227398397,3484209055775200747,15182821309788777504,3728759253475084253,308172377686212439,14355099116689533573,11800869434336972977,13666015342325363515,8883735389440254092,5758592796202279798,2163910699682133437,14595143229841989970,11209082791502992130,13799639326050266800,10409237832188948432,4026023804591160143,12555565705725151911,16451523478164980107,2851135193683014852,975302220272109125,11228804987361227763,12254692026241289930
45613805550263185,9393333394822161860,10759375682641181960,11069074953560076586,18382524545116622994,7711522521307876767,4450463474137030187,8948478535448547585,4163596984787315298,5990190271253944491,8381231047249325853,13210991900122326145,2039965539506008719,17468729750077711538,2385292315000669976,12764066471482055173,5467514228077060488,3148995764280624852,16410406301513661966,6626751670779815308,8955480147366001973,18006018092908092968,5572014116428973098,15569219129400088929
8315664029574223140,6822296721953231156,14762959421706569843,10021283222736048522,5534866165529545315,12602033106589414058,16694412495447463296,1024758267863185164,9548916521701534854,5205509157936354049,4626773651137027699,7416591880193334468,17135899068013960569,12824165088612910101,13117350378997737622,11364964102579289660,2614145942347697819,7998647000966125664,14320634731062050666,858019460383272545,1950535348614411811,10626027351148587981,1575561257417946034,17641196682667854531
7389817276430191882,7361085390779518055,5310255895547496398,16884844630107230758,18025836366021744569,297136728743587294,15217707797392257699,6846390904579805657,15111517721939243859,16273750014280222927,4396030857754475472,8324915367557404433,15886261206368522588,1840981656961079314,7675273619799214302,14194543223782590259,9827170654636691746,2803061243488711400,11166806161260775764,3481169282123753335,9940345388396470405,8416646866866518710,10030010800998568088,14366463050680125742
15816955171048773196,11241787285896740125,8003094668755414083,12870889854960626056,13589982677215108329,15034336739982568449,7465656483469627248,9929190275966919697,16482607613232181007,3585771911569603699,9983151861262727780,2940982195912192073,6282737087420979121,6774232937051894475,5632006019723626508,15515750156396378731,16138601069690758232,9091624408325730566,14622093293114996316,13034680265275887510,16298768422729785308,16041712703504901090,13720332535652164744,12735844449230494827
1957807307054500437,11687452524031432397,3290822622408413721,4183209986533373614,5784986430285063051,10907732182877277224,7329877218964781338,18327637589225603540,13533336047958935390,15964845279422914319,11475272087703488816,5507701672160772204,3913463691604956546,10281805055964623492,14372194586654482819,7212500550863999916,1892224647475145669,11294680282319540192,16116366405658954740,10416598740447064833,3056389843840010899,7818021000262546007,13283793399755709508,5130461935993994716
6775933730951572033,13475367760910205867,3718835670362016907,14457952072321365749,2842141014725011734,5541530482741234949,1948652335301121645,15863631299778454884,5713507662090533391,11537412956605677031,10745268533964534645,9078811999688131457,2810825936505440781,6511900933875237744,6681585090763445589,12226814890212712714,9887497979989493015,8190509670968556848,12442648413517596100,9990962106489330837,7444568085346990334,5511446376334597884,3811322758434661599,5767804759817421936
8534813789994238713,13410935061940839278,6157175378621235463,4758182309108800823,7045590205799078170,3850160946781184056,8769946485268827378,16427795081446783250,17717302650053529479,17404059322978846093,3244026791683240436,7917209579829318562,2375200056075552632,5742456080928228977,5565235136014539660,10070023536134798209,14363778136996487177,6684523490792769477,8760021471046016160,9562433769146514705,17595433965752197500,14512033232454520216,3150684765118619118,4947941367578417367
9564599539395229352,15190137928284898513,11159385567083569275,4871588193411668690,1258640872941066353,10004869420394422996,9912327954463926805,2862919930381515561,7620689425010788846,17481188155122006952,14793806874996954187,7222627468192750883,694006287416649150,14059394278198714198,18031766723921138672,5249023593703047816,9411084865018324771,5722764930952936721,13418070272433841021,671492473666190200,17927164901213392579,1300268785353306843,4243451142274870367,5963623861051220161
2129207757661850631,8243973693069000748,10228979597207769873,11600493863008450290,8102994040882288418,17200360038612355784,11365015427113989253,4859474190400794322,9862576592355092988,9612001521623130061,2934867659871502949,6114589809376428638,14956150903078971499,4561476674487101454,753518747676381123,2843842371041638133,17147577466513815674,18069000336875610690,8823246714165308541,12867297319244484972,8251670590712073734,6624821785007955045,15839215828053503509,16921948101609046922
11538061092236875561,7366799320629157675,11938087523338739181,18232661869073420123,9527054086868885760,9724405146741927751,10780111997645746008,6724277301818182631,16968026164319471482,17759161544496350515,12491950112990857659,15067698653207441991,3796899152571987237,13924226309882773173,246357121819716901,17902503722262917574,11415157807694536883,4394755938998723455,17058666158169904141,11376285349138730970,11249943129089705504,9648209124203125432,87256234877252308,2900230309405393048
5922432164656300976,6901418874520402879,6955536760129594457,8521693671171595415,13673654812944378026,12261333486830923514,8875888284846592348,143243798740689080,1917003583881005143,5815752424061077229,3748171798769896238,1693977174770288681,11554166452960374701,11658040452186716236,15896834075432151663,14636690644762997544,14647679679496774632,10742709529078654883,13943465125893106464,4214519030043762564,8442934932562313006,15962510512815214294,4382415014748974670,2830694517753727870
18331015596483875948,13423303527112099589,5563746277291587667,14464386805380093010,1967935533263391815,4241380182999541505,14816781439649096126,5996817816481629299,4137926826569856921,15791803616114282735,15277099784346922968,15391733480370611912,8567869604621116189,9264682771960051455,11415243970083471401,12333119326711494650,3196050259492638481,16045030715806992069,8986591576534850927,2134200495415414205,4506036700128239344,13447453505362744281,6158467507038398576,205067573763307453
7711356872059758454,12446174350348248499,941304448378975677,17586081797141945338,4622888184997620298,10761551063084073690,7035533171262886255,17850445893460546623,3975056524828663981,15802659394270180551,15167890297151702576,3790707624066239545,3426301274739711269,4163066372483085908,14814725784836699358,12771715390958086078,8677873215046099947,3924545846017303629,4471324659611401226,5457818249530241715,4772608507541939926,1968105588378352392,17610423843902996630,2103179902972018283
15555094697857333771,2044870296491346198,2074045340650201947,12409350146666689483,8025549617515637399,11272753634936179923,5841161769964746572,11106521498398315967,13310061457540244379,15610204743458732722,14717552842620111732,1934181714325176878,17540380348393534697,11710899546403018054,5857059084257487120,5279792710518761504,6537879476130292414,2279444566672293325,11123613246175582221,8298702249162388020,9061984479461546169,7459321296721129555,1973416038747566667,9987252893813770440
17142007147291483713,14635609340651547432,42704111794636657,17920277534276200590,6286988599287396963,6325495635397047730,18414793944658911746,381768216439419035,11018698914395441425,11207981265523276804,15294401659825438913,12690922751648203889,5788670006797835442,14697675247910712108,9555068096076333964,13881407518593985222,9240839977214497847,11964335443278332682,10681728545021544081,1583008526223689051,17543159979795310516,4809863598636720415,12669268693085605159,16013409742382212532
13709964338157233162,8664519285577935960,15446501697426674727,2031232257054948435,10163045378729331483,7737229811075447589,3175577557889393860,15741293717024337647,5755940476556482191,2022253207695950546,11095550839379200148,693349845610127639,4335200076296998187,12861354190860782675,9152374311677869973,1385966489574459032,14946419852093646926,10686884195325363281,18193849187741921779,12672533524939132173,10390514935241918969,18283476228979361262,13265028159975898583,16028942367986855848
7272453372915961012,15035223869006596487,853230786543937392,11186921648895234836,16900703174654450548,14074541305328201821,3297338645226598967,384068389918790120,5371166697463783601,8553666071693616195,13967578429096734137,14769098397597941666,10372965774437481759,12029569133370979241,18127737942569002936,2008862385812082714,2483105795592050444,16031392967523590015,6912946111984952100,14931982376209665821,8194441931827368444,13656558712965086194,9470567522634403834,18299862482626708028
17719420008890487663,8905229670890209112,722192171304631707,1743969026140305208,16754418347160950081,5322175804721800396,14850014177189795571,6026367755128361434,3831796454182914131,9980367350245614863,2411770033516455745,10565475654726856187,17991151863320872419,128700607805757963,3618643495818884577,96177349348522516,894815304157199385,2460414728120327498,3614410509620074452,13164005297060493686,5585433812672327873,9776692709859699623,6069234348744573610,15967396697014378413
1462259319593920687,8552111260463782235,13279654674246891832,17096260416671656622,1088239604118528343,16933398649263824578,18213543344405263792,6176010612591228285,9147302994207925594,12685091051140422981,14054412083364780927,5385413173632949346,11529436513660538396,17693299134612210093,18180521415889946578,12735081414829335188,13444695462179973204,17707194361892642693,17375569772362301098,9997810553693600455,17066348191101498548,17594325478021592026,2912515338282355995,11565666470035964916
10474555698263304082,8054442870077008194,9905305856585275462,1533298562098670911,3802593049366870916,10910637245193639982,6470155491883686732,13852091679278421052,1155996042926538291,11901792530031402465,13280748336360547029,3631807783695587800,13241776419733398616,9568120245291835184,1167391831451040761,4335237703871324688,8056384774724795055,8985051739530777360,13856707681517702111,806043362621950579,2567265570874842346,16849314190287092339,18146640071449685696,13972960891742777490
1753526563008547384,12315969931227666869,2438893827097079708,13833017273324526271,2078706282833401305,16330657919447872543,17699096336343618283,4574376744075059855,11364074019714530910,6807146322292241526,11241316830840033154,2304918147999270372,3725937114948603500,11906352051021978960,11896038703490133267,10457825344638413791,3911086599906143795,7203754039890056680,16646748653267846623,12365338879576922611,13615083603014584102,14284557076567115786,2954496526717368421,7571078797337729945
11394669232404355986,4464242270331188194,4550630632020182518,10879758393288609125,1136193418946154716,8409425832671760913,4518314668554748524,2927693855058300935,12275181445641917697,4006221566321596974,17305797181746085227,7729254629632622833,9437682942517349456,1711370409100126251,5973977556604344023,969314052261157814,7214497490783589848,5313532119761589143,13132292216606294411,3137401674595627120,15128753342258932383,9747313611690350454,17800602657062896806,7747578588469849854
857444702384171664,17350767253307629437,8239526078355692107,6094143297077951543,3421311855006786538,7154941006452531839,14466314285481454687,15501204151295276217,8022882274232091506,12259154610830292665,9543457079336177767,8976225489316176189,11233519584106797144,8593054282465830622,527033464515635080,15395398969589370776,17967907960068118506,16023578216758227363,13882896134315296553,8481895406137773509,3694304724683991394,15013182619162129624,755393294278152452,11528518026818208547
12836501707101917828,13710077522649914953,8208709675599145464,18315978344349066751,830937559563194494,5331198938985951703,6111848897630587053,2306759722374980834,11238695672880795349,17135500966099321155,8619641982719024724,16523647287392758462,9125718046919883989,10120591180236217605,9446385599641982449,5182508810429238593,3716528580130935590,13433789258306237015,10057401615297383268,18267322261724402226,4055045439027958818,13385114254024186708,6339292537335544650,12170660958913921579
9659126708734001489,3645153401872271878,13307203347421736084,5439734972946266104,4653361922764347328,10815003121823501697,11076230119351851719,11264670086542457494,17722817155788266809,10124713450518193527,18011508398983774896,16642514463544127641,6019702342379790177,6582199231066270588,11017403554451118562,13594195377793719679,2223312768007137007,4983429888954404302,10346875969445345266,18237059696227021084,848706624287616094,12525243046513843391,9496767896060526380,4977493924938570890
2182969939339277152,14154536046885746509,3099275182284516365,16478473771878136907,1553162017365001309,17730755624162584255,5593628717332934727,2275206879333048625,7719285666526242600,11691307509379574704,16563208682974626757,7548119583623813719,5849885922477038244,1748114206686405250,13804148182078803948,13291428605046385359,6095482508357250279,10805397700602795533,2943877121223802260,13341851685453296541,18440590398992635654,5503012832091661342,17306450835189292360,6402146066341138542
10564449669105325546,13414182656223595934,10893993183549503298,16748191131042958651,8864647656390808636,14385120618735836513,724776196105496681,5911354420313367105,18188265678553013782,9319585381549644187,9589392613842442046,15148505067002275195,4317690674298092387,13618926590730981912,124393703262192649,14768019932915343573,4102021342443450369,4131556268316187455,4974669742137861243,6140487068516704750,4713229664754498466,11019791196478988583,12203839970606408988,7262361074351526221
2693536451191072588,15885600448751438290,8169473440819283488,4322689994647879722,16883839333702096176,8011605115988352101,14341764189195639674,1324943037896845719,17434291781822804286,17945218182230993611,14292050118913105,8882339740334229656,4164849660810387599,9640955631340469479,18392359286600672372,14043198032460615909,6388123617729421455,2649599199129653926,1114492760257634208,2246892121813898958,3538004471701692285,10233572146981323472,4642641359575800580,15343350629348182341
12158553775389046917,1320073135301735941,13383758062323440724,14184343348194941103,3320515698598986865,16883936368402859055,1754071364596288356,17998895396532592025,173240950763945550,14230735800252949281,8387371203810829747,15134223270992766130,13322094853834820212,17366741727606404375,15188403022381023738,637259570265335280,13824749399091962629,4721133187163099608,2306455399676785383,1061770376204507856,6735312887127919084,16111659454268622748,1266643706367103403,16790590230780813134
16247285819466278154,6699581861268114429,17439100447022035342,2131212195793988048,3783590151476544414,75298478277224587,8359654572826449996,8044916537133782971,7791529107408939060,16805488390371629222,14039403169228795276,1048239891770810944,2262560551002479537,12228839599094917848,8570479193386188040,2933109178065766262,6717889652011769621,1427230491047738576,17513457805532469972,4094941252403553358,11641601583256212358,482198058722293878,13507718401815319691,15143879555933328598
11210636853621035136,1114872424920053593,15747528909795708677,7057463525878825989,5338798598492281525,10963658196611887969,13501735470855867937,9841177649242783234,11970459411282608302,16145206013009099805,2131877173539334626,14705187613253318783,8615860013752231922,14872952574065773906,8033828995723018354,3068320930110496370,14933207205933441716,10310664232223530670,7755219121874811316,5485522624907478849,11691614764068998171,12899630450970747680,8518345486907951614,9162909100454050484
15327385897374711974,7838624887699712988,9633872128720798395,11281701242300634002,4304569756123785916,2161546892371037708,16126171178086120763,8422689009291392418,5294824688608882027,8655400637981843683,14124450338870106926,213255407015561028,6677648067829403127,11510785290285235770,16459695012075099345,10560541871623178478,14779661880062544431,1924295307261891189,17687277286003443216,18294443141105808464,17038326453956037040,6992444083910070187,6240401865386703956,1395709285554171875
15794764280339968922,2421152900597866933,4549693314420889946,6927016986485613040,1067855636003346089,2380296080383071511,17286916010904260698,13652826136502800651,724721532771188016,17533232380151117960,17594737955480500318,11607622509457960179,7510828110515701297,9690762961014089078,14398344480823850967,12058849928827464572,1250226442250922487,4148288998578757643,1919500546573159965,14579538839806022228,15605897370477520185,11405221834074426479,14543938756879845214,9579707860987837895
7104185032354451690,5455182181642039141,14598828738555917133,15663751159255722804,16961322087888871586,11555585830920585878,11988737363233315737,1371373441875720708,5885657160611675781,1774645380718894283,10952833133679078392,13978009832756031246,16723532863990729785,1943692921522152562,6263948431968708099,10180956092414613104,16688773758738377439,14789841661282398817,15561023245908426525,14745120163840488298,7584237184000498465,941272729008066576,15475042981740020579,8020870002995983637
15273076201935472824,1081517356127257338,9426279570906413033,17279457760856275491,12625635904728110254,17610273145223143242,365619329937587805,10778136607155981969,1688161112989621018,12450879215276155117,7338582084990122414,12728552154283849691,16353606449292935580,11315870869234980552,3818155363226607804,14455044732598733151,10379781639569775794,9449867308607751464,14708047346231355481,7490392568766595213,8600451706597688322,6121101794076675508,1548984458719112368,3846668569644614763
2175388431625491383,2195701346516446093,8870618699794067842,2018536753122751431,12908536137646993949,11207477067407490224,13002597818843382843,17433542810214167995,3374762842915287625,14611090578625677961,4940405055629493514,11709602511456345672,13621571278529458209,4678675771900112283,18044537362126355797,8272093471203311705,13429089323696679835,1230882328826433163,4251094799158228002,15495920544514517413,6357891036873399158,17463746713672130650,8294664750638259440,1019297959544227538
10229824451014184632,42345901172547769,5661505952148628196,16109173730316636979,11848763170885080869,16169132943453329286,11403781097316651416,18042527254691882892,13219074991531246173,17595953263315866785,2568458193823823659,4556787481566599504,440612821441914388,11667127194562417139,10060962312665500379,7295312347485245460,12572491960768957863,11884889178856319914,8818777463710165470,539778912479207553,1759369824260302026,12962692939256782075,2132440296949928922,7212464316693282939
1057928575924868582,4587759561568658443,17904434231522833438,4354255162816963031,16352012308510399991,5854357913448372648,11323927386133240092,162232145141579408,11334341555310301355,8477342059446137477,3082456429867485917,11132122208173076098,464815185802104051,10020514200638810615,15149206509597322516,14739176037446549907,15134632979912674524,3596473796547736901,5196170267756358628,12990687084765685202,6810601939895546582,15906657053254289642,9286411755406991598,6635840533994817683
2259275367592467692,13462493818016909651,14975258158406176141,8735042773322134957,9992181937416987456,11166377088968310405,9851141812628761595,1937252310565903983,7125140392115202173,7212208701666926965,9123245519212090008,15996794957910249545,3563802737722914485,1656200315591873608,6968746782331148735,3055697109297170807,9025280890939813615,7416023431446774213,15617226714312621862,11809911817645975744,7908908008625731715,2883511098183442294,10742470914976184600,8405244822550031610
17314824639386871919,9958233168680026657,1766105931498914703,12794983590071172950,15329728812870527105,17987554288974566230,14014331772783012717,11176717922619711358,265587325044331251,11091709392045820484,1306042971502220330,3243406522237286817,15589926602679037192,6167313145121200436,14211705952333055043,3475344245389281005,2092899229542184529,9843087071597022405,4601422993059817421,18318606642304420345,12459906730835171232,4983227677878609772,11220473512821961166,13554252877752897514
9207649796934470827,11817586323155186279,13328972270014311809,15624179914189168749,13063555712417795937,219103552266451068,4888393892868185008,16064015314687346591,12381967059854471535,13331972773369640474,17824009493733955038,11287358951967206551,4724139893117110730,7871110865330709680,3470315781268526527,8520850067774631311,8529400239701948083,1843077042323215348,15596462591571991075,7019024591829377057,15958467339145101693,4936918625916661902,2518437540588339439,3606449525531778220
2753827809922165325,9357247817035847915,16238216101854072742,12219266864546565021,14201461401970193626,14042035672322617978,2012267854581950523,13667152686291061814,15172678088198167089,2144290728512039561,7768398883274413863,15979483429373098397,4516687899487073445,1851654565069114822,15418369978310915719,2215643993559804722,16218606364998470287,765508463390965739,4008037855244547734,10382705086796461603,9910653417825055609,12877832878404128389,13920579788626441657,10930491090109350369
8215194696365401582,3279999399825662049,6500301961461576402,11835870699133337635,15642222964016335569,12156435509007230929,7045533118458006581,2060256553166797888,11451107888964410456,10040768604274928168,16547989372480396048,10948070443423081350,16051229115181238878,6722414972678529562,6176836844966185870,15809366074109164007,233067942988911591,3672027567880227647,3442468551810287837,4697034579126201599,5635444595914395156,18254697060015261639,4483530885936996355,16027076286120667858
17960233426709572966,17015298445713502850,7803222114699399872,6125838888653029188,11293856616632887054,9600928488418240555,7013756349253243482,6421854190651532680,1248778024515232765,14811818937519406022,5577434692074326609,242151485680983050,11248956634971251065,12125780418900193278,14668188148920270588,16683846528533879590,1396404032953314820,5999180615971892727,10121767956492500314,15560526345631240950,3859665453109551009,6457752263860750726,7053243402452878697,6043673378726940363
2943865879320071708,9651932655015062083,14479661117617449734,1768103460818268023,2340634727986942372,12263848970215410894,3034123762794973294,17019625126732331333,1188533076400621346,8931113761638490017,3376565836338798112,500951255029994882,3253566357177120154,11268410610669092992,8906653628945544585,11114251858607940019,12319291741913715325,12981633089893319413,6129188455567450074,7106787854965002074,5289051098343824988,9839828935322848095,5783961215890153121,10437039041837996886
10388625415456726229,6538725920823894968,914496078299580879,6280645258266689152,10801498870339293128,4053616644719696233,17244503893303803642,7163710925429729298,16966469262937079923,4666928474763716250,4641051469121018670,8388699344890852543,5246873295958822203,2095478695763716475,13326571430586987713,1882037748354589205,1233990335199470733,10371909846848580823,3382589317051055326,17282964024909143063,9403516615346828589,7644190941684273299,1985442282791065452,16246972245399624262
12955844940787278143,4233632737126057045,10436286988449221599,4860898685555822776,137533647136101950,16253634084263688882,17595289108988712277,8988689126269883717,15968986813146020508,6521836291863176363,3255626903670265131,6899798705438914140,6922117342875476252,3409571801413934006,6075906163140091292,7979155538100457766,1863487240397495081,8853690684449850808,12003661053082757590,579593170754065126,17931089420920410920,4095002913110240657,5844404890355422353,11425847628597492592
16428209410851778256,4410106699221870279,4112532233131927049,18077153966139993597,7649875943749328466,2321817782041738030,8911232512108674538,3813477489044424042,6973208393428654780,10129000792634341709,8779080415914500592,11398089458252585060,4076586206487826459,15865229913258095746,1640927166368649614,2081902678246602587,1785498644740410382,6874808562395968732,561530000159701479,17180536162108833451,3192975129678515704,16103911733517297290,4677513032304747420,6569388977470055564
6375688988498809990,1584759928371183310,11516712865905011854,15070303169272168614,14989168731927067406,8707487426787277444,15815445891949473439,14058967295865668705,15907401689317685196,8571895609374942837,6222572602063922985,2194362194854819019,11929480747693880599,4978596617268031163,9570243370698034048,18150497696769191484,10171925798058171555,4124203440100769893,9226012297902003608,16579618119548773155,10304476781210274791,14265597051322701458,18011676846859648076,8207355688457318532
3231058489380957904,11844885920379304867,15678380644288289677,17165590441919322000,5804651472149988319,14615626357779596934,1256873600374050380,17140992891126329630,9037973179552831210,15501037720381750304,7163199637108337300,3324005189644324313,15527680820235113665,1831933073096573572,6740210791311379436,15833532453189103190,13860031151229446051,16326711125989494450,17039305583642214454,10845967394454632125,17355096284510595132,4974517930605401961,14962852205105290777,2714994786774462416
16307663173814849225,5741336044051936108,17755739298838315701,1538460093903638663,16672847488021096348,7595336863563497368,7909981980648541922,2115751192146528132,15509509297394070186,3627006382187188532,11986387345646232149,11797415139586351174,5258452618196246420,6787374263953339890,4288048930119778427,11442594862428993601,16112204455736659990,17504577096298050168,10599933589770116951,1463401525785182408,1343687246272615092,5391038586377681656,2359022823112733240,11279711174483754222
18348520784881185347,5760969303083618960,16291374485019309342,5715577694247713561,16475317998241904273,13923491588048181290,14888639445553425465,3029929044574908465,6531042291059768581,12174696138695855636,2210779693547104354,13207215320475178741,6245370856680952587,13134243271251704798,2355221989199259776,5802851424057078940,6297152225028117023,13360567577449673237,4271696696630704665,3573798847775616074,13886370705467561070,12887608281788371257,8041174620090219052,1795747621542096208
2473427104901285336,9199045453484921880,15560996002547637763,13946454165066926580,995284105557598270,6915566359443047831,13137227681491483282,13939576229328470164,459982018700826646,1314003788268807567,4920123463737789288,17724847944865342629,6931948489644289372,10969520874045503477,8842630440935750221,10040901010666265629,7526872880399556725,1779531356100624437,18314777031086603604,16705364329848520947,2989786699951659384,10753061238014644802,7996596096861351859,7311204599865002259
13943867294504503761,6306133220837110922,9133849625567730290,2733203101825400547,15256809507277277938,272104824022250225,453702704227707502,14062883637415171791,9444125174770346773,8604258431629500556,14643082027157353830,8851124921236960193,13943472333797197999,2414845345817311443,6844365693819867299,14004748477663864128,8830776603936451016,3245524014039645176,2108314337844375609,11824513127722485167,16982661030426721778,17727184011463115871,2168663136527490366,3895034719488022330
9726334611506770684,3254900875011366207,14541834768949136737,12616733141415822860,4770870241289578436,9320321631127628047,15983218774933416715,11482779160182780909,8070516861248043086,13685301162177542222,6271838109383216056,17423809674384380261,4738874644865011858,2370142284299333314,12219091014092978648,13701106416551335681,4569514457944419131,5873723940330219310,18219886828073522259,11263233272327409097,3921077583027463901,4117539678235206097,8525321900085520395,13331134298017179335
863721470609898196,15975622993333715667,5554748448419528418,17940462266941431664,3209171579393695298,16476647126537679947,853126987628789131,9492729197069615353,9321057833558112191,17452520307663115385,5859733045888787809,14953666634625673139,11074164396490604397,8402515997249277452,6361257451235422370,15957401907744337555,7877188411145282241,2890415045310927017,12024307640871124870,15311465759600318798,15619276805525199087,6807147199817332392,8959036696657950391,5767229636420857676
15323959207295687698,17712704655112907889,13612451980312238840,12348983477193749882,9537821732272029521,11404091732320047729,13512341534256509844,3556610301027363700,6170101840559461136,2798435297525515975,1877007690540317929,7942221466885080518,1267172054152241550,4202761818952438102,8484717986005437607,13481305149894503066,2715767726957852845,10894370442729181312,3518115213640730040,10259671182468530380,4521284604269435110,7662270727308563103,11311651962880573918,11857683847508815954
7167707755041379248,17356931958681694830,10014863467717774062,6916312401092601657,14112562917918842885,8381768412586653935,13512926254112657233,13014692833326383536,15276660998839837652,11408149538637244221,11074179380191644667,6827075459616898184,3896160015523594100,12921213860104876816,10519600120691042375,15430930183134639987,15346222168782907313,9303235256986174856,14333929795330573070,1524033137776485385,10229752250890743518,6247120060639718329,6488563675577678793,16427949149737421136
1953383807909491478,12419508106697338948,1043950916206188178,18424731523098817646,4309705067139789613,14077904954512638919,2790141122420740986,3888011012967451036,18296559666985598141,7318285602868766686,7611702259605351214,17279009769914481272,13992909029803367561,9240468350095021291,12255988965214120711,2083662661647335882,5312291373023651995,17572725738458272317,6614284329726728864,8397055709367105529,15866172016112076894,15602906597344286367,4163274213231326810,3388440054347560300
6472631704801771629,1718295569718351578,12543744242806947529,6887365968807220986,2459948662852953532,2386483011518504099,7950320542298860338,16697527045806034142,13051428052648536364,17098849934842504926,5442797117869771600,6346324874894092641,7867729671961124339,2744453069681949418,672429204905396543,15826376316122410543,6569698438432365135,7402249333523379080,14081879004003458314,12079158236593529829,8354407219293350691,5774543584534200049,1664825646238266399,14533814411710533916
57538158402365602,17838645590782540381,3872073801716859001,12645244498728954785,4946754084470986427,13392650930965387841,6213478501180219622,15331411421113778174,1317602118544144911,11311976779877086261,10320626760676872363,8671650852668868480,399696069430853572,2035777567997920478,2200271832171779391,4053374449684581684,17963742416124967182,2481040440139087962,8369419288002356805,7016030302808949831,7557880447718862596,15465993753038187092,12908729354219998397,13032745600943497898
6340123293722656382,10744815490782640333,1199406658817763417,17677687099663362477,15795694944266021190,17879892549750457517,11100698854839592692,11424047259782476964,17595707594344278152,7792056618052191292,13835088181855782397,15179346408708893546,13749710803267096606,5629579658235711706,11597681397230613784,15160675655257743949,13357202035140280036,6396557562891937235,3451395594020858685,5565157751768737459,16656090167896298589,411725773729799442,16758426153766119783,1686119556245623160
4188563028475004287,4229778842196913694,4947388841581004176,9474518945399423843,11181083524596744747,13461357339590422998,1470349946079151002,1803654103205362393,15165093868341077674,6138875785058837267,984751443804002444,4277329399941329904,5524851588634129104,8485366103100226585,9989852829596265265,8402839078031917021,17193573887360249285,13840014253315255911,17427928995458102428,14143667083654375470,1055101865843217640,644494181901926393,16505886651905827250,280408626842543378
12578213771361537987,1701850226514422604,7024658590440290540,11752625756917003482,12471933160444644758,8058612531599739693,14692433468950284283,10964582007282668117,16736731122380625837,15660965579697784372,7708206530705236542,13755237561538327183,14415517723363342770,5307047048904227702,4033438529919327807,174881815411489157,10096253181704573429,6264706257396051916,8646485108165167085,4758239390270436894,14436344265236443759,17136241991102383735,8884892036476861078,15514757035465049340
10432015223455287723,8115060433453158790,2898825312424061811,863467102884028954,18155023865901769732,17302591011505921953,1711628279978936446,7109335094141727147,324637246347462659,984883615889149369,3347590679905433442,319833139270146161,7948430954409531633,7724741724338056644,17866171593053663871,17287161148731944275,2732174600710830551,2791828952469649445,15983052352550891083,4297491640584673465,15600388978783833355,11875877297560643878,15510885139295033045,1805628936456353615
13482152715418886985,1291703421439311346,9361456474920673468,13793129840741389495,9791451882787892343,7126116384906790868,10171010403502211422,7105852580024073668,12691984447180965363,9422618851369453328,5369365494878981336,13590548141380369743,17169360157507651196,4740756199455945471,12830011460571656866,2282532979902148249,18202120878367448554,6441149397512749338,7005565736435463483,17429540755864536605,3102855170831152919,11544505070311904188,9351605271219747320,3419278885107889574
4496751305097888543,543447318921635769,1849376630824510969,5476554061750853780,15432462204047744775,11081198014235593921,14663390223834113150,10780404099214586426,5638372176984294159,9360875579260887447,15978100281589712713,7161336094129416956,13773506123466692172,9965333600779784537,11311359012698941098,2345580221180826597,9355412004306407802,11791100275705602974,8008118417089538440,3800541769620060098,16695859491543649782,6898514292747693703,12160852602352039244,15052514464350842661
14173114417672151634,4222783348076958192,14837900400183842204,3395487227327806630,18251298221673193386,519409359405380519,4851351349002837968,12876036573638547405,9460197296503041277,5288887853780021027,10021796627066658924,2076883886852123095,7333432465435017314,1085187659816167918,13354082067417758267,13788558126159709500,1799003918724214970,8128277905809696378,10484981623224670507,17760334995435308614,13661311958474391164,11889750900547398401,7469024328640578865,17927965637032171349
5376772333702569964,2443999203517506271,15942409128953108585,13006168695697144511,3143209121857184426,12312944082675867805,12857431163850014255,5762918485032905210,13016098048701603154,1514686463404591884,2827337479668724762,2054907215423877827,5443237413995196669,16193988135893680228,17070158785826243742,4003465150495079837,12822144829278417211,8688187577226627211,17221212491759493759,2257577527152124803,17929947381722431269,15478759572159471437,15462432474057234801,13620540459130358550
11948899856539600487,3200100871403659427,15986839071041657313,6788243130750876512,7736726354403002436,10758301112835134570,16985678828755141767,3316164676088624663,1951122977838567684,7857906298071425739,14388055914997140000,8363865595223336882,9804006228553415929,2314934756976806171,13085853337839829944,17549921598087113677,527253826545985451,7080998149250502078,8438450666298023634,299571290147796127,15691204168793362646,9294020345232011389,16890280109498491889,12876521659014231779
13593374768308110626,12455026280676609061,13310097568150846460,17533105876559391448,13679180850736255601,10102983396750403019,4690553952898993104,730547432479576727,857493807764284453,3146956522629602917,6385789383103041220,14818921854204033710,7649038890426029857,4623450436970703597,10466429603699495869,17700963959924424099,3579327969802872139,15219915169969271014,16562851212891617082,9702359993187617423,11458107442918841762,12757508389012454438,17120459773217920827,457922329490599668
17519144806924346648,4632142207714320776,4135301201047337247,8578361490652355394,11815018757765795873,12647284574993784168,17124890097397550368,14254468452257184980,7487652057051105130,1429142092650992651,17449389283968053851,11047850336452615913,17129624941122918534,8671850740883665737,16505710527950597255,5764838550030245528,7400091831496113863,15545233091533593773,7893377240714982196,6976397727401078220,12589443610571470208,13425156997734722278,8066433450226898844,9620255353131525985
14123954542076969405,17526921266149399333,15022037413801973511,4732703184922070545,4266011000478898420,13134241910005016088,11311618460859264085,8148962782209162440,14171451900976537626,11943102308583684753,16847589136810640969,800130157018053132,10961938129243182752,15678388855202326459,4796028868465573315,18034416614339783534,12414509519501397552,960166785176052259,13793000985966278749,17515911516581260569,3905658389383363454,17585438347899604138,4863017261306687923,16866847334698166855
12383932226695846848,16028561287424770889,12434921566552747863,11738765215211216539,8663350362943310835,15464407806679666921,12751648417881653961,16512688114575429061,13594150040861716478,8520521662119738041,6316258349770897198,907165825260157363,17357477485577247509,15847826433767579681,11002108511957765440,7349030191800905903,7594543885634870960,5780248105032360925,18232619027773884543,362142820978423897,10605700028064781938,7956954981089969308,4658556807779428747,8436563793119366729
11355845586112813869,8458679695377786631,5814475388784191757,4286707389044552099,14851336724797783224,1992127209661532845,8018560651573551842,9580943559628255564,17663817834750722811,3985049833892186540,10120809120557678450,5978341671215018830,6103250284010662123,2457492939411724115,15788682399440401050,9207467768368779577,6720075093083221856,15810213640021450488,1674375777912170280,1818639847747830866,4562672048130184437,6337974012323313187,9560704795545455831,5504812248347092940
5600939408820168174,6222878383787525857,17176388920538231222,950442898825666300,2983391817173477554,1821890002852492558,1167181989804124709,15100117398650761238,462930655210068592,13342383586143493420,12539633312559458482,14491101646949396687,3085465171752076772,17972253805645427435,13051602229226838424,9509979454182715020,12814997819362405974,1356548544357114139,4647421054843534774,16922177233041711800,8179090432671182771,504580043583656077,10043702249720526026,7634833841102724648
2432905706116162654,14595371195690718533,8140103700432851260,12816530404519340868,5522944699789872762,9054187666721920411,17726994279190153930,7739902898032185067,1479240439015193906,1279551185306887486,14654177726960974656,13484490895468148356,8393532289679123055,4603504174987162906,13009772652637172181,1210021379765740530,8134343669993621977,14294847901013301061,1735641882690091913,5188608878303863359,13983915277647027404,2664457633527668320,3211014530490440490,18190418807612083293
11840997079455085429,4444327294641626683,3859160829938902253,1866389325834709338,7825620066897937188,8675533184536155792,9100548440443750562,2119561933464847735,18294336973871672882,4523941161421663450,8795648731586836721,17117695735057792022,17716351268811017569,1037330706967067741,11030233764361401739,5219381573764198387,10506233838759297861,12510856742108188642,11203416971083645844,2552646810414658062,5168884662295987689,6282786646173652050,17684148780731784061,6588739023032057229
4223970610598914659,4274954016838612498,12941150494958722801,17616505734461263785,13149287626207053519,9676257138177677791,2195278335427609201,8233943721854308517,10343967062472034802,18320429142538284247,3233943510955908917,14372528112388294045,1167562616009942873,12164130058116442415,839004905202553329,12736296060265318523,16512229547894864286,6622761493625437561,1165135596834144763,15139878682751364816,9311864784748087236,8084944147591828296,5905852212962483179,13022811970620511282
16596714534615318623,9873864751988832664,6026537781118753496,11970715448559132225,7449417005141952310,4379848528328754755,15281335863559332270,17771567959526897827,10916446129237827968,11524206385213393155,6433849169912550813,10413257860213022555,8775086923587110438,4403077742949064224,631702490094298015,2043635500907110260,14404073879792361730,2244816367758112025,2104523907857830883,8728938617486897592,3971903611000209501,16034221272545710513,392022610703303119,11594835474861022017
9783531444166427713,17756612831162247332,5324983825564101533,14490812321537259017,10106464250097787591,8380926256930150417,17050603846593722385,2188533514480685751,17482216015573794508,9109482612385086513,6315406314935876985,1108639814547144829,4036070938340877672,18171933047026219374,17271193760414929172,9651148930428934509,12909400247852790921,17556347992046211978,15598682997939092228,12980940079563632253,4001135204531820148,7206269824546011277,936028247842599803,2073263225875615054
11904862464479261109,10268954307023586581,8448154625048219261,12278430875739325730,1547563551094872609,75927595995941548,11338084068397970029,2758825592259738656,8783826366466778945,8348615350989576465,14608165121671662445,4733947755390569529,843317754655215525,13126895448487417948,8916685009940154552,16166345869393863182,15603260340982070721,10829973474797983531,7172306542033079433,16399958342403749079,9550695933293944075,7817112290873869200,11662199582407367732,11293838314815702310
11094569039147341632,1439672158647344797,14069332346805394493,10496660609179922554,5339205524364759953,9989862532573456793,7640772271831429524,855508436332081947,12192818251574682443,15985256494700283433,17968276573606306470,10298373904354517378,10212640626360965785,14505386518120882509,5752205695485936763,13364609945041158093,17633028377283532741,14254879310428187131,10324460496906069951,16132164616555325643,5868333777496930809,5927278073178484842,8799070546982431041,6987464740686419288
16201285981738270464,6995301112440521619,9251749272021933163,9104966679860753024,17007020853444117695,12702408234993431348,12025932475439921689,12239620368073726409,13228854586508465570,10337155837519110168,8453998275861905361,7856784270212898138,18150845566295053901,5202031980982730103,15740426256325192569,12327588839221564688,16467080368190427287,8805682096501669674,4459915017294048153,1720486054222690086,16446209799161169307,13901801051882440722,14840073050322060653,987372029874539916
12656589274983875897,4021413724155593320,3376662641974405255,10633171386233970846,6977428494800837542,11507350457498373664,5759443872457880928,16012130277384031519,2846669075731670995,693008946367452911,13327843163654036738,10929866714856100408,8085288431988453907,10596162973755027564,11398967682614992934,12090679767871100530,12087186240348174758,14631288650756099169,14682370995390186978,14904954423835100912,15809081732826321385,2169786278184146350,17062624493899067550,13185221433520681107
3051989593155162565,16342811299671366977,5291875989590245947,11683539057950957875,8480770301141491302,18240318559457001346,14310679787877086059,5590577572176420509,16633655320486301749,1654912818376056564,6288123000760383220,9350069196327084153,5754082126758897315,13629343058608745737,12513038250119693015,18000360878351426111,17143473913724275729,15525812692052224709,17713371953363788634,12369517198683747470,11827482152707731414,13526051601460563897,8430798637494307773,1974818258145777361
608311885877303172,16986336626268167631,13584378307378325261,8215665256864464626,4287178397979455091,15509605708143915800,6588094425674688070,3561669022745994297,10976471085309936793,9231582297353233651,6265547681254388974,4592966108287939622,17388487912972671070,12931895121834296446,6806411547057420359,11307972422456806169,6138015565293445829,17372393732219317706,15857219321115310452,16103334458694387163,4593302202222096913,10564315568031052880,7454154866790829884,15118257695321363819
5729222367819548065,14323710310166687728,12392692147218561358,15282269347150620828,4552984474589209452,8155977718278008363,8369972207403491208,3194063909483517848,12080864598449655294,17454494280102642369,6755108299339427243,1979775214232920414,1167104143896679099,6523499154154208488,9225970740511920134,12791918816987363577,13864513986468070659,3121815378579948959,10502835173538779927,16806468584032081522,16915892908124387194,7633131369339506854,7300070591967441364,1520816895647916465
153882612600676300,3446389658769092219,5064773996229698683,15932055207653007035,5559956671737925518,8810673803946665500,14711970006999530736,4694627838113413436,17196020465795204412,5288911055425321431,10331282775389349713,11413863958153681635,4061696575991527160,8054952560392606706,6692424113013100900,10564624585570180441,18217660889394934537,1188153617307722285,10370300233621662562,11451597756071255580,14931950191076701431,9937885905471842369,3181782852916616562,376072816775192931
8182241169582883255,1353701231256465338,5529671127737311957,17404654998384727123,2355583673577702682,12478829997973399038,9421000423827133720,1137576101990885284,9250143181331755173,7907100265617837987,11484968599077680152,15287782894567451930,18311137109286889109,18185154014773568282,13744802871784775265,7522944568627755331,8488031060009895323,5940193155468685287,15387790522506582750,10411447952169307753,18300012928875028746,13575622641722978040,5791161695659998392,5264729311360516457
17331952859016643740,7656044273314638894,14708678624819266716,10328322494034162480,1110935402596042981,15040452648201015631,16300654518795751853,13226587097169031755,18423387424079022515,11227015302461353842,11195358307805190220,14222978945387096682,2826137957851840276,9181722251410476723,2342842466992324329,15962830765483551367,1540397068407315845,8899945637529078370,144231741296744828,10440047261941291022,12935157874026382120,9810100022522291198,13683198798171913215,18252433691789166368
2153261699429282270,4171776252721365363,9772686958653403411,9272356260103071669,1775614939110259267,73971215783496794,9089702982758689501,14160555382613758335,7161614994110496268,15332672180908891327,2492711701591204873,934525081026495180,6647354186842653985,4891193729254021413,14275305022731845551,77479463114462311,3286754500019690609,9921292634966961114,4477224533996160520,12489068591697251135,13060538623955428662,2958505398443384644,17342388997623366691,9231390494651736614
17253797429890618938,7309201679305916886,12734641244507979110,1487853725431682722,2521937926466305997,2939273442836137704,8986275575969872264,6278217861654001319,3163401358213688374,9075003149143221483,2022228632634409275,12378299164790340417,7183907037933904935,13088518300060111577,13804987620789910938,17980055566016107301,2742487505380584863,9537437764295243053,17528025137055939594,2994133332856348899,9139009443026927606,5999962192561229769,7340452498057532180,4827374077271881679
11799744573012632085,11630594169195279830,9946470579227659824,16469583811155991810,13204062647775688473,16086618388719113175,17053955118151930821,16888798221357561346,3402025149767333572,8906507908934713695,12366994185823104164,506778105406743114,8654927243149349451,7154149413950746913,11982639226891016575,7429252617690731556,9097807806032345396,1244627894113933717,4730542283951335849,7080501911961307403,15461333064049449709,13116081738331110759,10209407976910505319,10903460302054836524
4038033364049027755,4303611790506020924,11314845395381983597,12728643312851026189,16942485851382474084,15088110124552861640,11041609398473128560,14090616781091700441,8935389123951215074,7305356928570560306,7887822621886319964,3556972968795680354,8107515351730062377,6895595953050945043,595536024408247780,12819931287778319673,16002020523261237922,14929418955829418067,2310854818155778624,15381037896342581484,12539710609042713229,754610069915927861,7441005339439193288,17878580618717165378
5395058934414816251,8078952717151859014,2410860323399107290,17264179584799072917,15411048135715515739,13477975815782006732,16683288329456122905,15890030656167441232,12817177527276690253,16553112119423254370,5527826656935607948,8224705285644105401,13471287528363353466,336734193858345912,6462465321137855098,8761478660195514824,9985374118266479594,9819102486458489290,6369850906212474271,18266683478135847745,14524783362336804535,3436211710071897026,31890829345366871,8656710847506708931
12310204243092335309,2128609400747389058,11452232460118579336,13863818696133189716,15166400932756232138,12743099016962532948,15416512668853941452,10106387684154748694,3390091414092481478,13106930771646222872,9049697278268381047,16436277646194503229,16688809094297315772,7582804288640295893,487720861178869679,1988706719842206805,14238497886501994310,3408175010919804625,446337539271012033,5495569100635140090,1161681496845744300,14512826960305283343,4639384627194428702,6229570324064435775
6148482456108841892,5779115845414568572,5944771197766048311,6717101692019613316,6337319425805060654,1693571712694940675,9551635192443610088,868708311271558449,324459229789970323,15827451248878797382,12231011321226186796,3618828657058739992,1778596854467484788,8978025034500230737,16904984326501347431,594094801599836290,17531022629187492368,11003784328865651980,1598042788024110381,14582079896410093140,12226255074508982865,4807745494261948447,123735602545275409,16074886116434741473
16527402691345531567,2444852296354729205,14657558664030371842,17044162021560791912,7853869065361520191,8627892012024506779,16325365475813025273,333797687345696909,5650362237741031889,18212510050689959041,6241502791387846611,8711398128551013581,11080311342061455948,7804031032211532497,11820516663509929239,5274612604300537614,9681686039987265821,8328688036542577447,11001049632991437852,15406906420862591469,5091932261113555480,12012359156670346672,9580904274987876762,16785890301627772524