9809785092485074586,8815143480662117071,3335509898916595233,2897702107345465281,2178276231547172305,13814252788182817084,14661300688292580012,1421586287952178416,7548503372714683397,12971455726158979506,17685735172617501864,167026474238262817,8234938077690954128,6387985280440621003,10993117991853130492,17259306322033186876,15067090359905782038,13349836480249697981,7952690399974990930,17509069627532661032,6171233531259281147,209666807345438036,10853688713351024543,10580060289554219046
7224932297609163783,12537268957371105889,9609003979034596824,5948083278727810373,5306437186428695254,17926182715134230461,10480140218266189208,1059137830292278921,12272767677542971623,6663234129255826906,14244772532743983426,11027725751004714564,11856606376207405222,6983206604534711836,5938680687171597451,8413513099130293301,10373344315097653686,17760925496250886847,2901218155286339001,8286843726555514500,1185571126045210921,4919660897191636132,17308277053476034539,13055318865309645176
11311429769008646780,15383923166234756324,8408089914077951010,15362081086211604386,12609808371145168517,3690113382300765644,17827989933017836611,3807910194067338357,2811906091223620680,10246128420106740614,2505977927687613072,4252503767110785379,15102622542836161796,4954803758583782342,7916701370623824650,4155521905805151676,8958006248491345930,6740105270440342749,11644348186523235301,8904989732616276608,12547642551496816305,3709386055536774992,16187138606270538525,7421141215916252674
14795642813529360978,11804213090852319743,13387977515650043402,7642721594368646798,224186559193168949,13305982587861074165,2518559165860301430,16983713975107928893,8384947666382902547,9099034586805225133,10210330106011540689,17857783715587657673,4089370915230238202,12880181650581586996,8335547157956827971,13737267061692856810,11880631261826005774,11721058819660343139,16461483645566424360,13122131343941989069,10182635097683813861,9637362643853914132,4944012509216821211,8513934435708459547
13952281830932778979,12493124423910583605,12230102496845009380,8090812259925001999,5862275467482588693,16517383073816532074,7620490563092136169,7787453503151862378,12474826236938233866,10917125273582418500,17800114553962126004,8785109838143569934,4722083661108018555,11240389188173729393,15305277543144289127,6184358224750974265,14188283752907734371,9723620547607464423,10004204554500139491,10235105768392496322,4055216795296044005,2761586252529694342,6229386737764831904,13172451389130417726
15423987234566394386,11106775820805559277,9283804126630269587,10581637362506865109,9453583227292124253,1668779763282029319,5739228546167151373,431681490099102788,14850184621518974728,13009628592372416288,8347458309646906499,8051265522988345839,7401463175030993688,8706187021894249060,4942229902984657212,1349815485534992730,9803831570990330025,517772472912549018,8864400271643342065,17828615287114457540,15476699565801820345,12818905243853199204,14975256730932498014,16827599703956770100
6714333504655845660,4211327870404562672,5844431541506925433,3288522780093303516,16518405826264423377,6450114258115774281,4705504750132720758,9398838949809733151,7868587432866179355,6252760577430552893,5341236522783143974,1414098433914562997,7802433975911330965,6542272950773827125,12584109742044082896,17843875638978619129,16620610586870016173,16868651906425881922,16325403373916346083,850944424020084313,10796557785213976294,8659950462288690572,5961024177879553659,12231069402237691243
1369431801976229896,5741297233876810605,13628799665413337076,17564719502369302903,13782100417033502037,13293767686545366688,8728773340890381457,18184746779935842951,14855922496139736444,3133870295420156267,10355217974242865457,3357374795974573213,15097248857453411782,4776926012862241749,15959995057776418806,15655058430510216846,10611922261362649869,2328536785884980482,6969229090946699318,4742781920301096635,6598437678633453897,995983601749256500,10134639257369932153,6035001717732641584
11561464554479473109,12144970585850740307,16461435584097015240,9749273133817221161,429382357780089454,17581391428637855821,6860544832839393203,15459710297725176259,3076635415241392934,3994183346002172276,2115894044634900561,18021204024467609568,9715088639003234858,14752233418899612760,1758218105020415057,14061608529836322303,2578571290924257777,5727155870277052684,16300277811256996876,3416119628114678744,14031626915335650611,7473305423967069871,13773905407236498796,9979120361650218077
8855470822027742726,10925994940242882882,10387949588949033262,12096219933122339084,4174359640111301365,12516567490996051236,282651108656366110,7492374440475987526,2568783234210143447,1810192550995026120,9615393747927624003,14671211633289561935,15807615630846381592,1428362587763996875,9774270612859167827,4928561971748016393,2653812589528098726,8721540189473399377,7643965154792297818,11244350272059236375,4427584409999726710,14366956337492631986,7678061792306319098,17656957193684268325
11821479426063064734,5047330843668021121,11132875127070336584,8463170023333077821,15631031468751958346,8826047665061088782,16727969024917152486,16984201189217791459,1961644102365689398,13779060932212302851,15096623539766290563,730839838427030804,7717690783670451773,2222247045908240441,7146710874894505101,8732275166424676735,3950140875444354368,17288995966782698023,3139168628764864780,11544639608830054340,11669866889153234445,17017851024109955096,2543473324528603536,15769506054257135641
17607096188115563176,15384521936428684941,15180247403223322916,7635294867545311742,13873795688206912253,2743485810192544578,14868754119213971404,9578115736864201601,8642034671152639422,14697967742083248823,6639977510970265197,16305682119728914649,14650933426617551947,17935484703616478542,4716366966752211227,17785242305752301817,8076947395977129839,7749136914160851305,14936343086900734477,3721556109670081440,14948794125094715346,12381288770801366277,722584564248940376,17273243207732781789
9467687719559208071,3771904173494110411,2439946766826240859,13801999623231800858,16068702931778693055,10498680967734739217,252197827259415710,5454132012750122431,14704038117711529497,9067444042634200972,16714884753023880919,7607073284581263985,11701308267749112253,12937875964657477095,6143722708590217555,3790070265452509873,16064734550183724479,16382949832981083972,13060867631332009997,81667443609253468,8831980166802286623,1048628927526939534,13609464950147341153,3717345992823819329
5169269737180530609,17923828685310920218,6655461937773991765,11093967539203632633,4514061376960868461,1916809413531935957,12170990620520876131,18058357237249417593,7261695967027170715,15841931038158146614,10591952105887894002,14361314725646511757,13470817627622894250,9377118404419362942,3811062626416841546,9272484166303291027,15812308139010701885,9861928257139468731,13806099913945100042,796173040562888684,17734331184301955428,9545585878825131023,16974827686258460270,3079526409572153499
9244390913254666375,12133264803806256686,10869320936008146973,5859857169706414568,14337592033331773862,190482083392223936,16697864710709417224,7024055253013109242,12047588423425719601,16343312356622172219,3410128119627595905,7013224155832886030,4529949454556161680,13219080506034057494,924130256318310926,7527825554126586240,5777454105948891005,2859478543005560166,15257422455939390522,14074914630148448161,16339009999290865956,17294940494846943737,12219893432155848085,4147679304606581550
10299422829798616273,14335901442798115402,13650636174851663240,10418730248748964962,1298287254563395197,2160130073885893622,17018906731932376826,17153814806925591948,14189965851961773156,1226724911807873788,8572898018791726683,2371057862664697273,8002826271089036472,13990639849385164516,3253591778387768972,17104351284512137668,12554776527184012744,10207599806934660285,9651051849873866915,9348159054603665937,4930321526901633064,4279224877295159920,5729258364279919412,3487053790035239761
5561046310649250075,1290631837470238237,14979697588089703013,15270154986307457164,5407592456075999508,4102150366298403527,7042019555442872013,8090466692143094714,8883122511885603044,2827659471242842735,4450977646859870417,17742211655295827133,8852605288363402691,8459326421875378904,17165998019291932262,7435984532164006897,13869482922227359604,18216321310241506608,3006646401816631984,4835449739771867717,8971553693455457501,8810194387957383085,13369875028728024260,12470820508192032203
4749172371547943381,13333745340078357750,8247434944331697999,2299165767276954309,12398656267681618773,6205275334761070781,5167898931149327884,10450828285045967362,1652337021746671017,11085244906331512122,4520718464228056677,4924097016431976773,610614380104924376,13420513657269107793,13527789665079477611,13614195668899260402,858798094141517878,15320916707158687817,2954400397405239091,6559571416272183382,5058846345829241270,1512184902783885500,12421344724154665025,12472644005953925470
18432545791784088015,17406428607466844898,8090905951949827973,17406524747795066438,9581545039406329578,7616907897897446117,16230318119521721016,2102563719326898786,4624047500708970125,17055107855468233480,13710637275878967110,12235693072679871547,16101144345990144885,10076507538272149154,17352961459768669941,6886717725553440707,15120216460521303394,8649656278609131537,10100501442296730960,11517419063736176222,9128527916345093117,13324996003865979667,10553138221847283769,2801922178852615535
10844159942430835918,14764118219198693851,14409389544336216735,4895730245211868,9118613020184339991,9500501225603089365,4882167303181171189,7014714666768323529,9932046373160247830,13957446943645879813,5982827590861757770,17057112097313726580,954972868702942139,1877767032206629781,7218465845508414104,11123650606823547625,8494505780124591606,12667757825971674827,6826028627456027910,9368163023016585162,2475798386488278830,13391921783621380650,12026081996294790480,5296925188124704889
2977822062006079489,5944730199304471920,16109442541731654116,16063732770237926513,2832779349455784914,5579726739484847987,12562327087432975642,16209622547952507193,14724739162565848177,390032315900646936,1347802142416549000,18134649010250755875,14195718601389887194,3375779503750162899,14099524868679404558,2922353758874835613,11447397779470862974,9011195562906160566,16405332865182565771,9415487148608777665,8125903993633858153,12426189739994678628,10886324961777292085,12803196288851206230
12004708854305854894,723298266241742399,3732016659955386277,14913259347374998710,2861933172043499879,1418901229732419307,16072795629284079372,17161521207624188814,10598611390630137790,11112349597941906693,8392816523142642458,2727175208073163521,194498872177089206,15006352482619673046,14033255188427832560,9003608098346338051,4185297213723336617,6976121723861631607,4570871793309479235,18226131609878607368,13009514132096568879,16733932999485628827,7660470324706752345,7160567721412242986
13153471293669217806,4405474844252867763,12731921210850894085,13256739574849280130,7557077945289570249,18004324352157117095,9425885256957100911,2137572998522757732,846811075544646470,10559376536194886816,5487578691253060620,16650392228415346111,15856685567177323079,13082118614880433618,4103224422139358360,11991722762026943383,6701751208266214019,18211339383443493181,9721579643526964291,9489439875931877135,6321999222706773264,8760320848798347417,298790345364855408,2852976391170459967
13420534520912033376,4215914713171912959,6913894464692131879,12857588243683073771,16351564556923069206,4501512031616556494,5319680453963282449,15346717759888575737,11353169621188103066,825835074301194053,10132279461998783674,7288565177695693259,5503845668010919302,5580507419675817433,13463404704880688290,15235772057019244215,3307466554504570553,2637016252359000025,2615650375906750135,903876632208946570,1178700828252618169,16451197800666526393,3580649634504490318,3040021714871056552
9507230035654641154,15663625338785950425,15730151498026939052,12183519806724584334,10053390640348208903,1586662519216609406,16086660289554061227,5930666097506364003,1974108542889483263,2627644962738463674,10403167061778309518,14909712843094306408,7768184486374050917,10023182520801146809,10357294486752218474,14600612059807379784,14386528135152144659,9053927234776033394,946275062726898240,11327929741745384625,12302315034355140279,15561033812809192456,2730844202295346629,14040536463410753571
17674810884673602268,6718092416859351143,4999723317657298871,12276504424442595190,10233013534543389605,1052598044762342781,7256171000057246220,12380107320374686831,11075071375262817444,8424330256554323801,15517703163477633243,17329839093181474125,3692831039281620610,16009344763691434874,6762843670579556190,2806134515543491087,7722130580854221403,11714385943547321388,8071170979189833639,18085230456795733519,765645345991401150,13550237502613275392,1331866775611378216,17954164347631295978
9338068236116807762,10637373116254383862,13296797317895736665,17621334850590928582,6409924504959445617,15555241681057613211,12394414171603987262,7680431846251434111,6918852685768634497,17620641273786040224,17119333854186652060,1478041916145519495,12635270734126356998,8807238043376256443,889138039345631356,15893325296953411835,588475473307965781,9806904083234842534,14535478564733870678,9641678340571132902,2677287110797407578,8919940152753163431,14159147944725484776,4114487814399438195
3261199526318075283,11258965955626925625,3476935579028218154,6537215882579568754,11431381714195221091,11138647019210923757,7461831161390504111,3027215452121678026,13686581055965322740,14804383908093602313,8084729216047241454,1685313359048290875,13471844530226839289,9447827250466778401,3317140120719406558,18341182332861316533,16195564306652044558,5647623549684114762,13818599245237323143,12171792555374343935,13814453543642366174,7267835674492692886,11370778472642796821,14051673926668357352
15070016650893126357,3667071482586560822,8644595623004340484,1172987957902783432,3353199625576899467,13156704553780742501,13955969132040726300,4835320164645652904,6870364632542135706,7721942390842702196,9334195873796316045,8348730248113962488,5924636219136749771,14789493207992285755,13690819126734447633,10748699659130033197,17563951027101315460,17063116069120572982,5308793442235788674,15228403698727484084,13049408021286957252,6684867840414158047,2251803875290518986,3728786116821622359
10008122280898128932,17961230025511010864,920801128325172570,9379270719355153598,4097630045780524461,16835451203091143433,12510804769419213611,18106993188781155720,8435389008755155,11209931455511814597,9944279315188414949,16711447547356654242,2410077987632689280,8193383129948262152,12472099190697916348,11101881672263879621,9130526046928719215,10232747566228740854,3924774938447791317,1931020249145789219,161125269775126671,11173463486677737716,8983240846574692315,1117885118331243744
1973162362957464797,13564019235425361246,1502192121704924350,15612722045214028775,1198244845927034465,7939461556195479358,3352872660580685227,5530631827366079574,10123958635257418880,16784858419359248771,15681962595656539166,9217142915524465531,4359105907707713965,5300089651546496333,12501329317960883092,16036316132048235792,15127220376516543279,2680531555466046428,1984661800418942627,18377796675662931420,3553919847501078568,4617102102947462432,4550365888608436297,9563263282190428048
1395667046457805824,3388508362439651083,3281001598681171453,13208891633733980903,10980663138365739890,12220900402554821555,11612157103054646267,15163096438293961781,17468924626427138764,6964992037289872100,13119311530944711516,3809608162149250269,16831807383693570710,16468197100978165809,9469560670748617236,13834096179395302392,10470658183521099819,5421227148243924884,7935590918880250010,18318046878639184095,2370053151829047665,4758215130024175982,6716918124249852007,15041564113792525750
7911964909884591709,12503470499565460010,704038788993471410,7276564432158424415,6900686998059395983,378427395452794662,17144216758340299663,9857685451193793628,14223990432510858416,14013959412732874054,7617693395110721846,6334343696663314989,5302810645558038444,14761270672235749626,13365519786242954287,2238254670385793776,5535142583865500176,9779926471699729488,14143183708804181771,8295128843353601517,9697544070989484454,12669214510618153772,16514674935946864957,8412522319364641987
15961637242470484537,7695922259274276729,12353075024396918816,5945066888938286586,18227948341150584846,10864260922592117477,879772690798218402,4553376270093744274,9161520942203229797,15441061420285521983,11142238779471121015,1617271288293612159,16277705426488098736,3090175062416256636,2466906426121298166,4963241518298824889,1427800443627645505,17801752951834597195,5818372227412358183,5543284247954225136,3391928053487039410,11533953819222078012,8506115973004511614,15483569544605017679
3610208843196804008,2488594791231986406,5526513359017200350,10714643196508165523,16869183935555783905,978689245469605099,7322831772304524767,9853215283849665058,17668819874987671381,1882969776103906296,11678553648766113687,2036699065868320898,3345819881855504047,12160283355587079420,8724287750156843103,7372311313378932722,2987511333368491696,10563574496764938038,3766756474932360935,12966111027268780106,13963743884433888904,17260442469186680531,13190261654893783738,7896469318596975361
18144914016316493057,3841263265480950103,3601655115428588377,5119970766016967,6913173170638672891,3628089577418551259,7366362966505266690,8361091284414944688,6420437735368337491,10618207032199848390,6661112081352102517,3543881732404419627,5300008952840028209,16920035602254825677,17559917506369144622,4889655548232077723,10972801957457931130,12187776974311945268,15901023764958587186,7442904924511540385,6218528485641734671,3926992003296162403,11763739327937030281,16627261726746101459
9050783860723779691,6889880664704855528,6904696652712982617,18360209592035615321,4140306389668717219,9951824388885973630,3889699535916025203,2961915753156691913,10055340166223957310,17486477344057638448,7098635581003984310,4612253491894354579,7152263746733940497,8753447833441963099,394510911991292193,5847942679498254531,12848814878520487790,5192919868754132685,2390715838016149712,14292922462189426469,17091829090282600995,9776307002191690575,7928509341146995629,10135600864522393630
13022400085891437813,8308169718587356511,1105904141390867090,573551252131907484,18197141307550816220,13182643501091467310,18031677480499736138,4960757374142404858,1339552854507646781,12797761855292790522,7961129318232988959,3506933686980772224,8353443873272991235,3667950453056019226,661068538564915539,14319059445853010365,9341549660419614811,13282032622892745315,12588008319261749743,1233537947667475923,5973225668260096972,5344270651619873127,12118593788067718601,5572603792202311092
16926755477422347520,7034742376088520442,1191157441744136177,15921743239175806952,14711185535137150184,13083529679463384994,10424707182934880695,15827910858321572714,16940730126651445263,13084271954200792310,15885068125438478191,3196397056896519381,5763780013183716288,2169227222762199558,7569458683138084695,14049195049300448143,17494268503327854870,12691938245720978499,5970252467044855507,10769605513188299077,4208843353762913654,7435839552635403549,12566449313571407542,2912449558643222387
6578973462390294146,15159474447120277439,7466586146970330284,16977293812784917294,15102927950348840799,12368470433405864723,13711049606872682086,15827205113476438849,9965560263815493202,5840358485231925369,10218766726322003848,9310345105298845252,11977785352243282665,8457518560688368549,16486295601887250006,1133056022351651970,9499646150722739808,10743328762531905941,4473648199953705124,10842262219581483063,15271877453771887436,5966103550448640633,5551523891907179626,8529002920922194029
7570586021312431155,14694132345368759124,16789856300735454723,17399550419689475410,6205299107179860519,11165999562311262748,2328380173686037027,1474596316880693262,12999147710633619041,636353705416228046,9894763457429694399,3109069753617798108,5797951722866972807,12246095187831536277,2338060383393032695,14234103838004184353,11716312082583452920,4007181278391338183,14322131282354881274,11677935115526192167,12957681297418558053,6842372798739534269,14060771764628696423,13018344826441715595
13862392301963045163,12333125172869455371,2281075413969522311,7300263575505899847,4436005775166544079,5918942615727298128,1505364561026988561,16446359155917248866,6526886934384902485,6739845544928069285,14251931720253087905,13462010447722057809,9708669193176339875,377011156147478540,18219409373116041404,10144708269049723226,18383035905685672124,2311053770842378008,13904115849327782737,11173472780558368178,12857328265662797107,15804857968798478907,1027714122380560350,11577783763370544466
3180064495489827695,18278510415125208826,9234365123719993846,7635329861450770274,12071673893802529214,16630210711851095106,1370082726831263634,7713056213403015035,1854373780781123687,4595240761569476697,5178317245177993547,2707877137071706857,17766012290534233668,3117532737783468870,1902219536857134520,10591837828854858378,11389443746658444641,6480606933109158007,15817580533348804874,9411328650634866050,6874775712255572623,10318366223187731203,7640842858601542296,8316669689503415785
12758518027788071700,4863915534560144090,11520655894767005740,3373306529812108799,8123839075814667313,1794670441759995060,11348128045534077162,14372638823547971963,228093872357452709,6951074813946374470,1643883658839451770,18371384407108289248,3177209746899067402,12761911662114672070,8596153046499122283,7956159042963406865,15277888624914501132,9466947553887600812,17547073207365567452,509094557463956131,14034464385417633684,1052949354829097613,17206118681727100095,12874799621397070593
1395825544013614049,5688370533351461019,10558806116031476770,15891546544954061077,5582053078758426385,761264113070280123,11151608209609167091,10816514707227995287,5113250485979710115,10795071299347317909,12633546398435521078,17572425294626956125,6622417635710076306,16463063587918318858,3087571360358338506,6743357011786036624,11306044163215795624,1692265051585883889,3053785060791923684,7307120170622809207,16225744355519401288,11124091855705849652,16469965618641797089,5551604435037485711
16314448274651582040,6320066546393762878,10134528571330002408,17220268029028031668,6643973659030787875,11552440827944107844,15444058559573900530,5449627150651718814,15136392014664812903,9814142673365302136,12919622592134426034,10531683559201433883,3217370973415383897,4087654474001437633,1336793815653036570,5200478739740201477,4356454495675785046,5206995795439293197,5975529553265337726,1762381595167889147,4307175079480538269,3366355688030969336,12727873133240611768,9897176128142187234
1191129195826441703,17452999003414989584,17707251398576445813,7022444484034543663,5964660805680137149,11278788703447777471,10056386471400775820,18136556116656794775,7757493374215868669,10582509274607836538,16326575465519394718,15170842737931631803,14752172513823048230,10713354394960194755,10271599126076985509,2711911419344795403,2392759179440331874,14798179005555895823,1409843057524635154,16526944754002826118,13756019168682201698,15527335157184163258,11786473965443756350,7620429957518315611
6139364811334205294,5967120682542132101,11542480248290844956,11777940875888169690,9431352194598115300,11928337711286676938,7725819137519006731,10564305764979568777,6725829400792031181,9863796281817421329,16370740166958425184,3831233785231976421,6227824217713970777,296877482911939448,5114301084256667756,6594504887281012495,4914431834818820352,3574021145846347145,13594006035314364648,3362180912317607867,10004374482160873877,11449843040713402006,8530836208932300875,18094015256484293587
8075558871848617866,3958538782056257552,8653533034298019404,9052514642019985648,16316710924238459486,8297893782556791432,3959089785953428501,17696248188485183368,16609386261547343130,13592882869698310961,2369979586864104531,7868896547522526010,7633373341751382646,13904254899152216370,2257909962378162666,4907162266535586468,3627055641274981458,15581496455523289464,15981478038679953253,9803949645692118606,11569518860813508170,9346932698336839121,3214515016577035003,12157728264518275798
7224400526415314551,6610338965194546617,14386089767322189854,9708539445095206223,10802704128570246617,6295949390250528022,15746300057752858192,12022679488068188300,15251523501900271162,17598248718344519285,16626393378820194533,7437146914866067154,7469677902390846433,4779233552001534658,15799689818502989995,7590834319452600227,10989174872986688657,3550943808556590347,12273000688922719591,16922934146585853274,5623918968048553829,18160500948475654032,11959836176995842015,15317285007875894976
5985397278570584825,4371748883752590292,14460645658946905289,13634533639481668236,1206628508325195246,14707981552317536125,9605677154403343076,10859001107003771379,12565736790163316342,8767751402883189383,7733177819772930748,14129156919498685371,438121500182821258,7382494133266752479,4998363506584493101,15775272536740419294,14532633503078927077,1909899135550809726,4231743206164479735,8475851440785804235,203031752966589659,847180064826442419,12001679884987343495,475417956889482952
8421707135771804198,216331247270732736,12743802096286605174,2346565572933325322,3807474093579512199,13052707137312148886,5934316313002479375,2851212835930507258,5251035908658410554,6917456528495935544,7093169710105220471,10843200844296050559,12850540846915572443,14832173022592593214,4226293077630911276,18116246401654920632,6007765948585435468,4664601698384373453,5363349937445507282,14794837178561298187,302894929758643503,315620066204236241,6263753380395554148,2752906985418885662
18139893250742376985,5288339269791403180,17690037583598730533,8915752046129644797,16139139928232096414,7832140291562566761,8183789714389399466,15452284650107169380,16531539591428044274,18149886019360797647,8270049596522178918,9388285421390515153,5143723986992842579,17475165723653337290,6585517129270549063,15535361838591186347,15260190895906794210,8454095925481995919,9261883154724587361,10986157639138555313,1927570779939532026,10466641883076934152,16107639650381489020,13999567538046958737
2661768387204958928,3570052006942731261,1310346853381673338,17329703387280974527,2762925929694964060,17435735154573550683,1611019869319791651,9919258935214647792,8856312880705363018,8178647123344021071,10065625044692327816,15512710233323732475,11975626257157142079,12956358079460984568,11820023554455016833,4967660286794837682,2287857644029086865,13934683251538671237,13965786096980589999,1474747428043602312,9915015115043728058,12618114700748030841,9696037118512840000,13492806361118101635
4960043220585577192,11949404789576501152,8766302268095809313,17074127674388206241,18114182492303383894,11175789492255181944,9486946780267680027,17191690257456758280,16172873609664445861,5883571640959804149,4487741960312709092,513880593212238237,9026283762075209207,13036532970893159398,4326224239167129514,4672545533858827928,7301023347291504807,13595526636174796286,2432916198877117767,3182303385823962054,16562776638957560216,16014224502369118968,17731464208641620074,4145229954125492564
4762830595148154607,1747097416907781449,14449751350526202146,11838200123218000203,6752422707639715771,14451672265022651222,4232557596803697318,6927772129431731528,6442215743073076113,9505039302482597604,5525751491299637571,4744407663559403157,9060295864624266593,8011784068071923097,16001767639486568766,10762400039438549822,15808699596807209322,3382080475424076847,6449511731940820283,7769043317667119248,11391983381420816485,16946063287486699279,14839314324056715752,7921450531678890660
16456153908573779808,11247793425975168318,865803167060433094,13846237492334967217,7865031491217601867,7225526010415446487,11996384397751936399,6615678740432443371,7460036520943088289,5266377815757411287,6399622944282383339,17530430533439383172,7488881237271600587,10515080365443794314,11714085915333527010,15211989522529485118,14124456596524059548,4703079034032988204,15768750853249162349,5794684844609650361,10813321334349038097,527946975933791780,6661453393876058050,15213309116720478079
11106649996014082574,17574152003150816362,11580352754088979189,5220393518403567832,17270769752516485744,4624288969278542578,15731492620093808185,9535900516098205037,5921841293010462930,15856881884415449838,408082133404772487,5490398674628770198,17446616415831452847,4946152142130377693,7647364430633376344,2667781902244042800,2733591295779720769,14121053828992753964,16067497639236484960,13379072723821713913,9987078085913952813,1170589437975864194,16496726023706271978,16718362672174545834
1063985826670539045,6176187193343448874,670570146356370401,15106980788671032417,5944886395473751783,2876037630099176046,14956511935921121826,8955073309900177224,3001497802630732564,14571990128592705964,5719984880064106225,15087314913435691921,9614551440948389840,9854911524177859478,10261517705122985206,15552170497087044747,18219599370024647978,11168329472981169491,17537566644481882147,14448156462297234925,15253211816835573395,16625196582370490746,6587768204732685863,15185956421748021799
12266882677411574449,6636082861620590426,5182933324421700312,17232698907850967198,10438648749098803345,17469152029597762487,15421037461913690953,3993308639912877908,17049212988573379747,5643058832588216209,520458334376242203,15832628944162561303,670424854188713210,11806463078740335252,16107108670328314809,16711930812951927198,10333004733147976359,2888443229909387966,2509444537517457021,629055135580436844,16862426912722908133,11974663900361698694,6801955138912791297,14501015148578707580
14903731250220997916,5922290897293608961,6758448561216448084,12883156209674686564,7935063976928775264,12684417287477754148,196246573878659720,2017582281912648016,4440280486095529473,12015468007129562998,1655052013018839475,3882939924840820682,14165749358614164077,10869656740643469494,10381034685036727848,12952270980143152138,1474765423067408879,5827516636651762996,1997429155577772827,6426045688920880286,15056759459538792749,4647547412328200883,6834150207272962165,9012782037479011624
757101481056775448,4934552033136420371,9976184771355841980,5063739121658414676,6690689338364347146,15734365332580005228,8909812360641221405,5151073694764863423,5839775469339122251,14323340668261149368,18425846591078589270,17788108661783868108,11569961424310569366,13564610695223816568,17251960636681708493,703637959505080001,16303835387639344005,3738471017172873229,17601775700690907428,17862930880223617753,17345453570285043133,14896777302565009206,1614815889022500297,14556597166070483441
3034311353524311343,10292422125306523887,4279188837793308733,3029709818377635681,15622479762261286033,10048484648788018473,12095529441971965461,13194794194122827641,10917631465778346045,9952409979473793115,18022268803097658092,17457129142662247940,438338672097109051,1527225184184088535,1169330230855612175,3815288714287977353,17768866116402616030,6192955187433011152,7360410092031075991,15748640047083324412,5006268025988889424,575271951918750251,710863358592617288,6522272927868888454
16675061029376605406,938917459675885627,1797395478052483085,15987164503762894742,14066550724965728504,1809827186065741574,15926325696632150872,15441839954126678049,12648512073214835010,17404849631919982219,8970841281517137675,12293617552164804715,16984109334414007926,17269297160834842057,5983565826597112165,10788108976115353490,7426391472388409629,6701795348447905332,160558513524450509,1261076457342513924,2764158194213140403,6292135775543404896,11995218578345363274,4168996972319752299
1354480725726786178,8622774810621379722,13906121033958461666,3625370323971441431,3771910865360747328,16028389204549911813,15763184193113042689,11486644621740739238,5149722410347613008,4661807839681188096,13348968298082745481,1958795197236113165,14102950953140897041,1316777328183801912,5779741604219753485,4485142995295528440,17742629006650623150,6042718714950840616,760385990071993964,10180064251035533443,17908133766409536618,2316406563676299514,2832827437674094436,9592443478998718400
3759630113253475728,17195920104271569091,1679859543974347226,11527467012247903419,3546789542984963510,4556431961452451749,15745275731488453471,2601696337735237932,14670210970888769398,14809045728193275859,9792079491223526574,6784066967008600767,4247412287322860755,14765014995055611166,2852854851107161481,2851442667807097957,3177850497082653282,9415314588459568073,7547613129622965526,16305987589159973817,11618217043131415398,424414876702964983,8447788221101056274,13268748325937960866
8762939927826711123,8373738119911500603,12513033234934137829,8480391706188705159,16328717972518386325,10107124707592632619,3421950292320608186,10284203952033706665,486506676888584365,16356935651882704461,8336492661621058294,5473168799280629958,1628335425062255379,10813228771028387186,7058950049428001913,69702532048267959,3478998722157132293,415569995083211453,499418382437352304,2575369116598155193,6667888221007558992,11828516820769669615,9527491817904653695,6099102627302491956
13692108430783079689,1359296232378477465,16038157495168906450,16611879353919715169,10867853781935654470,6931524177178771738,6425600273602033661,652508874276391029,15131490913241775759,15861678854237492415,16825114258852245894,12037748636048654077,6654304133728526020,13600366252773995015,13258605620396073041,18162492406317473235,5252692690725884034,10406438037234985549,3029686452084482776,6072782110023641774,17682579123665154891,209320560526134734,3534460828210591324,1395859551449105389
7577703000598516488,10933895844762930726,11232877487845759821,3167840018895140061,127431000955086355,13262061639673311457,8749258060002115308,6908607920641243809,12971450100709133772,17237158096143552890,5015671747368957744,15227981261254000571,15595895685365360193,2373628820396755661,2802886891791405521,7908633380342081147,11195585301629921692,5652102667213294096,5806692582916605860,12235245504532665311,2532713144317545362,8719969781404140731,8105675108807294933,5015532772380908120
17569688374566449371,5686292288998669569,13577346639297105345,9619493099121268279,4347521853993825500,16886422917108454525,7872775206797367698,3376611979262461767,17367250320723252829,16571702244524258362,2755168481674764496,15766705701746921366,204986080548143852,9470925973475220352,14722383170745672058,5285901962693348304,4248049125750646776,15676178285173415787,7645944147724583242,13435577483824568020,10804415288517744464,8496920433909307273,11639608368959209316,10587195975284850760
7940847802360179554,16126682586104903558,15060675117155977754,8879460064898256450,4607774227218323362,723278821910060848,13520115036633375368,12628167071153185665,14488819962726818628,9227602510985813209,10974967632825082700,14288510930726293282,14340440305575711790,4814662808435820389,13319819728776654167,9221158283925401379,12918948698846860949,13266728462492375328,11548141280331439256,12606612924470088135,2159628913510506957,4838582601041549000,17026551234239104268,2813947042901269896
12684503781209073833,12140361788408899232,5024995211887658131,14125782023533407633,15221978097357746887,14432138523597275493,8050897293901074103,16660844712818844629,2517447091221784461,4720136717233522756,6208239092664524483,17714090961686908498,17979299635386283603,16471869959757380977,12991488122626070238,11424733196628951124,12806132527993388034,3774566671586209286,2769101483097535431,15848692473310409377,11878960455670941571,4786742627829171191,2651111667364894170,11192900690522882968
12010813688352823034,6428335321673336150,5240754876949847869,18319983284424744583,12084297134801206550,10968026421437986575,559660264172359532,14188163112766650371,7539053296523582776,8266876729720144598,18370975882554032715,7821128966940079614,12552318186189534901,7824300678218319844,7265348522058424975,8795039875223568547,3820844150370162788,3291229089969582080,1715749066401024662,3774482063259872233,17182404536055378673,3598775186440878271,6172089752777585733,3292323705580721338
3169586930572219068,3650091120482828373,15647653138967661836,9195071087485699835,1324307506093923852,10856385839517805494,5770548358190649069,1803965852271950149,5955298505759675727,431860963821776932,7933786260954016735,3675428890657601337,8613727320373034057,502901162334946991,564248257732953132,13439004748722636342,289581193351342635,1037475082910273065,15998459912105973150,1543529648683575561,16977492901055781555,16834196177462591921,2047872815572992761,10061418898989156388
6946075767536585101,6229433832426778467,15571159105789892232,1565768583188416053,4601993075658571696,6686345354064150581,6820881098644026439,7017219487817501451,9499636739721101136,4109179660617664927,13468253775166816927,16851110220727022667,9746796524658724371,16540239272233132936,10903582086149420123,1656039282469231040,12507130528956141378,7615159538206383919,5326953608957202985,862494172047617227,12386283682539064167,16740656027444564588,16411830731057619221,1465262601634041089
17583121100711271297,17235119853434462908,11577107641658643784,6426292796777859780,16590743832686419043,1539254927534428542,8988613745914242028,14096087278219831670,12243891513646177935,4156212343731176642,11615471979559913545,12513425572917297442,12238527947160220987,2258922959806994998,2142131950945431547,13608555671164570005,17286583914145786340,959766800839776163,9691616734256061750,2421044368814107776,1243602291539034679,13421645164556458198,1912549788532221685,17254802432951657600
12371649522419661449,16527136049350579940,5159862651275145135,15846404111551126242,18067788078081647991,15384841540818460795,12348883078435157504,12933626009707812036,9382666243759000512,4324312343611871391,3604227344717753120,3429639568856123938,9654149416715859122,12186130707724081237,13843986788971132211,16657403456114156628,15892533892968068286,10123742293395357216,12872888264408220071,12440445295949158154,6838477319216740908,6008511523607400862,8631702817232535746,521216596823322232
7593801793635121523,15862339707378026769,9543326491449538843,2611815940112431230,10802510230613806942,4223621233699565543,334354626952824718,4649837799806019119,12918746374652133209,1643536256332192803,11792453567470049536,7212489941322187480,16285956269050833592,872857955710851459,16584661786850158098,11556132974578970674,3498842399506450767,13306078012300102887,9207409009253853707,12892210606028375715,17069766282004534690,1974339869145672269,10790874879703054940,1812577431134794542
13203047377203976684,13019847730421968081,604454409117279407,6185830262481742668,4047272856898338508,17371200764728524308,4978958444040978701,2278930884031050610,3271735657208590559,8281312047532429418,12069117638474958979,1323368101709919206,2445927243362998976,15677968277896900356,17164468357508842998,6777306875155390369,11833424430163217100,10038333019846273491,15126532502123534441,1956665360532574896,4163248550049171844,7737668311744986587,9528878453999714275,6604564277543214057
11031119826120452261,15083271739961214685,12337926562641111018,10338646231837857197,4297665827520893900,4236798998780984204,2423449062894235810,2584393412034184680,15650127180240222610,9086630558121917659,4635709794816146991,15612164254325697041,7994313294577439541,16215808599341669832,17212464466140642411,6955813184530458214,11787852170866869302,1187969427344063765,12754146651007751779,13128488868627363792,13829021920631213379,15402827378684734268,10819368459725672611,15656358286453373166
18181676200818394710,1387920302054863975,3626860480321473,989050187286446559,14259914648877744267,5200780555247356719,27544643054138722,18427595144163545141,14562333586242254892,4533581782458031082,14977259762544573013,16602641065841791755,15809011969948273883,8073396174769760563,5775192511990839508,8707137659882287819,9760420187834614426,16193233608957048133,2128541059847750238,10537230726570552117,4150359622268113065,13698442304144979798,11372147652880275885,1092440004534944336
8724850584452274106,14985188328799805202,2793709502243445994,13003787863680567222,6280522431360568328,13070914495166906188,554654450469616959,8804028845868449234,4764023156141348769,5726278087633935884,13660269574432085658,5184943996151874683,11059284217295855875,16862442478618433643,8640434694407579277,15507153599081977843,14547799384312258670,5296212577163080219,11150183497035381399,9012025615522699490,11986451053741968414,17661049627147784161,8859149250028457423,17031316194804914487
18088514125346618092,11132111687343124797,12695686393306730360,12349913354560977611,4045729942359910665,13166005553826863139,16911777163310590816,12404671239928661921,11832074813269066966,17678471385648540306,15104273047413283519,12885221395606188100,3239744450263273241,6105489457175960775,3665182020677263301,3675030888140139237,17581785816670915140,3052669880379780315,14672151690461243403,5012443394165055527,16530181686521642268,1415495569960903565,8972879751574713495,5507646533313601014
17269294665523284925,5479649712751480736,306683826405163718,16618013450833688391,15324229925067028539,15670733637909709470,16291493081861737848,8548222856290784966,14868196087099310057,2505520443722005471,13779471269693546492,14128675757375719099,223026581287825802,10388303504884869920,739369567368333363,16751941172409224679,14998079924241825127,11654303677487146566,13295610623679182083,17506159705743587428,16798587637514948690,5537003301310456205,11030490817509406756,17618125465207299743
4354535312466973642,9075197681177040542,6919280780956340270,10244662529095313800,9137230275602717516,7255328809617610723,2269597071310120216,16335586340225356655,9962479453480403893,16264285237303272586,11913007910991402816,17343217677056766659,939532353360457564,6945157359786457713,2679721962191000408,3927612242373567205,7018388780662714345,14663387735453287915,15094084340538797420,8590387210252095432,2716680330573123221,2389967714943990020,8314672184201078276,6009476781179873499
7440392260475772616,16636656979465667864,10474151043347849055,14498214355588771375,6363768685960655381,3898450348357764378,13867582818424573109,11825854907150983251,13257176235505040725,1695382226807470557,7332966990662904432,9504527672731395335,7240875533438863690,15421613307827243088,16900760975120247970,4100701039773684011,5929810376748292289,5197925366205157135,13693496292862287954,6078482251429817757,9617734495298305988,10082484228499413539,1111002669944451024,17784628954662880001
16674058543809777285,6603669127686274496,9792690470393284932,4450072932549785877,9234000498602402266,17358788964410691090,4600122706293851834,13965309029358212272,11426617262499253560,8044573380772786094,5130826997581310820,8601717790581695940,3352627300090336329,13245059441098636154,3313737018459019302,13604896000383886630,2980511078513755346,16327040065237657698,6442239535733870959,16800135261852136116,5814184188445963823,2812425508234800963,8891231859150147254,1895781630980356406
18092363378928086790,6962160372403119318,9747403386819836314,9207709657469585779,16889056498620382057,6629616261540690902,2065029052142841397,7184031009073031256,11210162438698943005,9196913206831400998,2363519374474716465,6506994490697572290,3273857311144626267,13318379138674462909,12530020548971104197,17130397039127580570,692786414681892030,8894720421712306331,1817313432257683795,16586670947623743799,6760688039815587304,15394967041246208137,12968727270986838692,4874488620324566168
16822488960363298171,16119548946607438376,7294776651511766157,4229096690250401884,13980171015170594200,4994616243799665398,467991291519865862,170418339664683169,13864498409323125003,8677305462459118205,5421669584185831219,4129532014703010012,10013956730563547672,15076930771759965088,1821137432900453983,12282198003706005984,15384738233771914163,7681996358387969890,16105740904760215576,12298711984225502971,8502090224728582813,15734391354453531032,10544467218294145179,7451708591220451956
14677526572458060772,10036492553491822458,2301075890246898314,5570693383735026157,18311770303502672666,4870680860194221630,6296975164047729422,2027504425883515128,3314445696626636208,17600081769253585106,12642008617176602629,16970125194391431718,7461804788355384003,3925561507515225639,5116906031502097014,14462650053133117415,3305376624017900291,5870230785049754771,16692451402284918779,5073669254424022826,3619528382631287669,102341160841447587,12538331021291623835,12560800594474612901
854382189595959510,8694178374061759679,11569786354950901242,9310646288446962002,9484996445671936744,18101234092638274060,9174883225537356532,7265344223614302011,8290891064157876377,11256213456203966682,7504923290843281675,15104522438634791523,8547807727252438050,3647086682874435995,16702000972504911377,13231508415426597636,10817625249981665028,4638687739526956120,9715397670483123546,14960853753596174780,5227870573863857146,9012769211144719986,8408721099664455753,1623315285909239427
170716051572493786,4308203867093169471,15331262693501465558,10894962363356541592,4293135192300591823,6259709142436494723,18013560583270992774,5471390293971617673,6251270775035452689,12383835899012123729,9375537452543819792,8813063474487382094,5116230246563519259,15707310045427006146,4114667245709010485,8012676277701764793,9086215107564744366,3839422198317018697,14741316560784013955,9311553961696338688,2220568099940578213,2402842771879944123,7038539932889137301,1430983787004066827
14907854947536195406,13014191719810837029,4885270595072727242,10110400529348463369,9020998072395848233,10526093958015475190,14061019683357834945,13796485535776928778,8618074382458975708,16185642976152771240,3305930519081732650,3345283267552437773,13689101151599532504,17761434500527965260,8011676851995048992,3674512233698789006,13938733786297797555,15933687333281516473,11125804024804036157,5769792271424987356,16036868622564272324,9026002837779372499,12675457154203838993,13104246257776333903
16174807820829152728,14123750542572870815,11488434368148723069,6633583469356330531,1326512862758365871,8175454659297794365,5915277164383936284,18070225496053070159,13682553675159483403,15304563551182839358,18012702078456439638,13442946692390657263,17721161547355594707,10564076934438337104,2688108232279151171,15407368638083940340,12463130955220274745,11016964007592244437,17692224192287628047,11105590981583538842,17739084401081901107,2480109187221010490,16776630380369415195,3429129755260966964
7846373108880451519,11900431540206890282,8082719098274254658,4752002952079799223,6231343587716682521,11654175370854435142,11733863998401613481,8721890280446244582,16488365401363793931,18132053364994246333,12015484976367951304,2060347030355896688,17181746486419859298,8309538217682397400,2976717267671871304,12673399772370754960,7419150352756219364,16480791967595568140,15006835065753800188,75169211059250046,45303443341649635,3513254457773395432,14772948469561176458,586830727984767861
11262198702082160467,14586804287216231442,14039062298802238866,5547072711090012595,3984780575188855684,2814796645821742821,582156689528548850,2929405665310958175,2667643571016566193,14546506388490783148,17031254395719847148,6510759011934131583,9253197083496818513,10772245505463701222,12074759874137642346,12896637166325335090,2995445745011767269,3849079141005986157,982813614534350537,16609437594975777254,2146473126794560470,2813489276220282028,9937472630590594552,203062442671773276
4929257102797184738,7154434004914254439,2067948308203169129,17412128019599544195,9646527843897217692,4912499207497148080,7561697252687037345,6137570108827975147,10308430521771972669,18013317431708708140,8590524548757040050,7070080734398736669,8810774112403214353,7279712515030546514,3239714597346451767,10936246124536410060,11867812433244992182,8101240600741578119,5952074050688585805,17575450424628056402,9607187185015981624,2871777449672857754,1843599114256241561,8716370106475825746
1155134600985683774,14186220060752311079,14924361026247818427,12399728547968546178,8322147830992477092,11415999191904599174,6388768824354897236,1773903184708811792,8563120711703224643,9011473479567421865,11331885462340720023,11430683006032214122,3948971809641396609,7177724703994839726,3153426525356803950,11397308068084416669,353739222157534540,526985605596281630,5144738102799965552,10984455422520622877,11739270290308220622,7624417206504821062,14878154058764877687,8690042489846067584
14078950447123788781,1952415776095545618,17083385238759827989,14865014786442132241,18119578015177851102,14106064091987775531,6055050552654327417,8092510237089902507,17795095758671029360,11645660983665430672,15362784648654993815,16067316908992920604,4503940316299022964,18025573987748240176,1421456751291169040,12089750294134131990,3933589176764528058,12389758815598155998,13692082884535613747,747196132533464232,6811693156871884177,8367719241094993296,351746664933196508,4500163483209129069
3966493123729516751,12056581313103155500,11943253247566969544,10562129660360889021,482642277305614280,11661125873580851855,13422935073899552887,13142301129986610315,1559681295227815081,5921493121492250896,8026148851524419583,6683986613428106046,1499510233526009336,18194412685404296980,17763593671369033408,13702578389745811549,10768258140163934922,2003152469905114093,9397281696358984459,5642428707299788047,17389100094964137830,3641198320480153431,13003206810441559245,10373345304132896997
3100881040332076521,17214809429015124763,6879842355530606348,13941694003432441655,16361320012453973625,12855216376885140448,12682643328769833701,3739185970193339894,2723649128466098926,3396247576775400666,6257883137561083597,2176382708327833449,15073307431316375881,16662180846273086535,14898138263343624565,6020938849679215317,9334891427437700818,5695091550302211074,10054916540735043106,14950460461397776099,5018457888255733515,5862771868529297370,8356219100050378519,18030853055273613332
16082216534125819873,6701416748878576482,17356866284754384130,1679606382835199953,11051055353130977811,6347338584910676067,4273580026879745910,1797849818951841022,3588744199210856267,6632134054680214575,12897967915828080457,4842722812214326119,12440922225394693536,1509449570983135976,12759132331837125033,4400103233248755701,6327465619426144664,4786775984490237432,5306279263987066547,12219983196646547807,18207715789937586152,15835149692919303690,10203618743328053022,12267579364960258841
314081859784065702,15921189157087507040,682948209640058684,12361233473433468738,7021551430821919785,18091958813759119846,12344338966030840843,12407880098745920485,9822624232790741261,16232087285755211465,6520064661248533695,1392393099422112254,17199274712465216276,10585979824864873853,15717362058003309740,4949197627608121167,12861828987347885506,992949236651125169,13880799781289208115,10302914977393603732,5966603438323529237,13570526945984594109,16678689640852653531,14236397791472936484
9056322565966042788,11123948915096108232,305238620932409693,11648378082978714935,9399706061770448956,14903998694322321154,4251255644474577778,18205657058247024804,10735254835673189135,1238408218019885211,12854442949844539441,8702300431143449454,14749051282348083283,8654763570483886526,11641963002777914815,12795045285631697876,6190454830027110586,14173216293112149626,18123546861647032775,8601811761369556571,3923594790445309088,14650801467286252539,1071552560128952258,9655145910721213120
11831633339733391531,14003215432643067440,2776698692230430614,18123215465375064833,8923969422419357000,16400190864585935445,10607536586613572651,3829763182553461860,10801212720661976914,577760786268739695,9563268045919126117,148970090918606871,3040385062655784857,9015915956963729641,13843045697631180450,10057536257802027011,1876432120715248251,9725164191031970517,6715862287295595593,1910694368971174560,15218081568427315473,7794575312813084813,17069855096533185468,5568402001261648594
415784404343349888,3275568482092412504,5606178784510104761,3045759952763374260,2069612303707955900,4356520936369519953,5466223033689454121,4433363853415387788,1020548313045748190,10866761291981780584,13957384881156210676,5463643909619571454,6351862153885766454,3403876304722031347,1458146086745294355,1960850108289025891,13329424297465001632,17828727840993699230,5034562686922297840,9736190888069200022,17214204537173302626,1379473466216727003,6224929248256044135,8758950134835271176
941898351632009161,10500832149088167710,7840746047993521141,8702400430137155485,9284009202712081718,7025369850332910269,10593459175423994509,2866598155924990921,17931363883762038808,1864593419404343546,14766257109670834889,16582917367382480086,5854472059184969601,2328525983532740708,17246050690554051509,6346009061933086081,15149240927948956215,7769688029488469284,2430289590881821565,7428093606158402496,8839942143754922863,2074526239537704292,17109827011028759690,15788144677066231629
7834451951408340224,11558545417622435615,12678232538629397071,8972117203089554035,16359524946202345328,5605529481043425647,6543422246151615045,18013193887939805797,11876638594959486287,6306677751856175468,2157123549237173564,8814927883351341374,15890337496955444740,1758946639794214815,9960510709117135729,3019632553793133502,3272645329590908695,16373627845154205997,7302755385430506508,9349620668352281669,14106417008220221882,13523113166116989420,11610114431026287729,7184853817424161880
17148168700254060607,210805312332599687,4869712783229114612,10780099283011328291,7089872679792204071,18314240255223843007,13269707134212590992,17952018750142912037,10131537906221018326,16155196643645715373,12121714609785467843,17595729336726407708,7831698661348422746,14446670484474041268,2925356331642182546,11842721425316973947,3004757595039817039,17100660695590935828,2697434092306603609,11650263276270355880,8725829276192300973,17715021995614023746,10172146725263246999,969189887759781702
17984160742858651127,9651040753477689459,2849514880618421679,3984920765696334960,9492072174438997534,3046565953048356375,6827618338256369693,5719186481231639601,13350199361788686707,1941024684724565092,14473461843301350497,13780619031758889963,9305096646361532588,4356021135927292741,16116720125163047792,3281050813274243318,17943761043649181003,9217511219925786505,18381581814594895303,2965404934412801545,15634308189534204064,8337563783608074280,4743265093319199679,14091289229614205245
9337873661051688496,18340555506598677884,7869115491509346629,17108184253420618976,14170066171254255358,7180080179787023825,14128765439792172535,7042348960338294748,11222352986155905145,9184174444635240242,9817134028648828539,7683925650367901474,9490429145086420160,14870322204776820895,9910768182941137189,10477747829714178761,7935151129404400168,8928685034648131577,12806191505766649661,7888983276845134703,82077709376229158,8542382856887268407,10396536878920262460,8355042032787072189
1520414435619254076,1990679660207930116,10243409431588834497,4480265162316222510,12849987335032964487,15406008585146434628,15770035907763731503,16415351659109405672,2602933511048325298,17926905767588145998,18314825319767903181,11227736916401930780,15675716029477230058,2981836960474485075,4041785805054332106,138974977563593264,7862701663637366508,5175880406337219311,6201810993954048844,6145946026670893795,1131808017446622553,16478194975389346001,860013341037576442,1443490850514182864
5171925650713955339,11075294829173498245,4503306345989868599,10222293065911015061,17799912443772362784,15903179302626172216,14862489884718589240,2615045347410898674,16677822475737224579,14269610547138607440,16933529087126951552,8281540115639966045,10498162593824782839,1146701096100700459,8268987718950266015,9470977943612529460,4027698462198474238,10469528836356959800,7372856882735510828,14247460761891121668,14295518333264689828,5588924372985758599,3714837643605116886,6391413566884399046
10994967030854377049,13378406366135258767,15623858570889885016,8932562665910998041,15003236289918368196,8369542068091140890,14559474824222649586,10714822561343319461,6135973085654047177,412546029242453989,3800062622266496948,4643400392303344152,1943344397080074417,1525131275480926156,11835856400991230048,11299421376568925919,14646724005296907922,355387711522551894,8238950462525178891,15002194323345944084,18118793987396092550,7601715292186541367,3063651934112082030,1912585955930424430
14979813585014262927,10711123004800769782,13807598588164101318,6408675738451849830,16734213148936134588,5516665934198754590,5098524534315775221,6741526976087857952,6308790360387267117,2650557055446256569,14652355649034962190,3198507227175952337,5045878929324300845,4418161300553248775,16133949594390317396,5342898586693886609,7571073219401644053,17656834245041325157,6990720139291218110,14305839647027064463,11509723498480094600,2409102091985563550,1000011043892675572,15767563945706544986
7614398544660363428,8386621795837534344,4822903789159588124,4343512866097727697,8267048484489350748,8255127143659159144,16547577810227723406,4183817496811516452,360765482098746339,4659248064480014403,10839645282800079685,207378349550127758,14952316350862690813,1130026240598989118,3802899095934283096,16363283586092371418,4829397807790047554,16598972653711800413,7062827931078324100,4440012377088355111,12854321910274662902,296766434368465364,6011656289648792047,18125958394552064225
7163349566790257534,15829560490073726059,4747127672239849507,14206168379607280654,7573849166927570480,7022932753157638886,11051185480912522477,17391806217534452907,4254646573776056021,13739644164303535406,6175181059601133742,9782288220579752521,18346625950089814860,16958134127670473830,1547116215835870692,10932926327044773559,10975841819251307643,15977172515067162610,12282470073530098411,12275145502125015279,14376898735825456655,11576483441414334265,3557112361845875020,6365336858829074996
7442782292504213108,6804831523930086597,10815574047783887961,12000823695809828336,3449362056644842443,13109688962061529286,1829621518223766399,13981925585432333066,1363955870387097833,16718462390493130966,2647663260795990230,11429325926137852069,1301133752147541083,9980621435498630180,8368444446371483517,14068925197128632179,5052748864259144273,7879887345715678049,12213979264387452094,16730589378584190737,479241074077108186,17525774892646730867,18142550416188058105,5038682887168652868
11087991772115493642,12754065585158001627,4942448260677423349,4276618294395822474,17659980324082404639,12471526775198592628,14281573272035223348,8614892107915554341,18132032829019855732,5665545977380691822,17300901939829810000,4348580867825375827,5419089275292623826,11512253903631759270,12470226191480583973,11945130399607085781,3022600866324073621,4384239337885147121,11414846882856822767,2047964262128903309,16711595841496402076,19745138052991280,3664087428518466066,12183036114528275698
13439551861837385695,10201210117221193517,502205857808304012,4300604288297431549,10237861331537824640,1464189513067953925,15908699762748942656,4840938736568543144,6908534992860628198,17069244812684541951,1685374255973975895,5492850607681137678,12945336389700014842,7099936086592122912,4068117630312948169,1484914924137309048,18396195161559598479,14145706011356985996,10188804970232518850,12972617412482169666,5529494744058866114,15270637653361728112,4993089487714725993,4556147060073965924
2110094354464209694,14740044981883270038,16256566942472342589,1932056060568653910,9440916109417203733,1992952175282030912,4883054473584458660,4019306316872778384,7467141837464686582,17019878002235614590,5730302051866673719,14031522115613345696,122979529296330755,15064834587564539332,17634814322152281025,11354248305331937440,8236930507743966224,8073384921607993425,4572354856339359511,18103666108299467541,4077787056338147270,5955399979855961891,1643097136891543787,1316149709572191649
4665970696067776534,7445831909270749287,1772102245344611683,2493445732705223413,6354189732407773305,14717596737811620527,11999230033810719654,11796155356544384362,6544578938265200026,6072954457509966629,17420376221779260719,18199459875361118892,5147857412879332859,13722328651298645538,6952227222374940226,4278724825022834781,14431304242811293987,16435236860770423633,4880580566047148024,15623578339100471893,6576707698712476759,8071538259961687116,6161682649323827715,17213942099233509245
15594764411546887984,12707029733658001384,16383170887059805028,16638915494338247905,16094287191152188157,2634346309371426012,10942567472316357222,15850417947166867228,8627900724911141821,14377153381655190092,18083894226953747219,17381007923332550857,217323720992916050,9033637095915363932,3774940704609651396,14140553845455606166,9704980012071340662,4540683355563735164,15904197545962827345,5646439718100981811,7316694759817987897,2594501448966050290,13865115194609954006,8913620550603907440
12132633554221038322,15589772310258730383,7979960396685001127,12332675475887983324,6283657633574587118,2308160179063245380,9381334634287199195,7789068079474270988,8054348141449618526,17342325165646173315,10515946007117158791,14374706593432598742,781509399736965187,7591981914319135296,18063560003481059349,10116535550067714652,1341418588860858279,5302704754675843669,16859238762184526176,2988066369181009868,12487004511570333862,9987359133631169820,8352108729659720911,10868669563169404271
8965950854771773688,2231436705757554890,5280773435846214272,17806899497876323052,10815693494479887093,15482641068679869089,12951452394874739840,8555285991035809390,2645832768489176291,623979055882166579,4213579709671884608,7363149381660585780,10757319316643623736,7354490829277125113,11734291785724855568,14710443734921451218,11217734579526958496,4053228872972385446,8952121727453446209,1888681819117214146,7140494226916755046,7785261875524669705,12117529198111163270,9231317341382725532
2676561428374615770,2693254809692334975,10929187831465222070,17871728933308129961,2558966912850079803,400966846799197780,3210989038382849173,14359627662819874633,1217473541269794941,1050106458669626456,14558181800374800677,4454884885790560622,1762616466726682856,8349180346996873337,11937496521749369376,5638703933479689731,17973074696777710689,3886256809091211903,17103951645695353337,7226992064410624740,11141882693714475386,1992353339720171410,4124854896759037281,11955598292444285182
4055593561154959964,15627166114212330924,10118323874079446,16735884734722354219,17041194101106224252,8405511398859875494,11700634641953631032,12364647056510979936,11178070720793487225,4257165152525821734,18412218396542252239,4599945448774344270,17627139110087542830,11301030125044864950,1157144504693901135,9588853929502181851,838400230576755982,10311030427892295273,7835636962033826077,15740904147404656515,17811683643995678682,13607018016371960241,7397457425642499085,3880311968412170208
6772211543363817585,14206568663075754399,9272404327858786096,11904097322018300128,15591045896015736643,9588929941214340253,8207472244459793332,14393966269972061629,2728342976793908352,2046287173493392432,11907881692879266301,16096440707211047989,7452442979816971692,18382889287772330704,8100175682353158370,5485151556785083609,4122246980122569226,11144999776456878532,11498922595306919809,2558034133610401125,3513792166231664312,12954610819658445941,13382409979121377251,10590956355855003503
14306085398237180974,2173245693182661456,6474345459005275963,3294472379951836545,17388161647888514492,15827558709889252228,3814549982270164291,310948998245421892,5811877411704005186,14337567548766828121,881054147579244070,6217985672487721619,559773665166590064,17425424745784569592,18282996040994900580,17258376045615673222,11209446829133427417,12290820618386458064,1879774496914906015,3597619634272913534,16103529743484862517,14981588468282807923,516357527468877903,13372585136043500334
5073311091868294253,5944958962042168049,12842365674335250904,4639094318309224811,3054853176834202894,10925526985453313750,12591305949732633497,2009683900366425320,798994840687260671,14000609258270557035,9868821169546644445,576610465241711222,5353364784479004935,11450534560007916614,12562427676309981551,8881632922160119415,6788727691337454964,1233831239322275139,6168231138546105782,17782572790632549673,4458071726041465453,5782343262932659131,12583979442929254529,8578079753514217962
9967896298636047778,6050580841150759753,6222672921549738808,9076122307502492378,5264384727119005548,454170174502905803,2745693755330185805,1480273178450890165,6023784219830928928,12669496226015987271,4956428275073927074,7027715519045446365,13293620372339233776,8046180888852957934,1875370783996009959,6815433317506438580,7612767134540309233,14215153183758858474,11147131958764725053,4424721535949991046,5702430276576132904,10303174288480473592,6454491982535924421,134832108477536238
16800214128153675785,6458175654923965691,12626247800901769536,2633991823164648462,6449645075797723043,16770890113591385178,3851652888803100268,10686908843520024399,16253246882497265342,16687912589727740571,8029232092661290209,10549510579083978435,5070812871995172220,13450836806323951032,17082640221951311656,12366877971456660972,5016591655209375229,13635866564947411335,894283089148528315,11683479726573618233,17084750585016130410,2709955953541626497,11492740018165182885,16282379429959310178
13785019347236667676,5743154242207194717,15518250682741598368,4327380176710501683,4334596110463306336,7052695853553621564,3795629627497918650,17733254040653419260,7916343242481467273,11991233381716005133,6462590325249908372,15614813508168483549,13240584556960607115,16285755492578193643,2991091471589532637,10067109583529117471,10585900873224311936,2897850466344491782,6781280844156293269,10557758651817679262,12573356074254391704,11573906163962952533,7691386520982492335,410246151375895356
10710885888872984298,1993414128531448420,6987640307371222528,10477593969676471367,14781687422242467363,4054174546871363598,6386850754353224018,7770113897220334076,324419680081088435,971640544369855184,15597561542608690270,987364498856585793,9287499690653149203,6972943379174914969,2962289122404626517,2889695018065586343,9129581937816837608,17354939382174123536,17754911921853443220,2908755547625604890,9426642571317055637,1351910582255906183,7997247972594886366,2275520956477575878
11273874763690684112,7367375835489171829,17317219759978223447,2333077300887846432,7091786303798518709,6940035300244920233,8531660039703757302,17203951939922183948,13041523630683631129,3697702993724980457,2779631820794673045,2940495354893020438,2151143691172220965,15446193103942845753,17254559558697330726,18151684840581864099,11235942699599417985,16170263590520373033,1973251761482951834,15101628796594728143,9330573335357425781,15079643963251277103,1572966232385417639,3508137801178459978
413717279249124591,4912315728044965991,12894331638542634241,13897934862071538710,13887825878269866113,6829396817723754470,4989858289081876154,346263835462535797,1435295283598913351,13357327341962530758,10387863456913999322,15094266104630828499,4204317176317275376,9179573917518451383,2681072615518560775,803650583842591272,10467663042480565800,2998798642943612074,5324932810999111264,15318623091974611211,6728060128593473279,12156333940284390911,11257088706674954271,14711141321772587371
1455280573645760819,9587952442012435154,16208603781848544828,1537310070501923051,11102463553929624783,6724808610428622988,3759989403084259345,6176314702891704554,2680126037265729283,1468914231300245625,15033970901902831158,1714176259398107369,12977720635282194878,4463791058148672357,14261287588584930811,12748644422915405471,16049377612563215317,17847028231143315085,11201355736245328633,5770890850003570871,3456704320788296744,13922274514779023059,10231921910538298573,16533208127951399081
7058846825346784292,7776964383445604382,9265432084516580026,686897247508786155,5837916110872359835,13116226726175566327,15477509121634240293,15762908343759332748,2665595853549595209,10823481263564038788,11906581185074553017,2474553658305004125,8544054816269470731,3348821402523782334,3711651504342123534,11330660068657495015,12818282009958850856,11679053423639073106,4344041656047491816,4532347349868183008,15565083774182191243,18105750594138567615,5578876488968757193,15678282057829545359
1101844596849877391,8512303324522106984,593850848533729568,5391920398904215641,5129247491484660705,6545224149607692729,3716699956392678005,10521738429932364300,10037838427990186677,6146122447428155028,206755910744975240,12315415472432849143,14786753840311362132,13030022783964895132,953392511453426520,5296926570275178951,6542009012191537021,16938479385106668587,2001864280378479039,2781567423202386461,5010918724737287814,13284453042402852466,12237741384719618220,8242206798699060348
11450108183192465125,16019774934438081032,881406105213364478,2588727545183659523,12831280107333822387,15691455799461943664,15791034613476318230,9964399782359766774,14506119633334826380,7361660713184825313,8057983100603315023,13485781859995073157,11477223272421369763,14324973925419807176,3961577160743447582,9188852462122635242,3866499228656318837,17764820803862145524,8006700087139396245,3231645882654583835,7954316516554496447,8988774289782613340,15440114077954451163,12660956758123364020
17546177917298388117,632315565991988319,7351565065668133010,14635398165619151112,14375935591373151896,12320253593937460216,817892782057903466,6833511210241023318,6958733189698115439,17510506498976075255,14467175338901665487,240255893634489295,10438111362787782806,1516521108251036922,10949069284810147683,13228911580766306978,17448722702231883148,4083596351970576883,9263181670577590130,5597846966075258629,11445363850547086047,16465855510160270262,10940445948815807152,5416058914653818252
8977666161432388551,15978045786687086035,4726835883864881589,5228656867713721872,15777519605099344183,2472663853504044722,6474656319907365143,4253496321184278689,7610961632461165498,529698941800452677,15090506360169739843,4648825702195895139,9659150631552285557,3295385248868949395,14989033544816948705,2753578426825237717,16329984624676163649,15608324347582936997,12830233695863076675,9690908756675588772,11670036332263003250,4379061422951445222,9087307795124488418,16188288064207738325
17903166153032166850,1624414681859271042,5566792946252791842,12425260548597244523,18101517959657222194,17244538240013605631,6134580359787374823,3900207599113976334,16613228214404497334,16690323767593009128,11733324064867126674,9796254592965271495,5802840540830867656,8555552161751049211,15565225817265424050,13063922897072896234,14439611254871070833,9984620957066630044,8933963117305408035,11943879848788813248,1391553630893461172,15932822429361881469,12566655376301413222,7363069476123807814
16789488019212752978,9032839574887506680,6758845029330631575,8670026583957988010,13734103352034231511,13794910282685328914,15510914400467764755,14773205636034995159,14816623478442706613,15387041371621137345,8837764021109910894,15015679893453059088,1684646791534179673,10799522786936159467,16045737530054172791,439219821559380172,12561944747182193736,5491809467751864069,12274066219446350876,1049749172719314717,1187019909059084586,6048599288689959611,4235079547203109749,3250954991923963995
4587551776836691780,15153231361302132149,4615111725796140864,16756139186300089015,16431764955532543760,12288595164157919981,16335368164035122073,12047097692987717966,9292760254019044283,13938222229717211617,8881009718915842487,603094329964418395,9481795849718093597,6945918218620735124,12011968560043602334,1002903798361872209,16111366193394796385,634839184362934988,6323745503935346314,13414515087855209860,3450053527578230018,11891051156607019433,1574965153389170331,3407266527773393978
600192779156832249,17114873618532678869,9986833001173640923,2728721924073033093,12622232620394506445,17420239776897688829,7317416771169814765,16814782255628468785,17817446845157432345,17418968692424109102,17002652560785809536,11718341239429230592,10763888499022724800,2315203560787528971,18283509463676475706,10138791387816438518,10070517542429985715,6360501657553960053,17103474088190428414,2890702680542856023,445003051234108725,18213147183889846873,10413047506706627225,12671677408437775724
4697343519745562561,11735841238386596366,11478542815467948562,10327258815029610797,9772943912285134879,4137037876375879598,5383676831798175826,5320490509519425684,9536873990587750976,2307241307073345148,14125679102723948108,2396717612073399933,8587674171754960669,16681782978072496942,422440361259908314,7347169244516146535,5421625233984948602,155216793447267975,7800857619352541281,18291470041856047877,7204305301902085740,4160470333595326202,722757258769401183,5787685635913605940
12743334417461510741,7325609194826780864,5049996364761337507,18320659310107668733,2246998361837064153,3299442182791904749,15571786262262759495,722897097202861091,10386894823163749250,6664955667631900686,6542522519329358207,17580352000923664007,8193946248621269964,1348638526641101701,12779342585517738987,4119926303746046433,5205647832756441387,7974747922912831791,1366015037235770887,14741008885213294906,17614110511126331134,15144131223927701474,16445274284897377180,17295460739652463266
17137852511523031752,8640586196034430214,14128038790680629814,15756935182568844320,15687646977664967800,14034926742959190468,13173834065066407590,16844757798415555316,16843698542471603940,1018246951585735385,13032650773519885086,6995422523777593031,9795958094872431327,16684467652371037864,15969861909339830841,15582280810804098632,2301155247669823567,4501648864457152972,3742535622285753993,3425323207720940299,12710898634868391505,14958498792798549815,16920827794436635708,16443835034454054859
12152050645456701651,3189915045332481954,8499732236896664478,9081951627285032632,3111368509231859955,12514920936516096544,14376798539645435744,8673231028016088792,17662489313136855541,2737244682106366192,2637911211054605398,5446816218289426833,6770441029268685201,4001729483469093507,4513135803733218476,8897713081611394990,8578327592911294813,4545712260162417572,59869636463287916,12073154707136747292,17949112113690396139,18423612117069342289,4324083553598863665,8694118749103561666
8084010260196200717,16307628692146335143,514801344596346347,7557175518122981616,17139603047238421708,12916001896058557040,12864559411365416572,8160140896085165080,2288411061033662538,2047149242824777137,9552699857506503777,6731940073898855726,4869431375995178180,9731091877695207313,646178367981698580,6676030952543836047,11741158157870125993,10913595258855869085,7641058799563581972,10047913497377546166,5664118663855227859,6325340350044533221,9295658313162282785,13844053998038303892
11676864800372240087,10217490635247706972,11225033505579529402,17219723636792960070,16985409913968078446,9189087651855771962,15273116508280034630,1306078003387924169,8307212102555425551,7839393042889046501,4973891414465440851,13319009735839007927,12403713311598287003,13591026375045526609,12404023281503578260,10559211080940092756,14176662701171149244,2244892386290084558,16723788479278227019,10545676477556245013,15774304913991487817,14857660826276473929,1131345364866503110,10774600754782699375
10948963233314501393,7592678463743493905,11912297501353441786,11551533434728743048,10004315605715758516,13058080919522299944,5580058888127481150,7357931537103205302,15185098336053101740,373756210565221097,4186103776238736654,10765595775464609322,9750946509954714991,10604775161120568972,13890050451218534834,6390355711996129677,10989754462347671712,13853461846161073622,11583906340634059109,3803994254730731939,10897680632181762965,16181506082209613142,2128257688461471218,15479582565930936206
13434287681365835808,13344259111905013197,9487416045706392401,17470093954131621844,3556829814319852968,15077107312912453554,12238454086609168148,2054479131656561669,9656931379765529659,5760681384247322307,1031554077472206963,6489158681393594821,3525993314660863772,14433034726853467557,2247223715942792753,17257045018792659016,847829056139075976,510725405420287679,13735491660484507177,16094433554785268636,8810336205085829105,13902224005677207769,10613345274205294762,17608392008615295988
14729205733161919395,7210055417017437843,6612678969507144735,310876764921741242,9893708748106006233,16970104172067987479,8605082922199634927,1092865314013055657,4633192899409667296,5995829816242887393,8344192728808285657,3154629401469705775,987456387436974697,1175774163683476589,8415657147019463831,9439265890682988173,1195036449111168991,4064893458845188010,8405962373923778824,3480816229138946818,18222397983433730197,434659973729179834,2208849073020267429,8503501260283545365,9242615395895737104
7932431431401549355,7672642408565302246,6177257601689735300,6923836166349502582,2276834697504123007,11984622107119930670,13275456713951995893,13789532435626246636,1998290613918795774,11091762422672644856,13154530395423116613,11098955652258335895,1731172929423493084,7246699467254605204,2176207529740464559,4223941444290567286,13514777983572432236,10052224769741070311,1521934371766735895,11243269506157360916,16344204663691513382,4108728265569822916,14957230235942071555,16742357225678438629
969504648420042515,4456467402085329453,16734815226236508197,6532368956656046946,15520756043839033701,4747120640226136964,738485314846933445,9038355106241081402,17847467239385167525,14608307651916649283,11876803315606874720,13942745061799923858,12811853236360419792,2546848188833287483,7306946766057784233,12772608618347100375,2584543364661790724,16716516778127251586,9774466427882925872,18181431875513616846,17130699083220649660,7843259072760832378,4465930298367505654,10265900969709797237
8893521276508427620,8822359002729450607,13258544753839513288,7436050670190373646,13363064810356412801,10173458994676089054,10502608227017115627,16205728656026266241,1297214212620416782,5129651197873843663,16184465795113034067,4093545311119284414,14466069807763508545,2829529050159232149,2475427387554984423,4981557243569931845,9882431769092174963,3210704537351720339,13013199039916373842,7871598790830804248,548813284450223925,8818627669350855170,8456075108829342955,8432178375164341042
17672370291758920301,14604321282463066048,6209418870221877888,2283300269381145077,14560864645852203112,9827471106904492153,17948735588546293818,12678941186423171480,10483696707637822826,2814660637954348671,4054174195709484941,10439875076873108856,5221673862006332825,3054473326053804336,2278317930270675215,14589818513154123728,8642058011258477982,14103470009328244062,7823062087015530395,12442840480509968597,5075808793776993439,2323910845191285148,6061531267374244101,14218504590748182578
295159695982429781,3836606052767275966,1777986655268745270,14835181962661289260,12182246458453324367,9429228396971452785,3601045915886041649,6871988697973447015,10036328433593341574,8079303349808110260,11527900960808506141,366993106931260677,18014676698033664492,2871384020870208063,15106816285821038845,15528102442037318080,1036887544654178059,14963580410580542299,17582418343549662221,5828841146931242335,11052460467916509250,6667507198587299961,15041376916523034841,15094532833794593594
14478293493837199405,4460853361637288866,12090799688966340915,18341568524098742403,10962080870628968562,11320311975847884375,9921953013594464895,2081265597220766463,11088447900105743245,8396606115351699677,10654875707575455092,1819968080971188466,12219494308831422097,4942181057484393424,1146666831975453972,9649080632437393628,8320007247095941545,15302568087823062464,5262646498652732979,5457894064162196122,4356553711345488241,2875671930017911260,17844895750749874202,18333710976287954678
8350011939942474977,14922506776073443976,10932365876883654829,17826161196797282490,13675784771615588279,8224753112107207605,7309785618146464300,7904634591492217065,14156551835798679184,13504116884780890733,16898941201907496517,6356501143935553805,6047871365480573404,11483659307945284351,14613257408124568951,5499977047435293140,2272009138950836479,10702236083932329055,6715173715597034127,3032455335163148021,2354588299925852157,9426016675754515422,2533841206892233888,6139656816822713453
4683577734231485569,7045308801449975063,11911441432032659489,16439652474762517510,14549115673307179527,17648486085643253135,12832403102858225549,11997763920336385682,1112803305762065176,6327702270505130159,17870717849056068850,14544399239793625342,14215491327447385517,14848629873189155691,10583179423003896898,12750569043128169185,15705103111045810626,2292267017186500997,214154667323076553,3559381664115763822,16807488369376596379,10764455148593579618,16879244700826125605,4783563118163559956
9952415251463142166,5415506805742793008,3050092344732280004,4174319391079590873,1394602390052856472,11415569774392952848,3253045226410883160,17375880883590561483,7388938545456745956,4251410798846451964,8511138175383886159,13445036139619772143,10944306707914774875,13584697144866036916,18369336031028648847,5431845745972400699,12951814515006696411,13233422520065087445,14812914472882638347,5105471304495857360,2269708208030231101,9737207093376794155,18016922101682034910,10758748157645334491
11536993934813269396,6815129179779711379,18350872581053843027,9197577489083889776,17883184421791766352,8580741160052612730,10064665888420102876,13197639172273468961,2442487916609358459,17035856626977847064,16304675230192067952,5190379973646435329,15170167923878012930,14065996855577180941,9353003033879136874,17734122522350044900,17621184267496347884,13551324077719522865,9118906301368037286,15970043471103365692,18270732719197143117,16924166333614523070,9739695945255750353,10274707933650999328
13116263143933708555,892113059116840659,14643975813530652871,14474503730443228555,17703510795605432331,14542033420605850611,13735379022952446252,12654574365418913261,9589250348522607992,12039935954631157508,16913221654158066621,198001238672013049,9599225901252917979,5028842665226235281,17813709861276028908,6197213190798978220,1075390817688655808,4014180269181028652,16642084491722544312,17671560506313311454,1791326725966329377,1213913389204757110,11157113761780734393,4352931148614530733
12622638181271373221,5839381492883027419,1402763950767019235,18225033743585839282,14873383982551578375,620490610886956471,14636380933274094769,10917997298038536181,1661695573874614537,13073765589531142361,1754797395087160506,17144699101269207962,12443300411214584643,10597890103848373371,7797949881973360607,4916976423973072617,12428590629514624161,14229689626358117651,2720683675182635498,3456901813698050693,13535660886111409953,10112118846071070491,5423554081801745955,18388801339434952570
6835125716425888819,16511222864734374436,5636376267150379909,6802873176324081962,1480560959616119418,12749532527658119843,16514613235100047060,8097711425089424496,17057181909407244159,617799285668243769,15094516848395247158,9720709659824938321,16491908769580500481,11001509956265960665,13483744314698896564,6002098881475564269,16637629108944429307,18412299601151955742,8287247077843251156,13863226521603263384,1675744445039188852,6974206325371122519,8982399591720085790,12007704292923822749
12336759395530421395,795894026230120700,17139588094013237573,6707015316904849339,8974065650387089246,13640831853919566820,17150595490773587611,4073196909398064312,4121517912584630482,13579939602286229550,9634756457086787131,9883350886738747614,10298872445468904682,7915844372950071429,4629025966558399558,643234887728379142,4211555489502856679,3818816683300741619,1084719287890800817,4041481625122795277,5121801525787242735,10381444969596151205,17963526378716297204,14074701291171599006
17210371920275557263,11328956863473281070,4102674727422084800,1821740766532483317,12481184443695516043,17655892008319526010,9842572971614377503,12613485001760407864,9187376752632779775,13653369591163126866,10316820194140848603,9239184888677963808,17199282209861251734,11774448207298755767,6503422697213150039,5948157219335801415,5753290880410693811,17143734323852448091,15534899049593262865,17195634310849144879,5019789240249033030,11841568781875045509,7859384179484746426,13159758343069072774
3959193494746823664,8155740325158925829,2732630162099527425,16873499395758169487,4815309639982245670,1560690422367732160,17519852851658568257,4295058433978299358,16809186508300722196,11273344842490108761,7825793840662529233,10709347011047699498,626358433817795472,14040409233384105338,11053364831110804840,12455303035601791879,9178674300149440848,1780064557365540292,17918847186297446141,7820545502180647695,678103930235539685,5987254918253167035,12229726023412247077,9494877887590899943
3066623427835316762,12278719674458997821,14356959373741839789,12764513288622734560,17096604900082939879,7845386992664619031,2277910813397016209,12963938319334155824,13723611504003197387,10966499050475128779,11927946681043214870,12993922359994245987,2517607197962743977,8456268859734750098,8237712960797105708,6986574143016381311,13509968039975611861,17823133747528379874,1440062652869095645,9390819626830782762,13969234342792741822,12846001724537564618,9754563240541871707,15658726511266291023
7348022580703866827,14899590626933158412,13040372236807416257,8365725215044300468,10074762351933260298,7351228815582845872,16408092209221031981,2184223001855663492,6008688348317830558,8850967541762799001,3807576665288283455,1610309538671272017,5831977217335668114,7498121333667851413,944291826396732585,6356988252216787533,9536056010552642711,13922348140928385365,1952998298278954757,1485891738223131374,14496803681046824635,3518540629251894347,16036703496713334427,9925215408522572914
12585654053257648333,5114452239286789970,10620748945874499403,3022230011093968449,11113624544344654740,9671999153857156248,5494490917652564110,15932773385187399654,7024022701966441818,3310993967252100725,15406890338738693847,6889022778620248247,8151018352951242468,3009714820992953959,3350951291672068658,9909600007250726162,11852314874926447957,16799217675262108115,1103578152931808756,9636474944698186927,14925460786976202190,8159317394544968147,5807832618030240211,10345033721446740779
9589032047917290547,1752421861952977575,6505590749065170543,3455737554481796104,17013635356039030405,6806192682514166233,7182509305313647506,2611173538721558342,4308990966935568862,5605833212107119043,10275946411604345015,1750327004008900238,5935753122058597770,15598683977358866799,13681384842720712911,3783844038994825086,1658204057723134640,11645608976380479176,10761124088643682913,16263097784554641076,4639989432581954349,11334981173810172934,16563931048884583401,14179078120253302130
11414293369532152110,9195685557855258399,9026154019309552790,9628192844430702560,13236359112300262816,14684340798289558470,1849765501794156288,15334557040844605300,7233837583421146272,13586305225399107100,17579908230197307782,8300501556554551290,14404592438921839962,15951281246154656221,6926896169543945373,13859531871417266500,10449347288306722187,7158543857616064317,6098382712496562910,1805571154882595025,8267943730751319182,16053863629144384333,7417731530043884485,18086320084384417628
3455623146476702857,8740372392192345856,13519602263258982758,7667867593073681310,13892428334336266714,6431084296548272482,7426285615988159188,10038052751268262976,5253486026736044112,4706017860175824044,3050168828436347737,15954155755247809332,13463599843374358015,13913008876335778975,7881193407321938804,7953626768013083057,6163504754064538478,14837295837991142668,12198003076014148571,16070698618748943234,1229032572224306449,1043238913373362693,10952537318979609316,15354065404583293945
8705578295629604269,8569164909092977746,2662433111497737490,5141635266144296787,8011782163267130521,14500496662726412579,1877009766421187657,5873901896869547749,10213550594287398295,4083421157113042306,7333736918993996828,3543821039735409783,9443900510518031770,12700515663013683343,11376939402788598903,12674095364914107062,13356664677867289191,2242641791660023847,12581275501580856194,14509072379464659854,11424092401610070550,11133269030296963203,11808018801078367204,1555612791412742077
2346098047714061818,13897854994923562468,6912570088859692779,11593202550018107535,2298749624312614970,9793280602610634259,4445543054984190968,11982580804462849270,17984996448498339744,5805226316272729343,15355651556670012967,11335466183549698647,13319725894736889555,13168025560942278851,5280376157595515381,13321732452497800030,17891052574191159378,2204309398397701235,724091790358576763,4816217431714196968,14630579518782544692,13694502845964483484,5202524123433556689,9695151874552236251
5113151213600517374,7046076626482767933,17139832416695087669,2828520876553055878,828534436655753332,17179646393306144228,2485244999262626637,7725060448887527861,17746938697953863248,13546294477589447748,13361242433391880863,15158063905173383895,1204505190250541965,4589006515623485150,10863186706031401521,7076520952131872977,12763762094715502384,6054762826202002454,14658203864035993550,1948087427512388533,2658366862889658538,4159366140814861474,17658622659053046871,10940459497486028277
9110107541579061559,427076462584651158,11551247132004797119,13729363844261129915,17637802081117168722,15999520386391256381,13788192966717022824,8235211998360042524,7000476452102538339,1509430054245800675,9510741414481013486,8398816428753637832,18284721988166975675,13505001427370392034,9836989732504580663,221710207249786062,11636726503738996427,16070776802401685546,17455490147396920671,5400581945973412837,14677778823085421259,17421021204653098271,16994000776288402338,15477905272547913376
12100238144657504293,4664537641024833749,16119731295675331108,9210242594815198648,7605909145042503066,9768539213105657604,7395196901281133403,2371774687484211784,14291715218775653484,11074902903911879264,13119984058223036792,10099919683844217368,16077279081567197304,15274866904335640893,9025492853224125847,8280839547907562902,2795728874971447348,11514102432963047758,17420688710016403375,3467424298672923976,13281220300005082176,12219749966814948733,5587951086266924788,16158830726309207053
15827135285797334370,15208187648334064126,3023464117329239495,2161051950914285761,9429911071364400697,7221982408259190522,16055323235074529745,16245854791027387443,8851141016984577885,6210797711492746803,902556284877927747,11185091550722930893,1536004205305013290,13854482120120192311,14953197188854915015,15496187536686137613,9642229183541679115,13058930643050655915,8204176264264055005,11766644089520572212,247173487303106938,800123352122754263,10365062682556977590,125605295747669757
7081406172861383905,17070447551211481247,18409174436519606174,16236334955667185308,12628862911970974296,11631989237493530150,12518189922752456925,14250666422778760976,5860068464062577389,15024668594103420549,11512495389844936868,3543142559067940566,3269146905655019905,15100401173820864370,1939031924788102132,11001460763174643921,8366669547917951347,17677389876995760995,8238406634912122982,14067474553109095642,16281082721269968831,9438586791582354114,8198694221617466081,11345761805118215422
11899344476675341270,9231393964969826751,6828618379683462089,1962539329040633407,14660838266859713479,9606936315480610578,15169857281827775891,8290575458170620405,15089340364112380924,12277839046898483716,13597123848172371767,15926347646372029396,7111165921506940211,6097183314110739881,6455538047813373662,11017841530209462204,11616050546020773346,1745081140106952408,17690471876845391215,9861471582134276719,909564905353017785,6706431233838664759,4436765840698813350,11843690965511610147
13890446939711832610,4965190242092091838,16302150154026614143,993166604937136163,1675612700297144912,6733178976697172308,4099929491777004555,6086364007669213360,18072650732321861276,9342860740250330554,12486098614182323782,14908071180925260366,11050392874724061858,13215125765825721379,2678397375223673699,5649375716476360534,13391082546298812661,6342485340101847556,17603150468432446826,8767897690667962266,12160295424415881130,4347481156422807058,8128972116871902891,6603090981671824177
12248226633425897108,11596088847055516396,3292521686886008427,12355169557708697284,15533427684824493737,5105054856240222431,16295935303898438605,18207541067189829838,13776007627133552501,4837462011235720939,17356334769054615133,12645577178886189460,6958771938390709826,16597447697448595917,1869919532438225768,2776951597065959612,3884148018765441127,1757966715694913194,9411264308027261461,10421145118289664336,13077865978155829861,17503817795884049210,15993938838252615231,8491862554913153317
17906043614695875318,2046325140971619487,15063138751142667341,7919988006123494098,1389713058927934353,3465822481314484338,8510580332044749728,1150139312556097193,2351249457706249683,4297914384312919237,16699992013271837353,4332235395789048822,11868405207914772048,3079885809065425464,13312805118468596542,9070926500299702957,7251872418624973057,11552670379055054479,11430741025640498486,9306836056587512182,13720514972783780899,7013676582620646238,12028812947920677251,16655820247982137503
2706988915945302250,18346157264815273669,7463445410839894085,6302226327377779226,16404036855937121831,1722531233296475796,2623302303700991839,13134642521214565515,3360325616362274958,9535645870699878553,9152876181812480334,5702886274679995753,15469816329629813565,4979971619681153334,10559780301665325324,16554549379536387108,6582804080300897622,12902626931159301640,15983538823086223473,11419587505599893190,6530729466374532943,18040289240687362325,10856831151957813897,4817477463895814122
2862364448864516892,16302479890756496032,5145479374447897961,11279525844082443874,10282986529936579011,6470324423592418427,16439635153955200632,8118330454259109018,1724076237146752763,13661314175877722257,4251895903464019670,4882512100515005685,1877951240783327508,6150589796319671318,2013577339910115699,16849786010455853519,476022819612610369,3750683034031199120,3389039824028592894,15182110751911693428,8789249193719365529,13963746961502692533,47967870326083131,7808945011300208962
4734669518679166229,17926473221144522374,17687582706426316056,11712481701373096541,17778316753320231206,12226663999480903100,133428214677617621,15481422967969607556,5149227392422217237,9088050293521232722,8072753650861251480,7257710966074084161,4122630758508674096,15132347256534065561,6800248299104818883,213021288120118067,8515295024838956742,5004304072389484507,7072778287319339415,6477266297416423728,18313433056056926943,13295887979079060353,13605383940332181573,15570339000001723441
4811448837986519517,10162658080984267025,7933642426901985266,5908196684349695717,9267180284366127033,675623596754438718,13894296960723897238,10557761007811977201,10496941765998898156,10930734856014837069,7239233760217379640,7595729056436314845,14287066082501389297,11835904176435069608,14307899306514463255,8673249257796307506,9561112987541652519,15338923963051477350,1690062168457733583,8042999965923170229,5350695437391973014,1402603669377281197,6865146285870933983,2346947392380150794
5753635900920474523,1092562143681104075,6284308335466595785,6780809185385329088,16767114491392999125,16603169196210404473,6576735648853822784,15162410080515601878,195468766470454981,9159548779235716587,11096836643396270039,6717670235562488899,10536500691904116203,18311091630753651042,12929534341101385672,8085374596502760901,18104611348674658354,1251039487534311088,17572746871201702442,1764012867317984162,12258987009626763495,11968616259634834792,11157158448816834501,1549363770630781263
3225650083961384756,11551831534038583552,6889542434480566885,3180101255063972887,7687369160400624067,12246411958113965367,9080822284180852852,16380666075156285619,14732131473916241774,12890463345788131173,2669690314782472750,14655672647065551864,17191302966521862614,7552289377083292994,9559119490064118138,16426949169037143591,2293716694316264391,3582281980635419270,16394077827941837058,8969596998367312693,16509347228391751778,15413498466588978363,15827875935154505487,16384091156810490703
165087048380753594,15919360807964105348,4302083804445021978,14753292766605569152,9096488880016187906,12594544539420446604,4525788284215777663,12556885307617518772,2956064286276786021,7947907702000343851,10098504656824805454,13141093712757351495,5755827492318431227,291750491965649910,652662438335631734,9488857210873791760,12534019664017451216,4933731096005238897,15768219489627735496,7820997016767619115,6184633951467634691,7044233100014738339,4565447432383045119,15201748183952320240
17407816946336718917,10751966000000721954,10240164642857462218,3837084946878862522,2601701876418873223,14416632402023904754,12742287063816550513,17054297709145065949,9519553207560176666,12594309627736938563,4792481974269376499,4727457443787416871,13635292160619048542,2328474966481168027,11480723947809825688,10006159981156210404,8756500403423439288,3442466411247864111,8980905330499477323,1134573060950046537,1066837984140628517,17770212811635570825,5284573088589861525,14964004345206430513
8345740732415418519,16932191050230500090,12690377802626235517,5877398603458347502,18376664039320722373,9777755350642312268,9185705417095322415,13114155187047336606,8095005057654185558,3024793192945640679,7675594524568867517,708561685346938866,11108618702247153929,7974282231978184618,5025479342907858188,16628056697865430667,13388431363503086697,12753951400614630296,12319736432753237177,2701814032543962912,2734864438651688464,13501620427624294804,3580151740140386153,1550488447843808391
4199822458620573386,5707216574307208820,16228284464137529129,3294566440199428794,1562816308703670133,7410926955094534222,14839692529137377718,16598604882429591016,9638873606048449047,10797003294726730930,2077478132776037953,14103070066458375155,5212129239142158225,14541322378877848108,15692101660115081822,7524044503337087111,6968848466890316447,13310435688001438172,2630606871099289825,8748306291753640085,14194276290484799872,17034038647466722980,15706837526037524849,12021766243539990163
18360703937049750647,17675030122937672827,12295927028095441480,2470477020997426019,14436951692765383367,14453558782264536292,16807676412802098125,10761475338903944903,10087428324857856833,4017239473206326205,1381142120453625786,4212679643637956416,4015349929435374551,9914936670740723818,10200448121496932192,16524329245378020701,2054352738082512813,2982339407114951063,2011824233135975480,368173163998968756,16040066521487885729,12684505057699477710,11999697061250354739,6822446493429274213
1736672200409983301,18241513528547525206,5891245370767999633,16099353434745439998,10433879645710004101,3049945066803609741,4418031740935826202,14647693970620731254,10734272857236375427,14781984201550493394,15418308709558394621,566291319883558450,5546641764215600432,16755714726457664120,14207626720317440665,13913716762894631283,5590470143338469298,2864789832160645305,6534672874725453399,1698338360010432411,170135672712253808,18115319083573623754,9517538705541080293,8265378652031887887
7349402403166970616,14069184660596488753,1018707370427099628,12334037505086528823,7516801813817026323,9514314519252429471,7505489344726733887,10032690642086083568,2809848906361199037,4672405497506247043,9298721354568772803,11761787430055312611,12515923767250642076,906856624938388656,889933124108138505,1946949348169944866,6670810691866803199,5447496197104384787,6170749340951397954,14009431653946507077,4097929323808060004,5974511509442750332,10861525181726528403,17601391753264509621
6171938197302558555,5955244466257020673,8943425165696715969,13618375779901425969,2614845561171562574,9901442066789791566,17777901955459180954,9356580849052477855,9160407393561555662,10042483978879056189,3279125417224813286,374563904437442906,1208540004876841303,725430702983950888,12700597442411557178,17704691151334868758,9145607004648257208,8177964036647896542,5357107210823233369,2979775352875207380,2922673714269323079,1935489158523386554,13438917322171715205,7084081708637195780
5982947881466914943,368918353735659841,12996676398901791380,16896653265503802253,18385316944572652857,704019687091600815,10873785065549406662,7196817406563107773,2230779389187847317,8405240595764401420,17211893219744659041,12061571673192205003,5205466109384418907,17544762249018404002,421913042076378367,4487413845022321180,15859490323279997674,8131592678511894806,17635333329526686177,15918188671300861981,3967104279095094909,8717389267809911348,14296812941773672479,8264806442526897708
14893343010973582290,8070451381009518762,11025146383420346145,10854285230661108354,2041716583466452964,18245589809488347021,4215305370934046364,15718639276185658932,5527719654830821510,9368992366331696581,10588944005807625448,15444159839025376872,5726852419693769836,10056788360868242412,15391436423240012205,13780879188956268062,5307931513041458763,17795669706046387718,14892944318201225129,7042766374083158569,5409381526452049667,8741000490114267984,9126193025194312539,17267396261477350337
11105809280636812004,304644056112372831,12656443200379422624,8766569339811519384,10851345377795433545,796066755680810379,1652726595122820630,14929615221303392802,1123473149417403826,10400906352983613611,755757300335018944,11904440429751723274,2098012110013415941,18398410166744322801,2418563974439581748,3796342523257122349,7355481123085016574,5262717467673909015,6094111396239045957,14478467899675132024,18297053891002774830,14189600923983796395,373692628262072434,17271800603630763197
13375321638813623801,2275804763961529591,18235810021097682383,3337929223486183673,17925890018375642549,7855919417421014826,15081517832199971409,7586353509824995642,3814769585301374149,6581742712278248664,7969792558164994026,17013508772371322312,385511494169032210,5171523537017974384,2997314163084759846,12548370816034868856,16697529160661228430,6091619866036406851,5866150109017067369,3332524786705740571,948843264834318852,8608005237312794738,4194224611202986567,10967276160503910081
1647490309932720983,10328240374931825644,12858646783349748752,15894468214226692334,18408363900067713377,11230592993388541261,9829632970263695655,734577316646950577,13370943459684136724,871138488237614074,1411603394214659747,13414896833077311943,3648556307482757617,12769238855731844388,345527225199295607,18212138714987476978,6985319337939483237,7361672544906488452,10395622893509619351,14126920601324806068,18027913554277196,7416410996366145320,17112640803630516574,11131905328182530595
16269752115333682228,5399127145350281898,1939845152972914520,5978005604489291693,2325234616182303116,8709177683131040536,16711165001118083940,11033773329495642825,9825583850426459036,3957001491440007407,16257118280292439198,167001022005325270,3580993910835667905,18208443107866366406,11501700775222312223,12918765752824547530,12419643670540155181,17839292423214832368,17770307731465837841,15415126607001036611,17840775759231726379,8866129379154749371,17270231979657668106,13548164090665772603
133702557017939856,13614632966860333356,15774540256520600602,6162414871808132391,16274902014092119436,10158307698689627049,13010079976140059188,15090232182351235262,5472903560863434766,10549438876130229179,5276990218804834427,16551937223377010568,6017938018889236311,15770877560441708588,7770094160002713287,8206643779611100518,4008657503551066058,2697915491846528572,13618201270138523422,9904556202845737157,15957541301405156345,18234067169689017106,12034201811751175213,15172433845305038786
14012593543181629634,15515858669324441404,6093942661909116791,3532953662102859613,4677604448955097331,16393885676050317948,1016666228905130672,6429412351010529914,3658830333407536373,8465383714982902846,3418855175039573072,11454114671041831410,8620112348034496723,2624616511181000144,12271933053059223253,14312473634495224271,8286745888680993288,13308006358241366396,15952921865391113951,10220991856713116583,993015835099998783,10942338062375238510,12522301916220017339,12093480760464653287
18057421871779092797,3951880847380679775,16481540107081006472,1574353750083660771,726214667186595855,6831637292229811537,6693054774234766836,13940329149933456707,16842151246702641348,8926762996030487473,14517223413492087682,18332124286792496051,555305220866503728,12257287879638390657,8306597053539682057,14100070990876623546,9393275027755678922,7610029322518930473,3876237819260019254,16797258435972374430,10884753604141459566,92901292974072669,938648778297664063,10438289004676382463
5954925550502600049,9675283743329464876,17361670926340901841,1615002993644040535,5046550040373695342,10707569622178421927,10639370082850230850,12260530056609701257,3072418816300759930,13147781843361979222,12874926219449584037,4854859126434735523,18148991845906350520,4468019559509551659,450349802712043722,642438366563700542,3553424823308863554,14464344126264227755,8064612647748033660,18153902249483435934,1337138103654923905,4342328276871759389,117822231272116259,16576415067201372792
12482877492364792399,13181070738595113054,15087269671973569006,11985887043545650325,2682210680029756021,14332850081212243959,619480070659006792,6987246114300387535,16314111975559530126,15309889997669700049,6401559349724092922,15240550691215264386,17909152425414796863,12856370085664407004,18330722523714726987,3670547801943530934,17936926149557633623,12671366108836004229,11711889912056107140,18378825245642830287,10700477486755735351,1443535343792415511,3319664028303946278,4943893662385520973
15994297243214594863,55022799831046107,3656577168722376560,16987411456858268425,5085270797887701990,12748898725434817344,13583514386912311449,7082049234525041090,9427174069293039782,4595677362038529015,15194366459403734667,12009002189530971897,2621823088898261122,12884883084288780824,2585594361482048169,5267540401363013095,13854353704207472769,12549867145452279211,7818231307829260817,226556752494382948,8032067623326063640,15732804582022328354,3962757289896486413,9273089493371614302
15267928849043888277,2193961161463252820,1550356740183208858,7697314995122875511,5157030049533243560,1405296080600650705,2626043193496323857,11223264282609566430,5188378154782915106,8630792425944161129,6591348803923149345,16239518142001958653,1227580427197689509,17895231002798845060,10048130204028537018,12852255195590533603,906532158072933430,3109958646234131089,17564067457773453700,15905518928625406617,1855702005327328941,18439044259931403381,2162899220167757357,3084765599025948126
5832575640864719960,15277361654551170970,1817342904521726400,8780883640517014240,15735756862552095251,16416045545026470941,5731976067090559392,5800922932240122940,13818843591185880480,5691187865184469192,1864292968877519782,5256439651494111309,9385762069479698467,10666722393787865191,14484596444826634979,15236984984920765010,2580555054094933992,14191702379081632888,9015277292733928828,11243125167003724758,13615704365411807964,5251416194507047428,15909468459134520827,13091397569181491630
8637697647762043947,16691988422058924466,10852731399630643630,16603806612582531866,8521154017941884918,15727894318097559400,1420293388061316670,11814373397712431560,16984770896050097088,168304866541439839,8968234803322867607,5888717204048185500,7986646026303825073,13686424788092620015,12459615185295268145,6807244095260467804,6754226426413366790,6028947101747233380,10471046961369170260,11701263954300988632,7720688451687847190,12650275907784467796,17589058129809377442,3890853979293592210
15504688446308312202,5974094837590701021,15779476210537842709,10372382817477560970,11355525382600866620,1549416794511804684,10014099955154434498,8636981913660336427,9201383075379327840,7729233863115178340,10250557490638092723,15335477040529171116,9851151655861670710,16704965269643313590,12792508980984962238,9079187477795639652,16686005452234004804,555543614184276078,5862362188897685445,16087094544931706024,5493516656790282340,17143580086719109041,16495994553926879884,42125316709779518
4102655873168543481,9300309016490004940,15020074125807753285,8443517332549025969,1273879865555015714,13376331305641672693,6299756054039407685,13755236214972580899,6948244473949282565,6043582130034926934,7515765759159531012,7915185184572418292,18018944000807054947,18153267107057169956,13480882411639315044,900679188539475987,9637356939244954497,1170229312645485586,8694310268471909358,4990709884221494450,4978255029312556518,9007364621158735570,18126054868256958897,8609132603537430379
4437983054181411800,4113271912220359651,8906858372782014147,7702347416799049818,13627976680373109350,17854586101595015208,15680383106030213331,3387120821176284548,14911339231971758144,13581302844211229085,8006151785254833860,13909752369700829955,18063054606261018006,4053216675045481701,16766162208384157156,14276806861668151465,7489440346581942256,11397792135919807493,14682659325871046460,10246299668021459997,15575489645685039149,3467134710335183262,4151480631652733700,4696211559497888301
13640220577051884313,17218027245745759840,15603633889996832196,3738761175702831635,1168409825059238781,3981589397315415957,11466448370944083432,7902702128331028473,9735438974503348177,4226323677928597606,13446546661764574902,3731195827061044450,18199968523825411751,13223674302064395301,924351537587142015,1473643693663471698,16957418328315359263,4050878311366045817,10301833007381470722,5048789580786455143,16150070391860943073,18418946508174535818,12973885577370874280,7587175066736199347
9169540581901035612,6765837452995039871,2192918235333920720,12928911748845835930,18092158000542819024,1349362984427401129,14042713483345001901,2596256079692534748,8109835534239838958,6776331923263091903,6843503808279455940,14711687559226812822,11187937843560494874,3079414126168899129,9773608584139480824,11987175053558505669,16399385002094211218,8763559208118600535,7210685271745379627,8105521329281190532,17731370330858244461,13060159856053875035,10710355627748215146,9163514063926263965
12502105379866994665,15322631947733353531,17655195775700811847,1410222182740291241,4184387591239251704,1726196455234200784,13120451958624926032,734091827617255974,16915005497603717529,4382693910280674292,18359202229381197328,8901066232260367,11777579520225054121,199328666134855976,8647522262487723390,12191749589781456465,12542932319610029627,7654933240753235081,17630183129733861592,11590467379517785712,12283022436029107945,3174585328385299939,3920703843855265878,4225272725863654112
13384824064079819766,3308109894502520212,14962167779999601615,6680735617124992016,15288351034367222627,10301849482324648459,10002034513792130377,17047448863502965809,14818970454718703967,11934047961306373501,10290290433365890731,16947679911734701599,15182180736860161344,1940106819154893472,906504299358030223,3707497282011695928,5445666694924549702,6497037409696941982,11041608321499688780,11337984855519833361,3818644377860006731,2287700995248975564,6696736442146505760,7832264966719375419
11322685735118334986,15414883296564365031,659392114181522846,5993901603407712577,8235001272614655604,11345690818906655764,6991498392865912468,14464179538484799187,5018243002849446775,12653885871996154054,10170054961726327331,14259401850957989049,5149504120283911850,7727430063759347996,8639562086973104669,1082038654669718691,11371780521860052496,13974573153157378012,14449490884221743536,12436231338670424381,2394233324211758233,13493639552446238100,2694279185394368910,7103787718029600023
10799577270381864182,10451700341945830508,2511935842222163733,6229168645192288780,5760259917736607800,4152501431550384066,1303831661970694520,14440749074849194617,11685810551249072133,5648194896086886639,395738354914921235,13709081674876893863,17741782636347432799,5400633231769199527,6368602574576589211,5025538144171718057,7228212113638988100,6872497945197152648,14188374946784075969,9245486113762815379,4715460438164185696,1533596564032254028,12087918024399304496,12308062595822858521
17479546401327236422,6995560870967756301,13516770332336633727,2968519358132956177,12529254208665236259,2380915530582939004,654690860383778781,1590368960336772943,14279763290558710450,11132099776044518136,13567001062700267308,62518621013381136,18137832507925316722,12131985180090375542,514582430094148132,10483201700015496274,9847701682080416535,7763500257692824365,16666266660910722608,15515879019099317430,8678283725524128475,5652175200589109123,10982861963163947930,5794228707864654239
8915589347376119264,12868655585273598754,5104027403903507805,6327633056045133049,1254829932439337023,17954026353423649428,9547232718835891422,14562381106136320961,9616995179081906253,17751283450292392526,17997878621949191911,11124073471407325509,13497524633693511030,16206360667585785093,5334196706195542699,3843414889341642777,1752009126842773615,3107840914377088709,8009567867163857740,6645574652885701752,13072828067197143268,10766750809977795711,3507166958490363947,6988024427925410314
4450795019980931792,4535720531659262608,16116839836635989358,18211166177719750386,3051633400610647917,11802016446419439181,328044220423889034,4381691814527830423,10145956602489286050,3394158212649780208,9048593188332144552,6378619284393948012,5483005044336435961,48111334818264883,14134628313899075433,15186764915998859476,13835656225636228748,13793553393256701863,6500804114063703878,15961158500131479380,11133864566470183296,9505210616833082965,5921468252685861965,16383066103687220715
9150546419999407748,643197537457481961,16125692603570854838,6717450195691833328,16201316096688828694,10577532885494752174,13601404415493946492,9909004658384085255,2485073640107303209,10209317138877862265,11911930083008277435,151060084642665788,11040794940414948673,13697272466046769407,13176503301014115681,9706099441129760555,13129284947125523099,5422498687576218140,6237926239527425974,4895605669429776864,1939465403395290925,16929013822610432904,6488619464289333021,15675743652300721903
15824493842802556078,88244491044600159,6325630562631976518,16538838993986156784,13130965368628858288,12085976644170828395,9303470518811255864,5947887778087237481,8464043125939687114,3227179660525216941,6370413074805289784,187818935906683277,6145881022049859205,13133986617883337203,348685069881650274,2066712891560957101,638230807853546022,7461741723382375818,11472196879706649499,15144656329742574450,183436812885197513,4428894461127456018,11643095573160825897,1685616715589128163
12314497554023406752,9854219498644870845,5615679532456669914,7450693438100207262,10234578480907235236,12247413424805515749,14205912164452016170,7418209477816410550,11554265601856731933,113502749636983712,7287750801212987490,3867844603041571004,7951076177448163103,10287641383850497354,876593804636443493,1691699242257455901,16335434524096189162,3703784732534139226,7694346944100220757,3411813206778264813,13253993610749256678,6512261900589774969,12342252196524166464,13537083793515655441
15910618882484209564,12296832387005102624,7827527891718901001,12138914438748831163,15485403541708495149,1255503500425600846,707762111209099114,5792555867882477905,6844857390951017122,17135557671596853283,1796159979437864344,3648051313096583474,4322331572204201281,6234686109545373031,5921368814216448029,8372885683673688960,948818694241216227,2707451631557057619,1024065830415540229,14474561562329019979,12154353148421561240,4406278363270133107,6614545365401033788,12239796053973503168
15608995831256983035,8347277475116421237,14551040510201481864,10073280422500464277,14813394474447281748,16030904591283880140,7466905483184160025,17970046039440838164,4958268985572138119,1930454717963216962,3135891893567329605,10669820909433604010,8821701708618312982,6139937759341407059,4589003374761375350,15152764593467712848,7914429713410520213,994363001242367528,13919174407214617157,16589263818700675765,9979654998411718718,6835910295422717360,10126033354540744853,13113764999788184089
18137635648244538332,15030068036689459467,18173268810190880929,14603097836452865215,4008434317930844904,15429937599228991415,2160348787308267225,8491389814727653669,9369748135305942963,7967729724327148586,1617723156219532619,15662804012700663407,9047045110364805534,4403288141031800742,11735410806571587199,16723870340739294427,16640342107025743042,14044489637343539799,16809421723567840648,16494497438887082225,14109746007008652329,1237971544267575653,16270895081150636077,13554880212091023077
12941310238709926785,10924770945956928310,12548369516129950705,351316595340476255,7948060719283855980,15570099578792593780,3582885792693238929,3106899905525525511,15974140240083514235,8861316665121362911,18077482454639355440,3357252929397239417,2952532790813984030,11271364624876345279,8786453465080711724,9146417239677099860,8201622611309313054,1825937279081302158,1027195367450848257,16327356383338233214,806735785770466449,3332646220185516152,17400196121285380699,15580733495455371018
1287839075679792604,7442975808919242782,10059467095793340500,8324428288625011516,7020992176770092927,13020535121005595060,2080099909283079502,1742188905890373947,3913015385073462730,10922283647566128656,13715639766466190129,8526322591953046842,16248646295968972163,1424734701238179958,3857922855712243950,12562627462201048527,9426707936112841196,4001323873788108461,976942367757896447,7030321956651928854,6681622810500369371,7405597227072136495,14042381853187418110,13741818688112545620
5130220088678547506,626971267817462943,6040845870636223991,17634613553612723159,15442507888198378929,1695092322529309521,10882254740215274657,16330289214666718317,13832919004019718954,7889305945548524937,6658018942889525543,13212681297950045777,2355392620041877354,17363679299110781639,3775956466381825851,10733716442021178051,1623772288860023449,3956923936577493596,17855860277119602659,16507232843211843301,14656666282254236130,553117324529878269,1616576662695225566,6530283329059925880
7868177629495780370,14603979588156184054,11796913190448530441,6380886419754320536,5563179443766345560,7705899788916417588,6844807953295097906,17251525352757072414,10729260144368409250,10673298290882481023,692810209618787817,5747794422882023285,2747213409550368395,18325228770926937031,16221836201158409982,9750607439615063202,3275784287733522109,2587092381832701160,2333507420828950649,10813369016068107523,9461116451623096636,7719468408369551415,555254560683239189,18277404200271825576
4909465980516375676,7518835925120972698,3444671893028482240,11501770058019423377,2359377456660077985,15912274168842731386,6780687485998581168,13008733100387052889,11965692160959008811,1846794079477740891,10118969525358233538,5838664330881690120,11520678866372005109,4536627352100176478,5609316079466414675,18361761900513614964,11210964861589609834,17872484849207946239,16937444736037087015,11558968469160450158,4724485814350111605,1964030632163102014,11778802384504877035,3629127289804689992
15875070917879641734,8943075814979423423,4776729172237528734,11370729123057106677,2332620976573484970,10079025635609607965,8403620191797099662,9897747868496205331,16059308867662486117,3821210340235331757,16473582322610287198,2165838403057588008,3095743209174450554,14760103022864640847,11200087083393662656,4078399241652258601,1447968773120302571,458518881275828921,8804305288041167486,3259908219453523167,5049313731556581143,11939703904500711832,7297537257157563136,17611896558073939896
8164517261821257694,9280063988405612264,12579247441611759673,12647246717859813843,12918804549357331143,16896928153207680541,16213153128584068183,18019573406899709502,10549441533302658326,5303125558965639721,570028814836273910,4195868159361925059,13743561046369318872,8186921646959278936,4867532811725030049,7426344700475973610,11919530135428924639,1648780292489916953,5626954931150336264,4106901280467670045,17289586048987788958,15811630384185242623,7485161450852921764,384926388987556199
7694739832275075373,14725159724714064011,16965084926121851562,12574465193532077206,16613864500785682303,17468952278974577325,4653965266603448741,11140843593177107873,5058605365591132180,5651948334076293316,9665629789881760075,5567733345911989201,17698905992371564019,3278326649966886616,10071626542878745625,11724067691755796202,11127526462897150396,5034998009381070227,12095005826121231054,2829503788713311777,3322505018173840522,1574432220387097418,7678582905317838517,16585010975665491000
17907261481999642510,5884867023205651272,15976514796206306811,6446810583009489968,338294465498184207,2372093176674601554,12251479291401080038,16296065619592483633,15665511836655479584,4617821617522635921,125702706732964662,2388878821389237310,16530198071253265352,18120996331319140283,14746573984735305961,8819365863219942616,11992321920077917312,4739875661176461467,6656079194377938546,13236384654085823122,14067006763767920613,18136215702825183155,6455577288037140643,5810388622009364777
6169779856771800210,1586500945689113746,15654016084151372950,17961764567934932830,10992529145983361465,7491523687831253898,2855954892949679212,11520311220313487416,5478447977411697980,17708868708947349965,1349835106665350000,17172756168262212768,17353369065091678848,9978138642282118231,7603650133966086845,14660506098871890074,11993079905858447195,972036966071928345,6045412397651038609,581489425219697700,7515444664133254898,6737955111992459724,7411147333897410472,351828103766055807
4990467235335927,1302829451758018288,13948325089907095812,9426098132812527731,1898609299967455391,9121187901487955111,16685098317994587650,6153476927273781868,3689003537814146613,3474566440542766540,3314430180392485100,2350584678306226628,17401249503986069441,1594405632752659803,11622908627561391777,746349119239236931,1971555927386469250,6882376142576438673,4051832914241212546,1735388527827785163,8842573444182221429,6738675472119790070,14008811899598351850,4011866195702900027
17198415043983079866,16745970077831961401,12194559601815416627,11479270924527614580,7525692661262689661,2611840504621719326,1402521461442526972,9727255974824320704,11547552213796322605,15908943964169321741,3657143707347296848,6561798653883656447,494669895111049957,8086753303504861190,15763853559543299268,9403334084364999950,4125350303431823224,13383900923529046433,17242981878607184108,7298825631866126253,10381471739600907035,12731769373488016906,17746563452307149241,4858384465692332276
2101757499486206812,15386616860677164581,1829704931914025181,8260058417206202716,10643726434646083487,5491065726223119547,12512511332729840671,16907489543905009937,11423338807971665299,5495342562440642273,4473770442411185687,14915617097058611210,2693030226474078640,2349273775847805501,10901008273224953794,12462517899836809345,9986135412763347460,15389899503843068928,14882396271865342715,2288540714725101729,15624432289091196071,2347736478565748124,6503154181260350174,8978108732965285291
2433185656792265906,8285521688010907760,16886361342699888997,13798831493302395091,10784561119412336108,5551954358931813307,1036546397196294152,10112640941045126462,17982770632903417066,4073426311314407455,2708106228219725421,3287172930068230308,11888744358225605357,8860756172976620097,5270120992929632460,4365802093208590133,11992492966457020287,12286248602152862716,15325738892533645865,1290843105589600265,10229296806981548036,13014476983995154571,12201660311318774768,13410099812590314467
6403984563864723099,11317542351417564245,2155398309077006816,15385847834313820607,3801072371095084906,2845965920167006550,8684279140758309440,15655527978605310142,13089203256354537016,17696827972983142356,16858659177046150803,15856513129800547975,3445897304436736053,9600922306289478748,16695613313679405803,4982793814848529365,15781166674942890773,4611249651678381546,9013196510431359627,3450249586597164032,12527610892665268837,2539954221283424154,4802561973820910983,10259798542834985171
5254433400140956840,10001777957881965451,8907312355968143349,3676562919539468025,1241280522656339143,7926722183325297218,5325883724755748786,18067137360630005510,9964201566705813761,14010774939231596739,15441752877490795216,4489260514467117662,3383397621391902216,3047619032867003821,8268464767722325460,1543001423639119997,9687954446548380352,5808231549801874500,3988585981292581646,11970054552268427515,17357487259291728085,2703498372534512108,15758588538953350559,10193832775467914050
12059190679089532180,12890440223525151797,1570366377979806634,4928510350655509644,13025246099836224686,12541165428972618208,7069261916031021266,3780623403451914924,14827519738270592287,9704730575166730546,7597305400747349553,6895940658787928596,3088671316474149266,16085716897951998141,16741494341517105617,733221205809625323,7865509635567129195,12850443182481406914,17389515237971132023,9221508012116225899,9484559696629079670,18390542302592937479,16893204361116624297,11957242723851476519
2017316494506125511,11944004670671943541,14958968339226974818,1454180650193756783,2133114433662482668,17393385392250303735,14401928721838861171,12600875781528911221,16286282718755376934,7317027286450300654,7389793354612379151,15556982982242783302,14851775566407665060,10262371250349231248,8081101516139575817,11968865974916101972,14040449657671854684,16559304574081175044,18439854142866153706,14581299050792090339,17016822196656627718,9120952912177378042,16982473985935695927,5651976461142890400
9305953004861915893,18300080346461666213,5194461395811764931,17942931194327523986,15173630771504399657,10177867883951135355,14611190492787772276,5466221947747176946,6662291629712984307,11892247769821051833,6433620429184773215,6664028884920461032,10568561341102681078,1847449199227512112,5172955856125950546,16050922033610032712,9083013817527758271,1014912409019730230,9313338549981641801,4720822968901577087,11917565377353919473,12305549147822375244,16823264466057339365,1425275374241687131
17080634562541635936,4528142625822314033,16704089046576069143,96349686550608894,14731624688544868558,6880035483198192182,10802944445213887383,13687567240093482198,6134820209299051879,16302942474693168997,3320901382189212555,3238113996641589390,2833993838730446709,3175847005026248438,15189788340407285293,8193282585726588726,12162937487459984151,8222633060797381709,6370547423234446722,257384295938609652,17799572260880140854,14752147606935879091,2605832570226015142,18426368695646559379
18082222234044858378,12598228040865267895,5775584359044709722,12881117381299193722,6804701055267197174,6707114877428847714,5901958750845344713,3468287003214131551,12067117189619608754,12007639506793221383,6155511507865950208,3846519775310663896,18175219301563834101,6885846576327981684,17171064022062309734,12931338915385937796,17609063422133920772,5465525398805714968,17728753485006459624,12867990550631867911,14898980705286228142,11596002895230217150,3257859720480748372,9379242838900693578
3336800398928627930,16561239068151005555,11446228868434783410,12762008463730724458,481042514524799788,13500320772943987582,7537197803845220446,8566754241669919608,5137010894185051239,6948281431888275835,3689040414355100492,7795213186577680995,17117195938153360212,3953161210363527397,6672028998010802245,6988231815463066251,12368404982822318596,13201514439961890609,12030149840271374528,18240225992555421265,15591853131661051696,17659122938155365208,1068140776782799176,9637150824298600467
5589842290125212688,17123310655408573719,286889838577514117,8369381792415760362,14421513306066458768,450968435942717035,12282809180314732660,7870303938914262969,16551113453501289854,10136527442253735633,6119479600707511805,15436196468742375076,8071012339497539664,15483771799105430420,11112296035218634692,16374101451922221648,9745073753339750898,10135293638311824693,7816825118295475849,17922508381047755386,18383225897803952958,7613389214237380318,17371568602292358489,17819907243656231058
7176091120668809785,5934591870526078302,1802996156100140376,12994857103768100223,7797457916135805161,17702114925051963835,2906203226253002781,9452433250348530203,7313554657281766764,6483384430913263600,11007120297216022366,15609103940427914991,12386028635665193721,13926391670167228252,10291864134829725407,8708743922095871994,10050662779519759370,13093384181493528792,9532673387182458164,6885592571633440339,6692914235988431353,5644596153049935754,13959719490324238747,6493164160375620503
7241050669217591735,8629768021102032008,3848350868175478049,17100314673935345895,4842358698489934584,7611478109369116852,17002681867688550833,10659775321992480236,10565935645303360585,13212655146362828961,9364611618015228122,15308097248034743135,3866586211596877481,9445708896094114936,9151825657877304069,5189729302676258495,5219242442996291449,12698488204825087861,14121273795859602754,9913892498203029487,9464816567718285994,4773493314039888211,2611922861468390983,10529705289253097967
4333404570713563198,10172107534948169841,1533746610433435389,10513502184611567585,7948557706661261998,12349359002056421287,3337874700938231356,14670464869030865548,15872412946377015650,10255301518452859289,629595406841485912,11469317165594156796,10658011544643667909,7721812504284808732,7246699993446340308,67911244912710571,8986147923944749949,3671128510283474464,13675109782846528728,12625697010665160035,16740944610080628827,14751873251805047790,7869076749190227189,198063812948758423
9234462420684671990,12891523940272021419,9493144606854943785,3147358459263064289,10147111239504595816,2385728570642473369,1248264321546241327,8875445031170304778,5074200338011448543,6022353990422184075,5694185885368794376,8135349556472804334,793837920494317661,13906744314778863678,2915149620739885584,17793889823139794289,1612866895617443194,17103740653964758851,13485835999407607030,11388711310318201345,14673133530478768748,2084532728366099325,5238755757563212190,494282001859745456
10404387801040291849,10630312812429231998,4287946158570143509,9525108030689394367,9974370225678229644,7356507286813971639,2855624560990066229,9362854702460836214,10941803133399915875,4294749604531646770,2126557751318710626,12535718257066978928,17986022955281045454,13444440499940281623,13232506140440778752,13536912609734914047,1859336388998444179,17916085807533894577,17633651506409261185,10727003459700607251,16143973305385931695,2516003791582237561,3590330103753738133,13448000145326290061
15666395498536731512,7100736553028711338,18337916343538022884,3056234827481228198,13606297615091777334,10524359693561749535,6496761055459585937,9283044547188952056,13593536652458855073,6593990987378444212,11195107356018672017,9210230295985961394,18254799139765629476,12391473786360815840,16325089641054549590,9135133057257695877,15627270029625669390,6384049496176883009,1655355023286307730,1456092396367436080,14932306032787589558,11666828498163947588,1278548611419457697,16566564826234397996
8871032196629075122,14283952218997594769,17078082630148424407,12534828157472729540,6376947307730338544,8723958055457766199,13031716072925168422,6942628230962935667,11862285203026148000,13284651343248708643,5548510358394188950,1380872684937070943,3356573667659657715,3994780124648306480,3816205924076531814,6103382724384763808,17773574668814007244,18210702683441617716,14917205518299691822,7312517302669190442,11130306519446935388,10792809650483258114,5699453978376769547,5292494899397669996
2872532331593830125,10468712352115635787,8981683780241725315,223763696014332103,10800128910499355423,139242729354304978,6341841307397846438,12365227809251388926,8703898241568375691,1900588324313188968,15323107091745055679,11947654948699504976,1035549119330811808,7608830639586845082,8053835405824300802,4968416566559744654,12354519169766853168,17175771153744900016,14463252369525980156,11867497120871759928,1731361633802725712,12602609541983219584,11900735992138882201,10595039531909438509
9315941915363132206,17314574535249534495,16103008631876550246,8882759908321849791,11935253122698133073,2007576088807580322,13835847107029901993,1771809143539314591,4587167064382054160,8257220518362971102,15769825882376322783,4970275559058502144,7453137501228481056,10006378524822243460,13440523925530862978,9340497683194516583,17551611795749001070,17621491492344542674,934994609831357689,1806692917631315706,13679777904946948597,17628953458686251574,17620448450285657551,13358001801433906892
765275032473355384,15795473187511881764,2695500072385510908,4398330820842592087,4025675610055630185,16819183098746893153,16561977740644589126,17886110673358512068,10169340952919864369,5852002297509950179,16962660726595394948,18301279362518850085,4985975263432982552,10024951528250185874,3774548375734195387,13905864034550687998,14482125681270994673,4538520697696153474,2224561185333644282,14160498204412970774,15174017460817233806,13719445229430338536,5988827338497587911,15127340848287892620
1646790726813635505,8620504108468628806,15916080851532331755,10767281731685864647,14586395973704381207,7721063433783648032,7037385089164892501,14131581114790004740,16384271066618245310,15385215579862330503,9695738815321137172,13883920015444624698,14363827604519714367,13733843611835866000,7408393473009916143,17805565385816663752,17445985611528567022,17139712142297883617,2006940768228961267,7370426674872581044,438196698167484728,163207438354782170,13920735003386163420,1133596711966455296
10956582547981002099,8740970814935973791,16842648037803912998,3745144839904982527,11548819340181224282,1345491843257291956,17049932600532635652,7668398241939056888,3481591567821882533,17956504543065561372,1447382008277788989,501268960175132472,15823789426808721115,17029003240749148038,12206312143206073474,9140061692994525346,11799632200038344626,5553953619369163797,14813790609359486695,1092538076368459090,8403583078793396337,3266065318268868228,7912876426779918923,4403071794350008372
5848811451202497430,4472269252275619607,3119787730070966489,12563193749992239137,4493416726654693428,12702666883876060567,3591818679164851485,8383443172563741132,8968480875501142679,468881548743795480,11133815752031569264,6308779709071940319,11704962602071334439,3523879144448595620,7961814365873487746,12176356292951725561,16600092270743607390,14908421294031004777,10088978521332293445,8109112730797634943,1326826795796734603,433895357291454704,5186176457594866433,928132329846764798
11921466236972129913,14231846116386660156,9028233420388693697,8348343839179307619,11130176583574290467,13713929847099832910,8503745556591623036,4158467332320701437,5914961551267223376,13033219588047399984,705455416328311803,17667299577170113114,15342499322472632387,17163263225372583210,14341356408940381661,14379669051575724401,1400486128939505185,10281383826339406510,8480792673803557329,7854384643826051970,2687437222743031735,6617574671215688964,2121059694872827491,6576292094398647976
13597350721934422380,10001944812613717516,6630762560812055797,17419131064358702170,4238589053238448775,766918079466956048,1133524197937650355,4578577511779410411,3448225653477152468,907117579819932941,10730254157131843673,8745182460117487650,5490724605515118786,2599369699877890572,18137221473742472169,17537394133114982015,63432714210374688,16646018529591862975,17289148661861299425,6947006747543398299,17593659236354286230,394416845808877330,6791404203709991239,8838221101507544774
17996455742913104320,16250080050199629195,11857374256495010119,3723243669758612081,563027968461903514,15237936062400181806,5894387783159720412,17250900502220071716,17474476864387889803,16919519869670584880,9142969429121174324,17319290722440053655,3882353242469739525,3130901854477135248,16214306962077142382,12244776518990687627,6399987978083917457,6985826944189140136,16114307456232423067,15926974591839942420,5846431378481974976,2852977846229119587,14682337075415124812,15324649472248567338
808591436778627133,9442126308152648492,10142560854615704095,4366791629029456677,14062826612608955171,11338063028521750840,15398303269860863198,8771554547324842435,16440244872427206922,6721941492617655654,4997597296016781640,7453215247552653660,3427140559483229077,17641947759063018764,18399133713743324748,818594117859446565,7952092000279096018,15716803878614437323,9846069844169924933,2194782081216305603,12786012178790863151,4509562685204437750,306027992463283304,548305791646878438
11146606321667822942,13137271374865994613,13440633386216632695,2933074725465712403,9178464593832949046,17654359351725285835,11165053354234044877,12787559344501501184,13777719850578076114,13490588865970696373,8801407209279377825,17231394250576583464,17468699892334268034,10125029585649439109,4566762376944223630,18310640799280937691,3319772147639508976,17757284676669159696,16761020382090126155,11335951419290701997,15887908510735950671,7451792811490142121,13767469939825700884,10830426764030747817
9188468596651200374,16083541917565209407,17605452541648504450,1063631187982497518,13298056671927363417,9018239999812311009,5588248114177171421,10852628870879700570,13232575768434173732,6694886124074006345,12388439146375666516,17529160691303975830,10628767400635198596,4815528565930936657,1762191896872608273,18410065803647888473,13914831758413801550,4798438281704654022,3080828810045725049,423551398209605098,1497997614145296089,12890383062385453143,10426205986949609494,13445399848524375564
4604448051027907781,13354783632960687093,7977805919350189390,14199484031665805778,12790327090962428292,2608370624032380724,17771832368349731907,6192723410566390084,6386934826094424323,8808396946592740282,17246214634576085976,14346078024216358511,16009102881729044276,5155358762862629617,10946443377810734360,129119046211205194,2397739097941912447,15872187491685201397,1246835393557853279,10371784687065840370,10723234807648182421,14042421264776042364,12876954369538632132,5321495926944148612
5460839546140566375,14900692875356553249,18162233631209779104,13808507976780535272,16128926280980573636,1670885111701112821,244887260721195931,14707608965239151482,7932074056265092939,15336575353596571743,17212817867552840171,6410126667350856367,11401658661372548080,11937983862471387555,10504334471913382893,17867578841569161351,16432789259547645395,12363678715998975040,4578096651850976309,3087794320075678416,9081763020754327309,5197741855038074222,4315878735951813012,6288505615816370941
10341680897570744084,2622501663721176146,774636141015127936,16487968311846274990,16853542667883055713,610889331230955095,10609123611311641642,7762491522252730525,14279923078468701646,12101439543717756796,6717173044771424663,12238893931679466508,2730315828093875245,10413039145582521010,14070384872325478561,5792236356828556608,17753715671339092257,17191681654128839310,11847813670411101823,3109891396582147350,719469520080951920,278541540409330973,5718036740468523141,12769333599514573088
2665939994548330748,9472606749005195480,9016362868979472155,14633365550533703165,18202661187929656371,8513332768594660282,702044540501964667,597420825719539605,15940199063782568980,16465033965382000842,15818595047573794625,1652163701555589160,10986304613270769190,17389163082127815033,9649680807746395164,5248370184083268909,1121898885913747088,17045455201172747335,12729657655341436031,1952985522758024277,12481261100214630626,17538150823013713064,4343510849949845166,17333939879219086991
15840410047441209409,15664972394952401885,9237987014485764191,14465078412483380051,13533509412941110533,11365296851060019556,9633119785409662658,6385430399953426466,8549636946844901935,16352222678888374258,14137913120053766996,4442583575380095810,6396885347698271015,8827818663391587874,1707268323438057448,18065169101872245325,4164749046160291696,8948986139392771243,15317897589621897539,14098649129998591699,2735014222781118597,11200676574490756801,15289528640263145708,17694584723018081892
4453983177513384941,8230579021664592714,4444181824363267840,14823784944614573658,3715679716972224966,12403300601795567282,7646363324499234132,7813959525074944359,11425271304813692891,9078394602337733277,10398413186678100948,6480661070002464000,18209089720189748692,5868999954856684736,8295219504064029828,17313448636990070077,392524666399168369,816095928466474190,17661982633626958933,17648308887908163540,1226426251771738722,4325014117989365973,9952065542860933158,663817227959097675
6893333824867148511,15568437369481285635,9729273481939203953,8536818165462961740,4771053825355875881,6829200024700242607,431646236030763928,7184838463300457677,6557062095955342065,10594051882128190328,13539614707508524073,10116403867646853991,2114784501785503368,639667893061749562,11199442293333063252,11369017582150057400,12745874855387487831,13127668326660918227,8197765450726582604,11923341696687626683,16360986350814617939,9770093057915674631,7481788994344872138,18069222058864634167
8916447937070181071,9093960293549600040,14798879647897689405,3458323187560853194,7817754316897932346,3688262275225378903,16312527518188412167,1303438672250857720,11268180455118769772,3151798990941885015,18129869114604491144,12199616973229901897,14916894630805039978,7675508382167535932,15136158625713180619,16244524258873572241,13712843881136646561,5917724640564324120,1371053372460165026,16863468362150063626,461701848784666026,1729007390010425880,17843053632138295856,11600008756927054219
15231141194340667845,5245957374807507922,17978767237198059353,12225861028433963916,6601139232822404168,7008979920625708140,6205323258556428246,4155879923268464402,12020129032532255551,15728520353958721430,1919337669205196959,15569442151026819373,311049022141434185,5835432554419791655,15172951029294501438,11975988329348067407,16221328374924122120,449340749963628932,7501931348674146261,11095719061287240507,4447268075657784764,14080130247308335608,5585124803990437960,10777997779755645848
4645976741509450412,15111543175942572597,3699659267070608489,11372615021809866415,8945739758226324064,2657968800581996406,12704489018211347902,2907004669568279437,14330468012045449809,3398354169722481009,14846963856850137659,7888135799938065797,5176132190789813207,2702774645115838757,1226931988680580401,10220690497765460406,1119430699233229531,9805808176749692115,8884868951896946514,11792189563540471352,3854286574862800200,2440088982980748131,15676952940688251704,17350858451775743852
10105534284290936802,11134967416289683544,13184861280507267412,12150044625605327419,4939356222211804418,7153331645236224198,8367415022177787386,3934742948802633732,11904466693565122369,2088660890685439427,5918076386526853387,2399257043728224761,6999558585560078308,17416723463885973130,3675987914450800015,13118964952920916833,5082971055410164502,4605044533647246689,8817405170134246477,1189787221161086369,17991299781785779178,8810627947181797877,3831326496247884732,4481094195774869044
11776992887671811453,17859042467733745844,5475916713972317759,1817673716121603532,9859148901007769927,18088167184446534116,6451319957955105219,2114828172997508800,17814064527865805969,13600930085030475030,9452243268639367935,5497289985861535009,8232131845751879023,18179959121146508794,17295135688458849411,10120140614117636004,16920587934308102641,6598031712210916077,10188200212058956282,8949295184311333829,16651916041912333136,14953209784645689893,1689293996201958581,7394320083059034080
14713072519096079814,6046063484719936627,15243155752878551586,14869059081162819679,4635964828008012872,17258695389781358796,5667297705708617815,611350256684048126,16813991569475956582,255738769329565002,2744428176196195160,6674575477309917633,10759856906505486649,4777992604508366716,7723337079510566670,6769296558114807364,5201593407113630563,17090910726053370844,12794222123776487538,16475181820008807752,13720950909067561043,1377299191914115557,14395075575367710985,9384383559489050270
1028427855322924093,17732517330082091446,6273907891724288962,15805507903813957916,13650010615393036848,4873592490790471891,7843723317483505456,15873085411699160288,12000689421712356252,11205669645857606187,6550369290978627881,3633142347425431282,9238164758806998382,10756663123119490487,7486782476139155252,1324379221481179957,826053569912631658,11305591338256357756,10979322495083249385,9863815245365780097,10973940763967030272,2780148520197714995,15171174410635623993,1707640977408612117
13958194971204873539,6959835743750128533,9126204312378569578,5795249749341114781,810624625732301446,17497322843335580150,5100193012127632862,17141733038884469146,6329022878338572026,13389679547978606978,16896156009186698561,7527545142689545723,17704859515816546350,8244011909050474137,17179627444628136131,9859736459932114073,7477684592644616283,11370980745531910083,4359670213483271795,8339719632105268991,6414957798544990112,14779286952089189606,3351075202868865997,578838607676859246
11631310242563986626,863817510482228950,16956739824843898024,781657076707651237,10486744527001907332,6861087999628254620,17992880667749031198,14280309085868552634,8996306085558106002,9453485045447626773,7803675505403046315,11105651751715888119,10044773170603162931,12927892138881360605,280771928118008396,6241026151831493359,15962215005320488789,5594434846320627594,8766245497769655324,6343864606370074279,11561173417283763541,13287854707081724973,5195209198249492942,2940494891798577517
10839214650144865786,1892581603559449752,8013877768782364615,12224052253054429558,13909708782937671264,13844257155600358963,290335663010946234,1059148844565055891,17715267441364738832,8391160989297326457,10218142394109017685,8762012175438345567,16266231381737549487,10712900759831353403,18197454276873628894,2561542692639634801,15670415789119468246,3875479447574344547,15667231615359071580,14366329579787858855,1126500736712039720,8460672894101372772,9751821744423715511,2674860208248516380
14324834911570449164,1066831093835694265,3350956527147808615,15044868037607298957,3867145879920494689,5280806037519671444,9516894560744723783,10985207586268856949,6075160120517776143,15133932154962914080,1523986524648153166,10774753881781619310,5129177224624718586,2190210380717799370,2753403101189072650,6371237678805897798,425504731340413694,2150572162467106192,14492889060285341231,15962316715329432265,1256823825560563531,5362654121314720932,6412592236808510472,15467893177439799321
13633687134332871777,5488397709452556823,4706851406743139041,2932301555061325508,10873392248378848215,14588312747437828922,5002769067621268326,10588569023153445652,11567956351048811449,6662210072007342636,16532909904359890752,12004319224266777421,5039288420340345404,11245470553039796459,5763396965667836168,3484453093924162707,12311968532737114256,14319582320002886192,7155232380365387287,12375779490737813754,16741030692996580747,8853686173652932605,5368271957061327108,17403641105504721724
9867557508825752659,5601809247380778589,8545260268037161903,8621732017500324559,10081709922892942185,13500427160496176248,4126935001512546400,14597523327358712066,1511890335884499555,14379326719809016430,8037830367271957757,12401290833712634593,8293228450083397761,13972184696216251688,8833622253034675388,9941130469474082257,11357340220748744577,16267247088779589263,18051562953759816690,18429685798516265823,9949978474023522827,17359953208791242733,10878078419786412508,16252793440812373936
10440137138350196501,860151711648346291,8182742754737439092,15529924914026044031,14741951017256167404,2504182672999449310,5362662515700508092,17036807225262526060,6029524007086647156,14185953257718873077,7438736853694363535,5179140676724954576,17939243230599308517,18174578684359711410,6668470811138503167,6484753800082137387,2261130566879582775,13517718909020679567,3166851237559821942,18283078940837827322,4075713317982663836,10873799363255889254,866304037435108832,4445594942339717278
9727723566507538461,2145515914641224004,13928922210530011309,10047789076781354276,2245331132365002772,12163271433105885402,3197554675617141365,3002331863402307300,352434318612695956,12736962420129754568,11889870867230053044,1876430016189531689,5597939409193093264,16202060208641989948,9697267966335265206,1942848292817963239,14547511319131100680,14471948765300691669,10559619042222041415,13568116841218964655,4991125190671320318,8670319080719073122,9595463216785688178,3251829241394138415
8613842422257742913,2467341508271817992,950090453512688293,4071652612976728674,16354123797502402354,6452604801045278025,14176293388682665993,11767488770396353692,764902703714673456,2561370180138448502,18281736925458945579,8667457185598350473,16559521741063527754,17025488904518949013,17142991176622203813,1915520104978395669,6774949806029878259,9935882824425411996,8473439783180742182,8767854027409458313,10070632666261596693,9019105875800698456,6469220430583864786,10300199728921534469
12986999682108924003,1661058534454299258,13173314917173103778,4375172538545731707,4369541397355953871,891225867246645669,9845672137379652107,8979029823055533074,5765767930712922576,2976166518153970464,9507549117454443442,4223611997630218783,17573766491505356681,13648539535577359203,16679962599008709386,12141759250585880373,14258006195694875260,6404227402428398680,12400556381170657236,16847376867728254639,12140417878222355563,1434469449890272930,8492582781534346292,5337987991841415008
6245592596096165529,12473069872075279199,16157310903978799026,2227580036993108523,10309906119559851978,10656864557801054834,14607190045543217106,4143907885753634131,12047585736639257003,6040419281307998331,4315485377011836934,14643419097855181081,12800455599319048464,12977073073807639089,9716073595270313513,1065827498770700865,6813365229265638672,2979540019882377097,13804657175218814445,6916065556501340855,5538916967254158207,7649377480749206267,5961638400902856614,3874544812017514143
4377100608286744384,6155643841180962825,7412368427579561417,18111673687237840662,2669354868673942220,2797043512650335608,5427292868140462308,10900747841682851739,11947138433773327632,17260212136339472563,6564665753798740736,13415912793654531117,13095161363797950836,5031733780611495087,17088167819428521572,6337060956977544650,2924355905237813173,7842732837149311263,768694232666975579,17858002215856820061,14107362070742443847,7728674033956511013,10752763922377401046,158296318333585438
18030713499138423638,10594979098257672918,140054029905129974,10369022292320694527,616911736054508600,11262718978886402188,12142582658942639683,10426705496950197192,16383119757941259438,9014120972333024908,1458717377115453324,14889759775745253817,890833252281776602,12016220975251495840,11043484972641307399,3671553689650256486,10558281085080803050,3389529969624699269,15059139721065201510,6735980386768724570,15434793231011536825,1972444636598576543,13286800297009479328,18191989023778436905
1382460853482828204,6845707879437310505,9359370086028313420,6015532387161035633,687438988999402866,8548398437940425832,10325195637866868645,8208388918590895227,15063125547330667792,12629012510542478543,3407386596101643463,3169643823660279103,10182722508649817019,1507238619509485246,14253802539816401032,795124609366423179,17416637167619292121,5456930908004819386,14891940423710674540,15138445250080898126,9586812225178992041,16989478069196099920,11295456892207969264,12723291530889049299
16985972527314257480,2097751985217774082,7992806859103237258,1283054134222103861,4514004757133498838,1189078127952761051,5905639289253327884,12124264466834718964,4567582175298677585,15974316995908403621,16440643228552673025,17870700742299994495,12299950637791648422,11165056154829252451,6175024384085868825,17922631230500734992,3490731906893615635,16643596326230973289,11260150327134260593,11084798443523131777,2408834747613254648,8620375713160118895,4471783502643930077,2775345189138438974
13193731088806003970,7625191856405605289,11022068857510281614,12289972089648350417,8619645490688957104,2495489050435532195,6485929795883790384,16146018325611782205,11172803820286844022,1095510942788836711,10175241261200505952,7312237349865959604,9251820023024186384,16733031761124401811,394461789040098508,10420946082713315810,14309873257448359134,9566341991033548433,12865921668569545774,7053730992419446459,15883541049349457695,14740737691156600389,17236177699378400118,12443469382637158049
15415495825096832597,16753497322631792876,10179290276635138795,11379594414144617605,5390943008480774857,9685418662725891003,5433502534376041712,17906759171381251203,978089389480481033,13590137080220237669,11507583554081502308,17580372168176770760,15473496998495437192,15655878161547269556,7979065496610175874,9678666460651885244,7784600964952644008,17595084610879592760,7588728210600881407,14647783665761728488,10997783951132030419,13998944508668832103,15945469822154731360,10146868716353725898
16382107417428404650,1290397632023259012,16847580924307897978,2592581387685473465,16870147277359555944,10190369097453444889,14194953402483981748,6789879765443835256,3044552436213755897,712460580411935319,9959881916041487380,10982506412881531126,12129789305646902773,37604816873171347,4390854430901797764,1776707927227825304,16030659692096244558,7012486816410413168,2946587164804851647,13966660929210681355,16073668298879048250,12235050787058586214,17369504614614083863,14315649972929744800
198320035741039883,9739579019984562284,12955501505836503126,4297535622104223445,6000997410675364425,12727586431669085942,14547189319237202657,13226354658435092824,1634572245753026853,4691106724664282887,13630773800974052243,1168790903448401078,5134422500494539926,18405956936167959617,5396776138083507488,3411194804254292117,8164846710233886069,9194282086565321454,12488969888651443936,1185537924942370688,8246228672109740720,731682673161992763,2470603802571527832,2932893567444065946
17082244828215079756,17583712040630142634,16382887661379279882,4947855717366383730,14543181004466131649,14585236872381763554,6152759668644345888,15011140054533803387,2658046798772020633,15892686884377206297,4387998505661385825,9264257728863028172,15632652549707321101,9943472972401156281,7783979239592963612,16167535316480911753,3173962177308875890,2991770802378869430,8771918959066668227,11900477715373111131,13246455544663178571,11048448197685092708,7658241061546348693,2657208890187580005
8853292710026292422,2590936549644538009,8200551937675514810,12003623642235781096,1691888745640135176,11587298183053488747,7306579418172743157,10750234839001578222,16552481729134967672,15349632390960724941,5932728867390665472,13784465578153721416,15033771626096668683,11239994537505602762,10542085675308284567,2192906091216259376,2706590703847703275,5789133927123315059,10603524356425049274,5911679025785402523,15957985524179542235,5181331062303266521,5051848464350660511,10651629789369876841
5556453607976967460,14528388653891688350,12476237764197883073,3379079859613678113,11617413675250699322,3094175853149651128,7062894408293941518,553811993453573436,1062075894353210616,2145391436145556635,11599838825404377784,6137124133630201128,12154960813288119882,14596103289922374566,8580478333022602130,12002802688641123352,6851909637495002635,15764794293549511055,10669016836272335060,9862256184179690241,14316288505500124367,2007053313458313049,15748591114067824372,6819045501017529795
14860808256186483792,10025888153237442354,4877471224756942788,8638831990459698822,3325270985030643925,6859892175086240798,1610830529084372913,222812285773668022,1778761003954418302,4491181601933401204,11930137234276238488,9668344076467350667,17624080712944240783,4071852665979319651,7801664220404267090,8899092109731255956,6487513002183161191,929262686658205093,11126233595312877242,5783023197687745188,2583143708357437759,7434179715976820390,4976720283172224263,15988234153649445195
6637510758467037261,15948516914532346564,10111227210919342955,15825388526091712421,2183736270090015459,7239647782495800103,1593566765167477097,11009035968737896512,9877710928617311920,2784698202177461534,3428803255612261303,6670838499815853492,12541437201533775316,3338809219007848130,9288682395790019425,1938633692612673391,6117321225860522396,3548106257161514229,15303310171646764460,9191265505842787435,2729673175229357222,11686078311464781533,12247081740310008168,4574970018287288847
13241026762483390321,362472132326401867,43984658217936958,247990153699705817,7458819715248596164,12836477268923042242,14829489285836216346,15437018331316652968,1783969054155185824,17080591861597186964,6451531174071605771,1616251750705765802,9682337211126872848,5083270766204842344,13904674112749863397,1016474545610129610,13354346144195494004,16927325959812197507,11842169848928474820,5845313969624782597,580076502345264554,7453215203343327624,3691146585545019446,8331833216298957634
4456338556773837878,10766023863753954766,13398725275176094409,1134496951912028194,16910824015130921253,8483709466165439883,14298220322650367343,6048124093193364921,13813138514225676079,16110059986627081780,807409846372330924,8000654187509033192,13355293160361588007,373331121125051153,15678457915185502468,11412827003347703781,8999666669918425099,16767625932000009349,17380107790599373127,7088974077930659442,13926076619310734569,506366381184179467,624865559863077946,4551432655274704345
15966536533136325806,5952418915287567363,11030815379236754661,14846233988274389369,15392783326022710316,9672103297557146270,4682713851193472796,11608818957881177276,6822805992290514355,4813501594365861294,7893046153708507184,9780234506222741315,8915045160066912193,9223961284354646070,13607468447246035402,10139656868288335082,10343793223704352723,13502841289348391588,9027525509817619982,3373117255673522259,2789452302890360204,1259540841461903932,12965034512445959879,2789375226812181732
8053004423362025464,11890949189035280326,1478671403126695613,11320397901069495522,14934778614956441704,8896535639554306424,18039015090885949014,15680907675337525238,9494738753984152705,4077414630771196266,4582437689271869341,2204440484418335103,9739625023423620312,8327906783006887432,11507654503045596816,7949488999220855514,6620584382587328766,16444832431787729951,7294356454038764849,13617316205404064446,8093628697743156190,6784741147890542074,14506968341513690129,6488629303102150571
17248454522184418538,2907298237622085580,3150491629280206272,9943868034261058858,2020782401195502616,14598466531365979384,4891774112939040279,16059073080455671105,14840066849640720346,11103740661734466425,17521715285381676280,13595669231644979060,12051870438665265046,7280795710341721184,6391200625772327645,3134799683056911828,7658514066789270928,7874220853032423266,6479999680821776526,8605025369082694364,3298076207902066553,14915954177051829355,8320418012679023454,16135395738471235950
16604484286727319403,4558898069806961429,9377814659557861256,4140328427042377402,6258670189729257079,2153149509040785613,6720887631533791044,7295440431992435245,14450405230202530378,2804629897711659235,9365459700282976936,12007417272573510922,16172946577893971493,6415833814933836343,872943333799222662,6333974209051322158,1887323278194615741,3775013055455740382,2039710978628540932,11569205126431508352,14348071829445695099,6347999876091226000,13067127138639231681,15143585992897081735
17781561155842256586,17891983018109396870,17557286984591744025,7534346559001879592,14514388596454800083,12245184427311628072,16724878932105422069,13619349866064891453,6546717440383448870,14161465179722371159,17207959238502885685,15535168950839120177,2461612853409082005,15582265981545998435,4721062482254432666,3969938449259177127,6815916628117358886,5134169397140226442,13768886192285188037,3389009711714279248,8821999035672321947,2754854450750571876,8212186653529689134,3890544769273188126
3872621240652080708,5663270934003188826,16929031515750359476,18404000376450415249,14375994329468136414,12558098202001484704,11420684607529619819,18261469483763807059,10135574687526002306,341667843746955146,5912894669090274268,14006167823481209155,8137507853092125407,16725163780712549424,5722283409842412871,13256129537182709863,8889648587888468965,397824727754121636,1226046170169374072,10149544343711631054,12467870300394183842,3418891985933850006,4217653165035856131,18410749921093132521
14451875236624014559,4310294030453711377,9893464441775949732,17351824403611417327,11271840682774444975,7147535625281368179,4958338629482015378,16915400626866235786,6799865452116777710,10925567889490376990,4327401213487812368,16222983077563928922,6642319791647203429,5215719693779062972,16088910531438033897,9285437906908109417,17682904550785875037,10283460748043184044,11546971419335928314,11871887502387762055,16558524525385247029,15462375818052070094,13863933558917172162,1952661066191610359
9751996996002354930,7122306422562393974,10075582395442668248,3824702402505447302,7665483141093408803,5014433987345981879,12034695717078194192,2919893326546933613,13449804195191016040,16212492294651804372,16396277612936209826,10419024135801374011,4487617828825996705,16305895918774959610,5505857079006081688,8841000027538937925,17403965487468890538,15004146936777254621,10930694294332275088,15353840362839606241,17035223841602960775,4061128060619152281,6776314519453939675,9475646040332522623
16681572573109214510,13974978752201389796,8903223695645691262,7212606229996998280,17366234667010200487,16908313831573928951,17493273200108336260,8627661686792383421,5280749914388480460,7712004888711036798,17158870511988739706,8991408902789132935,18142540138698030300,16014869725414652975,11482384823479138824,7518951815699320080,13826056923649425361,6893437237503394677,15117632462570563525,903445802824947609,7671064605588068067,4413784504756461567,1143456825509558018,6971865184686145396
9253401764568248296,1630541928401910348,10725370456244023988,583144362659222492,2329086760705466214,2854069645964546697,10754601003362486910,4598536401676945296,5983291832016355767,2916312489411821323,5483841267504189027,365095692923411375,13896227062602004550,736538403477799828,6942337591798445181,18041592530089047795,11825504813122999235,4164496292086074038,658425812012749205,9640373423825466562,17609871379887482404,7218562380034166762,1107692766680130249,2944362806904608151
4923981854921345200,144679498915046218,14918493674435159584,784398958516168345,14169779084308591825,13941012701405821713,18294482378423663807,7751330338995066120,14473216064920311513,152196535287731316,2664623560814793169,181879842621390935,1822272423792187633,13918042987705131148,11367584736391579832,1410013674434570558,4796993418006443539,11507060151238697958,58904722309572004,16296773779125507697,564693949980678611,3237743704759694796,3039653013149897451,16829874505323362139
8107742491716990010,8546555971902484743,2653719149942327465,15404187233279532720,7582447162052737817,15703866269428076085,8535729085582573738,4079798208924239559,3588882675750021056,14310204884078322313,10749854007092160238,13094049996510717075,6888172289078120244,14781872402793971110,2935299203912474962,12787387360771638551,885089027895245221,2882010735055487965,1034593441682387094,15943450432564865770,8880755073920054168,2915084303143643261,11980729703885255556,6885162959096286056
14884637836875430020,14711989127578536949,16779869672573253002,14093304007594680988,4256220524446647522,8969434550229565888,9869050982969749110,13825554432129456255,2157755295930538678,3791743802599951876,7145569113299634,10066149214227516151,3381661544704414775,9399729828928635708,14873936662203415145,16805563580074141328,6326839849936515438,1145161390255820933,12571593665791751869,3170639844391346702,18280378011486430642,17167664605033665076,4718987151748677494,9549473160630124840
14285121370910948003,14165104776032123975,1905211854139962401,9879747555203150714,1741842723300914660,6097037503773854614,8871524939588171137,13354880650964369389,8098136655946789278,17242590099218580337,2794797018987064518,3083831953056002501,9012796418554063444,9400671257503145515,10839954738884301317,14046339401737715673,688662380695637151,8320767511451470531,10177534485409583393,13170438864217755608,15435557196499851711,1327348102315111632,1453925083676302985,8687352001632085486
4857953874155923155,1123696840324634544,8660325682069719924,12768894703168059612,9753625969404778375,5544290450608610210,3204487349561340001,2004150086151910156,6888816581939967204,15531855477915526122,10117729376045312154,11798081302872294603,216587033137539888,16372935014348221483,13538366142602600913,4717036981115121514,3683697180804457932,12142655823623572695,13948446714582188359,16836633815965535409,13590085733708138209,6797576774997758807,15236839982077555387,7959823968881290164
16269675830406231929,12612973519500699996,14357038089498948454,14037015845320804908,3818451715295111620,14223248669913460207,6189132834824267059,5663887354517460639,13230742278854741319,5995563909080161530,10297378489679773288,4792194364986532563,10971041574371585906,18283342641877108799,3643049454206833646,9868298117701981574,10943719385797168980,13926073750573237743,18310063161211351005,12142151029598355478,8974329623319699596,2830106130785096487,8478767060465595995,5982446881330016680
7514679007544223044,14537369022719373248,12751150813620364432,7363838646892127104,3265944857854559848,6396675161294277515,6065687252581095445,16823643320607063901,13722656201758479780,14930462713755931375,4588867730410518122,524998078854800148,1649253479205301967,11386677074398960439,16589586884962745911,4448203156345092103,9688966193906574148,14380381819668701958,9632723390140490842,13972475476577941038,7392033263615086962,3459606437586437547,8585837405123804866,10103148694886170618
5810375020170768726,17727229188020479491,15306474468113690350,9336952676053952312,5267218734317801626,16782078869450674642,11729335532526125857,5934252645598575690,14786479484000586313,1307805193296708494,16128094058844672388,7268384092715236562,17737497425743879824,10276866201435880434,11436573806942825196,14077204200592844960,97221614300820419,15642808419591414028,12409136047479843423,16701419753302771191,4785629741472676065,8783925738657187574,4829388128173373578,1077934402277531701
10216290198819607430,7422105866170397386,8502841407239039908,1154419147207677446,12192674694163199170,3140393865658269007,459118249870644630,5381526654142753310,5689955018501261508,5721356966115372452,15729723170311291957,1766334890722389202,11076528828678964105,17690224490548680080,15272935301758154460,8071462953125243899,12850971780542835668,18211553433621060321,15194436709341288530,8628711774555651353,4366263776811406894,10728354872678287822,11350897094420867072,12215716693484784072
6744367827531442047,1560873128211556845,18121780461929954289,12213542295641084284,5743427710640428326,10415787902186822332,11713105660401321792,4029793068329297223,3737066766605155129,18395839055637991506,13350705979387673038,13039494030772983321,9067768062297958833,3812238144365503608,4966367604587997429,17013989911628505301,10767318004405266895,6028482767134524396,10551652562871866295,17175550659163011252,1781175347967899037,1101974764214814889,12344923321698074976,11120197494746892429
5959947171695886474,2868864701613499888,2170663554070933071,17787458236780199419,7911033472545695829,12065097582717586875,13701949986295039410,2522657499559145677,9554592679416328561,844087551221938810,7664811724007475186,10901720238369171563,9004625365016769689,3601500235370660991,17726946360330149914,14138928239364267464,6961725275252789734,1033390371065537619,2267707217036575122,6040664184285502037,5005176011259105587,17809757704451392801,7218032865784414738,5547201070210995083
6416140664488468127,7702747551992884207,16920827445985272371,6549430832329563056,11335407720633185965,1570821452428473639,3295798458972001005,5241881545348760147,2320369352938749627,13219101491342895924,8156184470547667604,11846867710247559170,17219992102242543654,11394141433029327997,1686632569268122883,8815763665085669947,5132417823872318901,14755771283160413148,15960470842712667373,10876898972773260288,17476037067139127716,17659664412883025915,8474071115413443825,18310212488246380515
7646556530549116360,5546514776344989826,11147844542277640589,15079722162297196380,8748886136653926668,1366581836211867614,13708870587720759032,10933505413981300665,15699604645929964905,10329322071665928251,1280267763966311972,13618887689065005968,17803835965100374233,9067020332125203844,17615193001783389359,4666901352507625561,16091992187184815251,9738544970845406295,2028203219066653039,5716559888164706211,3187172120320121159,3865621316926106155,10823667889249348199,17293260463325610956
4993924131812362052,16433104818061115817,3083469050348206848,9369920604760967928,13589623061542839400,3067011344985830910,7060905832274953135,7345598278082394603,7629186555160080703,7449676709943249060,6892641628537269490,17491784406051226310,6889041256594998177,14244035970956411172,1178443290654725983,10426732637241682304,7177947348441199640,4969348662089064845,11337895250316982663,5122761510955755302,9743983445805573217,9794153000282583589,13953596494897426992,5167192901584785224
7450414639485475700,2584884255722696664,13141613692340164748,3674230399181895326,18419961315060987715,13468512599739854146,11751159685704167615,12299455457238929542,4009369447970346328,13174072607937879888,11575512911114141014,16504825285671968587,55965680313325486,14037546811452209263,13498696178769457003,5041801091920415258,2622039554041535718,5916035583797955749,8720848353954989693,4689300650713043979,17634002785779337376,6203127324643902057,11811255247961469054,3503894372285443700
7491204858237108147,16141700397591316617,3320690196108789814,8257877627694097102,1978524364383379897,7107277319974081692,584422363429836878,12401855256070910324,10415386003396487832,859876247359187537,929171088870095989,7320600549283490388,2113309897474546438,16320548436123369833,6857171467589926356,7617526839184991589,6881071518646624531,2545701778931614205,11332945365635065403,9533111947327479970,645190112923836476,15741420852404136544,15280404334793940538,8624908652630809013
16138904546148643691,6960915428830074672,8387127349966711505,16985511040588144502,7495461478924251201,15071751905624783305,715139342269637050,11471352925350520006,6543974149272420031,485723118283072708,10175414664870441851,1046779973706026027,12433084774012768952,15132110032194562453,5362333894258479974,17766878272057770524,16876091968515536365,17417351594671003456,9965260420079860896,4789062629055782035,1037780916419992780,17705328863706903410,15885395291052086494,17914043931547465507
18034897224157083118,4008225305578747566,3484170977898922363,17268976521482220329,10870440815139272621,2051178819644483601,8240876876760898669,1656551966235501368,9503174776548987897,6185684653509069777,8468434826045283788,17120930359732151495,11032623239821870180,13552940421498846979,16888663974735465387,2757284841370544718,12747869181157216108,8064826085348876128,11144097848053422564,14447507042425667645,5876285895424594633,15287789859609404058,100378562863024064,2637316171017703300
9834891712008608440,3291151342300409333,15808803704583534698,12134453158589268489,1580421410424984726,4588707198804777958,8042655817904978632,12465063882878286961,1786752955411619900,12428103892641019016,8134749279483871672,16284580001776301803,6932003676493976815,889526901051307554,6039897663068964375,3115810251254373723,11540528469458325592,5501881182072026123,6443100337013276398,13912910765354687619,4848865538564512730,819185228745821874,12078282289305460924,16960543359199481984
13790407870008046050,11116342403437212850,12377328169539906871,10072673144183474623,11229379572220079941,10748019187125033425,12373463617439288168,6505960722623854352,14483567080340926951,15475669515032783070,16687958702235916754,4251915270444813486,5025246436215573866,15764579609497547170,9254497364871633560,1398058697195889825,4949322124086246251,299311423701178428,8628643698597680249,949260441618846076,15893321322310408066,11081632062704109946,16319611525579353455,12666904529816351476
11547887089702021042,16843643669158449589,14744458685366271841,14317068054116914,17137241303666570298,13965939185041416397,3357815389150578630,14618705606731681198,13663490758643057733,7240190988001453353,12411389635097973854,19303373595322187,15073277885995560875,15015813159100033590,10210224449942001103,1598453768842366900,8192699128252265233,16910108823595797290,3646276734821385349,15743507560960445733,16767114373111941639,1004633419758254275,2043109640511900674,7803501203503180063
7653393848570356867,14134702734229433110,16196635474971339924,14863807688815793548,17623695995135285544,4168935758995958661,11286737081805493935,4054393184215632235,9490704251516109564,9294041960019961613,1373114147605873365,3454898429234170833,17223040882367214103,4718287220489666439,14569168554956284123,16273361890405234403,17056362823628759518,4904664701258063758,16473630345836299737,10008214908255572474,2177858742452673547,9873942100448199655,12278795456133257501,3176507604390271272
9366664169136187246,10124985001573254311,8864117859304775440,5819585265273304178,14527035043662556167,10534865433559861003,14322810784882581704,403012696494570026,8870411187109336061,15926449970354372433,17716534007501809955,10898719691728228038,6633815423058932186,8008542180787753746,145551128018137998,10249660434870191772,13859608941403224385,2540479038280934659,13657374510004008084,6027655896208954222,8160634725976472236,16162173786534906044,16418412632970358853,13594907202601607838
1723967638969530541,6155464839134753687,16435642085940542199,9245038148974217050,12380671469747011532,5879267509287232680,2182511195235560129,14703181842945955636,278928933063952170,4513337522312867854,8681397221517208838,4249066309209551776,13248588387184353230,7679661625337662121,3030813167072130931,10291720338613985226,15668767793697321462,3849437307916798030,3355427180281860542,7058078913960201483,5449688726720598523,8666934394895656308,7972287946167657822,5792477871931724649
9279236030126345462,8773675230273995402,13827304117504575980,17259811085357055069,1459227408561387151,17970567246137855832,11295516653924720523,1807711258191202746,6630906870118298076,3917685997216015609,4162961435788385835,15274927252397304073,4266841038283739239,17420727630220043275,13649250304610971272,11817173935388257635,6787125233157591616,15957108011148402552,12719985703722061791,2627349706597364505,16256545788709387396,15849406602153944094,14373362019923846728,7664204309669482513
5673785839430387011,11010895436630694711,9587814483892677122,14943188443775630477,11154461776298946078,5937919403687405921,3400477090392784909,1728945978857364752,10188554844887906658,9152070805142507863,16471292050390530482,1205790600924873095,16123871779356464101,7254919826466570619,8223574770858885777,8956745150758691886,12543903353899580712,14289943260739175920,10793058029167416874,2095249135740797688,12386713638264515694,12306309727602714194,14963691679496009709,7356197621040784172
5267771801207657231,11724248823334058237,7291880877522578209,14367976253929304724,7422305765226065341,10235639704491084498,4203895420747435484,459351092431053950,13446704408889716013,6304686227758622146,14139942854791679073,4829692516142973397,7263508812831850941,10838678219889239690,2191640891189967304,17637974098249244095,17014286008029971369,18112592097425326753,14271219641712805771,5507058822596065304,6867820659437037993,10644232866851457537,13903183647767094225,12588854743351301403
11617333247677724622,12896495034375838044,11524014119475558923,11692653009553087776,8209862337753907724,3349835832269787543,10136374868872410289,12613627030843663764,16720292349233866839,5651225041932823665,8648109476221865428,6758569591036947980,14408002665920214773,14739066485649245067,11197705406766057811,13709045591160527749,5770132120413412346,12464829185855754462,13697449646915109969,12733253435631893014,5622556101757545088,10813454156721796514,25557334072186598,12004198725680756629
12620620803239806652,17742127038246435297,11645757963465723250,3934020385254888067,17669571081736362359,3128457139348037937,13390762756313815347,15455693825607049225,6817911606088071098,6477491312424020685,12175469970958431068,8722057608591339175,399820912556444624,10884992515172642498,16634315474282910301,16800634096557336224,13746440764761208392,1075259297807191238,4390927888041247566,3235226049908448657,16282156635775924683,14901563132580409942,6565540305443304679,1919505929805272195
16642641814859821138,3809490801597436446,4682174305382569769,3546584918701281423,13410130711405633420,13482560873191406782,15240596239311975278,6248677410628277612,16747180962182939653,12051501789618305613,654826258197627921,14461562561776798531,5126307747119276851,4397975219155190699,1711767695194947486,15983351018849952713,16104988530392840482,4420032238013413769,5013374587583449368,6496519640816104813,3057135209288668685,14203924128518932668,3053095161791559309,16510686421068175035
7536108277682743094,4270920512801148925,14103896490274020868,7766823008645855278,13290336701418367421,13722757935426529514,7366204012205620722,17618148617406392515,14739487979499203135,8491257028950093708,16127841641992951028,9396449952077330357,2216241129975857909,11653012317129707527,14063787713106289380,6872989829364792520,936114062157061864,11812645182136281315,9088742426446099227,9618841329292465478,18154893050147478383,765338674662503942,11355595057299417366,10387587259091950067
10135813671550602089,10479632678457415572,13684922581696451471,12224646111697594044,11130963994603822736,6934383763330500192,11722249099767126365,12822680620244222860,13802041642270844395,6439461751130466846,17809263424901879143,18195615639073618106,13477742536547740832,6119085261521239380,15774446159925441644,3557508946799011030,9099851610347255895,4988224407846350882,12760149189355411888,4384953170490230740,262917881541852326,1887005212937735278,6844728384895541308,10478792416006145977
7179875875682793662,12500350002462635828,8166241106499414586,3247531080770555667,11918549628357117696,18083243048317317779,9892734008590056004,4085559247737013642,14996499137308779368,10693578515211089453,4113035076480147564,16032616889697603915,12040979637666612716,10957821109137114505,5410448714013033357,14452617158488423909,15988433545372057865,16359203924300265349,11278165639272390884,2320248716745965001,16025772979599330960,16294161888552416760,2986687133228631899,16183611461640079464
6612954915964644438,13539252461951821469,14865066143006224926,137633366601371383,2450773503464813990,4423033876123181157,5612746932315693001,13572043258714627384,13100805184125719815,77277898183667979,11286624361059330563,2249977119706691862,14842284641447831280,8707260357601964824,16030115101095647958,1552402198223743942,15390048714292005821,12237384424444322559,8877803511900498163,6272374812544986208,13966291018875375750,16040012060985069195,10832248346471113983,342544135746156669
16291197324815801510,6260477727115436350,1505476207939394108,6727842485201064503,11389158050720833434,16888897817058033720,16962541871629248148,17723837671778073496,5438071909796108097,2089836481294108459,12877676580208531880,6102280248020381873,14200498721298661954,1093035469304683331,3784258230615490852,2943569004162418722,11045314903909825686,6876483244909915375,1897079697240886992,1585516088823025728,11750643473338305021,8358753896841540123,7650963691330000657,16219194392404711460
3824497238953125963,15872556979052014065,15700557950621137419,6422835853947264469,2981452489033514554,17092592839562552643,2982089198349020617,7214004619111071667,12516901277225822313,1836683863630110617,14963992039651807044,5787474592921757224,4205558090146354395,2014102408147383457,6457446666483405934,4186867136622718078,4513315322611037131,4064472562431194205,1377108972191113725,10153542123144725668,12917087694760159820,9724542585084828066,9236165889866991203,1435358846546490505
3472796251641446979,17655814392484877047,6837079715128643437,17150926984588361347,13037906591841905607,3203838247930133781,6721080787061582576,8061440518785850500,10852036375730881576,5616307320710627075,11174115395927152644,7449038892317493951,17210128391947954812,16980281563274992107,2138026607900284748,2431437926726423653,10880643136476059654,1542408533994169062,13687904701688315812,14691215329798709877,18106355037008719045,14521782079152311069,10068924740393330122,6560200507939296061
3897407758442152146,12389412534911233137,8886948410198653159,4995934531000297466,2505780041225608034,15128865669002949580,7513827608045711300,14828270147648763674,12688113950567029093,14550626466021998771,8628545807520930561,2515988828060868898,12703545063633859020,14310031700976081180,13251396492054025808,1037608856715654592,13391188076162200710,14177001033161330766,13773445252255915262,15814485589403052993,8580678571375890642,12669762257994347549,11487261141019591513,9163254110625327444
5038453852736466205,12536212838546252259,18347844199968402303,17948625585522892930,569810730886637291,18416580026582197515,10037363817926700033,13033711489528547561,7112697308052530763,17352121925393756608,11111036940929359763,11330293472852830772,4014946286818469456,15564618000829652219,8777224421327260240,5403432221102873041,450411220897430092,15603506626221454580,15868049645509985651,3014278008291572285,8069490029337516752,13960128575284462200,481874712631051007,16672377917565041782
8741781991454108494,6285126214393556680,4857923727006483477,17199948541565931231,2036870451356795262,15870837219802970662,11802280682273943569,6780741050655740091,5722681110483853061,8657044696515843770,4386559250138809367,822547622780005657,15605433277320389481,13186047697713161416,11790473700191123402,1862974771165900567,11371604315962498505,11950997036270371407,7468810483218384439,8264058508253304167,12639494872635677942,1978847627557712444,17857326114948405666,7807784475322525549
672932816207116838,3623902404757084466,8139309586536212109,6584955555341641263,3121344042722642002,1179180132593721013,12227433282083424981,1712506976382763361,15952237360414345390,3317964041426462174,564541507180596139,8986707183475712592,1228434114829809491,6612427567123746686,10736593255374287147,5473717435656472050,807730943667707247,13220263358516945120,7586121940919882505,3087104825228973941,14993469722687325809,17157936577225052886,8950169983446247753,3407719828968769569
10206519446615534035,15022567245840687551,15466377444445367380,16362319596148717985,15180105299202529516,10436665841128885983,17511510498132751198,1776394114627090550,14904779754828806274,16893775056011223452,13437987081650764641,3732005777696734413,2699776739839444690,11056592118045456015,3664630957758251914,1280241470393001106,8889411175353928292,1925680850955853362,5043544095233160523,16884809944695812184,123078768144798986,1048447360799628713,2630211065924008585,16342135637994347532
13588351288143834266,12197261297583507529,7558838042296958063,13797443464361293971,7745020485818848275,3304232086845016226,5901370916984945023,5121471781214738490,6248489985931894298,14927364797748789678,10798768032272423016,11059238202163958418,2801830935186410553,1517959179631219514,9943478623476869218,2374059125951814787,10822280795493234449,1342177644135816270,11791658178502627392,15827206977152166025,14829436286525090894,6366370838456922204,1328107051816593367,17159146485200188218
10136424442237106161,10435552143960886409,11119248554714549661,14200882188102136377,9627011518461624680,18326757322695847356,4692383528234333861,9175208727582802921,15122116770684104615,8104162077498659699,3969356197351118643,9653509055582543121,5604922382733512607,12237395488595701645,7323177900381498504,15313602956895786801,2132263942851070905,15585514973178457909,11021210730029192920,17913471029764348903,15261438861355418073,3075429012226195827,4761436005745166827,17366002885039647435
9586282664682956421,11438945304755012691,4770854111591545184,10132334294442146588,1572463909968961530,35687896586445434,12127818406841174064,3043157659583601458,2192379047586684848,8804883607485228001,2479543758502748374,17708299953755295519,5522984787476996633,3540742310052918995,14440185192679014652,7377080047073239086,1242965307265901419,11059014158220139476,7304905396766741425,16799208945434897127,6228550143606087488,10461369850517556592,16009438575412410680,8255955555191117761
5258857880403484329,8645911524461466109,6984844989131223548,3430635052659821616,3275048151571323927,14908977223174743698,8672862305777137200,7958793123328386202,12498334654527859145,2331196072307066338,4054700788402894165,9805997285511987889,14516577687184249767,13820398795765261832,2017734916364869050,14684662505803898958,247100965544557896,15379278638725513337,8312138152294471355,8922447503044475870,3459618544260076187,1979591204113024911,11662322166200295614,8792200488933944011
13564092744578867730,10067168444335162814,1192562987944575173,3954949596413780673,368932858199178880,13848988988246325672,14502646460584720518,10059040317323771393,1884000250960664026,14934061633360881345,16468879227049908460,2124918470021512861,14447566723410475039,16232384883260189534,11091092951935144261,8083954189073418202,13543041608633564414,3075686427586764802,6151803418194103496,15950949239311441423,8189465922385233628,7246330420459844007,15034474402135040487,13057921873268638606
13311001842471547386,15417287387586673372,6323623955861102449,13753778235463807168,11726795154424251720,3076975060537732013,16719433631377803222,6723452287151247280,12298238444070154783,15687374384866547292,5211318705330113894,16918877396625562956,11753025768423019499,11554445538794957912,16521945275262443155,11857917356013462120,13307666245384934290,3299908760075713388,13934611257027426440,12745154972581514698,6381099247000321432,14531265403793294225,12993583394031269191,1064744050514320578
8619314789730520489,6049059456891853586,14841445697017986889,6480947121585211390,6487551123633790809,8214786673497552970,3801835470396010079,17412750191377187178,10767208415030457017,13222480085129506224,14731891437503280306,7978296381930895707,16454654323749145210,3586259715450935296,1358516528435674835,11077541149860785424,14761504758700123900,8012971143166539632,12137116128172307962,2215892479091322657,4168961524097213406,3098228147604798268,2892705231663824505,18113140812084141872
18299101287595957490,9059335788592156758,12365842838903784920,417351654231427549,2021097078101457744,15972718300111536060,8598491738067585418,4703244059704283138,5134032659727347429,15309220161004172779,7238502343148882557,7856766373754889831,10148946792096776756,4720068076569853497,5921387894249859176,7876043016392690250,17714244180292314874,14474165966136264441,7253573018855651714,7927507329541165912,18161895048380603501,6200170546083976691,2160875083065843848,17233163166803430518
8620247713979203768,11125017190169299057,1402797450689501782,1955876031024508108,15319362572346180499,5875168291770723298,6867530463567183485,8275721497834782330,4625373425978816057,17662827619891548356,5982522292359427973,290686224136496943,11026294288506594009,13460698245691935184,1101577113187621121,14044066057060070874,3187944901779479092,13333408215337892956,8632582368972750178,14110651874203270437,12175074389167693616,3392756652221165848,2872280156912876015,1143543946497172020
2887514626956122493,4869303933165442285,4056734760205557255,10789385523855151401,16358989013470188055,9488281041485596635,792784881236971817,10886391716970409842,1877302300728990643,5516068285091731006,8904391582330663494,6895255434286968436,17048668856882617334,9232392496986602770,10274010860245655848,3366512897414364392,9967148204427305693,15994905064976518365,15596287725892102588,518562068160089867,1653071894532136767,1198902571936875779,9961716222612208952,496795188491584586
10309054299634671516,11693240288992576568,8953135714003782800,17226200394830114229,6577492389804123909,11432477262231752451,7909432059159863465,7708299221035916953,2496504776747464374,2795421264415110266,16500653940508114633,12023155726992984345,1919515385065211019,16781516024443019155,10291950510781919537,17326069500622296489,14102076951254805791,17348935774166772063,13458925317637895584,15257970420825688049,13612207469049049887,487645856018762186,8635050492036243877,8691658217838963737
16238638786537806304,1214219013469228062,14429343248582455751,849139595674786244,11354664593913101257,6457687424194526755,17518022842154235957,8279967528905599110,16121081615062555725,18021686578783817864,3313392135828536774,2013441932258977586,13108679459282217527,2165287730120063403,5329718416634032855,10715272723689821748,5751961255338852967,5342996115705202252,9513372479199756187,5902517802767541162,11753737711446853670,6834264523571645701,1340599282973524415,9048896126159565975
11107053281671780609,17623841707774836712,14277305500248225689,3286111483242663430,3052689205431928332,10907208782294715992,9408325038507205763,975881359985205586,11015052362636079572,9188957842873921765,16165732457299341621,3516228241353362090,9431376895732244757,1545355678954555263,6075866792213044511,14905527604065790092,13236316124091435061,17745018837945412036,1836648620683637808,1705224886174651572,8140273131993665132,10331174726306781807,692078517085179766,10158146993239208867
8819579648817425498,15183923134709277649,17918732148075119529,12136264899238847281,13954681660764422348,11113183422309156843,13038578159024256366,13830055983697807347,5508820625027036939,5601525191402223431,7033124975547184712,10719973873199414931,875969923204162953,9729953833348258761,11421664084505162817,16616189208798320442,10501088283613651587,220770768187736240,3879395678348934096,16717336618983787862,2779993599370699352,4465675932542001091,6622101543071566006,17951061795738285939
6919306342724736044,14300652316440794256,6833903114760932611,2624584091399503659,16359187709415031220,7871751429068324353,4830433543601451793,933810188810659522,13315581285251632831,9349745546357749458,18084251576523605746,18378784329308711297,3241922313769327935,5466739841337273438,8297176482963189482,11250334189814951172,3462611528932365748,11637209079575979602,8962780604206732596,11033715431498084055,1212279937570168937,10175941260621091413,2946014001679200858,15691493561943554431
14239318818265283704,18077445810679917164,3704043912233650639,6772565202915351656,12216224864350005562,15581184521727618166,2409275446993722413,7415472197950549831,2829697683758300452,17509210819412370687,14347211178425776687,9706519023324414787,16714222405377399936,14980314087069907604,15977843157562467952,5530237477380559275,8330792220508295676,12665254974112994952,3104213669623020866,9345618403802917924,15454918212231283337,13718480320418474333,5589340393539323222,3101065873331619457
5907084831325650529,13187659567370062923,7185669937762057328,9560118931212885086,2681606879210089387,9995867821652442752,10532143789800358481,14108297843767023735,15934870112725685558,11022349884925366682,4435294120389427114,9498135489745725979,14977339767726086097,11902496886962802881,3417202447361312144,5088132627996151679,3943166503649210708,11150046157917329127,4746362000134749419,5493541361586893482,14301686159760872924,9992493287274815772,4236685749949534400,4521925726908047228
18034679463402635067,13683597822688987716,4965017704934047723,16456059061309557411,2386058993092865930,12046768583186210598,5641371544066993987,10221816245987705707,11315573236676318846,46187449354503925,15777509996814179390,5721419551491382644,10320569381940402666,13496264435622918718,6918699530599679047,9074292888148247466,8603268729823703627,7142464006515644473,7434693725283218974,6168873279756615080,15444485074739224970,16416746511492554170,10468672358368452026,16773344739526722272
1910956637671346517,17388534555789798042,17088047564379448201,1526063323635418783,2978214417040839176,13345380117303112893,13168480078292136034,18023914210706947747,15728366232960618024,3810300028110012737,8778187954731503731,9945395137555701576,3240425616863360931,16085176411487401971,9091039223016405510,5584317072532362510,8903673118649914370,15274044307716188575,1295047840159949283,15617769208852967541,8076189061736530488,10871374594045555392,991789368395099821,3274781597144448500
15510745258955697400,16700272261404725653,10886457990938790584,8644528599274174653,9156812458809447556,5687866179396163544,7539107681788740934,7280457119251210749,4004464703395837627,9493206799251843142,4062014690134071818,11038745116060255735,3099753669685888268,6447749751095295053,3489153017309233721,11150261812982816492,7219408453487230092,12281975713951324958,2390200323999312578,520944459885832070,2989968591056183665,16900049087621043804,1487491961049271245,15036664574077472195
3608243046334564692,6194082161126392432,2832496432927999571,14881953804272852151,16363798052747803561,6948711509671974267,8977114458155056456,6761372903789593004,3450761841672513948,3552566549083018930,15015256467772708292,16147421446457200821,1382193988569254352,7561106316726973613,11634896434835181735,9538706158265035082,17851301662174431110,5975253258733136091,13972962407445563745,7354911756554174440,6687190298133034657,6902646104521258078,6424575217048146976,5206262651821063861
244885425883900552,7834648809180245319,10743406837175147432,6235243257916368491,9002530840533962959,2047518055597917191,14390730727890279259,8960794910308197981,14721199061450563214,17895811327328417532,1904156625488689758,11023787268022033673,1610803306101960068,8996180091070807674,6947650622865120307,10056854630921291013,12917972098131441523,10559949328037365366,10352982225802399408,13184637010960916814,12226642589764234570,6950193711414302356,16955065666196079708,14258661191594320845
5962398578801708498,12399824529290159071,6017855292433315201,4900804537024385930,3570497604209315013,3725096029665379098,14541182055634541280,3551015984341877622,4396264323810480781,1495665130907170723,1894632030073863328,16906440164595923103,2439925009657445811,9615686570072858040,2190884772714733143,5377251978235787610,3911190849035907203,12576133785911139694,11088562683946363277,11659321625791938920,17276293468540832391,9701258696437072092,16118382295167229409,7226878496805708709
12464161379069015635,10739043374939774551,5820432198783168312,13018924928235932866,14396704374468854517,1272642404588151665,17848008429148591660,7744144259255548743,6523652906432643732,7271405019533468064,7007552268877996912,6170329355027830756,3100442961645738471,13877959493424728654,7919534415056602115,18326628463067381380,8886203318316087629,4842493265660564234,2651452687201624522,8857441614509905576,16501701364795777027,2723201659261897032,12484677446185403960,2410629787833978155
2258567864571488229,6772928689058289744,16703841101258828562,15415221576005170232,15226505009593187032,10028316236843844663,6362271696207299763,11793715665649306093,11234741798485833239,1719424736815210314,2327620616853649247,1066703141009031487,10252096178295774606,4222394955055636631,4067155287767411352,16469091874112054107,17896102488053769368,14037323365589027877,4859962912363376224,17639646552342925293,14761442607281797698,5181093761330280553,17158905815934434319,13357909050966606691
6268512127387559385,14027730199678014443,14011145463339308154,13474105142062051585,1674031579372554575,9295652960909920932,5627278667034213269,6185290751611109624,14343721119043325475,4975714491504636160,14216642909581101334,8474649202506061257,7883711895767529099,7430518944140237119,6804166898834485793,6264877864475815654,5615171119310335125,2550988164087116543,3875045993649754119,16424415880734232757,3657354502836077075,5460085607088655461,15354793647650748883,2764552332844890578
2778207425112781835,9176656659687960414,15080542064033681010,2155121899272262056,6662922814932898389,16322810674855920729,2818023020912814384,14516138210358874383,10975721982035003871,1933084063284629004,14410504200573471983,14261742295078840965,9216877024710374155,4793926207844880387,7070452291292286268,7312491922363968637,7760037759347786971,972289551956225852,8415160850956993950,2562157450941791327,6254374518359899817,12180349737087616449,18196532620535382647,3711874296965206196
15934059916700598904,5654240853355065549,3951489771165797626,5681072185019044353,5245865617902294386,4189132443635838163,4512327842932263675,14412453649012171178,10081239623092858768,7315568413559187915,11799024052775282119,11561183498246929136,14451998540107611667,14801682187735051424,6908189388922058915,11838077048488255948,6498699667074196683,11599767327256083007,11668871639463949319,12479537551148757794,14484682229810366432,3240097197414469964,5537535130881780248,14500390312740695512
15131906460290864056,8103939590540548203,2132459327115937426,7945337571043343042,16492597909730108004,2215215678476971501,15998820391544937394,13333521898651061753,4485231515891914011,10139160335078135630,672467881525409774,2199727163428269723,13704018152494168667,6820839620247932987,10702721608760249757,3094380577300991040,5465124858101691130,10465463724978400187,18387454245239334776,17809689299079952831,8686240784310625783,3548000805825099499,708348399835421710,4679705459573595572
18352966668051716423,4937509292147468017,8773542289974280554,6599425164199680332,4581108628189820139,18413754779125999830,15555791358072356256,4427367329421413820,7411816844210713757,6876538758247970036,15580266076876748406,17351266824927453626,4957866911326176548,7907891460331795470,5132868374204282527,4847397916201672282,7115498913003051211,15786014830662367756,7492555004996295223,13165093478272506772,10094343415358926201,1107040117597252467,13997727061438859321,12591793180484012661
14168286994344206201,13824182183059793690,3364134988325671427,13766907402053630294,4541025215199118092,2713392687777374404,15735321113239077477,56939872547841222,9135245425907418556,13635941678594414299,910953146366824294,971107451982302063,1538801789394195105,11924364563709076408,5128229637426431374,2232367845448307975,3723963116178152576,6530997139396663381,670860843827555647,5258612722869348745,13223205886985510053,7854960513667676952,16163591407378340830,10300872267826105840
9007839236420021018,6859721347104105469,12314995981209918323,8487354379663601523,6554257812317778171,15169239052328941997,4280414266576981645,9409027546972648005,2210052247767089328,7915937850714040004,11681579457114749433,10534740116778207408,2833382347037480949,2575585628293717285,2061758491390716152,16651193684167644618,8237412009299388955,13882640496943872512,11594734406010674223,15040630434652383307,16048256880624286294,9459721918883001848,1651261790311061859,16132666869445095169
5210638503909818310,4449353176883375012,4054710252839773512,5817112683444564630,10090760590515915878,5973610548171918619,352374507386575490,2720871931990710690,5385547488264594364,189470148077206313,16885430715791765055,9980978358713645346,5668669399655600005,4000849367528943880,15766941195461490146,4349153726647374537,13851801444682589590,18319917886695042173,2672002779597031982,6737655584369668027,11112021868206922622,11792227468623236296,15492628577652670434,9771803333480400285
8744257215491862325,8983911772227517981,9393617082104688029,12524813949943058514,12484190688750895080,14608304392749941694,14228617062341495144,15550911814493507430,5260508013920892525,17729409310217710252,18168412351004677953,6498079626372652240,4461998938438394063,7664958262663515093,17813737842533460694,3206238283388519197,15609698825444614060,6739142423814920025,9404312811900298629,9551917616412034504,244998368913472501,974178183932150816,3140472848064238381,2470376572884967884
2500069550952709691,15390795349012066563,4058149056832442343,3731972262561570732,16601525829204845468,13404395711466219245,12733221682640240677,13654590822240230334,16738681968904145203,8114258626262924881,14157534612938769445,6901203068762615783,2215086179405841664,14487152130151833417,2322988387628298944,2319866430432216738,16771176293273855193,10594430079750807181,14767660240968880209,14356298268641180448,6048807543288075138,8327488349272832461,17625659937101018655,8003127301175572932
930355664074275427,18147253464091420565,2482583169921104104,17785766025659552986,6345845215142964805,10858309020822321661,10079475332842039407,16398141241701880990,3240938183061530772,13967553950614242270,11756775850833925702,2946624925328478679,7862355865286687362,14011257796843568885,9953755112199952597,12350538496445597262,17386735997077735379,7976571900636459907,307506861977684922,4633081564756277278,6618234836272953631,2466152511710813372,10895998566581486105,9593042210759320777
16596910209527642331,4379143792269224990,18262132743209264611,12247508379810896290,12563941510697840547,16966633041871130708,2330810921124740445,10089000425597813251,7869293239436273380,17283902627312889215,5310143475253586086,17602434590061980093,9502847422146545256,11135120356856397173,6819226612219206356,10177874891481287352,13672408355150432865,12696590782247785571,3768691150886483690,14108325517019423306,3417343072947631364,5431468270887353670,4906595849821074325,2617840711302244413
11057021326151980486,3743888487126408538,580904537516054999,2918905494330850458,17558022680923624744,16313395348186417574,17191084861073672150,451804640776155471,16204428059792431238,2510139338315976871,13093268889165195835,4723608815293390079,11713464951604798952,15659974476428390549,10537591935415397908,5779868172655169184,9957486093562099811,2511821678392419021,17525993855411010677,8976177562321364083,14998604483762219450,8904799505141135890,3351642968416601455,16594552615081361457
9490851336761025680,9597862826217405438,17658940868295768894,2041717608404841352,2837218381215604917,5890305619666456414,8384804176610541697,14549612801322521946,288171983775462976,15642025427331413252,13568156691753995045,16655206210476785627,10992619232985436118,4014176675325601645,12688931291676145581,14803601663667065630,11597408741006941038,9357872767760072875,4177082877898920825,9153155805591704360,1283096541913661403,16044856552104187727,4415917510137306668,2213340216582926816
6136034060066038079,348311931633708895,9980754548514430068,7732971355694477424,6997170454734512459,15441035286628867316,10347596558914026415,10181859918138612758,4872397228735882034,16776575332685858970,14761667581895011811,14693295473281166506,15269098500209261975,16466705928488270507,1260023102288867886,5412856733734096558,17315892266190771905,14857432290752660035,4824364992456441606,16347188475451624453,16302731030703988359,17881455015945000111,3715264448407616464,2314836105351673366
15320732823193291690,5779795022349714917,5226995947986725818,9264821084934209472,6016037217265852720,14174582135590900344,11705064002128235008,10253273458607456519,13564752644305974632,14651499427098392828,2102969427020078866,10199757502096247726,3363856779455066251,3055678961141915372,5028431224919090222,7988194571389101082,9942844908715489341,4641165243826494182,16909220843529091655,1620496253526344735,10612960856868609943,4240586542711919362,11232366799821739365,2862612322027879907
7989252887025510640,10191614121892191312,13654811648790985848,12131086585181457094,14673670865011723271,15276060236685995835,6658205371286725433,4829287108654158445,8972867712598780696,6801462430363831729,11687247645757769025,14427919363501543495,13112626486299680991,15256810384453563851,101486603950425991,1014932923339301415,2317018006765805553,7413147133971255136,4065542436652951813,15424410032197440327,17365316693487308654,5307359150047552887,8852518664575290090,6542214596727372231
9593716450747591863,3374484450590469599,7663945499403711839,12429425819334172704,15364594406606621432,8606183985518311243,6854383284301859784,14209667442312770398,7247618950880691967,4153666451782678953,7740321408377388226,4017215553914020709,5614689577565401559,368375068090353740,8036856979203691703,17037293571248387102,14787052394460613664,10094800328630164074,14357146849650049531,9603226065747736304,4893861587816725657,3393127928734081822,10192483731846452071,12589911672526234177
11672653301397492063,4850342636991795905,5805922461808177192,12019131279714455922,12670251301497524241,16541124647057472817,16670127424198941512,6910736891361795708,12346321932070456926,4897500877383003459,5583628210306865881,1343354164902744941,17243827674904982618,7347415431752265570,9626225239269379366,2145582505439587946,1263541088823399172,2002701785152370953,9422422044588869217,10802848879032739653,6116882629843181978,11389114788384008571,2210001955215870757,17971489792515375558
11083720769883714193,2204348621975258880,11159397384494592680,6838645516958827292,2832239845479487871,16823417834538818442,13619295907809778272,13872490318556531685,13604094440130390137,2893693038325766869,16308432703512210286,1140728776066803558,2498146359424866639,7763014805887342059,10066617041385271723,2193307863825000016,4755060382162371959,10199651860855342231,1090094072348629791,4041238690723546366,17823870453097396407,9263483150736704423,3805541946298950419,16794367431321933699
116668835970814382,4705254282992210026,10594403351736909906,17264943128296375136,5132458218039571763,2039154320077859690,12855614868807247280,17258210251642863906,1664473824906522978,11645667111353240657,13716859667959135157,13447619762285298312,6104476816920416723,16426635298550786352,13991578564622907061,10459815803818740351,7018660784258650597,15079640993463634743,12972233898623949157,2911966595997021787,7062164688201801140,6858203775621367390,9375381495404614377,11888850149548944880
15657504510507729552,4241039844587527676,15388515990769579329,597552831465583623,13950478097624927577,16183463832467398208,17958332985683063141,11475353203895921854,1939189836811524047,11324682365197648840,3795941100834942820,14967920532582006794,2910463272760010614,9119676215711824753,12011971975041199573,314931452177666025,7203068703835783937,3250996815291214374,6375687372706565847,16033262863028527557,9869912885721785392,7333273001207665507,8655630709045529004,10263987082736876957
14988031341096666218,11690485906249440456,2669137318967290741,15495583650927531690,12477344835252093229,4219958373754291540,17273861589192897022,1341836366771266620,16588169810499712222,12110276511248618883,6346999754681441029,6576792262224540644,2547629682034889797,3039291703357572511,15321870291041738582,317533625500474416,9620146431501460772,14002922970439206081,2795636098084279144,17091388535889973562,4152150738580300281,75415693688988646,797932129030054980,15226981490782712559
16220017754676234161,4698040347648574544,8659696032056033095,3436021678387659672,4488386539989822718,6175124183951630585,4645727686137657324,9735291958097656359,4481003743975056809,16750187284807962679,4061416647425824776,15138154090304448213,7117566657550213249,12290495806854308648,1451299560053718089,16162201602990020237,12343828781538590918,5993417174070003962,16658893591112500595,16653567824237738089,15821282027676677593,15993066685787813927,1388805870087585768,10286288366445798664
10578243359036529384,5900980719343065197,16776954019645887968,14989065559061626709,9773000234475147912,256584999028959082,14500098059592450465,11900631583262920901,12149109297785498095,78229530823005614,8243020684029603855,3726754752987850600,8922943063297283001,8572062562212251767,12288990858460939486,296737447899937685,10633068614370408358,16149519008613630656,13054352320932022862,7737538474308455844,11067233826997697875,801824129336637818,4013895457055291394,59973230299899397
15154184112397041237,12945667542744784290,17054767194287811903,17313434086217485127,14620511764397671585,9942386094520410640,9551776984578092299,17853795866431507005,7683840773974408029,3466940348434621628,17507243133155052674,5817542819706642707,2973649205594886463,4447335469589148753,2196140841803698982,15939887433060108554,111261534863465326,654275952059118114,15442399388790991206,1534054994810930948,17185153999073541448,14539473924613751311,10525111731069543380,141292427052606202
980177536387894358,4328567201811215815,1423311337587413161,13259890655259428781,7191404990384087138,14582223125111133666,4905866304738889771,13803428548543615444,12705915780224718520,9834167808814532442,5413127734868375352,3316487162456187835,17208519476599578503,11144854659379340499,6738013223879288233,14680973329883047869,13400396202177616421,7147956727109240698,5246611076262239380,15975060292146321390,17572939663007276357,6716186403081861384,14315033377194772302,16866954301501286626
10233065407441107482,5307392990165910452,2925809009731366623,7596865528577809708,7046499544624883660,11127220269616205789,10516824997650158662,13159210267418803504,12072991912515277223,6927198388988559082,5191436322444967821,2724282506309765404,14668927474599002676,1314020070951681946,411011885002673344,5908882372659048886,10618324602229086215,15593552705547939511,17914439415463151357,11796645515505857626,5975390873671051792,806411241910793617,8977157488337940597,8232941821774474644
10567563698246293769,14867083250260848877,7979809807251312263,17013494622479236899,12363923193455171663,12792179904744222717,4487647291170461034,9219307123086276524,8782870624820241130,5107257488014849414,7783106466432517351,1618871936658934366,2553200470687871432,9161471077799085387,2167052298620465804,14647962721622615793,1263045356601614785,3582552498216008842,4085066174383239947,17538784500906490630,9676361534312267724,5991369172078274673,15575115581297332710,5162649980214527691
1769073071300409079,14020720067843705671,9695955314314166198,4971664837650383155,7340411684373160011,1996549410323215187,15516477325057485848,11889412488636849370,9138854251521601423,16977226259650873012,11712169982779360949,14938726727880954411,1939794583644744563,7994108704116556669,15232805771280586935,6656536443275967274,18164804435638669679,13258612597947098396,5090028506761693971,17267664734158781592,38475495815113654,11140490255305505796,1473261258059100887,2527112747611290556
6032974626839164799,11913240399187255433,2151973304271324661,13753037807787568726,5720337760115163426,6656922412539402573,11144623658761702155,18430604431600575672,4625792580404999643,6846215301188087769,15505115138022621265,9708307157120168798,5872756369918032653,3844326872243201512,1702609707186639444,16273897718864251831,970927527995161218,7353160265057489600,14710251069356471412,6592901375103756295,14194307569225483872,1769805970677064038,376165777527464866,563493124861066299
4537631739365941238,95536502266828694,1302666656213371340,13932790314341139611,3072429575392162003,5173205414109703192,11164038129551456026,16634299418618673151,12858229240744794143,12188840273397390795,1786905200834389756,15088187391721486790,11528946174765283140,355343093870654313,10023878659127414675,6510631098114812811,1883125907208341302,13468284118833636393,17946895040223648385,10349241392213661672,7087357544313675382,10788750029111739193,17878570625253006382,15543081711820567562
13118798500016614566,15200514614733656920,13616310319569973395,6719360205052364159,16253366747868668080,18067877891165060374,3286882962890152244,12545795177186827204,2668256489540876641,9470449875706403273,7068019861583104699,8080837589659296014,17753418169714230149,13590803357764858062,2414759670746273360,6526531711911091941,5484482923824246589,16950740481561405183,5671017177022820499,15881159002827934392,1974645822115917844,2442753430844841196,7896111964813050745,2948079900097498157
6675522491598131111,7999193160644280910,6378375376193298550,414773567808236732,11259601353220059722,8577463439535924402,9484509047505153167,703369669218677205,14612453445357176592,4958235867762669096,9856742435160863628,4494304234528619721,16297985496593152610,11191440960901200080,7720218970084462234,6633841982026340742,14088975556150483189,5072633449991792315,9731000390846673360,12764431444200926790,7652320655988845022,16320663166952143763,5211461689969627765,14543560582593395067
293843699003118699,15007027998472144417,1094121542909951113,14196792264218992178,13050514642065569411,18106968316548162361,9074229634989117420,18294524110851008746,4024660811689748704,2748302461049036530,14071842069992105112,13576465434116984268,2156827450455510378,13937769446779817112,5765217521284009223,17585231225230469660,15085178528747235434,18108247809440025875,2161034272658375433,7678980889869964002,13110739658471094589,1316529561404319137,9626457667117814987,9960797129144448860
13732008985151093935,7371918007082468953,13889291174363695327,9505514100583940941,11775341861295526214,7567131028179386259,9669474070936441773,7308266599517693808,11742195202180920624,8367056290321014001,2373625428665278042,657099288398179181,3515901344000409947,2255943717001675150,4205668062414835350,2451901522865745551,14835139154136702363,11127834791988445644,4370749221103454829,6179891912414928604,6641933066751495755,4748200319174408915,8114121994005137064,12785809854696120512
11391850625527532772,10197034372792145565,2985008550304802635,12697834939516107643,5362756217177497689,17811761394783214802,8220265198057111748,911870584880218347,12285911151694128319,2039703777935699640,12251591571532866920,6225003484856592008,3079011606135726744,14452552953178589120,12348706006817051786,4130333003070320554,15372541187224879429,955015718704469049,471029920929566190,16315226768346045267,2811381734871943017,201044060091131549,5889466582301760211,15508866299648922997
15570830087275603836,11809927654179522654,10215645058598639168,807718633542611783,2771281673866069219,14916463674662254167,7002311471620355092,6098327044097506273,5252558712826544496,6538119778687846329,14752184564387994907,6893217603145843970,4643042964150370628,18054429255299297324,13062917100968821665,4989174857659253355,12695893478352903011,8556083426720807702,15105682606049669182,8476312814642873240,5006363150791632644,17772036630932472467,1785567282002538109,9317440181223294576
3763730436796316545,16669632266638486109,12403578658241730784,9515654711277246728,2559078194214771973,16335979192726317113,14481053768633940560,4212456946178853023,14900797741590451359,4795244096812532720,12274926005325145186,16238378322428456590,7026173394977652999,15345783231032555872,9635340145275353871,15703214469460400461,992193115618146261,8876643555188700318,17732035658571371097,12171646979509960029,16843182132984777139,9208722469353814549,6218815612439843844,11598835014268841826
17519637502898498101,10701636023335229432,18311484371775119364,8520993766297999667,13740223896899120659,12259551123192888066,9356672236508831949,9586798721576608146,15583159621422020765,115537379889660276,928698356582548684,5068503550954844219,16861303810687475531,2116159024920490432,11710605855456123156,15854493523154084426,7790010250412594454,13960912831604624835,16973713074615467696,1491640244944805500,4141425535212948761,15957609943042566214,11638305723916241954,15468352998408788406
17504018179119150944,11691799992720364433,12042535210106032921,9104824478410014855,13312757753686157040,1277805090734692360,14179303182250999242,6369338089458257300,9238589712101407523,12053816061644206226,11194560166082329273,10939865254411966429,5324916486297936904,4836713257093792038,16531215038112602538,621605990041335579,16854638574158447907,7784313260880846785,17276653148857855245,12140638413087072304,16970758141675717040,14989335426110991469,12146745323309082481,6587384263236153339
3279130405433948506,575576294572093459,11870109317580624350,7589239891403069307,12220785841352522787,16077255555782506688,17877185032511085816,17357244428429533755,12135321882648477402,2257088953400283146,521525501681054338,12343988125744004947,16451661121543272151,10038801321983074665,3499112861868562330,5110575050030213999,1947917389640693419,14071022192920669715,12372107135157159847,8235122022745259420,2601371167819109676,5171260149717965429,15152658086942990539,7638909484121925744
7511604763691972864,13615888961246137643,17874635921243567227,8251127007483804509,15965332181838784271,13521824194128924367,16699879721307714378,15680643189143103135,12606981910289091669,5100870152957217478,4452321805457064844,1202237474665574183,1443845190183642642,770905410904327087,4402807935986370942,16861057846189633885,643790762073145104,2547145177223307790,12210950381953081365,5982933319302020076,5873049523544795216,8882478590093114209,14476390539842819742,1525021358103087276
2840410350591282523,17985912607546604689,4659040552414416373,16092094491166975626,9890847145179245904,13857675729373851894,15033734760859633639,3442805190161366547,4476953899080977202,3669151772531242594,5967131130848410558,10659342761333685401,1096830114599752093,2537034918425639001,4926241176475599545,10887589704220172724,17234139235516462865,15134180661478171224,9812520315503187410,13246645278501571541,2412788180970529365,810315889310717793,16852135888522648745,8046202530508416128
8526769665667613207,5188030021347872864,8709712993176913597,3302532458580055522,17581044013056058261,17645178776236703302,9909285310975055068,2656664081204932212,10365286884492727437,16950208422539311653,5808637739471914395,9511604040871788699,11148498335586443305,2073104857068651488,17485028318777237282,4236396441641719797,8916285118907236849,12907198278390857534,14015441793627965117,15896327079239365241,18320877306145975998,15421051460143171540,14515488518395069254,2124980972893983997
14611371133064176700,17105748304965390560,17239721605722298286,13143054392932350872,10927548948512841710,14251374229337421297,14685370229834284162,12321668265261160572,4357472318615779197,12997612151503851734,15790102212140712695,12405149263710816519,10437205462509817085,13090425043557749614,6703954884046445510,1890576801202025483,17221197399874197030,17994106681486216003,11601174841951979154,13934134515603855791,14603486443808858182,594105660923916045,2513416156721552080,3209964365553190077
9711630619829672794,12174570648243125014,11862744798944778879,14807037840620725308,16603031745825600683,16725938863430751805,16551322828260475852,4940604068484581731,17512916844236298001,7681921343092518680,14020246401373951262,15144120963770136841,2551994855196995459,9498984397423799585,12117502626247387930,5926962114732779438,6649315652104956413,14113756555919970529,16981349612344880572,7338790449304498837,11970108254608303748,11679633432755098735,771926166373236266,18107945012814226490
17368252902720407478,6764916027298468531,5750634843376734657,6793777921310537648,12249800328821571641,15365207500451683791,7176094116463245518,1443337321022838680,931479059016635153,7360227610988018008,16430045892051137597,12520361208647752014,17327202191774144396,7658874246527964956,5866386897354481199,12508484479091436171,17795176246299255366,17032437949247855918,16835035221162880560,8348158692561142865,15251135386699476089,13666176445453200823,9883393659828748927,6594765183357133351
8260449756806401112,295163174708136559,9414789300289429966,12839687016243148939,10888065751507134888,10271941660077826770,13191440199596304003,12065162690442043454,2206199662406951669,15905826406731103461,10235600424199681322,17497694768608480783,10852287980437440615,14193870152578486464,6489124252961559834,10871304710346880157,918728428829349326,13347956804276197078,13974608901643183925,6980525144799660257,10896186344109477636,1672320684555234536,787177885251818540,1575663426505622384
11023973274479760665,7025739981843467101,8541963660577182653,16440590578162481855,13210296159391653694,14238900912070564954,13811379154347947589,7925139294894535484,4401230058167990031,7482232845930214390,5561961767796724091,6679759519850628037,15547550609754972788,4807360790155346941,348196398203381026,638370154719774830,10496693136172711732,3287994840854775689,5738407846704787161,6060080290000990120,12629986185891760621,14846163172928983098,13997776723959119503,10104225451822702715
8954631912332927312,5294135237053174633,8728038437285953680,16081492896740532662,6394276576476808398,5971513723643227169,11943577002147146581,10252889948923949854,368311372551870597,1779434260882175487,10880314760156713329,4521671906238691942,15403173434734519625,11492716325273828990,16867570580616560346,3085474515084292997,7192549755996621570,6671442370600178658,1255481572474545548,9841983075280666108,18028664961068077894,6775460891051190523,12636519209140277810,12011545091100435680
946529656611236234,5446263673111674620,6527599316765693692,9963737715873895489,7597513605976637790,811683310237451341,5487233545616303130,15288499860766643468,11360090390342413062,13258015332833879859,12671982574159505423,7104224003646886168,17922219510066992204,3224789457841850434,14143213760349608534,16441001508752056725,9649726990581250690,2106842216452056899,439500367787241379,1027919063275867470,8574450540825886031,6302837937311924010,16995758076574269075,8540526319482457227
18022041517090078261,11859821062371145382,7031452918396738735,11002844546518880154,11388822402713678435,9055631699960702899,9777990989251349365,5519456585897920967,9324427669931113624,4904597047061454997,5144150409514091568,825205491221631644,8882892121983255573,14247373116336552763,11353942999741749839,6420934723786221934,8863123973147944143,7445087832746671766,8768653792607542858,232393542196173158,12450407240625093002,3330737091384242002,4676866963924371499,1140954150928572190
2914918687061961079,2536464807794856565,2161295579878274689,3468532040038549698,17651788317331804095,4661070124329906598,7825575334606901668,6231117994426906650,12820252188766514930,1232842387471225792,8125756499636918527,13179824496352984179,16356756965076619740,5514783826505742776,15593609657873558971,6043571103794415877,9576000629748022866,5631958461730153688,9946812732244460202,10321644825461249237,16874534557392250234,11820243760082848117,11518467934605193844,105125558332883795
15503967372049994530,2948389150868503328,14270989851870884637,3678380112942546365,15700404509586917552,1865986924632815,6313271492403100503,3105519905249499809,2439327284061660958,16303573662136835239,13857705368668658977,15887122989192427186,1182525856018592599,7792951559885621953,3669882829327724183,4647770688413233325,5775372124304128181,17734575077171561954,9327234884944909966,3314950948048223726,16123709222599707720,18264006371953377699,4232189818782849241,12891864753697908365
385493658312235534,13804359932260555930,11255580200645413887,8791015450451668520,11082711829481606637,10958627254853796506,14578016961110720728,3803193803605556123,12444337176891688851,11821822257896068722,4642821787514282404,13740527012150813525,10612714124672415387,8836455090210433821,5067746230778855797,2584673801562243432,17128613075088195591,11882651583393876923,10375081751392164737,15869377950802676791,9365797608074290980,1543475786436119712,83492035936518182,7074209190446680216
9695808120758453731,8526341979653195800,6476895901762807612,10486758226274008383,15086252175169496505,14083479218357556434,4665408887938680153,9576386653541426562,12669428703218343596,4583553480491660742,8902997929795674967,11139827302038819224,11047735387715409983,3036828241137483158,4692991654102608868,18439504324966195093,2831454057751827292,1191615544010842471,12452096162739969566,10139285635310405765,1607005907447042222,13438292771050760730,12019389744193502161,11570395289073725767
16999157403969437569,17800481025189084193,13516871842633601886,8606118983736347454,7136670757463214056,12935089203216290487,5318439075403720633,5400272604497680680,6966393382502350541,6886457770049974435,7151243598650170437,6004958343224968773,7243680484974355319,7261782763556373347,957449039769096525,3812264487945792648,3786710877816156550,2890073361931550917,451319963327752858,1166510055238888259,17723465340661862659,8826990138050317197,13844662364080258691,8097345793173734734
950616376259348579,4724009236650613580,14055846784218125763,1342302345666723451,5584653332668839704,7334559064558895565,556926323843884221,3174716247863765726,17946270336307407522,11992451793027860827,12220959099298081349,1952321440488918141,3759311103921479749,10480055813115527462,8070592727307270646,13202137282071745941,7818608810340958894,10476135202137730468,5927848536879732622,3235865090132768138,12503686316788641458,14468762418227442240,3835284873511033597,7729182361088790459
10588408494941472882,12323103835766826947,1298482387616538572,17016381872511254927,791724222531721162,2184586610354845281,13296248206230155884,9599723535626551178,5798685837018513838,17426381308970149455,7735021867390171363,8181574422964937454,14993171165121554478,5232937359159970371,10788229250848653271,8854007814310675105,819136318995586218,13985347831254180840,14948898341125946815,12050793623522752635,2817190848118981727,3677112383767583679,12554012584314247076,14642087966737608761
10211444129486684000,4958143303717844697,14721415411000672479,4571884171504267310,18142001120814066445,1884756432735933293,4428700493865141134,13020590030701398262,11397444165165485959,3234794385131434697,16479003353564287820,6380389908025986364,11293895653035088186,11389861969714733887,3861677757948582014,15978931437011676974,15229258243415127210,14419277358533359544,10787312057805962261,3201015300359518469,4195785759055633949,14258821256059061296,3188055964716202854,14364350610398524824
12089532000183988648,15771081534183766908,8894490590227195702,9738410868904513078,5532120633012655342,1604572394709482002,6768020844261145529,17972239234721556282,8235002638698179140,11742688631837028288,7401012373442017388,13575883910980198384,8542180704953250361,17093533822839281146,14098138500864205792,15405704722485083321,6069969732663201629,4154188175751645749,10956152922337261956,14731881807248920127,5676408748517839301,6042405033529416809,14326130439291907980,334241307818757177
18181218637189632208,10464624006782476229,16464990674577327359,18349671748538790760,8341510599418500037,16559577252770063379,17830479575235657436,15174569321836004809,5093537911006001123,151103220863350289,7102176841456592179,12880991219843144518,12760529850130547850,16679951669595923771,8493262735886089902,17754554507150858599,9504960317090939379,18244981274051575404,11156610944027777623,11514204625304324009,16177537215369175099,8782816176171203199,2675061630985156330,12515360917749637913
5398212872221598828,6038981325172970003,9179442748349941010,17056107603705499041,1526240700034929675,15363743175611391905,1897801910296268655,6794133331339866740,14652730676987458966,7857957169916347707,9658984182548542253,11001501216090243963,15262914080253083268,11434863944765561168,17487390030526268404,12436713414367109842,15468819392249412675,15241228425272944909,17111360882717598592,13624162176597869349,9191421151618382389,14251837170715591860,18163076304319450625,13215269236477432027
10419783025381499818,14669316362327234544,7881014618343753459,18202151888403377203,5734478897856269452,3434279142059904690,4835150668510966947,7410096926912339452,725857334129786985,10571296675831783258,17831459959854744533,11477133376800840480,5691538867307282176,11513047471445897352,12076338233663773622,14592236044364219618,16964539568190374668,854825267686785346,4221339476624869167,12106918546934590124,7498394855677016055,8991482011464474838,12390419337533889473,12051485302228181293
16671879215820119923,2211551897957848407,4930937997170815309,5580775484010628775,1238580269746760069,10818123878882379056,15235885963308866336,7817085724976018773,11762369443226059427,9752938806678974766,14771908868161345320,15051175400296382194,5128476262597814770,3146498856463489542,8970288311217228965,8546101950970614894,16892029252941090202,11633386100375466317,16884493878334040847,276289940528355774,15844007775469072158,3274480729213510404,6653287230231353824,17240938579899998103
3278898732595635653,5616670772388516412,8263862229173859958,12692136403823304405,386663987318487220,8305711319884164509,14468541395329840376,5658391103316245160,10101947117641493153,13280633226111572651,7332489328262989315,13924369205658363751,15968477861992185572,5130764330491175773,5364363765432926614,1700454618847007100,12203962444834711731,8913353748058938144,15732957431065957352,13548922484838029770,4097808762113459019,12117330476662886093,12161006648899055910,8822100992079198020
3884123021328688338,15833334231322961593,2608752556104360188,5422983059255439418,15656272154660647358,4781731869459313385,9266799930104493045,12057403597348040530,16236973371302833742,2818632950861731166,10290175728862134429,15806733204193267523,884863794742298601,5236831947708039180,10050364563089677110,2215759577771323449,17481099672689115920,9409278385750764265,10635751292050931219,6827175262209475917,14401301878457734905,12287092227380890227,7304493979684139387,13942871936074219210
17303301576257507205,1037092614864647058,5004313427970576510,14825005506427844916,2101169968765000278,1452719485731958055,18272438158784916494,17212711067514217559,12366763178235449735,7709808609841359471,13518121607776192023,7085373629062312572,930654128205598101,12096799938589644735,6873142779386515019,14673127409197351426,2213557968332006764,3241977902577940214,9224790935128794749,4898414001233872295,8772638153784245188,3788894888664712360,7456247641835827927,13344630907742938404
18001700650834304925,15431050497504964382,3872869149104972767,7293702391209873538,16111353329134888081,8679269937148436439,2751333349421890852,556009135733454437,6695259269116960146,13701698426170043152,38871624950495255,7415538330228956843,17607739402060901832,15534986726880969136,6433555384517793361,9864224148465727401,1554337174964993634,10469443968032851421,13408779524052956081,13430272072875834563,10374394377040361559,6404087191866543442,12958035002134770563,10434478062093071432
476970707708976650,9868695250591076425,11654775267406609613,17762406069294055349,7733366206950335754,777989857125671453,2404340591615725310,2410894534913701367,1702475841936177001,13095211729035327083,17678588200970928660,13695486527705207235,4614800347928406950,6465265022415761999,3435658669446013489,13389905564927998840,4174168122951592075,589407428024617641,13794157262564571933,17625896388343139978,8429337603392161594,8916831033851128316,14779367525818452034,6537192852245506325
10150357033695576927,5935573885729503863,10227909614966940763,6497621013683320988,3120361746904074415,1848069282113590700,14225038814196373628,11193342849103704230,10402521888163752121,4650144859103094898,2351241260464724005,6083619216432105637,6509339214326338185,2614608337072495895,10621759970490589861,5170990504265979548,16871718015287711774,12235296404281541207,7128316482955655551,347444389627437068,13259035621636428539,210063836287635475,4883168806525817434,628864549846997249
274365901840118715,12583885700605943910,13699144586573788577,2356829886880005967,8863167033689512287,9856790004926251723,11366099478713033259,17930606202429792792,15563896434747628074,16198796856804736159,17281011606547539275,16483358445370479787,15053986917067227714,8425364036248914243,9881227745214005535,655361811020955431,16837196822640451045,9495096164766264919,7729140653695602353,11230001297410551860,9388365594522109334,1897984379238127357,16479621716066344180,14067609913731435923
18130883481871678305,4305970960060433915,16730432866255903199,7611128701236783939,15606192238158235214,13853809618904067559,7822200806953776965,16320241292386073029,16588644463803297814,2768943978726946308,16007968080721157583,10715677237791133627,6968353534725425021,6406486763038307712,4706252179994540045,12201248873689344325,4023488354385238091,3288142319559080989,16838928244440758993,11534892564617704752,4946636615519923761,821414385653904111,12675824355076522538,1767362666629654808
4748894356478019032,4566531287376161959,10295837310841615652,9086072116565819824,10079978837735125434,8224401031675288591,1335647097908851666,5044104084054419072,13573016316899559479,15455845343981725426,7575573462611477849,18184707271328110278,2358405751378297218,9120338177234763360,48513798486976006,6306434151690809347,9871149567592182478,16627344432085373365,4073877163510398860,11652396787491806261,18102668368867358713,10336394357589894690,17660122643148126494,2749567528570006596
16901048383104367746,15958431350425698191,8062164894761778274,13953907690212151669,10239968452542704682,4400955211690622356,10685879367900258816,7021997263247545039,8873887079221875609,8062574137268510321,16773014135352441330,1453436396501738981,6336487697203238986,2571727096490927952,13684355099537446350,10800652580030611326,12132553158364465539,5083830840558738759,16517640545856456999,16901057046373818167,16501026710140909267,5800820407595810479,11969585744904072822,13618370786465212158
1651003955868652294,14341192846411091368,2964582297655215408,12712392093794855066,913324639157552076,7316594847426191106,4479135004560648443,11846221608195666281,909357985726590815,2653606210609349964,12691996913022297107,12097726407431044635,3617124837182497090,17008763877650371261,10223072439222612945,499608417303123853,11509020961010839799,3991464901156338888,10136835831860890890,15852209450888322442,9010471354410906405,8526930508413907413,15793784443944024677,7471513988243343676
9786016903941070467,6018266851253910603,15105054848831550519,10240346340823230549,17487460022598742590,9324079049428463013,2429551973779871850,12275026325215349977,15609116543182725602,3111835472590313253,4437536933190918086,17208606731867635142,1469768012015811728,4280603421034282358,12772678548714741347,7515880176176638024,18425797549768320229,6501954802903602735,17558622760631164312,6219662981147903170,16746305654942995448,18383465866051642753,8830047622144756131,16338631131219011717
18343143162180036057,4583598060596536723,7665874727318894735,594140397203677132,5097041822772495459,3399348873512965000,6606202777118505125,8268480640428955659,3166377565006587237,16267473860835680897,14861279334203144606,13356447255849554197,2500226218371934562,16994397669655928209,5852357599952055145,158711462134155227,4100898810478668547,13613792100523444464,4524283030714883900,3253395957715478178,9707011100174112315,17352124062112945606,12238804933315144344,12228087796465946484
2205029265378874358,11726574401462662297,2122424959415780299,18130217596642921249,13936223554949487016,7361043246176085863,9101019128251338303,10293759019552871781,591472540309175358,3533189241494878497,13734858499012257146,9778310452252079599,4975756225866110496,1830087154186451740,11855317036063387872,263588357970159347,17422906298525860876,16681095562517545350,7029492689891836713,15200949223679565824,10966520271204184963,7797853861704866770,10091035750293479238,15396005823610161620
14617540302876412455,6587198129060599077,2471320723455268516,6267773424159953027,18312012435037198690,8587548259759175478,10243754255394091893,4317796139374388417,15067218267342456438,16716414004454717204,3090436171784609798,14574481457382874403,15660561966719562431,16945386812412987624,9017622855678504150,5845209778125007239,17093748090716090070,8821539115977966533,8461364455774194531,2943888312066166654,13169559235472257078,2664574950285530004,11091532980525332264,9014078266207669877