18246186935200514052,16633680486513778945,2017612633344006348,16330240196586831905,1532875906531869554,11558960131555661789,5350216826358194049,11854220379946434178,8147958071422373373,13485954617520888691,1140778211042674510,12741748904844961456,4324168555038375944,18055301031126970364,6889236430747838901,13736150506669879390,10500158341872865605,16779799717275861246,3325110802962238910,8716490020710400214,2747148738509107765,7706050710784252050,15825433125335453373,4343743225203957957
1394309418013890236,8192793219162552364,2505147069802560661,9706649072229013870,9651231769744311811,5349654431275949034,5283659088363138355,104703381945452687,9898762268111644782,7569960813414180900,7344094586895708504,7938803583607913801,9287342405527261169,5980758640009461787,6091773195288728842,1352233459778811751,14045208475276537566,13048194529496807384,2605008584583415877,17570471367896239753,14721665857336220142,8512979346619358076,12890450066092418256,1921690012596757706
7559088330007796066,3979966075969610487,243046487420739594,1830810248356087753,13806114188484210171,12899944372213629799,15256887736611023666,6893656813492535465,17537961205619600955,14166184731001789177,15444998739025462328,6342246162002471645,14271046569211894223,9601663654510356562,16197175819158020923,9311494772892935780,9452802357129049057,3271512108618931085,10213363261367760846,14306409493148632363,11338214596137997997,2656298728089876857,7944995074850313643,17801080599922435696
18417772851668094800,7584921126473969382,2810651758197502563,16144281942971740475,9380132860398816974,2130001589125356341,2802808717692699373,3616862648262484534,389624075454867335,12473064151898749978,1305585065652962421,14213421239611663862,16843581016357799578,1073270372757665587,7356723654936379164,16519949908435173785,13150913203947245987,8801921577085233915,4156333323624785669,5932818627500948771,8464270941568083490,7598521344362700554,3530653230176164735,1032114377036446066
2023248896451176519,18288261432700887025,9005606199411507137,3081919157826531522,1007854707716813523,9084817223773825447,13249198884571927843,1850393726394316924,865138869118148878,5922317002210098110,7240096148218667727,9443181766274793666,12073528547470472208,13021771281418683222,8644033783340539495,8531460760592507760,5642545935730459622,4937785752783582330,7310102701581922483,7048716932854080168,12145330607916620736,17271150922543958114,16821167643609095055,10872423990402752752
5843889418268151121,14305553558028836657,8545653701622299037,1661144004217131468,2028476853028650118,9083538421483486358,10151149667312771134,4104830080272097359,3828273087172339689,17469162314374927850,8805679949117302324,12302978612265813994,2884707740847783824,2547579810044226333,11543314078125186911,11363184646948993440,8869085812870748901,520051066949349611,276370014751681561,320114273795035531,13327736306284481453,668659896599545048,13272943141759745198,10224914808954777890
12894618091759162892,5532725611161773226,1715553475595700407,15157759914797746744,9704024641619070999,15092599873890876578,694972561491651818,18328957903322322622,8700778073104903994,4557742231377352381,9293387732029136864,17109510858287157193,17420763789370368714,1959810952045851214,17315184030832663061,3931805118335652614,3056308255115814876,13030082544562546225,8800445975071372271,1474880544118169180,10096020936736748318,10943046254175754457,17784150419118836987,903958134002186568
13560700959309232186,12465207993864321248,12972587638192275095,7715777831566805310,2694633128161260051,13378843301638596344,14644690785570445076,4873633549823153470,5642410926299925888,4825288148353846405,1649467078727696511,15073137031096058262,14613960821272945442,12491526211218198542,20118238055133785,6539023024008957195,18063468058878144547,15216554905775898580,14041874659949462410,11740710313896677311,1935066409889864856,3777231769244838812,18277441537039665818,11458557514124635564
11294712831162657297,5202562901623914458,16263207214465434110,14352713567563575476,8349528119492488974,9751178721042577368,1869599912349135076,13078299589063938548,7942181106144589338,5895522093978963385,4294082364578002235,16800634066204876432,1326110412495153286,16347439876894355869,7668793638098293409,1411572743576472128,14243135362408132812,16501337396615249202,3784697927746341403,4049268598488837919,5300251402776715467,1090007087259733845,10479129302557276530,15457769331036030322
6041491775534107873,14808212769251518463,15295787197975944722,14163881554447339627,14889420489793545152,7237898847932424129,16433679699177538632,5528147560812750811,2666465939530897534,9417099749720061856,18074732845451132971,13208810863998318523,6280491107443289535,8073405625221121864,17664922533032325912,5907783209665296431,18107869178934093565,7015812351819603913,4033112383593657446,17177445538465239618,13816950094844126255,12246033664415564686,18201559574575757345,9130047755934309125
6257332369806388843,16721630617233344501,7567524088728403605,7561898520053645320,12417753250314917249,8879195439311984439,1470241658624530489,15700912518562010825,17945789296579081341,15885211553814488916,12882723197795897699,2802178936792965091,14231809083392338265,7840869648238526694,5564711514459045645,16159479846776265711,18383708672873073818,1976858583075813474,5656686019534047775,10943890733238807262,4909836028112447659,3711764965777480492,1849300579425126168,11060108767714825834
15858451221746241045,17026564502715663511,13190088721525553020,11399072865704593666,6002345434188285814,16016983685957783744,272919015190681310,16014559412707907549,6113288144258418378,11511476004946821139,15001885823511735800,2669060542861274862,3047743489126846730,17777948470271689784,13785125947214160450,8108620762417479003,7993977945832481777,10272406803627241891,13143016499971870579,9122205592761360585,10436630838641774873,10897140505962033148,16911667224019423157,12666304627302347876
14851223441692532976,6655678168576061225,4470763508037055449,3252486600717149954,8155715538974539528,3161184571841557170,16355033317135501785,2802189925170871276,14778406520578159553,3423188226208861367,4758948326164125112,14192125711052571620,14970150721483453845,13610917868298715310,6957731500562923571,17779114677790526664,15610164717558387992,12972145193948981873,7207779976710760645,10605628934310336228,3489836712594725359,688521439496851158,6258234505024029591,9326208015796100923
12935785670064514328,5590427284391846032,7706617357123398582,2481548025611826543,14651136396957242866,9919601243296669913,9566042907514198474,11143809226517640048,10409681498242437968,12866689237435010979,18071088900958897402,14050215402282311207,16610177718525482314,3713498919528020172,6819499795291810556,10465072936470576858,7592060668063345136,5384093950011301108,8193522032445815197,6159853045856167697,7203775549341822421,8116892469180510309,12843311917436849457,3053454242800413507
1434198823301173966,4398188317364789653,3668042048813704024,13097545958594611090,10799118889820171193,2570223956065624175,14100461447159917461,4970689336122737929,7879316818171106643,15854693334956290149,8634559886272152676,11657810259144432036,598999538942994072,13210274452876372099,4916337265301415148,12445211559500788681,16938609959366898497,13851040043554904746,15546246209091003693,15879555903601716412,1310419427901892239,16402874184866766967,16002791478343471278,5367522574208219615
8673958367106100190,246432663267697243,11865204099281818477,14676726149811965371,14681681481483268426,8926964823955777200,8164782753484643403,8987540786860770418,4932485734099846131,16377122255479629523,6452856529892852416,14272832749983966024,5216446428375423281,12754047913046835325,4379243430826917152,5598582806879645266,3277633985651983023,7918441691353854586,13406899458658819323,17209172029053241305,7032506981615975986,6717341908736853553,3661797213868028048,18009443379261942893
5024503372741950675,7781750480914685767,2007689423461227274,18352366794283270322,4376295252992712957,17354742870782574077,17322902940077901770,13934833048206037068,2917482314607845122,2330480521738227482,2007783612766405595,6267896834298416107,6377352694824253607,1293795570625772651,17195884378152927672,12014234083468408168,7909853422617457417,6128344315335343126,3144409140029511962,8400583427065041180,18290609223297423229,13149606149909228868,3686459468163198894,13473954693064504835
1744373214254194069,6111540913726184359,1502776493366015884,17587456087296500378,530227664745505813,7101882643712174358,11978359909048435220,8651599792015298024,972923816729848545,12095057683318994514,2665998367210536509,11094352628408108024,354339931467891599,1455740428331493190,5739920650288319916,3569706498867628165,4195604495896607010,2570005880908184309,12519317291612669594,2524896116937754916,15165219882908944655,7367837582983457859,12739702430049590857,10161649296243524980
12452671289656948701,9216778903163835792,16666868852851772985,4697874771896408311,10317777130795377393,17889098854816428847,10595223081276399203,12022850657618754216,15111729041730981382,2102393274382785934,15517760392097103970,13757102849675078224,13591921435217805671,13975405397921582666,11328923265674975776,1289306288477106116,95552418984847990,9478874828764508585,14434714380615278878,13662529484380069431,6932367491783059272,1416699018681346330,11704701106451481165,10064403173186132157
9821295243860712625,15282967247990682366,6475767037793188909,17634613790058372199,8985800218337385035,17103201314581923911,6350456719895936485,5047263680654790858,10145040732214824270,10410565213741042302,5458310587030394952,15047659027536304940,10547664514110208627,14106812429962268311,8017969080492057129,2805710180865125861,3484450947545596799,15276883097200401213,4641734176345074722,14794418951413900691,11186864571943087688,3236961023929949915,4985377088876198034,3957416167632768363
4041996977888332804,4363472871430258311,17413704067059016650,3823172022884552379,3984822048336534837,2526217775201954314,8675664357577871397,3998418228170744195,15141104908577944635,2641758530447288073,7982003214391080718,990434154864138287,14723368489638562125,8832124463340228763,15731256944301348918,9508292004519467759,4451100178179077150,5632214373579934866,7072632868413734534,5446564636558731748,17037013280316979020,2133023862558075961,9944438240361137692,5969077843167318163
15161791668312340987,9309419528947901962,17723384669301321402,1638462991047282903,12551114854380692352,706286612226907119,1958685617378434623,945005091966978494,6909899027268017147,939350332945990628,1710979323827470848,14316075426205290620,11597408635852746353,4968350339581988132,17963478761652043028,365343547437093271,11191742477649919715,14067655289941756104,11761434838853463452,11896548694470494813,15386297699895639955,8145410612444674819,8761171532426752047,13342481733413631512
16702189462224054195,15000391344394604811,7232899595206498578,390653295508658101,14441621362252856165,11058191928747944288,5282218620395400874,8003520257920197879,10525624886238147431,5932355939843545309,11091879268473055161,7695658825855298079,17076510554942366110,17553368873810059339,13811054084819687924,5705587598448958045,11609491086656342768,13196971774309715791,11436373395628689116,16070021605939697580,8108085343658609394,6963842426461735400,797089034108139046,18378163339091357864
9177175761297634821,9810449206122518448,14379460326665618311,6384859644996923601,15291450221931265349,4941601937696346092,12162107807599829156,5110276829556155425,1627348136863893119,13476165817575919633,15858431364121842140,5197609770573151747,13921058876473390984,10360502890232300562,14393496013649003169,14392060414804875348,13930235470991489652,8188397422537746141,14074096754807930353,6422981377201331571,9979663482297586761,10834347444056091653,12751414826704107844,16093280054930907667
5510247694471796969,12454487150470898746,11110007960135738943,3688256229448095363,5947036575110287058,7423658670807900740,4526483453690012404,7444398869654101345,15804542869279347610,6822223212296326897,11476995730260393425,17152180132144509746,17676942625409525919,17964161554843538802,10333072842054936031,1095964187472386785,11790161411674936786,4442920278923596378,4781835849151827673,10439658147735866054,736502844575868024,4974457607765729633,7556591417189615041,11481317355672369314
6443531739727435481,2574731241261267837,6754767659519751221,7277049642430043045,12805138357419090889,17587218045876263362,12678595986023413436,1673232713218922993,17357330664986989677,7048088811979010771,17873521977632125997,8056298378848888103,2572250873104019375,8292415755881628113,6031260964861069904,14465370872499133185,4353280402866556851,11627530035418860364,9772513639547111909,5944579612521675521,3393320359473624751,15938384965988526191,13498750607859115753,11255457185306537407
17437818903418186117,8309835400548304109,12382365673915065551,9293126159949538535,16539198040628476223,17968963672201180801,15128684859388320032,5206546262782812854,3430796601135585584,14392275753633273201,9369881941914640973,12332632654277460220,17495665340870816171,14519888591795690012,11065254611977678685,15960707628317898839,8086764020936220923,1274313212104494711,3299141250475223147,15412667193040819039,10051561538951529914,14809446376622968350,17103338143316074472,471899081498159758
15303211872649579134,15334218088261386875,16029412974757213324,6955054624137491223,13657314815893180594,9437156623035729,14508018222748750285,11238932244111871468,7390888709344133595,951484503127671511,4324239753332620721,13701392767209766982,14075467648656304552,12269848897109763820,1577847282654707323,9270726803001176990,8602537660757995003,10041944904622469873,14955100144822450789,5679598646038877619,10059271208877366205,4117394233698259452,6733071260129916906,10381302523842530410
15891116533961970391,8632886559758002788,16815076490762368415,4871619811860439223,3705343493326583253,1742464431942110556,56411944977203740,4387173290958108082,498567866239665610,7771661130778686102,15657095571601721337,15657681775226667296,11993986893643790632,5644480650139798997,10681386488995673280,15938305263623316174,3565135266091796708,13613531722666394780,10645154769261819870,14074615345963696574,9384022455573921419,6864430862256373906,3622149532619111451,7754795939540329687
1222604031872588815,6173343972255891527,13365960888828065216,8174956672496118982,17338528411434464414,1402826776244223953,10400701147058824405,4009664767047960402,3234498250284407685,10815719489792832432,184683490129919438,2393606013201071290,14835088415903952375,8880588310891908996,2569933377267606537,9410165822427087642,15143001044902841736,16878358079993682076,425384279014211263,16801754243541538840,3324445526330175194,3353003782455649146,15089546688335688052,13577232324218434627
1920352133457853881,3557875724361059865,1427707452783702054,7367083043485701467,2750793146292542385,9336401381000851320,4924221813845313401,1577664723545225003,6726506020164383394,14684275816834059672,11117911023951311783,1993992898922320297,705252955988733557,7029541439863689995,13757688206033159187,2708450230842928830,13749575423258570821,5976460778506917429,10737210584996556459,7779439296243672839,16300527863583735827,10398414816598558735,14491550761451979068,728728169914733725
23171419466775571,14640381389199742121,5355605153197982267,13228718780451257450,15943500967084793593,376092708211907119,8499086783084837540,6928118614534922510,10930652712333310364,2160403797386901350,7322294612739750003,11241680366014905224,7394415735238838334,7854184522456160417,4071901781642904048,3962119414447116589,8590164566338973526,7141944620058116872,16566636581093196386,14107081217851790293,680209939639131667,1218478722368591747,1791572621455436682,3397281145679330712
15532048826513479093,15728274231619010321,8914174012010283,1713303714335365545,1088536137781364983,4177199041516671832,252621183216938730,8816524440269723030,10465767381058242499,18020217540728484132,10900567545447424983,14979046850375635029,16506616153217045202,7219485469669035912,4154322395991077542,15257638906228083862,43185750790046961,17034868247078002642,2898921249431314376,4715863891147011806,14584395036323129177,8058267559722666693,14294918320421769276,6179618940281240681
15872014056175631711,15787279540016393282,5641449799705781001,4308458020795231338,2209157507170181603,9463499034949075656,3640512899548541858,983544356679648450,1756559198645444107,4829623890083091074,3899586669178492760,10555695987326125562,10362245890939940505,9528112020574869057,1119886879410450060,8806614243522801222,6919570868562265786,10566785088259425611,2497365860319929283,11740332133904001651,15676298167589804316,4467015868246080321,6811835612385929859,18366705520751167533
13448109707916202015,7823205327666959007,2055178121300343547,16612280597589605524,10155616482764794565,6750983544097656258,10092426210039964865,8049361529508089960,1849613291443855704,15138672165942992111,6780143063949866950,5178317172022897942,7299690813927108786,11577011063646930117,2810027531676103801,12017223308819262391,5701492225783987348,10176062189247734662,5952620073662195644,9161507760858506409,3668860096523442461,442333791428239179,18198939385125505891,17741720159109518290
1402680426635038299,2080255167944467438,4532354679275765320,4052182844859672316,8516022362554193808,17377751641891180368,2299598533124809096,310772795071442286,13269277114253156378,2093512300972753204,1733797680344963483,3905332124958006431,10236453591920044232,4063423477579884653,17677022323435148913,15102849596759340342,11423228425639894516,2092326272253084516,10411862812488281163,17970019324203888084,1795094827618420139,13685363950604069320,9347747895836648842,13519482334088079592
1899713838814205820,5471391704289504978,8265824510163050156,15840732477305675190,10001226202449307984,1800701739567399959,2131443298643072684,17222270495129638215,17255595554157169729,1554753959704461508,704198704911202937,5653438471236761709,3617061121385514856,8038136112847521484,6592281107921921690,5039128561654858028,7719548857330413418,581645075110977655,2310650682230351116,11594748492779397021,12445108542348624194,12215446716289798257,18370363650661232815,17175022572417541803
5679398049836314488,13630092205097931512,8842593430283384409,11549611848802849182,13838877106623599151,9549782112256600212,13497306672938065771,6186927574563808477,12728291771382135727,12796430034787708299,9838109911324951099,12084908730036381260,5718748021977395656,548836329325470349,11521066465904052988,12234347213257729642,9397034089055249294,7781759028532918508,854897835505104130,8340419686726384471,15653342340971107994,16292577195573332861,7064340264932178609,1056455066508000283
7931094621130202806,6832181689563460097,2872787096525748327,8930046733815961558,1268048195449417381,16487147441154690932,16537381539803393397,17057858822711137194,173204548730518162,9216231408447614829,5688451743568975371,17552376776919150736,6838447430574141174,7460714336189761640,2222860432418641442,2041544167419328574,18189489532447968598,3511066258024860248,13516604472842656523,11915372735781490587,11762700867932958277,15427023496467632837,1790203024322270697,7936256826536571856
4818583974873655385,6631651921135964420,9685448355596770247,12341501788491082140,2237369598204073196,13365854874709972061,16350384413781707926,16701742956828645619,14550206011765818165,7938815536728122300,12000865284471970816,17327675937620797945,2228730357737836663,8468361917451984825,16211113150175899848,7819648493564044190,17994164652666044426,4579685782171936220,10800589438159318369,13414010030555031605,17104484372572534545,11473098107537573813,15663548682112657489,841037200002978793
9263047049888442732,5692847914742945982,17363223590737860277,1274120903002341112,6296815382700983641,18161918831669910688,3944218640960917797,6805630459566265042,14391566638311080065,306159336702945407,9874196498708643773,4153942821074706078,2736983760728634072,17078457546996174348,5803004495079307011,1282840124755194787,13598803502414679775,394632211785715555,7133931477863829971,2405711697270966311,9369677052907931279,8347248041930552832,4116371105177511448,12368759554785031256
13791452315756566440,2115962295927054916,17440840070231779612,6190699241529553942,6982840232250267503,8972611160753730133,3766932212966536453,4585812453311130175,13480534246448238393,16493560358014584093,3087449240903674088,15888060860101830772,10230020990360414902,854757716823407675,12984262357329887897,3502121728233860040,4380662126437862734,7290508565248508192,13661599254254743210,1100249242992908799,17052196104577769900,3258307446343238668,17354429848239692442,44969544977445160
15929788992173413853,3536871898990960109,17321683097718785726,14417785947398094959,1654232431301378506,16247451099887601510,1344797353805925236,7888099311818687443,18007911968684995279,7984771167227283164,6182222890589923459,7238728507586372828,13428677547214427171,3552572007491788251,5549732701028466514,7132470868502895905,7298676720321128158,17392947690541009329,16533813664608837039,14026085021584427454,17629423397006484407,14588496157363620498,4417210851496334528,15187514145462948994
8946750184779681853,2790517923316401885,5293267228216626739,7701602568089544785,852055112598367432,8604918295251320436,11384562862174722260,712460339461237740,2987591917304768204,7311920384699919484,12417704907081845721,3109304737938779385,685699645063444702,247959257709320045,8785572991014206960,9100739820935232604,13899091925158790031,474260691116943899,12513360179727228801,13154711761447899382,7097174400082793027,1704196005238663787,2017597110454221499,3357859451620776837,10498841634066700267
11932561650745157565,9859081191327465591,5019450241802616523,7766097014653542280,16896223646606079719,17494792319297314846,4211942459521848529,4263881548902320251,15643931579900288460,16225654070356368796,10857108927113377118,16712803662697475801,2252684133453422686,5543750718191409927,4420466535967651239,5927882636533151317,420398206695250709,10569357446887621158,1185107113892316163,12344260637670404694,10486801905431326445,4364002532482322549,14609322365850158470,15331342968382809617
14055805531236207656,6203611896338660564,12351035506578477696,6010359151597720117,2521872834114329989,15005025860648207740,6828704966505556776,11892581238268465343,14871372828470898355,18328323953599268076,5068325653694529759,515307379823365988,9743224853692247034,8099397005198185280,14003879944375305433,12495389199524701886,17389179235749454389,16706573800126003453,15458596547992861888,268905403883364899,7817605770468189409,11473067908220900380,8361261623315933550,9612531832214644180
17628160076577875190,10790686859289566009,11991368870563183821,5362624931174940740,12527231482167836683,9037647273642520841,883578227133134497,7586069250319512680,11875703586398628279,6969964690634339340,9554930632921678337,1568130989879292370,4551458871213019523,15551070205790127888,10188021729815033765,17532774034609891540,15778839508139592005,6480407693965224364,8533501025301032552,4061231106694156903,16704099922408546863,9506738587192771146,5613152188255780282,3067521682557511275
7607575767937890942,17195349144050266276,5698103260381771834,14009672176519413168,6056648741335628888,3124191932729262839,3769697400616705220,11485556882009842384,6304513119569712615,1044746434272072124,16839528523116026100,8276690597006277736,11470432301970649976,3959890424570987188,16312755291478857649,909607697177848619,5819689588775247964,7218735595086817219,1384395363185362342,10923731098571826091,15996958652269096384,8547995451173007841,11528353676461438083,15281321258653671271
16694951561830496138,3707434045711037498,17652095003276776510,12115546504885691454,3414031284846630372,1919557278066544719,16512200546279226932,13251272271879406062,13079962723583847040,8293303311996244445,2548949071028080991,5783444739230184103,15870608837010430016,7146860557339780025,9945511367006742519,14594547257710568949,15567782631652352473,12265965414475615258,16949679269315142502,15509276048581753366,12618747293119732941,15219018860740585247,1379628312339250060,14601238305013539358
1553149162459899192,15183713097949312752,11065455897847818995,11611059437093226888,3352831002126934326,18263067770789684677,1978821437907619623,13224063030970527233,2995825798338102096,1169360796347142600,8225247371850397870,1183666882047766458,1333276413362788998,9005997418904858755,7665728821226312877,4883943166989041954,10984208650446838197,13373128441849196526,13562268470573601837,9634461056022742804,9909766266778554094,52505705370579467,4002562510721551761,16324437529304336888
13300914102312171259,16777571778736161903,2011312084885867884,8892973989607940024,9128684029368284515,6788565009053544842,13023494634338654965,9017630065140629579,18327771093804057339,17969736669185486675,12402980671155068949,6218795624586529646,14130683326420179188,1139524763153250315,2692418032987692940,9691293949511839064,16004022727273165650,16836812457256817562,7041750079191454402,3112180404126367757,4862422734184344058,1135676301192081747,7768810137668746794,16432555656789797298
5093576578957177262,9908750808661359751,1743063246241678622,13573108662074962052,16928945454904374497,182934646016773861,3183638438078339523,1645034571791243902,14964461967056065156,512180528520270327,18133482204850415088,15823958013728499083,17729718225975908389,14828174566512613547,5464037400550990793,1082022844625949570,7730225847418487676,807182144871055488,16608409489773315290,13737084001483282118,18215296996062719294,1921195056874593008,5216271752006278173,3830382469790757217
13219293586565073266,17629141721842990606,17055716853002917014,11279376705577163387,8043393690573704178,3734670290948969111,9204490445837605875,9893167139960608805,2155531581567387942,17654349964541939462,4903658309773298697,7783366192261038042,3228236566445782513,15217135089103673783,358241001753372325,4052661925430816132,17990699924838239395,8648049701698759756,10984318952009315812,12194996137612967109,8751651525573139665,2895363650745191147,11480393314304456240,2942638527133357097
3009850273212817701,15434148427242520223,17965625502107222105,12207042122469382094,4854662594875147796,11867131480345105322,1056986459471398351,909065136481947798,1652710918685154658,9211181536806738223,16550742270017212728,10621462793622518225,5245007909933904566,12230338943816032545,1395229524150198139,4197953849010524493,6261213504205247560,3102443359890151781,2128370197479807855,11718946421890126972,17670111508641673996,15450876041546779414,8836658258748214172,3863566239567506381
8456895214217520783,10279641603490796172,16196480156293378783,9066437641105154018,13255291465375145059,17015544918214324059,1435934712173242895,9506541969585212782,2647788358234639829,7633577359632669628,17622702407528364647,10473268550094902884,7967299431567067142,8800911923141435706,1023539790500668611,15232185413220366709,6396889475173426964,4443851430063366483,9847751183358113863,10608535929458216022,16932806099436850706,14417393449205189154,5061011298239161889,4559557239079282010
12054855790671808941,5013611158814858236,7024722018318684191,9823124122983694001,14467897375490994658,531424159671147061,10576675971964663620,17306401973651339935,11906884517154850714,3144531447441949010,16192981453524954030,11803529303516774931,15435565513711828691,2823549477922598452,3993193654084520185,17565361378247395483,14142441115616779832,7943345825865652576,11345104886526963192,15445033882336939914,8570949408523057549,4545442899075547086,4138963057370096692,10722968468069424528
17821828908666993609,6712093922637441793,3037580926834279098,14418186671736922023,15726079663999695909,4394644863719707631,6862546177263411033,10412414298850215695,9710909802453594501,13971373255715092777,2413286732312827426,15117412080787783448,12392447972410589488,5126200305685879842,8722281840364114496,11611089862437061643,10702898105190366242,1965112166496347059,11050644134796156446,5658451839515069729,1553611819938018902,11973180967093931741,2437807602281086099,9516079942010134993
12538719400472645141,1222909664835302276,10701058034528111155,13713421315568202065,12812495413111114470,15912239560429008490,15872866064641385922,1494474149016744948,11666123238190142322,13852202511375557796,13282245719613113724,3440015626539489421,9078356183235862789,7201195270504384751,16346422644634063657,5617456939297355987,5906248075123447278,5204152436596786829,251374074354096039,18329686917897975828,13992625138728645584,3764640847866840674,18441939474045289316,4982932175888608841
16776847959123361493,5702432439522573366,1454463958506679367,14179579016443965111,12556030397618241942,55632704952382449,1710854070333961866,3174474538830095503,16306557942994151586,1205733548161934525,4909579967958802370,7353057847259530524,10025090406585657042,8784683152597798263,1051455128478969912,10014264434035381058,7289585013942645896,3966309244445220083,4306128787658358971,9016703731161735361,15118524200115960081,11557565422742683266,18124314511524418657,1462175294914307852
15560942533100607257,16698616696876287427,8382456755638364914,9648806336829121088,3199655328424936640,13371183124880464448,12175852031316153482,671237844522323695,2503335162891909418,12658712095378783531,3748426311198094699,2209501481562793583,14798589694083709192,11249633356331029409,16540505032820666676,980050953907778032,14871496317370296870,17645280240771572444,9900267559233339297,7794913127603664801,6141906546105899212,17891854131152621234,17902806311242704692,18345974155322231882
5705193214797638228,9506884818291672170,15725661856323467063,13995626067614370214,14044488337171459530,9393704197611186916,1354929154256351802,12350763812230268869,1593233422462055126,1640163366647646881,8173892394660905518,2016698015782983027,11875347164096530995,18277314470303943634,10652244658047784971,8075861801321053309,14472232410625343865,14991883627102215963,8663132369347421792,16287261177521955575,12776605479824693746,2016049039161155568,10615044582889053373,8786667405880847324
17528672105440516500,5599381539659836661,9052145757241278162,12374195053980413129,7987441731620724928,5135920756204370319,11395095980241481903,4071840402856522586,12668769229434762055,12531052576239519488,15348992468554996928,11466643246787210251,12060981003071840469,2436972390106331330,14299391227640008178,13670727905302848155,12256612632564767075,6839703429478511732,6173589502029506933,5856606899352520871,8060672378338698776,15292897477282898933,11283332407263281590,16624582448448134305
4817967931304939401,12253166273544858725,12956068013908182096,2929463413588745970,3800849655735003080,3975016767612222869,12131255712087571894,11527583359994343365,9063061008044593109,2889017751471496938,16313461707847850025,12967511980171036973,6543593327287351118,99977192764152719,4233696332546116423,2985647906390547819,9481943101612333877,5683811742103632707,16348254588876568666,10626536360716284316,934716506016116464,18332718796138759674,13528790368366452815,8872373848349082313
8651680584596073349,8373649617417826270,5484715337516878051,9476772603915172892,453281076401601299,3635116410661469994,13890975515095392603,13664681708642149552,14039337102472797837,16612798976195137560,11352774477780107348,4154882945198483458,12534505916662491160,9656385756126133014,5833960491016183490,2465305139439005635,231182547554817115,5725306761472818242,12965880566595498386,17027527249024732856,14967056361881595531,124969521590889305,1831811588974259056,1587547114775508825
102232177297811255,12579505795950134069,13080971592882854935,14049538107076652531,6496665551242511706,486494747500350489,13515851512314996537,10555083031938777488,10160573129683778342,24874335715405955,14196643774583796898,7602619210872833343,14227889328478719292,10819511674170803838,988891237007240517,5814811529478614649,14383537539008285949,14209786935525356410,10900247313629463041,18041141138443863312,18242133678411120779,13351732812932530174,5143598318247153003,7685073299008782730
15277277694718211266,10797407170911096746,16007315793431073081,1809019733215170656,17900433110691682873,11110306443204162981,3909433725859465315,15742581581595792734,5621861020020511699,437525016439467638,8224158014154782890,2868325472247881347,9439321295713825333,2203787285256847548,18275639497742774409,16085023096441774725,13376412757919969625,2327976600353316054,9586818838123213608,441306125234794398,13276142868805231198,13579027116701370238,17574512783408034289,6460561978697934023
3217445555475930664,11890861735007004190,15630762904511034825,5860008101472037139,9875215703897062711,6233422903706759964,14567636146832742377,12928011905002826995,9238212516268974384,16431723368467216934,7588959638804305122,5153538592180495473,4247723878645109971,9521744279150773656,314025714053217994,7195704512694634772,5111241293131146235,3550242199173092702,2813612706378234039,3805298758014434655,1917749324242642216,6354511645283200979,7998459368704472681,17785772764575699228
542825147508297013,1330874946252394534,8822303602009274995,2457114514904119474,11643161117282061178,7209909296199264212,1751996838081631730,16008587441469606297,13587667137258106212,8722878521931397290,11144803325998039587,383904101983461782,2802525539929918520,487608432344428895,17909293422994351004,7066093928221371265,15253537724342480510,3909459325289032534,2932100207500415807,2614962136741390033,17589041439910753139,1055502441843961533,7049723786473837406,1934518222002100556
6974793528913286778,13496623211579023209,4781815135150778007,5790075684250426342,6799703782364629481,4555724017192360774,15246456572352424863,14105743429587640427,11910525991491546709,4145978504017467858,9872752622759049772,9256469753404194206,12096032868063192735,1893988117572600707,3056785999526795944,17664527454046915136,17947167518496241090,8689468896340210735,11666754757528701561,5448065829483364970,10063692350225778121,14482746606957162381,2053840664928849265,11212021572154042769
13559536930923372162,5848774717799649345,10893990340627057471,5320420626287735011,457451701230060753,14462844013533103226,15330762925606878852,2669735553164810805,7477845951284361846,9192582668324570367,9709617692948459315,8079289864147109232,5645863278299535544,10220269825855645445,11547508252976622961,12774980803341311316,13486158199707890392,10092140970134275871,11851866982143270557,17791238907000488922,8852360571605954891,16184628061403993922,9295104864240754000,4945558647899298853
9873352996091118346,6194257501668806436,1404975208437807778,15007044617883558845,16557588772459506739,13788518101839643184,10939837182750667126,5280050824631638888,16239599767791645827,1347306385734009772,1655068719283365405,4913987487110718974,14718359334184117874,8005048770467886557,15231453200697259108,5026929575309076599,3594946210307830096,5259388152754134842,10467462851830678935,4211627165224452473,7526114058428752163,5121125283904028459,6474270094233289675,7058185663975499663
8805922360176707081,5636021519407320576,12624327324201837518,8216551812993262255,12352089838082813386,3274567989298913729,7833725014939048033,13407320132066981823,9809955284440328079,9700727267763139189,9160417989258367769,13855595922306196777,17861363253377818786,13583575883694719633,991229259051757784,6832693692206334359,2917228939806983975,14265784799935121099,9526707870042189320,17495632607963972270,4852785325203370637,11020632001997762642,4066249753759534341,8135418218932369670
9584394957423450577,17526608570346178617,17694570015938293295,12150388023510165120,1906694024979572123,12009834672985214123,1020728241615231214,5684738489717078750,9768068149189995369,16604743013528596122,9596679906335309202,14396200699519966306,11384508344236323994,14245768160548763816,15367162576085820664,9890703702611478723,4774825096949319453,1144057337703092675,1537967281578780357,15215174211204660244,11928863555916228881,15819459848758137781,18233293804484204582,4436457462843959403
16482240807302632260,6828358152297081924,6714445521706070345,4252374764293469902,11863641075781773759,11379992658618192859,697250741666257380,9026207585061636686,15306716291158412031,10376985904658163794,15638568877730065542,11014192286994566709,14748308410354638904,764683397825917053,16032058735662061972,17814684743326209673,10817222797060218752,9262853246649515592,774116543138179885,5711840174761304230,3200671735158069612,6759003913331284084,12469196295274217076,530218633128810494
11236977066725116201,7083402037280868001,5790743159980536915,3135479078622013687,16266868459182628151,9433894140493731311,8499011745814456957,13460960945572788032,11751514046360697823,17001492627403607500,11102854152396011386,8951678301332615766,17065651642449855068,6869211613731896247,17842614616427974686,8457950984909274734,5555848931893526417,6171763525134015699,1742757042758885595,13137480935664885922,3762123452578308240,4626430538128713213,17961929399587630685,17275880752042279246
16180439987350636166,2973086278570323597,14620514780605835198,9517734051150140181,16227992656031183717,14427879119397189542,3600252844452185807,8260342997247225280,11441321405521086325,7682925016699674694,16399290286306773733,15701750358960201601,11772678303085253117,1302358261995798994,954447043074765637,15821646461039785491,7081068491141980243,17520515301436368533,8403820197100993775,267998701611236603,3320876041991029611,4671060917876551767,17299861565161552182,10502736583772885566
1515705861632843646,2041809264880965063,14616817349179792647,7815526125751142153,14549596061827983148,11054229591355898708,7970181749570639698,12444038484942783454,213204456506218323,1680985298563944412,6647670737510161120,5197285243014089075,17419780428235448469,13188326761900803942,3368041026836592039,5972362935747368454,10109310237256989659,261978566752680286,7463847678975995707,15955372106471032148,9351665115207180079,4781835338595928025,552193251488366129,13046013373043257418
9660202690859330484,6416586174057960185,10871179462408484443,15371504316725710167,7051596858413860201,326320549255041386,14160927687325425027,17398001443453327894,18185996259132471878,3605701630120406962,12919169716579017141,14955517613418145724,2401577319118217913,15426902623293704734,11554395182340689506,16859772252817320209,4846987660249039251,11411741118064569701,10740593510911502745,2466945832419976029,5858315747893105275,8958202658475822021,9570141873672353441,11111061411617651286
7665334995545849031,17299432115898939285,14163211922173769115,10474636106136640969,4857878986084809251,3541582112963523084,13148830333893812176,17926905476018194471,4950256816179326656,10880547138929556836,5486236506433504780,1596055686429850914,1651687697470367046,18434376719992247662,3883557851411254976,805141629628140447,9595348099435845734,3755991941588226618,164431372681526391,17523881908500381367,14491045190427106440,7019123194451746308,13507813388458800893,9226612136299567116
4927039236891735531,14929231314393000088,17581859001154082760,4349115053076820088,514834812201584235,14551716917223580697,14826659147495478243,2326137244757083254,7004216160894796955,12010520417825697221,11888284450590665690,14080601800238005440,10141712669310683354,17307285566039294396,5691476029755811308,13977937579689935958,5467506801329059530,4337694992160863568,1481284113897117091,13786381802440413238,12027118562293183606,2667237535017468803,13568957647258063588,15160673331805367008
17674480391045926368,17915474909014006559,10590463932381635900,12741697770033391048,13082415144269145882,1606707524081587695,13443603504246460088,11226352819212608414,9031222529516158042,1496229779691143496,9561528211353075292,3101680391748981471,14750856812434361537,13275523716577636348,12681863127149573520,2906031280524462737,16552971186196674454,4857160106941102803,16186183816570423345,1290163191967873054,583212179847872662,14287896317038200957,3319565401444698798,4253883515347430872
16698568430321807931,8870887004009736078,14973008325483518718,16238380876946198303,2168328252275124679,12834304437654952927,10566341744756769847,18275851162324217582,14389222880209442299,14436674890596814551,993987418512913868,15794592256089971558,3659976868917744775,16947564190815125526,11184626881187730946,16475338376496133561,12584584559618600578,2723211010765057315,18268177721296101355,3607601914009895633,9800884207093561154,11757889459900994556,4703311624762135910,6598958253057332025
106175169861921376,8757984449128492951,10971646972987352721,14993232580035135996,3606437036884847793,7120694523470757446,13217410219365828776,3192831556867992627,3326345382495374746,12148436564347141637,17654332630669337136,7618734745385982841,12037047589854717908,9464908851731831110,9489814038080483035,959277254036204471,8069243234817283428,9141066890928062975,12853191870542257723,864611750433436117,808651589043363868,15264145865608147140,12143700251544393600,8160526402237943039
12030899129047191953,18086169384236395219,17657429027321993179,9087145998610114209,16086295506975463649,6054625969222672596,705793564704355048,12201337255706294312,698886403272533231,9877371584203894721,3317075921938269086,17179909636319691388,5485248702212169904,12768625514550907300,16262077730545436575,17004477999167782604,1994256307730187027,8249159474859186708,14473004824649828242,8202519625118641965,9059872707042016222,17479285632700015491,4397013024304109899,877498343406110325
5885469452507820990,15446089073599457431,17910902923777455499,16080210589880024603,5593332542664630688,11865810173957587234,9540336144214376551,12454297068320911870,6502780261359782205,14428310417142496567,6793464495284396278,17506061237372397587,1341555515464018973,459325411185442712,8471700151942298625,1777000563842481342,5090352612198226613,11408067920259269409,260682640812153915,3370691115121780903,14706940279821224649,16122451135179873883,16454402629817248010,17113398061669617793
9343746994219830850,16500795969855300155,8333763935232577691,10068011042224773257,8270664079533239794,12269378653229354169,18275329203346683811,1782964951729724452,5118776284632235965,16884578949637674472,9990597236600880644,5210114305196063333,1534389596674748695,4742153188465956388,10211620278138409903,15648057023852128674,13385984948910694845,8284895612357650051,8309786806858902008,709470088642921336,4523427991239103612,16544244154688356615,6272727951398231559,9862277385065965659
4307991035238378761,8202470645291614475,1046274849758106165,15534707095869023877,558797675098642055,12664402388243697379,12987533488537533645,11899277386899604120,6850936941292876837,3287093448554369069,18352264005432757201,17430876407780520545,4568074111907379772,7195438669108258735,7664824835069984069,4574017183678355592,6329752917951012344,6365403897644184439,18310963043020743526,4318519841289522499,14134444703140091234,16509473898752790216,10611538974545803726,17973694679739913862
16559073084493154050,7264489583400287736,13745684272917585558,6676272086029428102,10673542797701551727,3524724081948907081,12968704721479531005,1432271962401598676,12780430178123061583,3100986099472560810,17977929839352597022,6119189411389731629,2127920310429835541,658027949996392185,4996346256814767022,5180543976212740042,8146908853492531939,10726770059486829344,6309373589240296663,12309774796678043460,13728286529560147675,17048614506013366163,16790358074224199959,4225224677340538289
834449740764715152,5554816784009245145,5062752754419280646,1924286191292254097,11012293646662092245,5143131455498924985,15324520687073133544,8699838809359203031,7439919102703807559,5095526702351565782,2873357606620459684,3405567407867153317,8602766955481407537,14200694666737635223,15590768815524351927,5828532125612516440,14793187534118364893,3017442666823065991,7918497615612048176,17279992124285660823,11949860316669461279,12189365009855490147,4462852410554688837,11634612477143323004
9485246481956565112,16027023313847298960,12982334489810041745,1439617200258848844,4147452056890112951,4406086592103373582,15744299165950794946,9082808689452830663,568858747594266317,3152157835561189065,13192061886452261251,9269096166967058400,15416180077270052019,7831953552753988483,5193702336854686134,934513070411911770,2129885951697667195,1881134366113261359,359158917424475660,1584650018196139879,16848500218537348950,12547841365243652464,9707613033837732904,7935295688819670106
3737298145894816452,7212056685170950129,7783714480406715002,9785633420580757450,14024001815901115274,10560629516725811898,2452672657495034796,3465176224365206333,292842067450472055,18014257793720577341,6877827739425446768,9946939757696479052,8339194424778342266,13535019287335495049,12477018858872942811,2347597375212617384,12180464778290874778,14390310410293074088,15954813263538117135,11269402056547424246,6437101854788962251,2959382096697950688,634372161446145742,920129690658159368
2449968484240495181,15014026045306783004,9043086995871806026,16487480036866050687,8685943222892564924,6207135435778407235,2839018716042171292,1221746711047393753,8153836729144459911,6958193151858539282,11160539240606674251,5173510714840507147,104209185753649404,6079313896043887069,10235403724195881131,7139528350780896588,2144759448784526432,6249172524844606187,15999766740447202561,9848500365244182830,14161075432505093069,2514750524470288870,4269631516046440821,5442314868985577474
6289175497567345354,7984206686348295060,11262932185983583494,16280047742323511372,3173831377252945237,14332193242955397442,4804131820891797157,11225074231715834000,1095984856759896743,13427058118613550338,2605096188525654064,5726635052396043953,16926440542128721134,7214566928600698363,13067585206161667021,10756676451288659175,16533026830992088192,17187392082848328340,9530239319113140468,142523024719572613,8043164617943676611,9177074586218388614,4133642439889400037,10179174869809588381
5474472819622124407,9796966263681859683,13244408170801802063,15617166132359796972,18009490420366817232,15556173873667256924,16720847332294673003,10660589930647937966,6550007860039162533,1912217637433670218,14813423071325669429,3001603561594511114,14622084585886836961,9655457408049230888,7639270417412858164,10588049472444173729,16916823608388156072,1742882736066044415,15192754272361889543,17587032106591746891,3819072135357429510,2279433252477807444,5667842114953828470,16785963734842377616
3898364276814237677,6835550616869682419,9925620383173984205,8985610605281428807,11459559057344968052,595497051492634592,878945089771812576,3800421608663904612,13056821380506932613,17106383735074159124,1079850238648854773,1075139012184096952,16013899211847173048,18379197987538539315,5286652748710464380,17330390601900834293,1715881658064808316,12723616435257135370,3868777518671084445,11657107019514711356,14546712340013540567,12652705833835524709,18008309958573681640,14895802028190120957
650928240810617367,16994617628494305003,5535738252168360649,3437600921803813179,1758565532187950960,17731497906667538994,8565172303367593958,2469114512806862042,13374473893509213542,8594932476419274144,16172645783210172738,3792588145434754026,14810859679424314206,11738491558638180310,11912417056390677025,1103928612720500069,7429835331900458959,13496537980517922872,8467832904287351871,13562018777430009374,14592263128996808710,2875696714298275908,18183947287227405909,17898167687739637296
18166494766732806052,7021592830995671656,17109635316326467158,6527107738444136165,7054968048734031307,3257810527614973551,12173420658444333949,7773799204963637347,17952547045294561879,12872362134754757323,2015480931719866265,5703619800942473792,3486871291501735126,5857362452066224183,12995779145211412186,2508438145856773605,1855611853585214910,4421065107207242969,6749833137469033220,6352464245110579361,14854577219071590155,13573274984421605174,1979579346361626877,4606894651627968734
1715822009880031520,13383302586343459163,7755173371376009167,3364369412264531611,2868339016582476852,15581696978892033310,1117651884536564917,10200621553765364066,12856140183697427515,9751970390844049780,7147129196133518603,11892399652926362215,12979052001438066556,13124678988139316567,17509706315096167223,8506718342499510434,15639036101688180579,9003066461390745199,11220118627512125320,14817533250217194098,11354398789893322757,15131175031741037115,8565957226340963212,1958799022134585157
13471269027056507827,3859819743494488286,3589712778190431400,17250758333008825058,10803073623405413708,7774346900940506663,8122385147351357989,16001571782523006739,16407099103110162202,5373908433846202536,3216094146047324537,90706246281338326,7223343247342777710,6997284371764957825,3007029737872769752,16942661260602046369,18252739427114776740,13708350511961663129,11721898336044910080,18286752804426896633,16665707137886373525,14715598650717212501,7311260525368775467,12719183449894323901
4779094294776074643,13914935673714216525,8067178302936661433,8984123441044824370,4519186264895310314,14235090647922609790,14693889529027306901,455733718703695011,12582711468461846418,9640645746043397356,16395598079111159522,13844415552708428931,15031239187943998670,9173794030642770282,9943543847627798005,10634728556094870509,3433869250106846977,18421824414849108179,3298272482882223107,6735025539857536505,12134474688879852931,10242106035487530929,2112116804628524593,9645813770164955785
5595374979505623451,10828682019485687897,12709110216950421164,7883751414480222583,2349195996149129485,14454887911335826355,10898247577763542459,10924557804182488856,9525574329233167571,7360594145067981153,10431143229797661421,16964415520737647500,4305290784610844535,4362433032101010806,465897258641721358,2211423759473351239,11256398583041825546,13814225914067787045,2026914121332552688,11520403853788752287,3077686729987794490,13147465228256082725,7406217108169397155,5687126417913869293
6128081546180029345,10055723776948542019,1064635319366061812,2261270994179296269,9556864324728806172,12804695062278899069,11976842538996015731,1103032767830979921,2680907641592746429,16865169402892253020,6400222180956872243,13523011210599507472,17569006552463399923,4116821025552505281,17616372758934190462,6497992944146268079,4775867429405849846,9461494954700025406,11707633662990702624,6522883501688599224,7169069454880313040,1882223842434883364,17142030912266768508,15779264584760857364
7627604758284625274,11447398503230803243,17500318850555097743,17700925674963506461,1674751174196811038,1656357344124485397,10955054837204961121,12792543040593702306,16819377062317051142,3620050467425655755,4241979046742872277,2469245843604898847,11093137318597801650,11561837405004934615,15631260140144225848,11879198358267203113,13205298869265983934,12661372063569412833,9583016380656796935,15134468362737371124,4660018450641245811,17718171853376417525,13184179648647435855,9144715972887581121
11480757575721602583,297672885749628614,9089282069424015254,10156682636241953706,14178137556446067239,17583528668724403215,3517835819365994677,16069188579249195046,4085801233479423169,11648024607102073739,12678120419205992575,1338609378058589079,15771843178399899004,10612437013544377228,3213561829988398630,100559402059024973,13579473131129789374,17812160768092763993,2726128529444359739,1144521732091529151,7949459821842973807,11258497472385812962,13799104129579921622,16017295166860249308
14243188192515368642,15930506059594796133,1320545703855888531,12412295509089497027,4565433305708389419,16881086708218758482,3919218728569536434,5906562843715912559,167175158572243846,8642390965551560910,3196099985257601197,32664763867193860,505563514444729427,18093541195370861033,664240786580970021,12323178674520354509,1746578547605907017,5278856875315262261,8587723932457926730,4083731646785455061,12204511715069830079,12206818565986667368,4486611914271507299,8693994801244102692
14827113418018470836,17892602938420654773,15880797709459315333,15936554337842858378,2875259592782704238,14497406319584216705,12178870574758181507,1061116355601969921,16143242615556776093,1476035954973476562,11380731503197926527,5800757851096828735,9314043594855095957,313338199113271175,15240545039077900032,9738823980298600419,3355374426282182609,13807198586629126194,10294248284676145271,12570475387068773184,3720937765779842128,10255293846438841223,11073030802375040297,9030780475556403739
5578944760519764364,1337453665750122966,9114785010744751821,6387023094680154949,9072303835002116759,14794433144388586474,12406976667899737968,16504418836860493558,16071778398142991731,18191337410087987596,11355822822468572147,5220590290965833930,15900203203153558349,3589170783087023312,5392762797526850074,2064293778406840989,14414546989992283153,2987419759885930782,8835619609519383052,16135856634790453361,13113024127282382025,11837296591381097237,10698608497089529430,11914435850624666417
5077801070119371740,6921105573027672300,16147647298304588673,9138576792746485235,218543488346387184,13606517121062708445,14248718284997983643,16824221120054420236,11615543389395494392,8323884555111143214,10777402502343176807,3402649505625348402,8617533120412254440,12446808843011540729,12825645810981785239,14286289212422575176,7415842544526541822,16661114499637016165,11263765285338904030,14883908645677801826,4811041179247026931,2735056888208136142,14312378688859117136,17560846537259908807
7950421267918196482,14143642848697132869,13862720248099068958,8621161128058497027,10069601216259059686,482599784227381083,13461080497320996320,7425859385948410263,15613388514597020155,5099552243653465888,625468609987599375,15100943207824218971,16891371285466111063,14618194571537734729,754754895150417489,16487127250937067564,15035838054266023656,16557480130540764983,11328395551392348614,5738927164181123697,14453699239582610711,10105357093678626963,15336190968250178414,1757164425381579426
484907944748773614,17698863781359196953,1390542045248845700,7272215103487996145,4505522419171149872,12028568486140918885,727156366929952906,10194352108252957542,5774225944435087404,12478471757198558146,7496374496837214934,17459675866383472157,10094265108576818720,14350240849419349135,4498471790584655053,15204453098471516215,15216189727066731242,13090044946666348876,13609590629882577497,16366579151569415028,17861940734153821185,10619239900338698824,3686514632740067412,8813903835994518378
2790341968955833376,18103599596296790115,17027874514206105102,39802570228332850,10021603207883667434,13702003348178431242,18261242440751077425,5112407985632330948,14212523112153215080,11566040018041578754,3708180453687521213,885916298719870624,4984300462338520011,2394882499591844222,3081212390849994323,6268519477736544973,2784234810110138860,2609846309950052764,12938237023795881908,9477555628822923213,15844850160931250653,14701066959219201767,7631906783628485582,7150303245922592225
13931261454348379326,1586594347689726096,3165245741194376608,754109753529215621,6132081918406511765,10701656407389587231,2972285294776497270,1716510924081324003,17650416556877240919,17429286130762890808,5765165461299255627,13829684080115265388,16657626264156353008,17381126460506603377,4884686896350658459,15030750454096360573,13710223243524206608,3680418733399472508,12200258030116823660,1965800036148834132,17947705789641873387,16728758957587144606,14092259379493739477,15586459242955443997
1963066382613326647,5883879725481612914,9737544843535799309,4104018879826937723,7228520645340215930,13991674560503057586,15777306139850273292,5015337719842357464,7881554064029878468,2604834852681407521,5494375097858580700,13357359413630498779,5238961921843868673,7604087002402680167,2852499391840627236,12138781462928775543,2801704793776806638,6351198064880904367,17543385604597467250,3828143679965781849,157416425564492329,15427679828213236843,7025662822353791610,15058265442979453183
15163833084920181674,16067018737790565819,3465325828169364262,2684601580044810223,16229786935011795651,12717257656047890656,2294421135430470082,12380151597984382217,12761680862323038359,13867095557861604368,14899715428263152985,1954746392373101597,3961227644321833273,15050902566963097255,12909651965936612755,13420568070118710870,4343611812051303660,8153700373550506267,14677642903824370090,11820356641867202626,13227787942292924581,1947283207194496348,1693720879475510366,11427836314594926730
14101870921638207905,1155814950650560434,5081345534430772243,7122846090067787884,13764961833634677981,16273684594356598353,7915276973792446896,12471014326461602941,4778497563092769645,14053098848493397238,17244755041462988828,11260880676427835678,432219107305971647,9680098037849005167,10187515566256646558,1783182969062708522,12738993811936326469,13472528970386931651,4085623760503583240,5531942730743211146,8586921239434948039,3619566792169007099,13690529938149408556,3497101053903865897
10684471370022668997,12483897823454559154,2207156968419679968,14759735968819566913,9510226925155736534,5374016829359930460,12734569279851519884,1880587905681742757,7398780870580173162,7327493883122287368,5955331296323795759,11721363509829690075,10737978178856083858,14990972797353112097,1860218351250569407,927603463087556246,15428903613950389996,6592002683902320633,2353600662055004327,15704815811356413744,16360332744088746959,18096521902801550610,5656830938955406586,17475338945468074673
5278127934785006851,3454329944682863974,8956706782543815025,17811039440515069708,14557526141995283429,18390876120289953658,15994238979600557269,13739922872992037526,17038394302287698131,11491922235794685908,3589828541507253553,2481851952673302230,9960759932220308206,16000646682343482173,4948063025612073811,4536718229687659678,2563348511628276530,14682233286548824332,3811535060226494547,9085639173169044282,9765540849982614215,15386749143155732290,2014029141252784465,17309786354194840277
11721746617950155674,8043022875040806491,12615321458797892021,603504807165907578,10475510454189074061,10632854230932810916,10510336867074268866,1679377121401819900,1113890062811315041,4375448560112660660,6062031678405553156,8697380948876474267,2115584612481176039,6701443829908463972,843053588047022123,1569473290257642853,2423282666946723766,4405854141372401841,14726723756977618797,7260385219681468938,5526189840293234708,3294379556221338243,2629060012163231961,2477440581251531173
14818632501879286039,15559451195989891557,12467814982683249803,17567393729894461941,10900487866315900109,7586348723659717332,10381197721905971771,12178892259881607325,16004965256928140100,8556168687626162288,353742720802903552,14446640444852053498,10798424040342573248,16724047617153126770,4507809624049955467,6676684380602140945,1926550912746525886,3765231627959489640,11288088270837737863,13441747294446129955,5090228161707704455,5017955219883946589,17671353966909359244,2091965681012693983
4155025484770906825,17704912579853043081,6367787399978869039,17931533007330718238,9211623941225012018,9352280942011208308,14352592625124927761,11077559590326307112,10100961939565819231,12013213653848164105,13361998431591843173,17192829612293607445,11195683931404794930,4923256084156445497,12985068314807982765,18009782483455606557,10653249325178323399,8766089107288073184,11672264587221759622,1414360067873204068,4835781288076541749,15052144066209123871,11761912994701568166,2271079119861995372
7070967647842141185,12022491748564397898,10815616840214036197,17531234184563959186,6204059459807048003,1710150226953712787,9966068242025785832,17692739045690399681,10349069711396636753,6283855461062860358,12904528177383272784,309160322790882287,1751275048357975175,11923268520373164396,7395605512279906329,12002786583753635297,11300220255569735969,11478578080828558659,13587255622646674953,8071071216180001338,673923695384434793,13639732743952894657,11159428275055515751,11743601429049769017
8893831173520854868,13565725749049186189,12955214409774399741,5749105603940992706,13794143834846638774,1685443633721230784,11316581781667660239,7946500759783005115,14283770355544089900,3381202627516880935,3122879521956470452,3297139270579548215,10494559422392399326,4129076915629774360,10711930033649432132,12082624755444607780,7929933302664439288,17960093827739189996,426546281890907414,10296245957158056707,2841904591979386401,182732700914415761,6935544682023132831,14694172591440769768
18101096257625713455,18306844558869660783,3998449902559680188,2849498684783040704,10516841429999721300,4274845986691796892,11859138606563392588,7284134737202539425,4229092069976072117,2805250284765204256,10750052919385720910,6086444830828161152,8029509955521483322,15490465024778883459,14422962168907548284,2516293551873477612,4875512747838819412,12622677794722387410,7570043292037024579,17269653514478119654,12135579095690612527,8352011621406012524,11313344153505785997,10964064278976990952
2251164099909979840,8879205305527953030,7383898815167545305,6963540680998031810,4512820640556563571,5092088774198487523,3370985001433230967,4860263393661305304,1018466088736078769,8978420978813010971,2162110740482331031,12018523295570776029,8615407757023566682,8249226863969328104,16620326216344064638,13089668179787342031,16071498162860953857,13781403040510033143,2948936004761804929,16146729807954485219,4346489122763394208,17289544450053833428,2842473004126818886,1239541277696460397
656149932678209850,2283307138136629210,13255778047134209309,2039491393131845370,147293215241338756,12627203420944616003,1481693044771263559,7902548680808917806,4266253058702962000,7078370156766186628,11818702147969380928,12199252622611864923,8631365369723047392,17156384385226578214,15836418636234826027,5970467591093352110,13083262176620907423,16435265030877510434,8194425998491768753,10933051801715592648,14101130313108441614,7257302906461568368,14793753407798320526,460397522667467866
13154157168811767872,4945097157571389693,2319871569581415777,17461366122780381328,11551653572627261636,2948834474602776549,11307837388356595415,11864753435501607627,15947823553252974657,12782618877698207898,4047783842655901141,4494307344750639258,13078951379843246454,1355557682159043790,11164238433228483203,2024732220472772155,8142916034176429109,2135145378253911065,9044088972676084837,16570872525728812939,15249652867289402772,18095404968361016358,4605196810171044197,8800008869672238447
18440464071988222473,8594312151569852194,8023425526337014691,4649507218529441728,13957161122851584112,8999174272211988574,4341127453641996469,6040821536957964441,7654861261197598862,563274810422929208,1418015809377881542,16120636547817382185,1395918499454830676,7060696248945171491,17439161190958060456,3928665394289613579,15203184129596099789,6917869514998008827,4113943606010141594,4856090206098240160,16446182342440323270,13883055459064764588,8971360034582000164,5107954890673589081
8542271551968033189,14434298525011205363,966840760685534003,5678022166102119841,12310863083263483949,4247021930116334352,9521971226217813568,10717912276210069282,2103795073787144390,13206871030512313389,5174177673380047423,4096397339422590112,6296703217483422840,12138217909322102275,16001774771173183180,4081133668545814248,13487472506778892794,16917950145669351506,13425431898566782476,7349243095399123157,7473911451882300785,15128666958861133389,13180199786351720901,3590798013166693068
14794125424926968109,2236668050038328820,15707073975414021728,10767694459326246137,16672081347237495556,912277468109773824,16089639252226776757,11236605331846150308,14902596295814352617,6423898936290517249,15978802008078781477,16641258468448731721,17794660056856993479,11580895128969923027,9980711259842878028,1172529008956265426,7996122875822363160,1085237282317572108,9188757001483414348,2638850875292877901,2749444142689898296,6237328772330766790,6474704384326222730,12429232106659900754
16659457868015896940,6512385954435932224,7162194061091201253,6057916614945792540,13038574614644987626,2727472883913668454,23422576719401496,2430588639389404973,21372506310557897,12524636627738859434,2194477044875202609,4546177524547224267,13986310823073337302,9510022683586355665,6875575340144797437,11165316007698110718,11710261464913112041,1746102736960535084,15654474976817134944,10320235166352106513,13453020057230265720,17417304278480329179,13144094234334369427,4567947954549938356
9425553355262671754,4506382984690254908,13427288438576008006,12259351407627723493,11990889441082759440,3485848694789663394,2263763542565484234,13254544499460742993,477146289271155016,8802629824768360935,3358326069177969642,6704687165226426949,16676600762153169189,17217365376560575145,15863075379999364291,7424266257063111627,10384933428039099744,6636597189211894292,7984206263373686642,13885962920184408077,3526679559264108614,18416329195555483943,5778659425355743505,617084799213435969
9704769622762948840,11537187219374901478,17327749083025842406,15568017777460955122,3213067451381423533,8594573246618744883,10575255888678628179,12950552801300311102,2489435153975848365,8541988040833220866,15059121164447120177,15552799303753997154,15946238053556459237,10496977532485167426,4628340732151548073,5406249315157605339,8984828254791285919,12894074076136684187,7446411892692753357,2037075279704383074,2480021447239738325,9967312913009747057,3694833633086333354,15432103533799640534
9782934762142291206,5130656837185076127,14572648773009183070,1531869351712890998,4914462849084244538,15547392761675439980,17239691250256516719,4789298064811953135,9891864526685099537,17058354574617379341,7436206714749736398,9096364701407933083,1836631085901457110,3431794651209146933,17134808118062223134,14499193419479161228,8368707714064441524,1500116827270438267,3338706362146203987,14727232141256125027,1823020002787221252,17886043746416478877,1993188428130704030,5778320273886550594
8965288252439849874,5419941599173230277,16027056963588567224,7556729847112562852,17918318255384449831,14128658966182271724,7324082664082706088,2967492751900405358,15975069110937948294,16661588201848335039,13241151637101060414,11386948764624501929,11531975037375172396,17464036675867393176,14986854917119629651,11025726687012591263,9627780522960777953,16714158299139564575,5007181507460325743,1247747968192009685,5663112948226833382,1336572416361860114,7026732106348849171,1520688694846230022
11639821614435664874,15286447140290505058,14434031807714356605,10898655279965490121,11823205960433436502,5789261413991368673,3105486090410050043,15472608528364617087,577754509544075275,15118599933351254635,16888619118625919523,5526128658502794706,12190470303358821685,18369347141639557445,14902422329384388577,7268477990359706275,9434065488985558802,16995244315582578266,4450567169386476970,5291693606867111733,8845818118131565335,1745500677477661966,2380581711180375678,15930893706814915105
2095756798652523511,9475656965619478361,14351987172050440786,3404706459388924564,12296926898292907947,7803938771765701223,4809684865650679259,1337377568647650625,17288542695717192180,10798274407522618233,16067659108145639352,16207374479596734699,7677164221517762091,1799150173473616137,1922782489133042740,7404961610519273593,2605629600444010554,3984989919294295322,17883269285838390371,16156777132328823475,1956983308014101411,5439310690601528190,12923132747010002748,6357956463234266703
4231491768767363525,6160158898996588008,16653195613412686686,11702421379259125086,14708525239239424693,6030243819737469875,6925507133651403542,1777690919120871432,16289623192853970871,17072613698313783767,14946905788114035455,9430570407018384041,2107354396908458762,16981450858451706158,14138431433253418725,3971410051595281129,7357305675444909486,16327041039877485202,17651119262244591004,14030609750722034535,15700400451276211050,6155685510484496304,10688367787964692344,12762211870774742512
7225831016267583305,17208475081952213288,3365401898601842889,4354721122802486129,3966054046281870439,3664653147235838760,14268624545247425349,7579039155850223558,5796939273651004975,10752470496575971633,10296393174228740004,16839082925559143788,15369515558232116983,8137634879397708112,307504167898579189,9961344172447237591,7786704576078642514,17038520131913045979,655207954324362722,11907292881204196895,14823238216785099010,13783096885199563739,609992587744203588,5024031057697867698
3134637193316458640,13967245374587626029,9215204029580564856,2912379651443624264,5735719766567499223,9269922624165959914,9800461857896727691,7994937724452254420,12366665871948291952,13043147792016826234,11259205523473819889,10472857280502219042,15106818853842541614,12589986105885307963,14062446716184093614,13839743685090790231,6585148455234793181,2268399677011768059,69028939865526675,2431441998804516278,18443059447789671961,2315135056101575569,12619528937476870922,16828265731279567311
8210611906652467801,10844359128817647780,5972183224134331737,8645828431387641277,14509970097379987716,16014882220391900567,8886463526291023894,16021962635508672459,9289875324393467703,13211369427867226612,17896312641668340297,9639504428208128167,11513293219471219926,1397389760215144758,4507189185683800699,12963525517106501483,16462021116608919086,14717654135594677460,12954509908454816868,9296775399732530873,11458309540373094217,1486548346166169108,11714249771796954487,3828664419734399617
11276581759388530201,3534834739024884622,8355155653288021805,9663230412295123068,15469395658438838552,5638353361195943679,1329205910024618151,16842145782638995254,8633247585118606970,16380449718681515010,14865695992780677867,7901896839256261124,1041341146874067019,6786001272247690621,17566718024219517827,16346651504214979854,12157404783236682366,8673117650777730856,14283714082116475992,7083659647483479658,4506716671834001537,6655710061725255222,18106817340843581507,6713436733189400956
18066824456054988688,14534787043980426564,129099003385037699,2507012943454590894,3449044261314147271,12059208087955821409,8553511710820483974,2141180173947357357,18288283384409539280,14823947364145500814,514233106617058587,6999650055343862666,994431767797261631,4064611944589151906,16635571687306880126,13164122766110963883,9481111492488872808,16979553815954151979,7950724421407066369,240612395653026989,16962949471267394982,6073175950511912554,17683899230247094505,13699810551495891005
451914697669728780,978774857880418422,2776495594130414593,11233850426209093610,16505010103483828693,6570375001749536986,5729634983027819792,9281329007421077717,8612544955272800909,13883414537761226618,347326592769553906,6638930253754751889,3190288378352785720,5800877403783435107,11183920779215522515,14020052151088558073,6830158868380603205,17815907579164086719,15184761752233951452,7579398665960973875,1853739624308543905,10491966918102893491,7783778591466659940,7122836977278971627
9593373289558199785,13025274044044712208,11900498189045698886,15922308220265757996,2417772778803910074,11106543721216120594,285216509585928325,9185777863159583907,8252147363399301572,14639926829230739639,17943854251836760804,14149187120352453257,7676165865950622333,16501903015396375355,7503954075964285217,14380000015825265685,1315822229683407747,1329173137374719969,7493197816035807784,6264210716257803994,11052545017577526904,13515286501361385365,9182986286186402410,2773550150734455259
4372214923052622817,10519264127499183214,3682576572382539525,5876914522803399142,11779901599607755716,12436552508193122065,3467446610637715650,12300972352929505108,11379490762994930224,12045511406339193452,13207782952842573589,3953398135566281293,9581967854860946902,15335198221127667178,894026978705508694,8240295418095987653,1274868284678144650,15860636653477153723,12009486715629528890,2419763714148579141,7613068204136945208,6758847999002775535,17173640013306297135,13318919805370843087
17572069539380909946,18052081772092017117,9107680871648885797,16136673248486612174,6695504478111383319,8416490909072924131,14965915006987372495,12133369337717755481,6582715913646558455,828327692452285871,413705681199356944,6276808114066368942,8613658114816188695,16279259972187221396,5111716501802186338,6906532637658102638,5479357005527619043,3679991887095260636,7100844275521815373,14284653497359707713,8007083545957863142,6718011982412240359,1359966929031854417,12858726788487595738
5181966163126662672,17161882286586991365,7550405075495035875,9020858826127794115,14983548689308949262,6372495551892299643,7071378847010459026,13088417919688022997,13547988876735198296,4130922069935961363,2875811074060584806,6293919212043130111,11260604277096891957,3748380990285157993,17505255801410230607,7867231171147188,9212988895784822242,10041713604317848311,16207359500984922813,3025697243598753127,14728118984216431558,8309658413552088200,11496500607077759408,14173762256090067177
8351409595289921106,14656000767010165957,16636174653404299038,13738969763727376051,285875401638778091,13393331678542386280,11521467538443905356,7329131761350607960,1421102178231120507,958314513318962928,3108752186680624931,6254113356649470690,8189185285328724772,13821032901870636014,8692541606146141364,10232000002365046593,15025438541145467012,5715124888397939567,15162747892664029212,12545882484153885360,17395924532323623692,14716073531843843546,10931957753992876726,17743029364545874473
11960714881417504830,6948682225075296406,14535169858513236380,4597376871630087567,18138186696463376920,7027507756868502785,15565819445063234616,9608681788796328925,10875387695384332426,5100197269808323469,12805709548471249093,7272768211664944984,16935817716390946213,855296088511482818,16552536323921408641,11883435491664358911,9357851000668456372,6311182772311163211,14034684183551795765,2113700327123827237,1624985439965991159,1765125476854255693,17310292707159270303,4701969225704206060
12473984938343192484,13863644664597695425,6663692734972016443,17357899592842394142,7634845735925399354,5570886239557720971,3939687687228772862,1845634497592460768,9750420048983907961,10002850315821632115,16843076226190537232,7763806814381857386,17684792636033126606,4993726443515967705,11139263921670982285,6097486209488908029,16158656183444776824,2849513690090250377,9800099064753040502,14712360375058177658,3215096943142824478,802600390837235964,17817514113548037659,5792477184756552352
14164235977938700832,14309319614153507005,9733435436052079871,11478789314071260604,18039352419323866963,14223846376945694981,1880005213388840916,2206973905904954274,12137782984879991960,5634693582662277747,13721683775342797585,11302413898606770119,15047083483103624131,15155610268834576158,10393563560591889473,13384791807353286039,4069123914083239985,17682927895780688129,3856966424955638421,5425909473664770770,7155655526733001801,12583489590505295339,3417112791922630789,7795446228999398505
12158281677801797627,11480267268266748536,14419183882173509388,7070127424006936122,10238610344307331548,13245717945371946828,6572742276808472090,3985162067138453273,1219210162668887206,16866376416004790509,1916378881449754011,3448418216021419691,7342915233655545037,9065076117238964630,5308625441945111514,11166787348921217313,13481311693218480778,2262369835819025242,5436626801294949187,970482488939174866,16672825654145680643,1183743442309671173,18137345829790126045,15170224217967699709
16356714840286188548,10654672364693783113,8767925806339812589,10386201354389438828,454325576876219828,9445215374037158412,11467541197947876419,16746533062185570421,6029065586305170,10279908270126429237,18402522569516429974,2723100480490847162,4549271952504790261,9842116786710692238,17283923005984803846,5460672572228501553,2884646900004568667,17757430025642935307,11231180687548192082,5297549481494601519,17851950642587129924,18233121745590849863,10137593711917285763,9283145231709325464
9352785407319367121,7822449985343475160,151690050767687558,2210397050341076513,16166903516874232032,10942351798350648713,6247446314912732611,14822586129541071330,4484784373824911121,5506309274637919921,2704706489284579037,7448840714231196537,1183386129844805336,13817148926532745741,11255070344475763230,899481156619202735,7712989446550688471,5902250939509033671,12889340797260990927,16336329801521248181,6785473217285856403,15631832010188420967,9654223228952103852,12227749335997348260
15439332152092164655,17091082888336328799,15428806521599047471,4034964576893324131,3428012023494516090,1179961070703990609,2521351265403262198,17753226549587213353,11121807956197527798,11238288287997531461,850040011731951395,3663278634679776440,5396675417453443781,13321535212482482185,16060526773640393267,2431352224546367678,8845767741388660177,13262138962913405561,11128208004348182797,20430362967018095,7782804166282214168,3972706698737598704,10139394001444650450,6927994464622106713
8889044375815143660,395219576400806163,7100896110350654673,1606047515960353871,9053708263714342761,14693647251506149332,4820984551605869730,7381430461988892426,10064377052645698823,101509746410232189,13872704707318186621,5481036231452330871,2104305176959342755,877554764421414875,7695354076722214842,325576645522679290,11768782768335929552,7451692365666265757,795548314422400773,1942992987465025785,11648106509988189923,380321471328132569,11475657131261706752,7150951954134071520,9973695566271207895
15180706393522517991,13546789831648571727,3482518251011580850,15154117277287989150,17783114532400428290,4792264559557606825,12078870423297539520,14333929156639606583,5632848410677185313,6249325834174224285,13473697115582724398,10700302361012563018,8477282369966563460,914163102022775185,3800125117024427433,14288497533989660686,17455082717389607538,5552074829263209047,5381952139906569592,701207274893618879,8240547282286882443,2530238542221102024,13125096301187367586,4080443211420599436
3004324516052380649,2210465636224341988,777293385165615604,17477989044107654633,3579921122784493271,11136853516396318285,16640629472075418769,3898626459893386863,2385488747488185548,4124566110187134303,13295369607494246565,3285059126295722594,17307633239009779838,5559968491156418217,8098999633164174952,3301921627747639111,9375481726735713004,12183719930432467178,16210612798154978598,17531263958395843506,13544074928590301190,8213354228754575520,386503125310184950,5458337512144507086
56621289701252012,15973822547427724935,3304456287102561327,17407156026190265097,15609644995841596603,7606703433159019859,4401318172176072234,598577835680416229,10149042791480580607,2732966479192992817,2277158762442624341,13944198876996398326,6524307965716711090,14271457795709252935,8549805180752151092,16817113975408935628,12615331999527845867,11913371674736706242,3832128204736049888,12814695033626899614,2891431998203972518,11544215109919335822,6504499054962885960,10731615934571847054
12275405274733837937,11242815574076516727,1108014612421105548,12630440522682433232,4002862237366718727,5620936568047617107,15044695689857019466,8842224862577641054,14884409050533807676,8943116253660417986,2894935450363666594,15462889930115987672,9042406135881131889,17724117571461075839,8776336526337823690,3035570245134453501,7774897700901398350,11203638327774414177,3632671493246550693,11656956714809049307,10770101991435397728,4561489483840431793,5191863508235443933,11011836614239821371
11286247351119437432,13267854488836128377,9924756155601363802,9416856443903152504,17196417420073814179,7852115500530942969,549776113015688032,13783800379751517694,1509722566301447286,3587001775256900194,3001830641511523209,15786950177668760847,2903009813814004882,11960625144533508688,3386117926514682894,5883707577013717988,8118593331829280455,6517791942539404852,9172928768618374980,664068865768697744,6354109163813896191,10607300610409165798,15775871143394016399,11235581845637214457
14288848513816268179,5565573194551603332,4593035876077169879,8205138425988764926,3344467799227369094,1235546398374625652,10668775513674584948,10935872078198204230,6523906489502597777,13641544509571253555,7258502785849423679,8928526958785008249,10889039159615958818,16225436821473298468,6954604570841266729,9907706628373295308,14173300744357374556,10674068076747960946,16545588964192018313,478741512389035191,7996234424202313454,4470432948885815617,10226301317677675267,10255988619112472040
976337230311030027,1673866692919536576,15796844452635828283,8090617897141567360,13015130691170322363,136615543294116219,15947687243453432602,4010600409335902488,2911755128429757024,6621428191126426414,9605087603579201732,11063116706806200416,2769526540751244494,15524138267814669717,13073674828337376895,18216767053044314141,15813838646268178384,8432168293350615881,3204522130631969974,7581504414581244705,16540862422972606439,14040499190486112220,16415077935523270446,14115709494544668156
11155642614265096078,1095169772143565634,1603066276997280475,13833981414638993167,15624380897704580493,15598300112883662340,16246125311388337851,224271859677588330,9108931074096530842,12742253301752345465,14825569215749958703,15093822788916167749,9732348126799041143,3397446049728425999,9371322747608464715,1379358743464972546,13055025762861836107,3319289700694111695,16396252996762736823,6734737717374902351,10787178929117132362,17321069881451741893,1207585610060614810,5656981154147482353
17947403130797854875,2591862705049947546,8205719201193298699,1347784848135395757,8203997252131596520,17616092205232368854,12237862924879797180,13283919215129070378,10163844102802797968,9350041631422466239,3307127455285861351,9555123509463747166,14841314352233924388,11440067269600102881,14861299544885569252,7710964477224418252,11680757025716621153,208623698319054470,2730238116784799927,14737026176482937259,1491116938933820064,13755425008252699639,10753913158477786754,12150234521069189811
10314101338511765888,14246724861660882222,13872157119210521386,4259887362418442076,6554055658176686131,16619580680339660547,2021864552574326091,11300912288003846217,14381793648355221510,3767461745363337454,2147713750050248735,7087666776182837163,10151421191381088072,6975406257167500560,14576085096815441264,1553852932200995862,14071976990725917789,12080047985302653641,3872526079665753489,2927513904735237305,66730564581289475,2408339580288136369,12231031895548853773,2742512472538086417
4042934840747381285,1664560104615935860,3525418492140094468,11830152012508804170,620700820258746730,12746336035009849597,10490447473037001470,9998871575680190190,12401908684530568749,15413752572429919214,18391749750948448221,15621858160254367367,13165280482091238920,3099889533679773191,14149979402335764099,7429816677674321785,9207599955158626465,16345621359769256294,1174342784323045704,13618711990960852900,15945913868635502909,15598094475802063972,7507223305134087086,12589075737318833473
9511257602330381985,16661331425745084641,11043633731040022793,10363319222211150643,4517439209659665694,1058170473296055823,14527977199914190973,9379772907408575209,17905367782264238432,7814388876942399339,11947854501672571707,13573555617486340028,7161584287727115610,5371167156181322402,11847674581722657083,2944859853647866831,2393010062580139162,1224392091625645335,6242473488413609503,17013029658605470458,7721935998529800304,13464092199864110460,17132035967220048865,12911786418919246447
18079133427050264565,10039122682109087287,14910833683700267133,2938258515070659514,18363940453090102693,15320620838087399383,15253968122728891862,9872886724536224332,15060791493332160871,465257847119175253,11253321712815123601,6118699585376924160,15763462167343181209,11214930543817911406,9509749388457557969,15795755907931182524,4025930411914362236,4387662183495078997,17908151265778350914,14983938401681825219,8392493259693811869,8764112926604350851,1764012170994857059,3396179316633716516
2044496213990461942,13434026115485596427,3473174432176322760,12674598354724110991,4102056567647469873,903381727566294807,16896146598073171042,9945250884697572048,13645450731207499906,2526307272980102074,10259258922670603381,17907322122754981871,5960248123655066666,420672715130471241,13697978662451288052,208319103361631156,5263496869265707493,14113296737544066177,2863927064133784452,1836379981824361900,5752086140662304711,9217260904688405007,4845087827862611061,12592788882602183831
988612628460595045,14410820195923603469,7089845466291687224,13055211893261423467,13496518601191007457,9239469934454070034,11239234445133440702,8721116573473733219,2181458391801154537,13716530624703681684,17494642125849322070,11393863084551543174,12399423200847808313,5221994443984742340,8381797273591278908,13679144755311568219,6799480617144072711,9095945088297581321,16799495151027186836,15981355581631839981,7173890462304152813,5828270538943092566,4814992819681146115,4344012393681864394
17706104836886397603,10133872226389015116,14689741705236291115,4597341972378615840,12270303000532455053,1621915252307018409,12607389134234302145,16684538313015265262,7933782484698282616,8713859484319694988,15981121728017829806,8063647336417049904,7176285559662369624,740036649569102545,10141002151802817583,12871353611298818275,4611848172739227009,712189404670560073,9705255305162906374,1583078661187826627,3089004212285571055,5951053549822155838,1181894955212374600,2070968217609901346
10800221879744118820,1182717486991119775,18212071484501989203,11024243478119904502,14220656467649072825,6819772074162831081,5849857922991475957,8850985407770994684,4942541059963334267,12807801774600893405,5945685165504351605,14388456006540051582,3909422597157500992,1217809250544210925,8031553926136014751,15516679837779775609,13172570633271745808,15237385808016542753,4797300657194062475,7431748408931243056,13076746057142881323,5714569835358671108,9858659524046894524,11277904567244135577
4111912426790879689,5139725998045384027,18118119917693840607,5284719926574241207,3797113963791727551,7613174508720415339,18113148440340258405,16103226495314722696,1885113179448099165,15671114458079335929,12074569829724872176,13510535704219037113,14229489868842339145,8373387461674589253,15370335196371972113,12612253085039075309,13229984068606250657,3263747478322784106,14850241428037812584,7883404878893006185,13427221542585137331,97107340199283928,18106361382828922177,2920361664907636250
8061385444818883877,3718200627415616839,15957546973105599323,9554838427214051000,14610997358374006398,238229640664649023,1419929051742068531,12031826392210500046,6105576129650613137,9724961402311227456,11881943477733527357,11544406533473503856,9954073527786586094,10796976484017066243,14328890033492532815,3275314944226852246,16571703040158163123,17887743263160665772,2813532264534105288,674572742752304427,11123237265871591948,9376914189402873568,13945177474779561347,5660354725791351938
7900303871079397319,12374002949518634082,17720913038830212197,15279925759967590054,11040199690544368862,2634990479481927204,7936127717950765192,9881228891565388741,2977028263676304771,14730214988548473220,7588137640838279050,6714734613022018074,16727261315771088349,10996674288629150723,16333744938712742306,6935548935604493272,13456558898968163824,5390717441304428205,12213640620086499007,2749520094123687427,13976159919107028279,6217177692474132187,10063812730855217529,7352137775043001738
1372743756408039392,3055373457146080580,11172941755963776942,11861189214300590175,485867089478101717,18077089566024816728,1545619310677509207,2978542244650336460,1811054225194569186,13766214352903781441,16782680363524263763,4448635423916674019,5187288827916061699,11968501493308728286,6465764152382715853,6369169272077058578,8479199141141698020,13673396120511528049,4848713255098241878,15056382237063662142,17405309447440241855,17884802780685146666,13063108511877468736,11002865334853111428
11724867137709578244,17391913509061055094,8778320555182515325,15567790535253916080,1879238464937683179,3758587026972253005,7499789652463492365,6029838266942377394,5304187707524890461,8005989720235920161,6132071406599948699,3752968671085890815,13214798522425004247,9356573296095226439,354483101151408923,4798025152947943621,6681195325852044640,13996719353282364347,12985882287520841634,16094705207230090969,14772739625738769487,11456459352805819464,11496554673426176912,5220943737509602160
17803796520064212596,7397569187828479713,8724672515498206686,3668208202443481380,17428860674004641455,8309958019854427957,17382548389430600994,6080138734484553065,4433971909480424953,385880011024693152,2741812643632575703,11253661226194770350,7446464395033864549,14342330595593318136,8891715018091985169,8268283866136259072,8529723248530947746,12591236491200755644,6828339963850609361,5951882621373521402,1921468924280825840,3503052346269854293,3936584924284991534,3115385063921229715
2046039676240715434,1688498156285496932,4573942014268132362,10401800411664263866,4890436298434544966,672075692634978461,11035841321181765174,1145254832674136901,13315440691363288428,6336322544337766964,12395905404876107942,16471675726558855497,16162292687884218236,2431100888266063894,6287661643835074227,12244956668077022730,18117501690351298398,16514313987878976012,3009741097158787336,13432696130243155808,8367104717717838611,6511136736316523891,8804778701511441358,6293598233191231127
7247469024418466800,5272459456716985305,5648092902663211567,13364485838341529515,17230809657214557905,7746864590099521976,7790362873819418111,2748044951944660447,7368597167794553055,16535344224087940592,12054632280126177966,7852593675502478793,5986575647851441661,13038425555700480885,6464657170353072436,3457592205946273775,15196926507409786819,14107535840388100498,9776014879227320312,14802574300469441189,16393954075113076870,3735858216968343740,11919774833467759706,9631576034755018883
16237755063766409557,8609663949465314288,15172021431199803541,12169257370246098516,2580849248748777111,11168732270201381119,10730591929948567546,17761278453003715864,13219119053083754694,3678346664134699095,17162997284535913248,16567613221723373993,12185210609951996665,7685504536755822442,13724145625819448615,404995427937836613,4146995664396842930,15873137994847203367,17549214117712300568,15423812299469806787,12935120287171613723,15782145402927816945,7620100551716812717,16614772442171174349
14383054200706926684,3625648334912929427,16957463176844408766,1681183112657279906,14847602043946794787,18073758274828812807,14913656401712638612,13805706388969892963,4282107159526619537,6112102343771609641,7890575933262983820,10633960358778289746,9218081355884931651,2465029581732142468,8552239072175788116,7365937058325690098,3469927298577479539,16050736007299120512,14906077649286890513,7155352961623684788,445007664841316186,17042679571003610812,3467417420817846241,5727731828261065339
17660993330478478323,2070580122258835048,10527057893111550386,3916056905091600355,15998996866801270202,1206799191282705269,3040698632071757681,16289593043016088025,7531462851751234164,14182889289824252823,5739029959106261828,10580483655334656025,800713027254627945,500904923550358061,4567380737686637149,7721414958417356044,2750368728054653944,7368390666444069462,8808405077598261776,14492609451591122885,5691042490544756087,16219986725504449587,965963030415541912,9501123316682919587
11322159439603794975,16237151204346411464,17508271176506606398,4947852504798283495,10593049216773988985,4860621414675049813,6746399935923541069,8503971712378901372,15405648082525046527,2650132343393352159,14236009145448634684,408230190050196328,505163977338754318,12497405866965229862,14299210412587708393,4725764161446090263,15880750990120503927,13140815823334479231,3222807948194280995,17410079635567886401,15684786092477303290,17009038298554342722,4696394306217174903,9885827961350344846
8384363888633495617,16209133467301356080,241267058252810183,3026190538676129973,7799498737087860415,5066785583063789642,14689230235368367607,16667800317042254335,9379812906785324208,4189386852303543296,5915159955097106619,9954236150657996108,1324449939006881895,2928105864550266519,4653781428021064472,11471307133928928203,16452189797570727727,17501440410808829871,8092327613861444024,6904842691004915998,3780934394662364545,14191659242559981917,13579197139630738836,16112376551376747362
8195665376461991873,10212966416244720389,9023541660670127463,14575849666579687528,2961011445862821632,14775087583320726762,9776956112195750531,16972433498090992026,2133754907928972279,15697745118154991423,8085021306257528198,7494276104602701135,3815691212160035871,7270231751306478340,8126009048794048069,13070200075360647265,14613104784685784585,7758384142599759978,4308966911852135203,6437456467769384459,17729133831319823204,5548723216381211523,16658639663718735863,1217027614377861979
17780170863456055456,4396035517803294384,11973533023654866262,216570454552705786,3892519125483620698,6446046472774825353,15628770211524883093,2055197357464167826,10117128156476328868,13878121018822907117,13740462096995283158,6044007125691453492,14924835786243137822,1847467876557132876,2003932200901175800,12264034300182521084,17665633333930595690,12892659192542845232,9157636474133272285,18388509019086263992,6794848286554178444,1368624144118411284,10533582908196046943,4035138477059053192
11824747217691785264,15225538667758185575,10114812038286227908,4388528906293053641,17803980332455399364,12374040956180871828,10262653653358570729,15247312636295524259,3302154204905763372,13600182198017576282,690605945854284561,16427366456896525753,5323449727877411950,17378557676234885298,1850856708442224426,17378531761702611136,6604484710190577985,7145395763765726399,4666584928806871142,11109782562290312083,12930371602307092878,18158755765619957091,150951800243303933,15349430483940337820
3632817681103383439,16994212882237849559,1251895437541997837,2785733377557253602,2341123817425455778,16955195078524419880,12846048347069078927,2709735012714843674,16414994272485235189,14721069016631149409,10166285831949621344,8089792425151522636,1275072393707503591,7010783033691613224,6691548315971509089,17009266290657047720,10186299953664581208,12775846336046462842,2487497200783650641,8449296926558061349,5243632098646866926,1647933175748928243,10296981427053725831,10380463402055049152
12781116215888252249,17684316595858208811,16767841295954366526,14439349250084139292,3125374880806993086,1508553095371484043,9317677734323412466,10732869780824428322,14609485914464129494,14044350950559667557,483424749063282823,13883827022039898022,16887373916656251268,15905947539273860151,16082727149899611881,15988302815002431387,10797955499664091079,8469227675838651642,230655268913059145,11934196987023059096,3841694570267988669,6344859345171480545,16353156260231589044,14266218984552402264
8148288333444399958,9755522297725054565,971025720261241615,16208112498745689746,6908448593190410890,7025925041081784847,11992177781115071175,15785407109342846487,941953931316120185,13885243149798597102,6247822998442726547,11007136569475394765,14877262808526367319,134477656728157761,3159289851899907106,4509561876043731872,5905452160389302508,17124229954740388947,10272700928979187296,4926635114319801332,8822414659119330838,8758925424523654561,10940959243125135871,2974860640973368112
13734630634777318779,14226125458458594371,2532936808531694200,10005940088421623080,11692957765401365271,5199491060651648313,2726040718704619225,2995227615561990574,10747076068268368189,17073134707132165560,12947582717969521850,12446308637152069979,3126248751349508621,15022660903799372653,17726483697238143009,12947679533482714135,7596510676507081844,17183787214048886434,16126231524042039546,12842591482137385054,9533355469028441717,17759018190754567924,1680656552370234826,9786640476842173050
2899737864594169341,6254553709225534293,7278045779505202293,15791741098505575167,9020936461594949805,6295403554521875392,6513217505177117014,4353807921786403372,13014545329678976058,17225347021316014916,15245678008722364274,18328414444794507225,7885235116802437799,2904216721031206026,1054685479227472003,13320300961498040729,6224944425669085385,7071763984338696967,1944692456878770196,6878260922116115573,8805064347367670932,8141011485106233864,2320892159562495299,14537359688836643688
9707721903830227604,16949905503508414084,15651808265646868128,7134921741950462212,14369666292067697762,10119891731728043760,3460043254238548336,1961574293103196800,459792956765574811,10831702214302554705,3436296989101481103,11691775527938589321,10836709163451810947,11511572588012893409,15507673466247372745,4274680605518367998,11712291522749916244,11381534937694121896,6675898155690129116,9323322086076966962,2610505264960046632,13382526026596364905,17738794599547160393,17918131195326950160
11444360809531409362,15082589847439023613,1323018563739507537,4419204443617855266,17316178118185914676,16061188901063336193,12355835431166896204,13726849212990859901,11351949403253531572,11429740680646502471,3913123230626448284,9330547282185412700,4334809353726974071,3618484409290644451,11148109476881854282,6553717494791119278,12179291787711338935,15286324442883101937,13375585731321072632,10954606664966190892,17088641019383210330,13579943301718520934,10695932694832553972,604292024494268825
260583569139009415,3471943641135254319,5026649875204388264,4440437375915715376,9965108096321918096,15164890658146671474,11330835698017318445,11051945937401337528,12475350154091240131,5062781827550938614,5387463000281661974,1428398324124840938,10518575500369565541,4862086468391470651,14884678397620664372,3770369479130206464,17533410367621010804,2838128563349352012,10500048319146347253,6739389813654496372,13706976160707490745,9336525431899426550,5629090919245554329,17773284632055676981
3837243512079098414,5251683707453190526,9531218633290841415,9678178625243485455,4464585431750558841,16733685428728808836,1309904572350527066,17409430467513564538,4378624799606788006,10908513082830522774,8780583436445184098,327386522502757673,361463121446404915,6673264918967093406,8986192369817256510,12197203944383144936,4884735321382567349,14096942774850692712,4944641779594225530,12716816904866678712,176818622832847679,12341307811016513468,13900678490507462332,2100973237896666674
15917442733166518173,14347275222139853546,13266864090802529937,10651574078114734868,11430556378126479833,4812744688362600798,4562547683524493409,9785469779820635294,15737332565197632891,12105524835777220631,1817778265316867708,16033833348386048008,15422703181014683196,13476748866801408147,17103522816676164066,5350075531607376808,6423501524226135999,3537718306894683917,13364225378828088193,7237342252095831283,8386992455370795089,16503840643283619198,18299041667270229094,18028305880185710793
16291712322594085706,14058441233291630411,1612745557555568431,6576597904014525211,7476881628820039005,3510364982773164071,871705535841675482,459399850580837957,12993113797484408491,11392702614232081580,11147084427234295395,13546483154989260213,4802841169143657430,10782218237051814478,15393692157566650992,12638765867179877212,12849483092376278321,15810561939414793393,2985693264221727036,1833624085941928252,14875319328238268037,5970031933876635284,6180026690389140352,10286556432126589012
15423111686725023006,6547119943069306155,13614656181393291765,2211640236370861696,3970169340201407568,4826643431687031866,17317576090669480238,2362263883575607101,1730740759950474387,2710173276419052087,3898945095700619367,2793048152244416220,9459729864726826875,15715619581148039205,13554088347313201394,12218376885848334616,11998634571911207755,6499782044206138910,1210598495811263248,15937512479910336506,2061101496353714760,12567452361841436202,1384222105175258680,18363482673039961498
2145067667744469444,2615906922549947801,4075731832170162527,13876506725662117413,15687645959948206394,7456183403718791844,2983441131828326985,8439455173736817470,11689425722192367782,6110003107305198421,9042770592230070757,14703302583773092874,4668552617705374493,6077575924834999531,4780887627080151773,680869290849387497,1786281137364932183,1766672417794841919,11738773759235875060,11231460415728620768,17838202000953993553,5995086659420159262,14212976519208969797,9498080904163385573
1333420448972360547,1683829126211203592,1671718314901116419,11204998450557584227,14282030730172997999,18036052540414874550,9885391904996337937,3983651162270520242,3880178972247962239,1580730476627333218,13868789796283527784,16108980149173856022,5788223967185720387,17420893045215595703,6683128386829649872,8091877915323980209,6666297143521272663,15483983907551326790,15746736505977072794,10673087023144942060,6845680522630916974,14826658368568581959,2026256968245456993,12565594736565962152
17895691468081200136,6021506494161314898,348132868872604693,1671402251883137040,13048201865728807029,18290693255461930585,12926522228386031852,12588824557486870018,4585235697658001499,1835099143692606589,3530057612498787718,9374504696037529483,12182937273392277199,7748823547588392559,9875854631608146085,11957193318030114450,1109277180077483363,8898208346786547109,7279673203588351421,3477689129853809626,7569441810977101388,4667558431098226804,13267697867571552120,4464150804663827086
13326179993525041317,5951064162986024119,7684651224993817398,17548672787136115274,4675703130424484462,947093717829380046,15522446914102918930,14589671724639356947,704210828355808231,16820482176344878677,14029247292772817437,10090263737341385980,4161993222770658075,5929882845080127798,5390655031377616921,13671107423640562947,12655676151676870292,3404468507951720370,3808347956182104145,1737213001938520917,13494095136179021145,264892630030855932,6053685509247744441,8455707056510328238
7315343704714529163,15225747479908673205,17117041281741091953,16517863262846058212,8683964645470248803,16115631823130808852,1806301986690833711,17563977997372269575,4234624765144407090,5637917196822476652,17564268946410432729,253410843386014393,17822728414834653927,9649221642661114432,7375626480402649767,17256026800955880199,11382490409459114635,7988652878711092279,5911934739064181159,8301908481618558651,6358605469968376508,15372528022423668893,905420179117853468,1697020842174881197
17405931034911887392,14435202994165368112,9877807568190777487,8232136031864904385,17287514630196443153,8125004388063983160,15349842767096457400,11568199676426599867,10457413619939262523,9167320011726061677,8090633957196804636,6372985700893475960,2659795397471054719,12403194379244963131,2938285355404717892,4535533851340136918,9977164735206038905,11697351881384260645,7525765281495405761,13941551110219338336,13878913762789683737,961357889982158597,14378703493146197631,17812046751699274704
14673445480267055710,10816338619772359150,14095432869948892596,18337753724310854421,9873733549063831581,12110437899511737713,4146662175458589497,13414411365112371422,17770821394992514231,11799130930267424028,18124849598329367733,1548096304928564490,16299094474095945238,11528995654111787287,18390167794227121412,11330210203342011598,13608542837133510874,1461558114007684556,14585340419762023941,7644935553636836744,3508612080173861366,10633659316754557423,11647377782066627862,17105721466453714509
16609078857467133159,16499195523362871836,1538176536592599452,7842581400688636436,1321668198601195202,5902338225401206920,16205052952821475040,10236306298739991520,4989921313986050147,14868302940661792219,47906041042267352,15793408152196751196,18062300821703602851,13124894783381335545,12978219154379508546,5811490568524952376,14649018767775804979,12676704246896835857,883102760423869401,17287078448927028792,8577908655144611854,14319595987152316944,14128393493702831138,3155324371369422260
2933055076261365581,10637213160854164008,14130315405324761043,6692082097034701001,13346476728616004906,7233692922185918951,14311290881125638233,10192043932642743834,1237646494347822620,2901068418837347237,14327195728365572912,8674369758328258401,9620733408908740360,15607220221006016515,10082896652070572382,6654423265012172208,3924032539785070935,3896069663038085858,2112984132110873337,10340291600385091343,9418179988371346972,7156491782486585360,11700671684263815071,6662282440697368376
7141124627080556163,7235546951193453056,11198155610505147658,11668842219232141017,15302486530747867760,3444180588069358864,11884705283685826602,423868922586134333,17189851058853060123,4138396245154457869,8603443774696243222,304459260264172908,1630945006095981165,6601737259461302107,852377193884824008,7264500059782154493,1096220122805074468,15099583305876950003,13351828336228089111,711166289135849397,14713364076981256147,12687023612731912466,1821689985274961882,328797908306924205
8163242157190293449,13035095606786011273,11015812794286123801,15473447685325758753,17006721953311299307,6282873786811494262,18150929280566827649,12295945765924976055,16498240837366948859,4005841444518020323,7105816333286636350,10969923911764456255,8952492129491136115,3626801648996306977,2186596686763466857,7369911044899236289,4788253168676866364,16698343379231176888,17516627606127472271,12746633051443091024,15827743098351518429,1633607564109211800,10463118956061443533,4902967918020503184
1307211075482928135,11909048532625441495,608891583942408547,13153382286454240287,7246755264555928870,6967586079559904164,10617391159007160892,13052265710566402957,3424180210539355485,3713097249689957220,2107371469648583550,2961699803344984377,4326082248084429631,9822280621791798489,17924140113368985969,8972706005849488506,6436466884732631272,7021345675162588151,13022431362869742044,2604644472436513548,15027219271847210614,135108075345325989,647332097563182551,18131013008479640749
15857515141191572860,13420506974584038246,16092909365274368237,16375601792092661976,18289138176493794271,12211955686823611364,15793135865098419514,1250601035017354911,5588261656306827133,16693611618964382233,12710021700417078420,11748032257151171257,3663842335653799030,3040477842333646213,2901612008115564451,15465448484247393140,4425866115418011813,11550294282218908540,10191826814748336555,13023119242087665234,4150941001195548981,14831825006783468850,16103639070448613406,11974298453647941376
9827994267002715177,12451825788602241510,5070865268727577478,10098461132321530412,15680721031939618317,282944084917601126,17286631327718576492,9653844379008496355,16090498923736421812,4887542476769282452,2174683988326524777,15334165313509333496,17546347664214576247,9880333715193962334,4204168774469452011,3989056876571420152,11756396072044561484,17043759832215129924,15477678047918926467,2501507475399150623,7550064426815061631,16845130091009551310,11520121109263067634,9013414981701752390
404596733763774481,13114643744921596964,1132718595897183451,17235355937749711373,12272566416979667429,15921076351902327522,15912331489470862579,12144812009604180023,13160374802175748088,16124824972541408974,14088888377387896315,15828496271966736008,7988689768114156633,3428083721117564721,15918029706141975527,16386313399355829942,3093747368147638275,3083366615930637833,10977360276670636732,4853583131067522652,16971603872700759790,11836851750959057530,15040623694782292167,3482578871615446707
9383714650165585746,3488984909660982504,10808097850112367406,17444937831784349183,3528610809267624303,18403252956936382302,13155943395243526156,14356281751121276380,7545049698811912968,10593532499219534997,17773706294361601774,12438540239076975314,16166063449653633791,13283470080417113297,4163558337978348072,3385857941313183732,15829020331265925102,6366049914837507310,3804970170348449243,12420153835276033164,9574817938116219434,637279812108581736,7378331312134277139,1658433337513813151
2817212651090503102,6601962654320577495,6526699579536409562,17047895325182458599,17743557986265446637,1334342128444615057,9132112635119040968,9955682165046898145,9562809673438952710,8020150106620110786,16765877337193685221,13938412948217552815,13947896746724407787,16637298613350519003,6325837925097936555,9521643002534533151,9842664582247047160,5675227046894126314,4597372821687566494,4138940436856371433,13101204612182622914,16099231505320667478,13922242564732258836,7175695005399083129
14437758231911777714,17306107538579764445,3829588103485516894,14669558122939975102,6554330108829980047,792195225243054980,12940398955909020031,13027432250106990185,4277265379459695990,3465565225559299319,5102772263557733592,2399096491855495025,16059279447321072332,10936243125949255175,1318300310462189136,4230574151778064565,5185822431641471490,7409010352071827940,13345156855715767589,2724895413991899273,9593349632247561932,7975178222646700191,13027282842028309540,2072870985882510267
5314065698524256316,8786074825846006276,5647566286135439879,11978631920553895058,2878472199228905855,4227197321900444065,8014902459587106583,6102180106398259374,11261993717632551846,5189142039053954735,4728218994800724065,4995834927062471409,14816699941585810065,10791984423841573479,10594288376398002314,16609084932182539348,17551795775608555550,15832562066287147279,11863581455880617404,12246186173003438906,2301740929221191141,13216196080355067172,4173057026841970313,3910981911224624530
17426655124926071721,4529190187898853454,651254224017548519,17569558767622209843,15899903470795186529,13272243307205386404,16033587653757395379,17408757677856879897,5128039545570075905,11982586594542633290,3083708334920482826,14235558304147440396,231608836154491243,9747654258508505761,14654925370926906660,8367741095198123967,16422347567873780390,7765388300363134697,17515201898299998835,5906649002338072752,10246860826536396237,7764610863409677212,6606357282548204565,17939980568771746251
10461557768383580053,304202844790480022,1977057177960987793,4105115579140480203,17088543711135356127,77911771922046993,13758686750680905606,9475004440973512295,8703630394802888654,9767435257822000559,5633234372815474900,17379729657108942952,2959187370844805270,15484655761745947753,14427143372162298380,18146754434476562509,3697200388339329622,16007377772748261745,11822984289532092466,4256938637136821907,626909803203978094,13176480491092686332,11210592098977315278,2853418518887510661
12586693256831953672,9205383785067301329,9551024959780457295,5495616826483412842,13647427323147526405,7583333441860956456,11685280848074744896,929480022433642508,1109418886076991284,7729571776366118038,18117684912803360420,115690951439973827,166942281682749692,17746706768338754891,2375295790087044259,10587398133764223085,9731863906547797674,5766549221550999110,16693907996021329267,16240620900147718047,5454841562152022896,8629439203285972179,4817831585411691252,7051530899515457225
16606600348273372401,13362105430539986807,2076825712811818240,13247878385223331375,3673495633786274915,7535665507939449850,15754140797036428717,3491509698991192096,18072545837095271683,1923334837863210754,6820719933406601426,1497350671247546956,12978424261866324804,15315669675811499590,7877119203578296126,3623805156629502195,7980863847223265274,452619822914705342,1527009448255352632,16510897496329006936,13650124037896697631,1337726564097569300,4205709293907961811,2446600125888847418
15347714880870140801,13964687036528179564,14597269358975048714,14018219657494800201,4181631539922567961,4233984422416197177,2471655362028969998,6021947224928939928,15987617880254059725,17248995865575553907,13315914950661165145,7092013916067634299,14172992473638632743,12381499660959164847,9155278734910138371,10718715161638967757,13154042005754990499,18344450401991783301,6495056854560410844,4648069694585166891,16879536894552414743,9676646672941537959,6134120712123745072,11502318019905582126
6333736533618050167,2269430425314157929,13581163437815816639,1817878790259408559,698530876381569067,7145835037956656569,9413830334287540375,10007053455636002806,9864097681488886848,8177906554251927950,16473757250503989830,14547895961694853427,13195805899904772056,2682624421706677084,15419758799307912738,16328987663853941235,5391089873772672832,6989708716335582632,17351784839813491435,5294325931413384793,1225987960027941323,14386137520708555329,15919708421409744733,15441452843858513697
8740927564870245720,469133270306937991,942789113476537341,2765562101138267369,13710927371071034793,7368450837267181942,15414202811696626439,17975204925767713310,4187507436798186280,5345561225507732831,2808292576365618929,16176570002604831169,9440267505083025848,5485534797517509187,8091893328568042280,1696574763453042341,13383464288084193391,11978986195066763805,16746877474556433891,8693563097693146437,16508995097074899313,13133648397375505220,359877669935521741,1190669638387192321
17845099156966239778,12471155618128739520,2969212402278586321,9585330286876059028,15061631400063074860,17902353348798274515,5337706857025926043,2739208627898240605,17467537168995941506,1243553285445405407,9509047197977227349,13427877903373030387,10624299508896121844,12328951813022546224,15269512874408413192,15739146888957838327,10525500928456286986,17106059251566593236,2223634812950465311,5021562737954740597,5391284363645702548,8070572756455107617,7764219370300822717,7574799978182644923
12592579973208861840,1166724200421081674,1135213078227344801,7783791738144743469,1858800668975518469,14679050357247132240,15036789938684574164,8110333717436958747,1692519178007870049,2269977371484759587,10911479690119150470,438746962416343680,12159648685078902044,17886932446399239832,63883273483672202,13009802598474776236,14875374448844029707,1758144067942191534,152334268073318932,4987087960079346305,16730663949956165591,14815019468989906442,14123385824278022493,11299800038642329847
9050860963558048344,713526412032183268,2717564678326036943,4083634284862704183,11841193441685300796,3735098546294583968,443959197601654652,15166920265972422883,7162762766583295219,11453419335465890670,10247933928762290888,8584004631736156445,631279292288139528,18399193519649105824,7867869584240871222,2121433593626302177,6511218426742600286,11025604853114857038,9245313428224430806,7375177495276652249,16408464592394382056,15166139109438564940,16799864128198907467,10966803103237367141
1617855030819333420,17213638603029292957,819808446419434039,14264912792013352053,10485450302755778455,9772782975671077811,13072258983953022689,6346242603130281864,2566338312733047318,14331128379289397326,431139338821209163,12277588840695425938,13559826374630258256,16476697755894083149,4372806587549323519,14338497811770562592,7691313910679559025,1593869467972536878,9571065705037339160,9572808086092038718,15772093874736297809,932179596960193492,9152858370341678705,12930484574632710075
421525301823699037,14343486275315012687,17398847962896642755,9196977706971114719,11051129028310397759,2506541785024854731,3506431008782187811,4947447718822984774,2311479054953864932,12754759818644206624,805834244186133738,163320676330458831,5583182999060919854,17929390165229042064,9450798798197907898,15125684373753832382,5312674643836688138,1082339241212391815,10733077006280989901,18272410865486871017,3489567267906353864,5185492178213963790,15820238445071516,2295907252306173712
11167067992048006573,3884576647883008631,1444142735504439907,9421404264831188205,14930093984663561343,15927385708464805104,15939061132778966742,12711320129915566068,15008799971476748328,13465096933615043224,6085400967873990654,2769642345022630476,16882051668493098498,14906335030721695288,14497777094247732376,18325414347301419939,10778760902473361835,13797924856197118127,8089827288598098446,16222968735093125059,4076023620894828106,13836008198484090522,16107473343413272130,14177657818619417626
15804156132560586710,11287770904819880344,8355188634640014447,10118649563517528671,1537058411167919868,16140656760158161390,12633256459205962190,12375003722297857185,12537865143091726753,3780823024206818783,15274191528079438770,5748354873933791479,8074725249671996466,6013493851771488692,14255056638567795487,5455645547192518957,10105497529174052261,5037810228490479490,11780832455247908853,13725620193725810135,13673649858324933398,7578482766226917408,14220468977214544440,11312394255384815587
14066660438374150072,4858070755880112090,11857260412729761435,14653773458145039129,18077901025665926259,18383039057159044571,12018904573338265218,5555146963036355728,11451638946901839352,5483235721556477454,17631558276504014126,2671954663359529642,8641735507867771465,3554275817566012513,16825332028572127755,10029393184515570649,9967996228995626264,5149481878275917918,3709149048372240029,1207775412695374646,6315058990977624595,14152981455995103401,9580873497343866090,14565768026804071515
8938116661874907279,4594209026279232917,10454217586439551042,10093159928533881654,2402438362141526360,14213469392109793310,14814668745523485914,14701829039969104387,8813790282430506205,18324172487570465113,17251426596943994879,2323015432668898906,14367522745278566454,7368270385999538697,17806225689055979282,14967263249445870791,15454410644247541521,16053512485310222815,2434981312606557059,12159336044126416444,4526329350669640992,7571979065826166810,15638569678125381411,4559403908142862402
8806644949472256520,7996225622920692576,10912321640485792832,1045880023437374914,15328487377247833951,2784119630794786819,3791212254889827252,18250580182270224899,6396529858344502757,3091415149434909184,8427782848783757461,5861579655848596538,8920418064501843845,13373143841742529177,8209678211334684299,17769353895794103201,17232241969970142318,5022978474145042481,4499918957725201676,16693793358806400262,3469685096488543477,6177169642097181427,14926159470299565080,13774473961938169792
17655332200214127145,9826402478479484845,1163476149011899801,7949223782678192573,11336220646061939065,3388789730912340863,15484217456270501530,13678255908413954408,13989723254294629784,15140406099710859243,11962330193765315950,17561176592397908459,1115251146315350369,13188445340349093871,14625206305781366835,4187697861991749340,6742652839628285113,2009362544514121144,17608105384164400618,2839303639035548027,13426635882851429220,6248644249945558097,1215613285025386157,12839416000421901258
3394939896410518951,13989727862814676861,1331549466362664696,7067719078697386094,10261115758217347430,9414397236564801363,8913410045370261830,6760545709988887377,5267549735090135746,12840194822890311590,18210300416154034700,15482579399284334661,8089631727266728403,6410493545452568560,6281864077793062272,7205363015508913575,12347577378201700081,7011629969876018538,6084781158314610951,711599546377850529,14812433360688427474,8350091383685761194,2524098622237895352,17815552918375096897
11995082277215176043,7887680496383157836,18261513223226390300,3487625656491192906,2373165963952360136,13413504802227920862,9197669464616286486,3289581788481247618,5095637676874453743,13396057412225679881,4509629077521299887,7731634694669934178,1465763343801003779,9095948627026123422,563232269343929568,15142554608695882123,15406356077398716320,17834802614529641835,14044723253207963082,8376600568261530173,12670608570732458333,13218764767033947823,16650145850501837514,15468116502767828113
7064803914305036402,3642638850134138040,17943593315028054792,15977287760574896876,10568072517236840231,16024044449401463084,14728260186780534975,17608944433249306137,16507987555498030615,11089923357838076338,9182614492334945354,3425016575869795705,4193181285168245968,12984332807956607465,9490025064007850872,2909311376011468500,4022354761832029439,16492716400265137804,853150366142668508,11153737067886838791,15144197313029119064,5919911301675232663,3459546675117546196,14415066970914557492
5787883582911548365,7144488103037630787,4838155885454518440,5924741812079710129,4095332136918849007,11103973956701570989,11014709746222878324,742780691837757948,13044623926454017680,13878668148107422015,4220803277233571810,3048194028847678066,3942678959055211688,782657419939370925,14807664621877742332,9848719827904152359,13666250407478439310,10451794348758721101,10084267485313525704,806405414955018538,1769818680224942555,12287794898875899639,13923773674272078697,4107393649906100104
8434004846693391147,4320224640885907414,13604934247125036303,15038257722303816124,13835049132760993241,4261017198497257032,16824462877344213667,10209275309820637669,7731244826395682237,15639829173849976967,14623560203619491896,12740871309152877315,6513233417831647770,14118673066043142846,731458375094167961,2254604613386835535,16614099936991419899,1549211505380340820,6539825131727671813,18422756633876769334,14424675835337766751,9500440660754828224,12412449884386694237,2291550352694443475
2327656645759620454,5375212343457015004,3416225864602585987,10007266113230988053,17686566985015466782,3033966319890721078,1878091232836883381,1621599312049083057,16566784295258603018,4830857478640344052,8090978823988992603,9639332333220317197,13377609982611241927,8255749985057200272,9759655175024083898,17663208142805550189,16849313553823025548,10982283185761655689,16817060836757091511,11846746065007346171,4202727654055232499,7137656750502742012,6944211524821489048,5374669847690740755
10575761845979089396,14519001846360388399,2874211783725955817,17466313546966804614,3579276759809419051,2129359544180556978,14417935272194274890,15346485894490103363,10697787691256321488,9910732709145584769,5553057024149466722,2335336294458687182,3862851405645819016,14770643008402971311,6256019632116606469,16256123196903892695,8505621443351348806,13103841237442301407,5494464816061065691,6031990156674229547,15595425242296806974,12440695662819699647,14228801727297421541,5640303585246924368
12992325398011066529,9680859196044491120,13710890380898267399,14710668813219232452,13901820383054748433,12513536585217939828,1979120887187839425,16857855149504959627,4357827640083480203,1544936781803326566,13592998512032825996,9617179269893570475,17818789306604981110,4536400342005502638,15398214986291616055,5964001447333077266,5043067621884776867,48085153407914649,16097388202896974795,16567110260363287348,18171028106181935357,3843893941590948461,15246951527997060953,15926654834056100249
13747469780076882293,13025915868159485691,10405245030913488194,13410302063434172292,5588321131618796009,6897441941791150924,6906183304623708918,13552413567631173538,6207464442018250268,18349765673594691275,3167793128107656204,2529809309252865568,8036613823996080778,5848785905746883751,8581740081638886900,15820222786456465458,10090954712353116756,8852109920751190399,16630434118827558803,4577199610485367209,13840433341680816313,177913079999853818,16223871967773462088,181032287411074183
15480016321066100660,2165287364166907095,5990585888379277662,17714282878280185888,5654933125996633527,2365778965458098943,8389015710376822474,1543015004388102727,9146383113114708759,16769987289306266800,18417148242445532358,13037519172769994929,17696265382469112492,17836880026368847633,3454662984144030471,2955657958437167794,15027085504144841252,17840207532104767629,8198074859159760025,18227307445272887375,9540476496937252503,14890160684721063813,6149266707137793109,3145461948499220038
2106830691643736418,6088064333561200472,898732921746323428,4534536924516864211,11211890816301033922,12420337007520966220,8093653844747043532,3090326649822935276,10981104885762229307,4954019387722512240,516942693990309259,8027144088247154510,8136713413500962255,213842911707957622,2809079949275207473,3171156996807373174,7962183980941949445,12545726629272315182,17858682141227179347,4932623755854399846,11430970935722559704,7444041925902009022,12877727748753245599,7436264577181081583
8294790235813112951,3367998835275915671,6214117596148051289,16573246411167036195,8773248549927660949,818203808727367671,18154947380361239440,11554009368475985893,12968623150636643324,12199172606274268623,7145575993712606818,13099741847682579764,1100918563793484011,12902643311800149860,1451320103037892916,4489324109697325274,186137203389063933,16325302340287996683,16834715401695327738,13249577005987857240,2242067111549817668,15297998468742888355,2717451653755008696,9682556599225886988
4310666747636334887,15153622756478759937,16770750404772876706,11887134344771914765,18273023520308528466,11304805103695278032,14723237181941663194,16951103681314129263,6247676936312029362,9099587526145026921,12614839866061204185,64781669276085996,3955789203022937745,15320344547798043418,2648670096958982614,9262696429845467917,16173091718784724170,15497819621378611871,16781002338955776677,16561833082151674098,11767986402711485005,17722117214190403193,6264643596345492170,8834680992058849844
4487746327114271825,252906843128011017,15181932914487881773,605185988050656077,5676429914432547087,12927130574760675777,7854875918074662047,6749815588311540481,751569631247940585,2974358550218945019,12332211557542505315,16322293833072174748,7590979760137989594,5901582961444088694,12131681111548718352,15411769910881357018,5592746367761871447,6876260160946629810,1592933544511895498,10893924656200473233,7882046037305892293,14933641028079409418,17872433647204826702,6354214305808999519
1921526710191048425,8874116548782933709,4245178614398282676,424813355032984942,3224466220962872619,12252989048809082892,5704275523128060115,15667423394009189134,9935762693247075345,14870243631160492289,15375178867385729683,14556463306578414177,9827587130592176807,1801107022370858401,1662440329159083023,6204616971261773898,3715216224838436243,5723527808954368673,13245109853105656440,7227739269209018015,15628587771845836224,18400760408760078186,6671804993149002435,13752100635356065717
2997350614957401885,2375433179405709120,11856668476618234194,9113015969889881838,6050973471789106011,4079677061577629054,10044107516520803133,9929754478390373610,10163145661403022943,8964224836204001734,12154163454531043750,9094782707211312819,4690584241580016882,4522072204811442883,5770292936870357785,7483505652157977285,9028782532160308843,12368995864077276440,1124693109221970627,2580496453384609606,15730631049558419,2144293378057116160,13877806477677061873,6619458589825275686
2162205913493758619,4783667356694575327,12193422622605520796,10818354563015353740,16487882015184219210,8591794440677343959,9804648364893020851,10890323300726563707,1170860798561073885,2048318234144129928,11091602895925589902,2275577129562325100,8113064053040375638,5487220307956481825,6590558473173108343,7447214179857619323,17965266264973855433,8709459892598738915,14085424451234275780,4231819661665359189,17888703853811147009,16097835565068008850,9357878397649379318,4973350194570580114
2440480224556757900,1262641608828397515,7793696627546457790,1754416250522512799,7675580511491813943,538695154720393855,17947548554937035269,6978609835156689421,5448079828356031593,5525509458673528894,11418239489815844366,5160732357493833501,9871532026972913950,4568407843781112297,17682626872367884427,5013870588196151018,12563012934548092513,1614348372747360273,11213232832556168415,5012656198356601693,7386484629731914055,3833479441420225730,4686751938314361052,3484554313907304578
14763506572975353922,13738006514449065334,13005577006061502863,15846222635133711982,14652889410380538551,2439290849592614722,2933242404251250147,4488264676422371286,7763105620172444044,4730228635111346520,5350963347248124111,1416397099561408887,6437797473620674567,5041604500990686201,4934583491028184127,10566258166288838298,6303400318706940456,143238501532546447,4110502261606800200,9973084179686857949,7512526933350845992,2027733696780843513,4589706076711403448,636915954294434973
7216253432610523294,1263306818285883253,18366868604567199857,14031165575733164850,4909267133550001646,11439286178522922016,4352650688424860982,8633226493390639162,5182400226735287581,1499751461403958448,13152966745899566575,6815537976623031574,16600629488547617201,13987014947514697480,8724914379605283111,15717067479857357286,632023066294330406,2609103436124734653,4492003564726362550,15949795512031270049,17745738591538708349,12143989031284089367,3257667606704390816,2409302542852076826
2454104153871816895,13565369721564253068,6773561160431767523,12178835784119191336,17626914254982581569,4522314976045103375,10141524033621852064,13284940487410344803,7785109130911085250,8507189638266405824,4261884856377867575,11032582286570892922,4409775984540031290,12643102630165217659,9852383592604299935,17206405991597622415,8570859751140906169,14113769476394038161,1233445216471634923,18218424255321699423,6691628901549822079,15274730577303546340,5870148229775819954,10578695976578956956
16420445127148642370,16425244292959478850,1686029691480181459,17902836557315388866,3119672272621088681,8539828748495910561,12780320389951609453,11453320407055435666,7242180749966757112,8226576960953488456,8219301911992097,4846658543214008471,99320559551927678,14202666564286867964,14278352776861210830,14272706563979660127,2964434648391529422,14154292457674632385,7830381370977061609,3637512386312160500,7210554637127541209,682879082662387462,13214316640005378146,8272035639593839608
9894924877907323573,18330174233287914628,3523217555531229131,5906410483563879633,12753072110257731638,3876823530302356463,10461332525688701211,2397665039890826067,18098093050935691899,11049111345541992998,12168040712225760529,7175098093319653367,5786322437425319243,15211803809798792183,11097329519244113371,1784905546455297105,10103337942732701794,9250964439466858895,10589812153893538590,17623628572036791836,6741821729486223021,7175664970267988707,18065621569285737451,17769902535547244271
479449713763944597,17885789860226867843,3931942215510657284,4683262343977515553,753374620794829670,8941112829464560003,13835390342108969914,17512146542049976675,14130736986655672287,14255470773636507318,582498610794196155,13674930574849090345,14360622760491913186,1775773258865357626,829550688855123088,15033967433505663440,12212676377538296841,4320129187769046618,18236752730727489938,15210964261047026787,2578647989095708609,11737195913505100259,5319449066565012087,8551080909037103935
4854794244889357429,1793508975065998599,15590833421875539209,6005977541125646057,892975944989739718,173206913084895601,17023389402489581179,13145976505012574794,16739845868170644238,4709062603647094531,9461948725497103076,14155939570969916671,1906677920605228677,16275347850642198859,7493291416715406183,4600347975078936244,14068491422590328039,9038439459920462128,16026017087240828128,14657096242610562759,492032780368892831,2609289185060960483,147337479892893515,14589395732225949700
9431213209656050261,471377509602391477,18220093370195666712,8417156645332110347,10757782328123260146,3758936577402827873,5772756087590709893,8029157467132446023,16785449898052427010,7654529507188465100,14023707416353380673,3921331756246667430,8459106379596144374,16304486504301257391,3091423975649255711,6273122786112156603,18386190571210318690,13675102965883570172,4924450151432537444,1898857830562064681,369725908621869891,12547445271471720061,220764171689650628,6500733735333673636
4822892502776589606,14014268723869938079,16424337291763079387,2772230445462493515,16256262544685248397,1958839243271590193,4841943714901776189,2207911784690979455,8556130202169014360,7444977819796939871,15993127319826349652,7067089010695662122,859107195319890814,12115469949290800474,7249754282565075880,4180718877446025908,7166182878133439941,8448579901095509294,3583030726185054257,3327202672121602952,5695859411168516454,4564300150021048668,967412772306582618,13849185995651687822
7140140566880062077,11905036989761010676,11918651623281169249,13503798084667447700,8448569535044756064,14725832405727938043,9679855737541039484,15489308886307611815,15044161383466102791,235159742640872392,9268653684404197606,3670471713031044130,12847539799897926953,9792348576754434650,1290481263248442512,2639324508990339265,9192458171434876929,5944689850362897351,18016920637389060835,3546329892588198720,5321778031291817632,28236444586949150,17332837957279683189,16171135879822450976
7161785237466958310,15172083369337291305,11091954433614132317,2456056571666757281,458750789183906672,16411209123355468308,15387798559637155553,5922684767284112712,680294991188662854,966656000360578291,11042009861401284789,434489848016131825,14361232091015051636,536157429952714778,12525270634111496542,16136267786817765967,7524175587247502464,6983863930081476600,18206375707013693696,14462500971060363133,5348554632528724658,10007474784270083821,11057026198698541150,1549071211540377238
1889732500033220761,17907625508052958415,4692555942984124166,5823741064121418874,12283583801095900964,11432318315038593271,16671474857528297475,2041353146413062283,17596387158562502004,4090553377586850425,16318017265663627159,5317659151703208011,2390304745681072622,160967822632488892,12067116167013707054,11541543874529067449,12157481383755689396,10649904285798248855,12954475389298860162,10554195199047740562,2700344486578124143,12811486925814579653,1413097533235604266,4433503721064989495
12809610932456102044,18214518952963651412,7112442315318528395,2345856902165950102,8750380893102657035,652332958393494229,13057615102951205504,18079630820020649930,5592352793913328733,8109416347417054477,1569140536374440426,13181631707090539268,1667343886896369277,13723519823997260871,13131125791039768203,5391904322198918770,16821870909053904927,17123583559239387681,5915247637829299751,11630018338328716773,4604404794012504222,12142488550729782986,9712399360852620395,9432285255506191472
154207432495945668,900753135183175829,18086431054042234409,17936477565590630958,11369455520214159012,13390524178396884844,11433656549050441084,3427364562977937689,15835617014970319949,13472678084031839882,7744258858171263151,14616899154310906419,2247099560138524120,3936745596453778538,3155383594610260368,9437219560066150722,13975308332438366847,15598897559951932657,3558991891135745950,4184007141982452962,13759597397394758718,6403737944772607833,1517737987583804478,13922017082741429829
11197501319667146191,201500779173855336,12119412838803954568,4382344317845695775,6701078390049927166,10728451065356511362,7329196959559617058,5424838462015885398,17565832715178646695,13331807267132640415,13178315368906583638,6693273872239317202,17651383009783973319,1669332217855867790,2416291989739789767,7041982182968286797,3155107212320648499,14532555790883608894,2365581811082115769,17214586534132259765,12289707952753474251,11324499443272343087,15539420191341989586,10425188423834574910
1492685130928186342,12277430859684604966,1349266502873403859,15662987411457423446,4399900603533838471,1850003206813115119,4491850966909875288,1597143359634788616,5900793569984617822,11602677698964245041,17733368836194791694,3921178737016859180,15737932648230745336,17337126437200534066,15323416928314596403,15450263013271854360,8192927426219133673,16979465978498946293,8216204857202389384,9641223442659661652,17320284529655520235,10328660564975706871,12692361749350394247,2660461521526367998
13770130046829148751,16443931896781367020,3444897457930289537,9449677076698797515,1397002605811572541,3768881028720466005,14795841206709039192,8142858983953679221,17215878128232787337,3318929197729807448,9475208848037874710,2092106193632972357,11124343805201934114,12458414967785164363,4992450372539736837,9114806258026426553,11406229850248917945,550246292361358691,2053667637880251345,5056818890522280986,10118230190639587803,12870683660916218638,16778720836358982020,240360143258737458
15935076062522680933,15450704903893182988,7593224292965832096,6292839348553461237,512258442734592546,8910239854670711782,5760918919482122984,1471885149491772680,10991032688561882115,18334246164761591775,12552920109675926197,14951540692150832907,18347660447989742888,13030897511869417104,1590554157297821903,10847461983665303729,10458041017030935637,5477468120776531565,11622117461992113409,5538926300040674494,987999172161002110,17010077224674327355,413402169521337601,1551063683349698494
14682781358434749329,2760206285381203817,4921185033266830738,11752679957554843184,12068667795395823087,5141636718650231647,125166026587235115,9853673336363476184,5667211923075418709,5216478902993624625,17087253611626185959,4259048342483016787,13950663863110590073,14961741100689714022,17682731211264807282,10270523709892734013,12180547229538673960,8056190137806700718,11730050809040091504,17731613782551311014,11510885109677079889,6808491756150703175,1063705581068402707,2168065392944824556
15760262740708812088,7077429282049487539,17393030777129003815,12569690704680015254,9704676826750445284,4881028128863966469,15861732751951861248,15351411233545337940,886948383745747093,3234133934573525734,4819496276968559774,8653551410207097676,2080535944609652025,6026365125821092410,1620359691767803939,5892234247257242865,16217138613374094746,17439260652322075443,12985788116285762605,6554360940084320081,8874016616139822958,13059491319082707674,3270123649306988073,3248120515046782968
4867329018077592208,394037783617300802,7818802210518185672,14318052581084829527,7822130298800782866,17124481030100246745,9836261613116952647,4874244918596379000,12155846867821048231,1777963220966724878,8295400939389559352,8731607844090839170,3069259758315768722,9415255221125981978,11586103780969822037,17742658435102173791,6149676498179970879,1497907583006360541,9883871744023734666,8597190899906412483,15902725385533568540,5911760462468955534,12303092360224894575,9185452141665406822
13981225399266556823,2852246119753084915,17158689796708423675,15104274421237812653,17650207779018899611,18406426544232193393,17189485345712226445,17252829384409629353,15631233968366432316,12734756031638360770,7767795082337810421,3256345805491737264,2667241186984950415,8111389470071047612,15510629445652690490,4575748712101495048,13048207388585928460,10167862588097540249,14469056978940073578,14775042127768640372,16689890746999945560,16777447044320683002,9171845963189856865,264802819496921814
18419212595402962586,10788189266958037134,5180857527906881431,7841284724539318866,15504737034946091964,13769897207978851211,8093412913467322102,13427578456312487138,1832906960779732047,326953266040667434,10455701514704523541,4025615485248326629,4634878993089818700,15988955027986389515,8332090886140982891,7946684656225242968,16384690128079237761,15532773757648896214,7420984813283951219,17159950892767493016,1791580746374485566,16678053867095631450,8202268908805053017,2463793479084816779
7053825572045029406,4126898889956330947,9362533459197295835,17009612601316744765,5540685074442038880,9501200392198770159,2342134793295362775,12705053446291596221,5406740084128013979,3745685844954868819,6248902950176576870,10769347399180606009,4908878186609246934,5398994284132757914,7678048118408628488,7274554668802229588,4836065233134296982,13905349062243640610,4620305901842130358,14291332641892857069,7870117996846378596,13226720665129403803,14733402721640513004,5948141077449740454
14156372468179553915,14585090826958462441,16659519467275113283,13891155548045499333,3733407841672921774,28575559078681782,16371878410893156348,1324886118799041472,722477494739115309,5308474000202731354,4621984600838217902,3648619342804684514,3499721211541073148,8154023080048076149,6058815043356838702,14652103593615111098,7763598326110715868,8613420948172921600,6231730441807141962,8599254588166600021,16775149062372826286,15704517441801259226,12191986451058222738,2763258162816938523
10728080595990022307,6929684813679291814,8867747434969454852,16286657610762017488,8010666366496684100,7539012758693951765,13683082273465518987,1259383340850432039,9537464845319028975,8086562291417493780,7026381607004868994,13289652546684204434,1562251072693432582,10291011851388325811,15762378337765465353,3033457626833526212,15200518804451338370,11550873217199127151,15240315600204819025,1417641312317454957,1423926926172731884,16861255036143317099,9235153243763481972,9746996630697524350
16532500375193299974,351557342009583904,14630938305172200125,10405137226225496048,11047586601917128348,17535035527190543785,5783160816223533952,16402891682173921067,13522933878278221986,5331920793369116977,15893468808747396308,3183300439918106396,5131321246686636849,8293054807111790362,17181037948362343330,9768761560625513013,6215755840590758459,13828214678670002752,14450862374592470397,11069623831071589828,10613996405533342210,1657639395289337473,13252447433667515464,17028734980994257747
5689153891472967122,12554919785039130011,17398433344289198897,17698093645446717352,539916511485241857,7247040675203617155,17135510011485304919,17052217280358265440,7137731401750082049,14539624899947468160,2891098831071562814,1053477882406105601,9136059574055169933,4012007364187451954,9038564789566489496,4904963268044398740,8683410999188131608,947781344962345200,3549693874584165611,91173562865248001,16519555082440786607,5214433290425455301,3197290970924726183,14971452082829016038
8110303072026440560,9299841115455553660,2150919079207167960,6467889714681052771,11114323204460146704,14407868911893912826,7616300843591813656,2642500193187285441,2706602634047588180,10367201411048380787,17698719208135320668,9427291045345855220,749953175137014888,10158335705490111033,15265361789963670483,16057740906811545532,7203433565412218985,10211440266337494692,10319474018502432703,7073523409932629572,12786914174574603873,7543956871157433352,4980547768115430624,15924406739210424291
16646356364582380061,6526858836922332911,11725034483510949702,922985284007711335,7541853228153985257,15651491459762480262,16365365927492206676,5660515014103305956,14708178474613846170,1881455375655858617,11213511618632343029,16203353083093696749,17386778359581345491,9265059175468084335,283214472858783537,14421437098738559140,10035662502059909956,7594524214153932862,9069072031318377922,13852720001373356048,10232217472402993318,6068637170341211708,15140050688838584143,17988828512239331970
10587817332198841799,6234649919158078628,8963749162461439412,3950695133418634187,7457548177689950628,15953404446502505081,8406636606713305753,17932209472021938633,5170564480247483386,609803066626606139,3426416207478069803,16301052347346379327,1236525147955872066,6416726058941423966,2928863905897401842,5163406820773334506,17628452412413005491,13616181392800632044,15353119439891016510,3398889924894660672,16496683551735395540,8099580177916295964,2959321679892242858,17128587499034003746
4442512129176461562,8126153244416693627,15700049760272211745,3636535470896110235,10548458472210696727,7434003539715481746,15236695698331987222,13123086950841643111,638189384536593769,2177322164972242137,8167447181121596769,7200485817093933923,5884630227782175838,15298557666015687519,11762968694267839381,902971867864556524,16982020481140642346,6915068396991155606,3208583027223600073,16007106774524605297,8156791802285184585,8925596412710503105,14680567537792019832,6303430093647265073
13496597455507238554,1606320670034292061,4452322203213703839,17778681128343990482,12563104111154916156,2141724618034591329,12787413415136983100,9030263587873694877,12302876152456983202,4539876555293705137,11143436526004924793,9324423814984040256,11063784065244321041,4155321283121615356,15891122948722344794,219123391930045530,2238119754614747384,4992164477997134847,4215031157960466296,10097187265040212643,3294955300824537945,3976535450591305700,17845546096293549743,14674288681481013779
17621125844518012588,3149302016307686794,382855097534760114,8201352710873767905,6230334458027487523,7977053490689173514,3965482861083790430,381079843445286176,13297273769642122180,5389857686567451835,17725338939483695253,7889591245266243676,4766570171654119629,1063464171242049111,12972737430367568511,8782668036173310626,5190435979521821740,6429717243977137154,3156852148804911123,15432026332529822384,5826830140468158548,18252585788255696436,12096336082850942145,8858653541552515876
8402102323737228529,8806881951943705714,17634536796549025581,9124332139669867382,8297104667530851666,14061574452267157198,653709609657415829,9838327922477461428,11707602142960125017,5043865167509667149,12185994257620572688,13760121567814240159,10992044206850800506,3335757531568734212,1997114477666376055,5972831175363824072,13749828077432881194,2613059509246359377,14778574231246575292,14646275535779651097,11597105096987382873,13205706471326923049,16585016650624412908,12244179424793344724
15587422499195334426,9046542867625558020,14704158874089603417,4710793180630786525,5702782715252250803,16143946406432045254,17581132076916363052,17289281622760361058,17484324174672117424,15712913842850348941,3007220628566811751,14786123960970201821,2946047620713381715,11305458123465779526,16396442118318406451,7232646602825311841,8966047446325333167,5944783604468374807,15847536807500768932,7180700900059474593,14849797255739729204,9008585068681644439,15431344593561945655,10845877776248721954
5865309290501218916,4155872571319090370,437215871523164995,11856247661347358809,12238610076028038390,8977935988854819806,13151889485274140328,3743484254257543591,12175762868491088929,1303153457711770378,3403050732625813570,954249665270816625,16291516266627810436,3932906698972683632,13251229928670364029,11522528899071375863,13100988625795804644,1844985691424122795,13059779593479910002,851349815856532129,15427615853492783106,8401283937278520273,2180075778957212936,17887673821823160902
2064170414210151253,12052537243740570794,11333755587747936438,1336967270237430546,6057068565058249151,12593544443636667554,8615995781678920180,11073825251524576680,11125411598914594492,9691235197462754812,12272876952336669846,5404910473563873600,15932370173915795951,4831488405211067856,10342313126882647634,9644955282601640939,15267449829561535042,12319528237194912857,8866552333878189612,12651663451870892727,15822998736533162617,7148414277144636617,1772646872318161287,10218270168256614138
3204850963656016599,5874452823515854820,11139085829535461070,14008520356742894456,18174469131052448597,11563351557305555989,15165400948590341442,16726964957051119470,17089390018046789485,11202043416511705763,12766566591473353423,11966754311345535474,10325329848237594965,11881357388640872135,463422046287472650,4222752018027016632,6250197426259141396,9502122220182881968,17107589359610139720,15697779809395895785,7123402905602133536,11792757735387167323,18217841776294585213,215760739452357133
14528382883780398231,4257321532355282102,10689582853109737916,12695780117405016578,3943313878328473264,12995948671204466263,1723752745478918935,11918280250637275767,5807723296919458378,7562665083048596662,17804122351207539480,10223823274361309642,13041157206233620987,15426852531788662321,13179260098885971721,15085309259709605795,8038930696042361495,8457106909489101598,2662424852493338958,4527625159061833621,1332203508092562174,17740070713090350786,4233265828958592625,10443504946042193760
11700704927359283601,17247852856754161536,586309046633855867,12826394340390123112,3750954215220867374,17520665254308567719,221687793851366877,14996511993424004021,10478511595750102875,2283390107446107495,13269279418814723004,5565596488073433604,5169106871173644505,4191464950832564004,10503963418337221302,7165656644539376216,10498478864401272124,11230876291305749443,10948595272365137597,12373397889653233328,9700127994806971619,7170500719543841592,13503770090443013687,7523399845701918359
16029944151760066942,8565093021626577395,14290827960035844838,13866275168625294932,5886130665681395818,6904488518865036061,320449365898643444,7953474287097072773,5634460641940405366,14494663529811863481,2977444550074833196,11101215145220195892,516612766646919638,3411672163942236195,13709661289612102948,17408137101686198868,16081111073424553571,9860127766760384450,17241219749269677779,13995768850111950888,17231967157060840786,5149585409740606924,4813137303015593223,999997305204996481
984705590068104485,9004279256263314593,5510421482833572625,10053404268639281060,12421829800405373477,14123714231413578179,498718641444540246,9397694626684434756,13413474705973769823,13317302867423905822,12539660711234583518,8623796759714042205,14200935097559604028,17602608464790601563,3867559074671498652,12065398193875111992,11787474676975876340,7954412655358187595,11331110523274353746,14521672750147476931,18342278001287734851,12307370107924719021,8829367329589834578,9477074458096009470
18101588873215265558,4140528340516104196,8786684162077794971,16254897282638410813,15249255027230023765,1019366306921107897,6848350340527335545,9044916217509202977,11602490497478493535,7667433131834319553,15377737805314615840,6662618031943277614,1626875818464545231,10182198567675696689,16640039313704908622,8223298846040718169,13834817645546154185,16787527774278338688,11135111631643794051,8040557381954654711,9328494163413726629,5858940492413877464,14311852343620359777,8481619335662123965
3323391506406349471,14430393047914628645,6376223786537425557,17946601745521081900,4760235099283409381,8977294508420870894,10024179083829960911,17505704409626596260,9643073065975774656,3022472748004477993,17317415954795599398,6296513878638960782,13755932324453562611,5708107201503829336,2417708724323095273,12386105662057492210,8353908722012018554,281382775146320134,10530212104155359758,17742747760860030252,7376421252486729869,2942346691784764359,8887247686700612445,9131889992548806089
13506669867612137516,18133720829326259669,3112229473192545690,17583655995642377837,10816345744493219170,11830398705597937288,15345849107953157724,13448001299607874126,1133233731544743368,14658818364045842727,1023775583369771935,11883675514755386625,17151921422154275111,3493188103454569155,9812430971103914733,11765960392193191244,8284642119616777247,10428532938512860399,13247329902181544832,11601028883604291119,13836470585779167403,17790728756746127914,16333822637789571032,3492607735175575601
15523335406236437984,15828502078871131482,1259705439992240141,10302780084464276351,12128678747044288274,14387750943840766154,13799012719311337164,5650916136933985535,776154911238020631,6056406714170199958,11208839168710510209,12839869345779472898,14855194245384270112,14749760737415037981,14496043506791927296,6815556390073700750,2341774080813952171,12933336235612743503,9834761541964113767,2966285674501193740,14468114286190381452,3225866590186480651,10245083348516501867,4413162560191719959
16317983067565741392,17102292849730114162,9053123629438244875,44885781228834462,2624786165370492646,14838098773519078095,12652149749882704650,17328228854271023855,18177821487530380861,7530430120589931934,14120192996194314044,13841926220456054788,15437777166037871689,9768197453865295847,10685266060373462746,5891281310805500363,17319683810523992115,13248684445334645771,3684118006770603131,9927646183699446549,6091561760700150116,6680488522141559996,12975872055845027688,7818441918913834436
6698738745971606459,12223688574811682869,9545341834888855794,17383481419997411907,11361405926580224970,16915383858814579232,4812159156777104403,10902148041325409788,17672933544668255090,949017938724489717,4985904226523148668,17594004400601274259,611928036787440311,8512978376340768888,14637034004308554217,3332306281691136023,12385730232253949671,15644954711276545590,5652169742795135308,7032310352761989186,7937130046518599769,17465497548873389900,10742567046913267622,15683708941125083509
12993867756249201139,3459766121892471822,16732203281308643065,7238549563611694049,2502177932195558298,5268419142703526906,9405322016108196506,9686915933665217482,1779744596372451915,16904955646701373344,13907330762747563349,2011118466309373016,2558302569489158137,10190459714899238302,13011144541041557295,7431369220939579884,11360192529222052496,11221081091487451852,16522081198873819344,2345456488362288742,10915933528745158303,296819225343031997,7149152701273398960,8588842128293416864
14533216460526090804,13480172792306778500,15356396228592334646,16077548441697532075,5288244932840005721,5791492931880528149,14010304138446614593,13389424013348670665,10327627371131129619,5975136275402076423,272549499185451761,3880578449623708542,10406463149902166250,8615598864398943159,12402176971550175451,10196490988423671714,6012301056500230130,6201782313003101004,7967184016530579243,12426603581120568404,7168158392605059331,10699904215954670339,4713030895764815975,1971581697225178325
14898374023053915073,1180533524365903124,8795404779785603304,4714763978491982307,1400543348310380901,18191031022926872793,5309082479746589805,11372838404939489746,11818816401808914291,10059485348315983275,16374732965005379586,7411473275819495420,8544946948447321393,13495402150803938089,14120474722704116644,11710550680389639926,17946470519358499300,5002448319004973793,8810981324172046196,9151802244797351533,15736639807470190795,7784803253846718610,13995149538138059761,7384416316593057421
6987124194837902700,1290202291389335740,15688592771554860444,12981173146272041774,2685437298755367046,14592932346414083276,1148505231539130656,4634343611323178805,6524428120707851213,2980081314150960565,11866141703767470567,6464223034360055316,3552829008764707906,12069943694506210560,8597711853934823658,3409287610844754287,11841573210824774577,4921291517981457505,7813806240288393924,8486343174931402534,10858895304316815093,10832324480252148729,5314248533569047599,14831401529723492706
16758181706067848228,936898646613072216,16873015307507218349,10635506895217444467,1119271479703264286,112520391253815381,8216035107040378769,5004655816767551769,15416460460460818484,16245533631301977573,13088266287922021189,2199243739442200961,8484591150854593587,12773682880161197778,4455464239340210111,178453184031446822,5845838899234339772,10021647462022013495,15174810059803079534,863499844211861869,8837360409641235373,5992369919271223761,8633491975192786994,9121771169200484965
7488045721137673948,10966960871877322495,17072288479778107255,4392512978327370769,1734124024707066343,5611056515047885590,15928395165180459348,627688127910207136,11067458125389273376,232958421489695166,5816432487570260876,2722661315120604910,7054438492973071281,14019164523013276593,4137983835209693551,1085186420856647257,9293720888989254925,14119353183049530427,15529864436200548630,564588371452074842,3977943967118549853,6434818195108688477,8981236888190078844,3341104706146767182
8490118799561061598,8625877710500318228,6913851921586649354,17980955753164990061,16896399141290462459,2217620099985641812,3012638782964598349,241682829206323213,8192548265420793976,3871755892459165497,10224867649571377428,9618660223028273400,10097114791916945822,15773291787667270757,4088939633229372372,12819063267212521604,16713716514430254121,5924922626718222090,7098213645787795757,6463014191157510365,16199643130155365955,13879159795266594405,8868929236973257334,2123614302009347700
8343263693423854940,8759308437735981424,16833190114858208762,13263375822692928010,16303487820478116314,15307261192056354407,14944110468879836123,7932378011066647141,17895682404756455938,389550026396567516,4094275512777225411,9064334903182443824,15442006172295003529,2311778962135169057,9235893972397519790,7396108135255423554,11527669726088947879,14862595900743578058,7008976994848878376,1896794928797894810,9426273052093776810,14418230376489805566,14628598561710101059,13753367822929071916
6877943044524183456,8610369466103688925,12958954171450550520,4105096707977165898,9752906298899479351,7588499602304788337,11652665884695565066,2556223783284432275,5895875511302932125,10291119144226724944,12799906262852173467,2945063483731760908,14123880845862177776,16868086549146711091,11094223044441133384,6153642692940475543,14685095186499959912,6085369960039471363,8287084364507567305,3241239244202570370,1833989294018492231,865770966177834873,5914029344757517213,10777171066683339759
18419279708992532365,15770111634199563857,14265828155839980092,10937764261306493128,14625684696188257886,5794915026608836022,4517024091374749839,4332355237955854974,900062148470247625,7012349773370238295,17903695062220712925,17693634251978909687,2157658408348728132,14211935928457236567,6583121031728239309,1675930605995124714,16356780943330760428,17600093879034972909,15593630164360897118,7776084421066696335,66984602881384979,5151403370972145788,12927819714131754390,3823472907846440897
5910786792790212334,11940185617178198610,15924374635825815040,3993551118283320804,17966339271592678896,13920820678086212924,10346194216847051566,16284109935765570231,5944951307912808636,18158254408085627126,15090683061820360258,6816581398460864689,13803812088691725159,5362291162181164854,15095458431261130945,3588240557444504616,13401056521486032181,18227393468813299733,13227978796890311683,623349267812773850,17006043889056329044,1853148958774632561,10215270942304417808,3404656155004450139
17890587098543125029,9173800200039385590,8691018004158765146,11899405294258162748,1165399225129824200,5633202162753392491,12398237669315787272,9785417596761209989,11983712254966424626,14757409073094834790,3579475136558388831,5163693134510875839,15454450433619806106,2716518249703031033,2298000060640034778,10104341023396295019,14070198086240750808,14186816490585645359,328970877201270454,16910554297452644072,9927630488845641457,15001752275575847348,9807328207036735826,10210205793547235983
2519214730297184241,3903054904014957979,6606676781239039621,4799319194447947031,4712431962406730227,16948480931098293710,15177403972961385886,7702919899907394505,6828314414162127272,7657927986465431407,5623122930156256732,11609744609910806345,7591725393185520372,10539020834540469747,2507245511819936767,10419885856083203554,9213223969514154321,8009534035468904921,1530976161564123533,15633742779426167257,9643333729489259442,1037686182686703291,2416815907749724350,13539875665787376214
113161200083878701,1835830092493527344,16653474540610011645,18417530652289657298,71152539687757823,12804418482883957673,3329807077594694132,13605849987242474171,11622201607878816460,7551715222440703013,2832088491929952063,3941918320541928185,1318661763431122863,9431337774386518238,14047277997769359566,4720117993034149803,2463190333172996090,4722414550292266852,7090748750097631872,14766221100959246672,4893452397779522944,17174640773174824006,3145579186336690495,10716205898967212064
2222390917498512562,3814535537331417143,8534835547570700999,10413901804835614330,12485791468370553632,7383958576231943502,5354532406441163631,6246526839508278933,9458318177587590131,9334848208598126381,6287242686575795701,14372253535617949469,6580270122662305272,14090755253216625245,4820614402387208839,9301819786325853360,7433837848575774726,7627647568531978059,9623186498521443365,3957850955264246904,2175299295805005126,2501206126163039927,6382844912428746726,6586542517219946057
15172758235532388929,7197625523651110158,17293259986434282433,7068808157774251325,1732629137293775291,5816563450488534929,6583225538905037553,5317624239889282556,5518314919058183405,14254066239948560433,9989553025737573452,363168449673877950,9183827630293478135,17139302962813926836,6650515464362418995,16461917423199896776,6237740136165678950,13192360887767262898,14698894305601146000,6273491447508332903,11164527150705363007,3924163199589425789,17503242622371254722,32356258249393962
7820168360010688088,912980983263747917,14056781581652398002,18164845809262313299,15950145688171923277,17160736183587875619,2063451791488282334,2206517317743296243,13954954657931669896,4738947467284003935,5982096010450981789,1446828347776060910,2688553399273731123,11597938574200023033,7457639876208833230,11416043412205012941,9162423709646921145,7738666649188687824,9503407360078197740,16952647297159495052,11610844774176979711,5899446581209871795,17809071917498489606,13201303008755096295
17148079249396531477,7771078412454575003,4311035772390873487,6204150200669713127,5206042009675068044,13938723952990840879,3426774954062763124,16918578685727543500,4542369337425533564,16287432123497696822,4958111079618482670,10361565209877380173,9316487787849412238,12184055999622242167,8422888912935941814,14225581698363922261,17895667856507557709,10361396338251993425,434646999763882526,9283492885138749749,1945327073942510226,9662335441702519237,8223436333507331634,16520010965448894430
15087584761725207998,12482236648936914276,15890233216122756845,4127369795396766998,553345604616134726,13696544631208831357,3409727158470020754,8515878615893450501,3011706999251020083,15153430199889484347,5757757150771793931,465644082397548348,11608579435035976006,7374098314311402701,15484695372751898481,4529298122661358110,17059529101433766107,66965195064041602,10145135836411482279,12275216569042506101,6037478396522552538,1604036604301359660,10799956729325164183,8412294663896825031
9033115806387367122,3255373320382972009,14366613866615984650,14224156387780785845,3224588671524848819,3171616673682421326,4290291587181863630,11883140452917568243,11074175091068338585,17126401877302021999,12777078735024121536,14697140455594098011,7155034418551955957,7795012959703542959,454690099083814371,7478190596508385804,13968429931322126493,4837806950726072317,18391650757263181388,14687310399348129878,15079804352855920178,6593811998242032688,11561624899942472672,15434787439010053128
3980867850272716037,5748538545467221630,6169312590586439654,7587390000067053496,2451842875627001565,12662556372805929101,16003114291844152478,4809032137172466116,15175604089105842722,14110130585620738085,15715226253039584252,13542617604461110061,7159013931916310784,1328237534989432915,8592060703026712431,16741627738588802521,7931221626592523506,13762753626890050928,4462596197995008546,5211310677450734264,489532927165826188,15484776990394812312,6657109095851663444,13136994412181918068
7124491026971495674,6613178301559919716,13159306704970489943,7885184906026451228,4916519218167826260,10875482315617430383,518045758124235780,1821780256505058672,5459096088454069457,1606013939344693563,13490364380804722726,233750926602259785,12200025312206583140,9070021724142673582,18142536141863002285,11790527576808174291,15306947463616651717,12772170155193165946,10619044722982197939,3197514308597510504,17870092943090790986,759830766746796277,8238859711822392720,13728260543088506475
925584799872710600,17767827333853493096,2114157012206544672,10740802109621594561,12512170784706362796,9780871737473736013,11750617634042499433,15136907822790020070,4588879897390854382,9663693874457090310,1397877621255299897,15505686685867763493,13671470920405243914,10422257055118911055,14783047814445819036,1202537626540203783,4697168369332328245,10051164097327371582,11884062659968427437,1928597278087603254,3447848900939874642,15923635313083466492,2196641625838704128,11304781817458959730
6926024163112235484,12863484217103744597,17461366609996387951,10397732608929908583,7352447213920459802,17891904061662518989,12496032399906667099,6491378814306896278,16274322661406416634,3842146075166984781,6614613758967650087,1097056442884674822,9878161186815307616,14874193327771728021,10839563922640194746,16646788828842121270,8568119631095004257,14395292895906825171,7849880888561886394,14085054623590810797,5593476245488621733,10350393462696049489,5352422538644342009,14359263019504866395
16800300371855459529,6343754734183204047,13593090086484544695,9646990182718194893,7710043721281452756,8898526651896784161,16594850247284896111,13226552247978286888,9515517924263333298,8456185986461641946,8615124937328022083,14195161368399273086,13182918959122302340,15118519610404612051,2905852502302681503,3614325572514350531,4541540391211848941,15422355861040463146,79985035645903019,4333150719396257523,14334123797606868864,6723187243229437100,14269118350867604079,5121180202934624366
7070755767896589479,12505582619631872107,12334435452006463868,15382792474925539718,2325289062354795513,9659113762192472059,9872651963984048700,14336469893267680702,16208506980179859249,7264797782301830541,10865452418936088577,6448201556922977574,3416087869339199802,5063934692817415767,17323727782723507713,16074383851461901923,10000505217252224441,18318684631687159425,1443828244172264878,3167330252057110563,16940840431934062860,11523647206525363413,10391331650561227412,15362726404840736882
16818652273511519543,12451399126776970840,6637924835271964991,14459946516614828567,5075321805162242980,13879788849054980335,17920415715193262901,16481193576924558273,7666316032332576815,10045251402763490423,5263584006176788582,13527992380507080110,5710812529351281579,8905985771238620485,4842715192998503441,11783176039693444695,1017259334028030059,8944314099658821890,3334632167013033331,17362328173958171297,1435133492742344646,9547643298958235982,14513544161623410961,15423555347697495836
12488312742217412786,11223510539702174882,10647519648164078004,2158436115055230743,12616059850843920023,2582990085446803978,3540315849273270775,12496661802239438402,3440095005493066893,11978182969557239041,10831885506897986644,14831270365557783307,15713709710556017200,2321649336640351690,15570030837283415920,3131862083225429312,15186886558454587371,2556934652100663513,13719332819449568082,6191220135880127474,3941624150592760844,17524210614168332563,6899698811623444263,16414933864348705871
8976038601918155835,10143437272952245921,12830737157991273265,5674044344371643404,7714471959033020197,14704380947656673023,16030799273237605169,5977997008321446365,10279859071227786731,6039419846714402187,11688886172391834676,7916329013582195629,14813136376630179191,17818319846311754695,6686893451769183202,9590899998414351565,17926882355773144737,4858879094113667228,4576545638632564341,6984499034776686170,11018171314070511073,12848545638003871028,4350794749897039745,4778792993651244744
18231269671527539947,14125122396999627517,2438171968375390907,3007361418928697931,1741364738895397868,5625525534115234967,11421767667581468865,18383482086444406542,4669654069937771425,5758754648689659750,12087018234723197666,12673562215031018242,4578741625117459034,5193419467884234890,7419169446643182959,13860962777660674172,171383487286376193,11501877536589685067,3274096837209346639,4879899741454123385,2162045111342892547,3273141035016670226,6949562809437736790,7519628975833352243
3581950122860290544,10591965398599049059,1684612953203025058,5878445366043726822,16777996055357644144,6400491056178143220,10361829590419000084,15242261802213529329,2808579259545711061,9109659874475497115,7942700184306394208,4695294417954698795,6411578780011953924,3736452273545051227,9983182042538628060,3224975636692594403,6385700257029339034,12667102640500707551,3894144674094565307,8369269522610759131,13078920615059878255,6492167761521354017,10833952834707717801,17169130280327268819
3859328419998724270,11368837689264924507,6067619447412140800,6148729103483140920,7064419437015129830,14909634277258892125,14050948388713016396,11948326697588122682,15119600974017626455,1866915452772947233,1007285748661647076,9355572248161542572,17623669157551469083,15126414312420932135,6136786125613347857,12967428684641542751,2431444816547215149,8527459879489070133,5476013118940827307,15610732744443847670,4015731007993696180,4032869965805101285,5429421721374663085,13237655816008088885
14542837086825256982,18161231482927835069,2240955648872302020,14015156036200468179,11861707725306440939,9934853092231622575,14433143697731109858,6253906077834809903,1305045553492442608,14865957371409269139,18346177208887516592,12806591221813137146,4555355140424182878,18158924059583082473,11976667293387778260,237999157729425120,13405506261512554257,15794789792381352303,4504597483126984363,385538930926361102,16714209549688988018,1616882857278376779,13323314125649804576,6009323428697540467
6070880562459238341,3281539723045125338,13923686627394360284,14286887619787073177,14282917318133061251,15557825301506167730,12747803902593671726,13665098401082111164,1390624469858005153,13214920756134871595,5752137406529718239,9685667024091486928,18107148491111707405,3521084069615999203,3744771967654190337,14519244174129658306,6030136710496845955,12463378789404025102,13138888117352093733,16849374831102474787,6631390352993180933,7418014299348040811,2027893179130331197,10953725497209602145
16627116540135863896,7142394215527756879,14111342738641939851,4087866748521129345,13551388755095419940,9089010647029060529,10116235106840073534,4363161108496658618,14714744604029337934,18135596561102328404,9092634327711378569,11485203658256097379,9423718004141429890,5830790415241349740,12924247339343286909,14301962790246381896,13264285397286045586,4358045266130774098,3304648335607148279,2949556864412891654,9555071404492357157,11454964859315936527,10155751111144080796,9899567086746135816
7974226594442477958,10823663328833372352,17791980775156378506,76213881780356494,15845901776265480837,13443105134051439777,13554942834505339513,327241375974596299,16503117880189202695,13998834883091421620,7236791632034479486,14378242531179946278,17520986226052058750,6030030203126852301,4322596749037639353,1642425283651402901,9268243269436666329,501213665787174488,6430089643609231488,18274466909161503347,11968848986363083127,4062956898673277750,12301535309334701632,435863864705776550
7047939451438800101,13344476343747137086,6508843252262487716,3903423332743288408,7547260482679024316,4272271853979987771,7833585888518597010,14870989774821628074,9086160827940759602,4954187426153826695,2418295636646989210,11310729910663932811,5731697084184995075,4979518362738915864,5805022052858674787,4676496189079058651,3169023783301147405,10014340644929290260,2392365995965327301,3180205609959018974,3462509089186007266,2617158484356703624,12419568255736707760,6400729065295938078
7673920105212941407,8292945111351649310,1030126050833062020,13629943900122629023,7215943656349078809,15300830594775682115,8980977907234049226,6866728523699665864,10795465448507210253,13642000552324841533,13078745441206946284,13746461086114647099,715271734617276731,17820646773396861202,5525681790393556869,11642122553844379912,8515140458477352305,3306700452797090504,11142854090805474864,7575683448854375575,4915275318491178632,1324405941902742877,1604767782374278966,8465706108350490297
10384723178497268453,4352026405930630057,10991516602170169566,4673418711531871852,9250426179745610669,2199643690439694478,10403524821079198398,15634094177615656401,5589088573882860790,727293246144222974,2163744977179036020,16393963018742041597,8643967084072645204,5995601726762633251,4260708153978859948,9978152682277788999,15344569820776032995,14122931751269853775,18303187193074814704,3618934585492411459,355936954266629568,16681293093484702705,9330272546927955884,11383540011098905403
12665803145229613907,13039229972316127284,1701933198958164724,11924189040242777788,10478456073359245686,17502043312768066981,1010250108552386863,10271938120238336604,7019238007256795798,66585218608502704,7430286009980288370,17453811872122632246,5304446219271430568,12624463962386519939,5722489697963633953,12569857142905271942,709980250718127465,13124423705507818610,12864962925097897762,1263664665621769774,6892538160621037117,16713722773670667271,10170716211152454727,14720124552480824579
10251198774924430278,6682706791783608117,3190278606336420675,17297894108091956381,12933559744152151915,2878200913340348247,13628950292867956388,9193647435414050938,13330764805905140344,4598410657880355000,4448011699298095830,9091443525160489355,3738599967975827710,3264150843257933545,5877693233595696408,4460954004877697713,6796822037877065212,5096201173026306950,4600239227838999431,13503883562537074472,2611101337579227080,10205111254522459575,17823157005802353274,3694007272566394752
16858620592632680762,4670019298567806743,4260798017752399035,10523785636519387933,4728612327862682012,14479848282353885665,10708533428695003855,5388648502927556312,9476525433019565083,1823727535881163091,11232431010791319324,152299584936173425,6837826868269143566,6234538880587851860,10205569960216212468,8122337359267061440,2943830113171110826,8797224881841813085,2150251933313399006,16809549708546894785,1632355058163858301,2258850870880500630,16202947545043733490,13674644420190942465
17046719741013879896,2739487252362669540,2779210802453076296,17096955546253883711,9304855671915913809,18020436759763026704,11344083251757098291,9128595438305596722,5149327981609602119,4357899367655547845,1309671920937491176,7783863347497025101,6612668099116952602,2968769745462433168,16604014412322704208,13052183770645297309,18085372578763739182,15257825233801381538,4248963596452152887,8483019747905984861,4345247404449516024,17833898592045818138,7055002495550194884,3007728259141328629
7680354749571095140,5687981637280020956,16083605164722429882,12433392198324741193,14945105708128881193,5411700786384235623,12304301468078489649,7551106331894537950,10962616121284406908,10539539575798440442,12987468930325360842,4983017897876425162,13576460137038911572,5848286879317518517,7861537998701765817,11103140435325428098,10305455933305911718,5523900220436291400,1079319303090805589,17757020345017459840,11513446422060443001,10578508570642812498,10887966413055609010,3533492004298243568
16593847955964668220,9553343264238079853,4796054013927679484,9573593357099561671,9727022886379578932,11330362792698951840,1985761303069543932,10467117411624675243,3717776987237503420,9921617635018362118,2967265692149709768,8048689236800714370,14387190282296896916,10832297548914395093,13501931784117062236,2250778458843344462,17528689980882605195,11706503552755376911,6233665825314069879,7766321781122789191,2058251058162065945,6278783919483114568,7227777813450664968,13322681285314787349
17575150721599396569,3195459914781017048,3135639933988295005,15427887166903332411,1040939945787849749,5181901996116598682,219913028868241234,11234523656214474211,17965334666378628795,17717301530908808939,13900413241326993269,4293159960902164114,14651484069489683272,13249495407762574576,7677250554700084898,17395493834762743098,2975802223617195996,14469010815085639430,6977339047149234765,10920105403164158574,4084626104712891180,1032752382164586051,2062432481302571621,3168556010153324113
908334751739425394,11565249391148318642,918468814817804927,855046747991008107,8129073319801795777,4586391171446291471,10847956651712408861,291489370610037869,7190618895759156379,10609959908310279017,8959069459611931705,16910655779099325051,10562041962710886607,12390989484901288621,7464389045021363146,13818971486708442695,829820671554549644,816680040766847389,2292577218576067998,1676232818355622322,17985462718569418750,7321670414062279977,2039119639461413819,16105802270262386303
12189588063451357150,4420752837185489633,864564379500207468,3962188289031980431,4091415705709958301,11199618548909260935,711334876149428720,116991334486576557,13063461214347279423,16760351267761858524,11709555975897644557,10493226628610535319,11497293928255757821,8743381695226823469,15359956791772544167,16480074627149694806,14962803735339288235,14009255311225672792,8864614324109638601,11465015946875421848,5781557952552256135,16098290686211152395,206260404442100413,12724931957226292209
10342097416683392965,17598689387598721134,17411800964499831290,10970217064716786157,10071904210782327509,10384734576237079059,4860717824850006903,18084011876604762838,17448383709843460681,7458649506066915,7957681372873249554,17391536298370576923,6461226419263313172,15098429799114034090,12087267897205618266,6543226935200408649,6059866155393120611,12518961481525868200,6595131040008879062,12695064096857886650,9681324665398372148,12886708838765359383,136363400484351032,7182198549172881286
9683404076115112612,9777634187869131608,17523632399902782301,2163346066016262374,13158172014567703090,4624579972447927024,4277803728710505875,17875558372727340351,4704788265201692714,17418063295475372292,1348987697593920380,15751661983685852912,12831816516300145165,5705261845229602209,3810665568355495158,12661548700079601234,7273720486244367953,9842615029441606191,8547167677122984595,2833752178397256310,10476435335175427814,9399724191658368490,2069234939455460819,5255570553298110992
9066955990051309651,13343835916734823715,6696781501495260016,2779311899410160554,735737074329905495,17253348470486790063,6422045700693305867,10273982274285409130,6155454890033639016,3679337324487681732,17407579065307293127,4633078101821780886,13908355159318558254,2789432534450968607,13047868571246002144,6298530261744366273,6550512470627411423,2387877131858393206,8854278141730685093,16830345074844967503,16864757410322055301,13824380215784008275,16567498188109362907,1664421303491053174
11678116033108548053,15154800205481897766,4109711023201352086,4709519459774684679,15410870568518202962,12893600942304391121,15436248055755854779,3278927480722144686,7178770119435104711,577099766903174316,8741755791920311024,4044325815309024449,9766607359201815788,7523941903651841393,13165520278986789906,6905800947726516813,1504536161879023857,11720519829401271199,2950028773200103734,16945472375617390621,17891669933272545883,13846942156394275710,11072834946021254976,7564092370092491452
15146681466733685454,10935355486640587358,5882062920403120799,15486924681301473990,743644289376927524,7591522017130138638,16690355208034324824,3756608481175424563,8458199914406347398,11624587251945137622,3305825524285134675,11152398889159499400,10634410340406054534,15437369914711286084,10682109501627323144,1629660299260961969,14893223280853338998,3945103849683297338,3871608425744213045,5516875684919886031,1235786488283194883,9260542686677525305,1896532939317590673,12770965158847295186
3836615652228287428,13796007363350997163,14865852311685007602,15904163431216711356,14157042978697412012,16587536965743822950,16696606535942705590,17833196763933250897,1006549429740331650,7009687384634961453,13137604947484533533,15058107110501245356,15829386439473217057,13827304484573996112,15809144417676502696,889172970564026755,17101830880730708542,12627341893193640577,6939571807588304826,17826885445155347040,1367340967788806622,2304729768878385543,10364566936772777196,11431404209491399701
18162212573662003049,3937957921026163702,1414171171746216234,4582525016212260810,9882239272965339149,5257318980842328984,14812682357890924707,295046078817410874,7754129260317923969,9638770211232427495,4410378894003023703,13591398004952647174,14044542016697528939,8568369822109204831,2613558728532287563,3628732496337717690,16936123903160781536,3959535003761303874,13461208694157153007,16553206381867547002,4719321234520924995,8728476032720786735,3820434056438702550,5241899797725639705
17050615761696474546,13590706704313355260,12306747639908161789,11864067061646444298,14525178117662490893,10665252214931481805,3461500978983842402,40918157170725759,16700853781963046205,11753945358180669461,169801822837647162,4094165194377773237,17663711439754540894,9009818304991263341,15073559116876748901,2476430418044674775,2138815951879004537,12782496184589374370,13047651382542064933,2300992782165045954,10035269072202499074,13701961825642009367,5680476995277439790,4789542365545966950
5906883497579913404,8025008199727029274,16892712209214412423,3500333694725870908,8613122016862952267,3650165293574948863,15090899978841291319,3346836203515248906,8533776211287113925,15290721457886507878,9425581069482173984,13597153331712451352,4855975663537671308,6197477601601209961,3951700305273624301,7768259000223795719,13164156759143419936,2177723540335049472,12604247921217385282,7443487169054987897,7376976231700989470,18233861383456350332,55593862845044536,13459164600346550917
65472634726198294,17612728580160259996,10156730070303660485,2635121422943794886,9828120579515713899,16566701282618342430,18420348330167258220,9053182990048080960,11897062817159955865,1118207726292788268,2415353890196908302,15467315686915868934,6870096633143842743,2742980154716364382,7834340254021866273,12005476673252261333,9611972343000342257,17521150918935859352,340499251630399116,10456641568248802901,10692825665652594505,15527084928774807206,12233529726441381158,5856429219493868188
13563903924329032323,12248142484380540883,6937964246971132319,4072772652823255861,15817839542351160215,7042964639879020532,11488524592479951726,3752249460441840674,1872536819793510739,305646080735449047,11140364619029831452,1672688272356229289,8580866176011974577,11523023220298134362,15673006298178623416,4317405957346954793,15910171586751006833,14948954804989566145,13327879114663278336,13251244260756119986,7318582097068553493,14400580738802790275,7940088042819536651,4857024177693656673
8787497708451200628,4320642744792407884,11343563695651393666,8976602419931079749,16563678625495592908,17469395595483194373,14466269471812736871,17010458971745554600,15432114675793189189,14978624732813534510,5448774886913238929,8470958589853140923,4700837718047114593,3517752849758755630,14857828585341733687,14663698098305055923,17689584981924282950,15052150477946457511,13853219024327712892,10662633410538333840,9206809839936616190,765333018581186575,16493529404144660595,12425602570521807482
10820691828763047551,14039030750345357290,8311047475184646703,7633809181814940410,15175378322415048933,15534706725062732586,18401304274319326688,335862255800787231,3097360607093049634,13234953775142910226,11033835448825767889,12885980759352739866,16881543639479402520,6989390846928620007,5766761356928960531,88785340977388500,10500904116112680460,9333113783454858899,7777538679079355659,8221400221736932191,1454543310901299908,18206304283792153814,13854320272751807209,3456799613530958092
1288848432922582752,1947035863336851383,5978039211309738608,8805434805067244684,2820615472528594869,11166144551765008073,15578362687134050838,10204226203766297646,4701930216071571772,378339235759522289,9349135550730754079,10368917615836702998,4685293172775625482,6605641843885582284,10754186838767179233,16467116036011629766,2523143878463102200,12005314950667447818,9966111253108150468,9328041162519200169,11579615596799579531,11596123487475890398,315910312951986242,2987442503393783170
4106693949259574647,2418783135107071477,6920706483587549170,13579396443763686151,9548670025278031692,2405097776196815905,10055440651085361642,16364842567948362760,10115237957103803501,704351991796651972,17697927205162748325,3734577598268301715,8936717725995614090,7198444404567086547,16710145155721010490,6440026056723029364,6905967540362977263,11965326753087699518,17047717375183912963,9149449520131668641,13942674146486474191,7808751271090978902,16887526302614721089,5731196498657886317
9588565718735650321,13354444813498529491,14093765640412036567,10971141290552836057,15229458992463231447,7350679408941763056,14801767351379515858,445349885424612438,15123836019474133935,11897457593952040242,4348610351978842848,17288295062700145202,2521525196804278923,822718094191595702,3789798745258810016,12732618610719475391,8336744325614831969,6583086616518593499,11431365871427983464,11661313554410994928,5900429622340690900,8966647627522175683,186440787710013232,9624338499249197837
12097373507502663671,13021627879795428587,13515557782130271499,13924248834644572454,12270110195744630104,5833434043955768773,9834377758069094215,3508615811465899990,8292260634781835356,1289449703437743700,13308338511695949725,9418524268848701064,3330149276765161396,17708984502776966861,10174870312643930655,13184489578894595663,6456261421310594706,10999808874950205759,8569956775067807198,9471498593580215357,3244592842246539571,2474936179440059468,4294341148235029953,8853547889653403718
6360970067610121637,18199287646490231222,3675066985972928157,6396316940053531265,15801010466727154923,8232171617864567450,8837906687982057055,18088205067206909619,16038910626100232060,10865349063556130724,10940854517353367865,16588225157620517559,1925157031106428390,15235517751872223891,8755164693028584064,8806773752618198071,11940479186849979272,1182325879045460604,12336464087355426079,5690800283866992212,8584374752743757774,1128955299121430524,7913987481248614238,8460332653147956258
1479552893200501967,12860276868486184405,9656952328980509296,445550076683897329,3656834209789356257,12759833147652902351,7569108085877902314,7084190068530769347,13228504771491379940,3338189521896431085,9317852190537943649,5041550119627141865,8666660979163734853,8859769776151754421,10171970011484290608,13316471754428537862,8984699967438226146,11528585975161592104,14549280010004432990,16261415352480875163,11032296456047670416,3234231433642374781,2396865443880553173,14947599438127839608
15922509222682922193,14816437107083577130,674188136236999388,14932026633238322560,11804035546775975650,4865997918536128130,7845178037360755137,6021651507241623776,17196000734354054425,12737000736267224394,9093198467687159323,3068559960112843877,13127491467729891999,9302894873940587346,3163808726374732334,10976436901500942455,14293066410651397759,16711669077849270979,14272470811752559061,14331737385905852488,3585182075414917392,5103578890627281765,5103440286393670187,13861000979325545750
8460272073708667795,10241460271285215840,14784392793046656915,13929026915624473710,16854524879765192126,7673043901368398712,18410730939023338120,4005484280056850006,11948911768786782918,15563831472578230745,16284060661839557886,11364666527270495586,4795178676545415198,9701514259445478625,2394101131353332017,11418114836036379317,1141321882150692976,12357471582103583248,7204653367836621397,16615540396048056523,12469456437755832886,486898814287334031,3930194838724315284,7254495813386689897
9422261800738505393,16455738703973300033,4274057519293424301,4121979499553600551,11408806882286161159,10794199779450002470,4818464560303427088,7641252390953578412,11144954778814330514,5662463123358848629,8926959866699052567,14801432805659095816,16664361170918915543,17651527060459368494,2356042116223571081,9376477402361016651,7088276967056080284,6962631963115200195,10567459888274709289,15344289949494064406,4024235510572996075,344163810930492727,8804233409299706915,8890903575853123967
13550207602128716202,7176565122227956088,7831267216467706261,6196612293885815319,10842556689031964470,16046396089135032178,9331732586669532372,1584619078198361711,3740483585334308561,7880634101585801134,7520550051390139490,16085755191059346207,13323683705549449699,6984304262620620905,16617853194835055391,18338138765849378355,5030432074004553339,15941436891240323429,16236965939613994510,8199105921366280243,17524765331599056564,15869781322559493346,15473310146715568025,1685461097813083874
7322850862502261324,9853622850053349959,6662574061766144048,1370668227802518341,174773655409451233,7917629343599332388,4609494080962298298,12699732030080993564,1693950018919055610,415356606787486583,4788321624809181514,2845590788802694415,6919712851223244217,9948768157130457582,10631174350566330320,11484326283261287838,10538045834729747,13036652807536537780,3093007611740983694,13389061808213552027,8345460414146441484,7676493197532571083,16154850598681944440,2324016438676561166
12997229506726427912,4600913916346483555,8530018195270627659,3580213829767369968,5904928778759305130,10575432369277871224,12560292968296682398,6186785701141261065,4929045769698212565,7623459417922632778,12765977141696697943,14191291449381784994,14936609558495485702,2029305740390547323,515063295335699918,17156750093826085414,13557386077894749467,6268192241794850668,11744533850708421244,9107788675668556626,9391440033123207146,5676974755800491375,4878067549057916333,17397430037692846411
13689461399953727077,18246510395699951090,17860346639791178672,17338621552271494653,15841996704538453854,11695673473143577073,7896463922837371090,2596597482187924432,6158251578251292790,1674760359072190378,11934744999412171759,1419691197158929911,14777358740669305670,13820594596888127047,12142584613868647892,9563005111610307945,7276141126250618147,7472966587819684790,1564043113684504329,16244172427541193987,4160830380354000531,16283934490201604124,7599324467797108028,5196643377413633076
14956280520824750925,9267570799480642890,12139134420247747198,14934504683666181609,3193508239432114425,17408747440324953266,17294211516296331747,8296352960846383575,8975665010678020706,13514731672136745441,11615942837081600987,14518117434130659033,12893727639615137358,8196945379513653007,17732873122896530870,10790976946990261567,9880508811869983966,9216496968156223381,11880777169729389684,9580156596881406980,1084602509724975658,4364708228947407170,11301826038727290075,5403241228116957350
5281075121531302033,16428593114333038213,13388878218520721320,13652971768728894455,11594259331975253237,8125558854240018559,17544069857688965234,10038856664791626746,14872062551951812116,8399616660098759238,505929255449158797,11022094979684467927,17555645023494467504,8997762692624889362,4790871142792141417,6238290547647350474,18210004118925355382,17328315210815160572,8229390106949310602,12162904012441623174,9449930670814234539,3798419421890821164,17985747044298338010,5667107709030293266
10496922386060709398,17889502636154776462,17308930265399964187,5118634645789582360,11413770323479694259,16349427056955878974,5784283081911587935,8822411879135816428,16088136499761760647,5500735914176046431,15606283230641188097,7838300615538388567,6550913442871479829,5954662462152193031,958729461224563423,7002224610320636285,1815731805686554566,13374858131211340660,16065758640053024942,783061832916266369,4156887636557754243,7732914510122663766,10645431628110517268,16196674997131717297
16183635878000390566,8220679305760940595,17632413126739990282,10852709878158417769,711610690038824267,9395160146708295176,18259919066553695708,8602105727839384444,13232654399447650542,8597935251419817628,8420452567974185565,2780221012702686604,17780552169510342982,13095215377926459788,8317179172911295417,13049564605014608613,12827677716134052061,12767370559244173042,18218097113113673859,13868460996458840086,9170095229619748949,5196599264701118988,7807351852337561390,3785300662229498170
3349299386216263047,6789121704174846604,11352549620050243457,3183105918566322859,13644492566231556850,4965910076641251880,13645965071667204040,5850777822060421384,10620033574724750442,256436810021909681,7395041451169441535,11652727082204242509,12545294697350114427,16713574985430621204,8657084772012620466,15077486449601118086,9503623815601951368,13134463111253531103,2120021381642024446,7169962983029373098,8221904333618567508,13257261005690169737,16146675589407527026,7285872167930400734
12839819055411572581,10203782429565333587,5784900882453278921,15897890731051832148,15941268143637712519,1073208189444505515,7927344073199193485,16730765140024629017,10669806682167390916,13481523439279658923,11290756529996188392,15602612699480783980,11623956445308336106,13066900831524002613,4648952436830584166,15143167976505041618,15002964199725741631,8492971673624496694,14707099025591892679,12062301213900437036,13573693171715496858,6173312479402745116,8576481329859633891,12430494070506110782
8165115815028043963,14057059453878760098,10138539783682072635,1941857524044027041,8851071283917259328,10013604636320908745,16415946686338278877,627757362743703729,4828188536368129601,1854818693663637172,997142443415390427,18167986851997703090,8150445119269000369,12234209429380942604,8503856928496126434,7099094950096265909,17387999560260175126,6705569074076521419,15835011928610506769,2866643217417587659,1337240140175194474,9050444418951414288,10638169626592314500,958403464898576280
9715051072439958188,17380324139802231692,13308832008892359499,16963520158801345766,16818886859572692149,1966425832182503515,13172970529034426796,10469447095527320591,9924838512523655963,10569495080629285700,14900175111080820237,12114800312624002169,8786327320574543884,7461011262944418100,1306092337927446411,15881818250174673590,614089442832687165,6222732733241904274,11103204750248010430,5351202410377229698,4298457051950507539,8669659385487903509,16659928976799487837,15363830351336676057
10858132435564569864,12859633659439305197,10013871880777453094,9211935966203472661,17270187167719864643,18395275815153203937,12182985982854608841,14102042358944336282,3360552281977232431,7401886920396854677,1974295191581900847,16695526320363401238,7546876318882846869,11714595718061144586,13352914992790168487,4690300669408134503,12318012979834439576,13641328309726284341,12772992005484186819,5855138199075245726,3275045669364181112,9768075396489656326,6445999538070124189,18153807801351515337
16537796234474411132,14817579976755240280,17689622106217569657,16071518564450453686,11911143821901738507,18132012722694161354,5878148334541446531,3872172814197045772,13151564001467570699,4922114822448791226,8261411886352298064,8343298748069587473,17590464960104466508,9621930033327686134,7355456798531391386,1790118756410456399,2617215497397241049,7287752846585225877,8393514458513052383,9077210118320516493,14753288313158793768,12946966814059840225,9147852174085513579,16169777050964940551
7109786166822754840,2902162827376733470,8801924890775537161,16264747808966258256,13736487244465675813,9227072409924146704,7457571184082137333,2229822524742572118,10591085971453631444,14701104529440114495,8538617122736880059,2273345343861452541,18138765620382708228,4365576878343067084,16059757495934438972,17265843440966527092,12546188565338677520,6670908488932930848,2731481128184749507,16670198052415079495,5431251825062322265,5591556043090681320,1951865669313222809,10913915826366614584
17947676058265461003,11016220239469493033,11919678807821233485,1373893605265758390,3871753481112557983,2122218701859553091,10056787504328351044,17877587923700313000,8296216613526019280,13367209651017828049,7094195714795040244,15128994780014724978,17311767506604388969,8918205170593563830,6245667798083565743,8962936334075146955,7655281836360417212,5183788930509020005,1708419137115286026,1219329287486531080,81612064344992459,10514408554531823006,4011023924123341828,4989062296450994351
15058843823846715677,6669788836802882073,1895354185327884326,17607488558090589222,10516172698804045769,15606115590091584803,686292045910531288,18147014073918271794,6150836799289377330,5163559755044583832,13824048267447742315,5951436187375855263,11258966430407346305,14616944081975450211,1138595165930282076,14043828195614810121,8080925849234124666,15665584252348148416,9340525692951559089,8308640358238773614,5012375872284981064,3332782379606065643,7839618480774574105,4025759445005964381
13056508042002666006,18409391683562844073,17916053237537907827,8634307827260024992,6523600237228952321,11901126312201095356,5010251785004342816,8454596247001222690,7439648532513268009,1226155195157077188,13389091064212765390,17729647311506986890,13094648173840186077,13504021757244912899,145645732258316090,14551870821632634684,3258366033931402152,2117385133975676378,5705880546936326796,10796488782466588637,7672232245678873710,9643844647587839114,5201350640942702377,3998667490909393085
4974014466582116880,1725730024635652219,12396804851266540779,7165347873691666925,9145676371150213561,10844399045704690868,18286156429766635465,7549600755829801063,18414571222332284608,4851003605576090469,8914806432628313501,1013946712418378422,11115471616883260302,9412356475984129559,430943076232715032,18343342220787593890,13602329014835378323,8583965973751553057,4092442875011252551,4064804923010921109,4608658777438378790,10660718303505310194,2748872183360485770,14042655698363307201
3841997104020155558,9282203950801981247,3461013281605295431,6921715070140045598,1402429632722934295,15941231453001964128,18057988987268861421,10735252107261082722,12484220780057603333,978485052616040541,2729089038972882263,2231014477830851919,5487243233317594366,11653969539608587176,15201725831380987224,5899462079264770417,11466935554800370667,7076410368369893523,11595590629046175929,3697212386562022739,3274803356209211262,14097202644370079474,4306732646155598635,2466370532464841361
12017949606831993618,17160054647482487579,12798162990397203442,11842273700938175886,14479094888995311162,1819851436254962686,17148333020131216308,6799814033119885415,13174702960632496108,7616505279938821008,5724987743421449572,11044101490404885499,2528042316357400802,1514702698481840763,13908520415553167982,431257627336783195,12196554983154995524,826191774072602011,12315866329370856946,11428668299599297761,12169237241866814829,8258786204716218102,6320633727382131986,2609458016782993425
6520977632223744595,10854414354763239925,14244655221968488752,12925770219309482171,13370164297133940169,16638127975174769459,4839067726847009556,9729525883635088733,100231322909455720,9884792999441112152,5527648100206795239,7751955080116618111,16751233272511497376,12155664818871274049,1873324754310556193,4347205973141351758,11433940975694784552,3825748868273596294,7212606567143079483,6019832936459965273,13642859641337364892,10893184427169187636,17660438998686920235,5880000425358807504
7553334087642019202,15376210362044853864,14614674293252524866,12598881709642913323,5107516665181933101,2998039761669225136,10715341189140979530,4851495989963677414,1976341019027156147,2426020662654574675,9690778548688167595,4801118504867226301,16336701481108545556,6656060866263748598,3143626392418556231,8447052293838778142,18066412733286108564,5608149953545230510,17442165864569315156,8558905403518442463,1994871100036671182,16571225927326787983,6783704042684923497,7906437428259813932
18278589202084042998,7317622623418496626,13652066543338586769,6488673814648790007,13743386887981575204,11031756625013160886,3257900333013117708,5938146388068718977,12713435252058854710,17150740988872674318,12651849844880546779,1504463037190416348,14818823867895898114,2244806853572121138,9303086322226062664,13458336493325009745,5453293656858387520,7562878160114402856,1689887440604996248,8281917184982096997,12511040947904462460,6062813298001201523,9729634248981465526,17914057572543034236
10728814622530331959,11096493582608914211,1767732592932191807,9887228640491679896,16212879432219378804,13525999304170438997,12635630671573692818,4413158354418607115,13292566524381799599,3332110120282081921,15151758070042937475,5249345461042858127,3889984046184837305,11178521425201776268,6148671807476587644,6157149758876595109,3175144490870126519,18274069134115545122,10502300002316717542,16556876231624321252,10157682510965073601,11868178232575092411,1899622438743765461,8004648109219037539
10874417103196746101,6103384673870985235,5372683158496166648,1868373889434737717,13921241921378903618,7010929468768547154,16278761535069812990,149891180832843723,15657997510485995637,1016273411262103243,16963306503395569411,902972257383397620,3397620966786717419,5814287569211700023,12855465557307804594,14792797175105629435,9118900220378738331,10692519189706453721,2344901943610828052,7872820583132653080,14968997439612605623,18068266052358400230,12741786750159825108,2042192567900948408
695683314782182644,6653928104141998500,10018750543823797801,8434634932659888353,14597592560237426753,15591061581583750970,3215436965474238459,17452397531298235806,17330556083840613016,5008812596889929528,18191697097844367187,8428012990730857448,2505520436832226547,7287231547427870374,5022299140369667307,11681111480124998959,15767015889164898427,9487838306448842632,15522719482884860714,15126544122653743493,3296545716229896276,12898991694166886112,358825574329688,4384317504298694873
1548255102060308333,6703839968570004466,18090779186751478442,1822506715166489143,15010738792758771624,6804985149917406450,420960829461309650,9268422235311466912,3680239361819204965,10220479509048245499,8500460381983960833,5379646567012444955,1179915436695245229,14064500098279251814,1218453275281005096,10524258119156118191,9336288656252901702,14762974025709816698,15762965453289269717,12123224737905977252,17038249875471987810,4737562512973769115,8647442479192835139,3512800543135356768
1160589738654887603,8680592059538791177,10430610010973535331,12192018400350480873,9733527085157781169,17724448673302163513,18364402945066819293,17427300173918226804,10950280878812972247,14788708558537840585,14189595948587809399,7479282565890650897,5080881407177684591,1450426025601045312,17325047090250836419,10396149663258437656,4704201231029839473,15091425176549206105,3258333722597483527,5145821088282079039,17003091142636273965,17988291701626541961,11238973796859881814,14176917613451038514
17976492766800393750,15624728116540521090,13471267395813967595,924653331025305474,7065672197880966911,11681331737748072319,17560718201991881200,2488428059570463609,11430100368789673677,188513585682549158,5089371366033860795,13726423765517084608,907201663260500893,2895089908907841985,8826374316364653057,12102388064373506973,7092255274317223352,6089128301999926177,3270503782296515784,4174142631831501447,5745308653516150924,1718937447504658592,10168623429727110461,8994573098453703589
1564328185909221757,15000105842161063167,3913865365858647127,13875882633118551574,12533607502927984583,2431698293800523229,448000974874936709,7239075673437121076,2770376782817172980,16782359644053163620,6104809872641116419,6353627074472269072,13827151716364897673,8237735710273636570,14933084122274062248,10581056634071714308,595747048221117113,2340138297770312436,3249231263083874362,12263855408646566344,17887639812587783739,13234383642399340163,9626948162162554074,11492918758631376174
12944393810579827551,2431112309723662014,11553036386076540540,8164549770282580171,6772616937327602686,1340286835658319723,10639390991789202019,5929865343357085481,1913776735793712573,36836339910359601,3499689874887402824,3977119110660781865,1847698083521358519,3070516228886496922,17869255870016992950,2027314677547798972,13924273805811032792,11133220793421924180,6202460753290016218,1282170787731723234,16923770910728397107,15923485076796504684,3153044282357747069,9087056018582110929
2432280080667186993,8747862465667425650,15225313094108183514,16237532279014535196,3857329252338916651,12305816857977042523,14969910882977099557,7203323363382275225,18114507826234930958,11035901651878383254,11768443672864885316,9790986903275323665,1823934678617105003,14016423700796945752,14085465033581436186,11128686524107673898,8627959074765163995,15297915191156356985,5687880066315198549,16236294273681414861,559671958334990296,6043007560662615216,14025176370847427337,16272654356626221501
3127210903077635801,12099836895078379664,3484935814211687392,13493966736646953864,16497837070595451036,10208685626342496019,16051754152077440981,18257031667879251085,11854613139570678583,14621458488175875778,4062283191966815635,205524752036142568,6166445199703402873,11525598501303753850,1433091041900227203,15207764223726495057,17582719125352969273,15078235225082096604,17597324623640166674,6769318562034932857,4535735343376198474,12400022746524230625,7635163549498767550,7855306311814294951
16970513228966668411,11110373151468917860,11014312540170492823,12423738044023544459,10916021309458879351,16805302522508424851,11415300612595203028,13229735243541716291,12875116064165674921,9595971194754788706,17992194582096785019,536127693644569112,10065515846196218710,18360093437414810011,1775749757015542244,17570656113992024105,4078482008530080537,10444739218669577300,11406507993002933534,7160286596244537817,17627764535166912674,13429976541164996452,16309241882995449057,8138405043891665418
12897215285921122058,6651005388887782900,9682185810505559879,1946241880712374925,10325158566668777155,1765979733112210789,2029055684544008850,9858799902585522911,12313681406020061310,6457170141754769619,13373475997362675361,1227736304142200190,16234736962366401158,7449457004701317549,4554980942866117570,14381477451848356543,6293690194633294754,3402351310703416383,17484814302588787374,13418156058787703362,3412411854873086008,5857076502699468714,8659895082600524446,14559155927349111516
15050420347987796283,11509878609370886170,6432991767091834187,11601533812561601648,386600392080382623,7162305400805195713,9086974567820773023,8124895209415313670,5523071362586772295,8880164415050867066,5865394175168121609,12338518847262600156,11676439915241382108,13612054390251980097,10959098548627184854,10780153321618245921,13156903907887616977,11663165482430286073,5914512146181308622,1309298943560110305,7892460282857170489,924369843420141311,12916428742978451485,9446808814255107905
15016996577694268985,17206253104547724801,4459443016238305469,15038916785443678774,2807337988783349764,16892766704439924745,2707446634976759693,1449793482537940596,16897987242187162027,14537806660921410948,4828861534572435863,14706863940966509936,8590854322753479958,10789349986235695097,11883387088268952721,10698065963227803442,8978398870477527973,6929192679823530048,16261528125866443882,11771640733468822024,3673427487056907086,2020851238498546679,6122320199791290200,1138434757796010610
13283195409860450969,17754133717259258294,18195994615747252025,2336988134794003338,8364021677582640681,15130478592142556500,7951058986415371623,3641197001480819220,9797021408065651712,6798259664115124825,15896360110097050597,15214932867467816859,17569986674994512345,428124711668219943,13945051032657369943,3766355023282244945,2474635787716813052,9828941587390739662,8820599422295771954,3501764083686085799,14860445746201052013,8944350602871596810,17317528826864175625,16726425451328318845
8524669714428607598,5085401236635199727,2510230262732164004,5727544167895223141,16035773522158131151,8116388034675058579,1501003450028245120,2546876598849477648,645985873212778059,7318173506793304321,9650055162944914469,3178685936073112735,5885213538427186806,3698361327873988245,5078794309711166355,11907999592891972345,17750374398206690801,13074070740815031996,7094993434799508346,954582584970757202,4635262213770767283,10694832912797765837,1059510282278347246,2203808077389184799
18276771824770823103,14698818098341755634,6720418756407625437,4652246261835517178,7042540298007737567,1083860447560046654,11211643977575927588,245252431648905636,1740094710695041806,15709424227169640812,16405209433297501381,17113257645377774028,7938789165909090396,10197333373123918556,173105506236015773,18314696208641009194,6114317056910701970,1833433212295844636,18416783047362297140,10472565883169156206,9132132651053157742,15606855657428407035,10636715588007765314,1008795242835092075
9792293380812728398,8217744439820430348,11735692059992261681,18422584710600273233,1440060841801429048,152430917387927354,5485497452285868734,9417352749008760580,11729568338580207363,15713398747952379865,8218734990488884289,17700523021842361975,10542583441345585774,14800397230976145002,2882922240678857839,11950009040862525917,10530484794578812719,16910615432092051108,18285689586929419663,14767979705464496850,6070338486464824524,7985992481937629259,7273306346358145386,17111226347145352648
3621386891195635433,6772133146472344528,17546391110624423491,4860267960903067510,11880845976653897187,2127330093363772098,8394138143415631821,377948217523981131,3958509981330142862,7880237437016562235,3597300013446393136,7068441864221594711,16029444923894969100,15754158629028914580,1784956851189326177,13490018273494917738,2776865383618850573,12351758016938079331,6577261564409933617,11056553284661984072,7991759817683280139,11369271323921655183,5099895872487149319,12207506051639466253
2046715413318606797,5279969761664231872,16567894139816057527,2710866707911487222,9104811553145955239,9440101761316207967,10374788117370141952,14369516882737012194,2357773578496185910,13867466123282157469,8280476421598399331,10429783894663214279,1213834965065069188,2032084279737262474,5117790650628143496,15532179476492080873,6309865667085407219,10557489655690791584,17794123663683794865,4286036472128146848,4722960536651301790,17109994004740116669,12654575096625186146,5009220357553708415
585256294831232513,2284910020850989950,14366076224405898309,9068096307973409353,15518082249500022309,10617647968509053206,3238891158998353689,14403482390508613156,8747240416224445881,7268177288877558678,11049927967060260228,16664385231422524157,14024054188552156899,9832398978489448642,15128120885084164825,5383596376912367941,16858084872382501959,4021246967543967131,16991294429992209404,6359102080160595524,9175658319866117067,11798906983875967121,5099497767431334260,2085082261167963493
4962614582402198137,12670956165512980097,14344440453726533350,9583751928481923193,241822838521906664,9046332191564898448,4596393407363002009,269155218571820565,10304925602161003163,16308243691311134618,8921045644134965060,4189778404840484127,6379252479781650081,5467242832802012107,18285544905265199373,8395782428954752358,1169488457003940200,14722790865153564852,11509079003190338339,15586908525651247413,2296760510309096805,10829259189877799067,2952183681340866437,14544830750426356464
4782647256494862023,5253691690651551482,10602040152132863956,16693598073188161626,11010698855786864565,17274248327220929661,18087236295256669592,13722716768976809996,1570865359085659553,4744540078362943969,5832258737130825863,2270437186316121950,9284823379216898279,3630810413916590683,617324568531753807,5978611426279125568,14751963732132649036,6633578367679694722,8723073447137551990,16729769089645790627,4654990927966358559,986816338164835767,15567316206039511722,7347200375634474382
4400583679420377006,1018166512580384949,17760441122304324766,15084829853745789193,9941150724584470974,6466315902041772209,1114207521099946429,5223261158327222404,16014750191333366635,8413907476507648203,8116438281243105493,5104752603406220235,13207772402744225529,694599221515824216,14245972705603089230,16626996975625475332,512435069508500332,8372254274241152158,17791815445176011081,876878654209881842,15656465589278309200,4111215523236949293,17016013810258941661,10589991382800756643
14530026003564420815,309948364110999780,11849145063132978190,16939201659376087824,10854153988542586903,17162066816293178434,5405663210003916231,2038698607797729440,14167689066530377455,12429548244700131761,10182109113897001762,13434759353168396354,17370969989602313554,14936767423055693292,6331376413111722004,16943967713374184436,3916868353539508565,358581511923041067,8061619410191554540,12681532085960627640,16678535967600937832,13923530364392089371,13640097466423507627,7910481284847274206
10840057482983632016,6498612286292483382,7651466913203304487,4782193405642008820,2588028079295839592,11686407356057539170,348388010876800533,11727554872182904694,9685096292548092942,15463261556952905932,3731804090753444227,7059698094664267095,6904588371995127759,17123798456637523472,4917890613254563698,8830879972824813261,2993912881217404689,13078667570404354126,15743383750992952329,12907308994843544641,4671927094023639269,13875432707274802614,755538494438899843,11255330997132171522
8752700616467488660,4013654950532031158,11565760838905197972,4235188357657875067,15945095018296715111,6898975914777305438,17635810553528524996,16633975259509196006,14550650752158689072,2179532734536693643,17218570433342065269,1067881880872573910,2304838530745024703,3067769306286803554,8605968734973663918,9766443933693386112,4745377433781843171,9861064791386911069,2558975795901222073,16029363733375092055,14835045123423618168,13980119526255765956,7471995329901609593,17872310168947590331
10861732255413157486,3466281809666196154,15441163831043186680,11104351486948131061,17064127387600381683,14971795690594332944,16768490355423090596,1344549572018801158,1300136086086076485,8165541523945017933,7319341124348382283,7321687526966726684,17015995735717103337,17936975554379880861,14052354863270873124,1822141799958748745,15948500832389577851,8538213492564646182,10677074291994042598,16964227635506813782,13326600929023857866,12597598591166694511,12144021411339464016,9621784116531184002
15066136067140204286,17877785091168621604,11570966277193058220,11508408121945076991,17664128363355387300,6285255665525790229,11838783130277484170,1329583607842462961,9495526177360507756,3441462951724629857,6879623684613383620,15519721017558999560,4708660302771646478,13523256816081248366,15184124723653071592,5709450942020893224,3207312575331389368,3429796720247061431,14904026155433666978,13215146517189919960,4765641431626952528,10263746934783111283,4424952851709413895,8908617510780348373
4098878640014805269,9804665034856152057,9683362103193486767,6871801939535094206,4654063287933053756,12131564021865546447,18276364136113299281,11891199704915971134,10042957329776945236,11644930811687733743,1779885213013890338,3161629895996724166,17123616131042695066,882256311359082297,14355085060962492177,13936710618983443475,11421413764887388059,11835525629881471911,15358068164031483524,10656394430233279235,17813889554663872157,6621264560422412815,16720097354071620948,17096669412828963399
8180625525071927729,6538854954760670833,6607626289729920448,18256103826794568034,6375788165245532574,10919827831059680797,12586437256636702610,11730963288225475803,7834389943571804567,15380402956860606142,17885730900697263759,15314315307777576227,400317385193551955,14898642795362888463,10012496687973511695,7516379918648132832,6269800189566098073,12644149822631999336,13568719085729121234,7642991026731417238,5217281050674792421,7586590900347674483,1553114697483500407,8742303707632571400
7813974408477334547,11455722300446943475,11327657116254843415,9102392253643992262,14307697251655350730,11269891994643972590,12200417424793348908,16844004218444080432,15089170055478134381,3703521685276987250,2065022240839726942,17830221717032180261,13764122414616535511,11763501123040910056,16350298840843001172,12336963135767381336,10684134397280978759,16734355507004185178,10148840432158331620,6170229347590201009,13210032018086947260,16429828220332444539,11825482361151422169,15307845029726906295
427316978026641884,8833326973629453416,12133068737099034272,16604243798485672665,5000731879711125308,13386476800263653853,12142155098551321473,2110179037712555606,1543776403594161131,11024787318450188437,4210005535830627992,2278153014256409421,7624076972454295505,10390763964928935825,781037841826057977,17113104902442856229,9186112558901725099,8838624691263925563,13988453105140046142,10400843888225137071,13167517902658232985,14359512440545145383,13734722441597842514,14093825072220198169
12953895236967296798,4330461750576103330,9348120476337638679,8029062567480005590,10898682792921373543,6505247899960611036,4302223559522016237,13125710266912540429,14241783297212717851,16178181901548869117,5080364246037325952,8590540460755917921,8685767735075354312,9135836233490831251,9970231207002151654,16440120915916409337,9155000051678461491,6631600523235184357,14813427133157438684,2704468712333288567,12928674029860940513,10262760001669195349,15869778025358779346,2116485355816463471
10106065067640589229,1232335007492642866,11217423982733213432,14076541338060302614,17802213865838609252,2436179654544610243,7421369477411821376,11714372447083149359,7185040644618152212,11037295723418907343,10472936625432924299,17495785977344670829,2845103058504400408,7517133352657838117,10969655691826676873,5586945519958813833,12936611438266965714,1375313442952960439,10068258274369935144,12024783558738552117,2639444277395609792,13268649922528435652,3937898421371619663,1273654323679761430
16005115978383898836,17993392507711217015,4236771375518964540,13132654918942964306,10161202284169863769,8314455547241806853,7262310220824032897,156558601429095770,7311291348127716873,8001752696688243263,11281841145485746818,220102029049511337,14169593584273278259,7162627095288710918,16935047135553481337,4977412570754166448,10664780961031892079,11547840883172397994,309887472969694105,16266505327098809254,4987199521705435355,3568571372416632028,5985218819806396985,66201311927187997
11411551052657858338,5204695527158915347,7839522534845301229,5033882337341271754,14540286646902193104,2633935468337987806,14578487366989021604,4678394611525239038,12313095599126625594,5291237844838711001,14992163778680749635,11470806226049906544,4801025623417565995,14511418977388650366,18259811463585660478,15622143512669381338,14912465225718398678,2751845960880675949,16928458380574013886,16676150549036420481,13228711291859317607,183883074715868267,3301490901649384843,7640806057585773406
3333811449332645484,4621536476793586615,10346839081809830360,12321389496199756757,13788129401212880785,8433337170343493525,17268301263255664134,15600613337054873290,2998478493225623227,6696883311595306662,8496924020880371491,3519871329450938919,14258445074172060573,5479449375960644222,12465157836571809327,4451508554980895751,12940563054878177675,15915855551020932326,12384129937659660053,17542370274192002646,18439656004020375972,7181634711752500388,958369392770083686,8354081268537064566
1431083371280760919,17798244647888388668,4334859615666308702,13677704534649577666,900858946455417589,1853859190097684053,9462456727426097316,8622874563466306238,3008166270377318181,12454388862787658897,10651513784116722194,5310180971513600461,3710889392541777655,17741382969867133321,9964383217632625754,16339097405390527018,13660972392317500921,387673479038653228,4991469998469105606,3597432607474936664,216749709040892588,15461744324510976295,15357646280249258628,17187482665425856795
10266351473489598890,13651603889752894949,3715286913898785410,9899840589297250161,8389285866467117433,9854991180065893949,13004741140220123179,6957379519248453692,9323403602224743700,8240160705728994558,18439620899951307368,15583369815901268989,8176504956698465213,7145273107170407812,9887358526379866168,9759284669109336078,14565484479716306296,17452970659066754312,7346629117084207210,14879764299266828452,7521719598618200562,1292997361354282139,4273324416916705509,3932121471926979042
15180078228860254282,3542986820153570849,12046275488462761845,1007615860792614014,7561502004499761656,9832478135939268622,17707539753505558111,13760696812491679752,6692059364342065675,11386736667279079263,16187552954394791154,8085474105442346840,8956794080352862137,17675511579165866904,7272808448205838767,8801672071092450741,9210945622635926531,3116912906920623420,17527355524597997859,9061142653997329377,14475774542426351755,15303898289605537476,8812046095333611341,1983622262426438560
12866495187313761633,6973305998910300363,11859372628513778570,3718504414247261629,7573600444112502742,10128688750876826793,18141626477068061099,10298708143344617967,7234095624443254482,4281294072583707015,16100281965016090960,2563211884173424328,17535520233562343993,1455408854015172135,10308683984729113732,5747904910626315181,6602319886020160576,5492364853320518793,8410305904162539162,863655960777451767,3138663993111261761,6714544610655998668,6786856130055788821,10459893337729001229
8474545878287888450,12641678104949658253,15338977789730115797,13208712028642161192,13030269555042374444,8197683497825140736,9460171337557068365,6362099194066756420,12449694023501014028,5577214216126499071,15582826145040992063,867242976914122553,16405506628970090892,3888689459910486756,4416981526152902046,18210694323692266385,17787218925848936779,15699010349423421389,520148168815954871,8153393472990434433,16964232957402439888,4320851136547647027,12967673866035958703,8164237447653704688
1541438489873942312,2913493787022103381,17993715275723504024,12542408215970513071,12497272619242633990,3039419750483219993,16673764629173459529,4215753147038013844,7390494956564486775,15315866663249482301,5818622823628297525,711411466517275661,15979294400934270262,16897033585931623191,15097627549058054051,6791401579170649971,13774850062804869368,2049010722322320192,5908472918126830505,16246761961441527237,16061154355896768323,12903694044213011442,18002571599254315626,966855811337052207
12575022004992321295,8177332696977659994,2714520059331648715,9719333493963198810,967740320502228214,12778060826924038786,5290712923072958595,17335665890297701057,10057593137619116040,6996836360900420417,10160142063044586084,12875370291515432242,2967847112767440464,394142278978349438,7568700730636690429,10782754056687545421,13198260421720324884,14979720624778268465,15394340568131062136,18374518537677466560,9099728596768525113,14780734386369664539,7315216369409189968,12435987426852753253
9496465164483083484,3966090329380559510,12501674769375191352,9460057925284782342,13111851264998887579,11943029468848952930,2354042099298158496,7203286655059192089,11187967059663623465,15680015135871767147,2449352337381164355,13405893689146507390,6423972289241224932,5751465808050713437,16924634848678505629,2596904949772296050,4222613368020186116,580357966773805742,9796376282392913839,7962089883150331468,1570327230441118905,372958907993596532,13737885159181039728,10664458658950407530
9145232471162801459,3508783033868046325,15106588842641843640,6583529658553668732,7487237797662811615,4860218994084087753,14599909880773616582,9196665625361955602,14735680519101345974,14501173351803125213,17904998564516975044,15619243572425734464,12786310061080996879,16315592260106138788,5590066985727964710,18075375406551499474,10578015693355936516,1005620953547648868,11457446291149252188,17725257144662174059,17886780959316974605,12046156381834979524,6929763930854612107,1465092940115730103
7369766839532414554,10596602169899074052,2421539068634868604,11850934194486279272,14783242293064575005,8083399038306503241,14960514390096738177,8112080854561649406,11404514916751476867,3596479531715425717,15346866057087574572,14432094539553935843,2393997604315909227,10498064508849903620,9787227513265673923,14502365580537802449,12649551009702598970,12500159772097517342,11814386590200758247,12288975430609470154,9636519990950024769,9103337465423158106,18278578870738800324,14139943885302064241
12775865434166808176,11526987411895857584,7551415115627741229,9455503018436658148,17984614276194053446,596882421874544257,9110465429902685689,1110450806177882856,181587018664779609,289431745482337355,9026521394452865698,11905693209429368782,4261305259657553751,7520177442352888881,9756406927840913943,1580286262075108541,9968120851826267859,9557784934543468297,4289823084445483478,13946247755327187795,6917614700018498716,13597297471410208586,6765126654050453749,17912715307837679800
11222717000904632504,4291534404566164523,9053556248874704960,8857575048279134412,13055460755526491665,12778099611827815412,10033226038611162143,8429326537304071412,5518146395301215898,2848631476232072678,13451473603186505741,10813576304522466019,1141770002962001385,5281452765998458564,3153953185816437808,11967449318539274294,13365095750674181860,15158267894640731439,6881500364234265158,15651196548286523478,11007244476065421949,1025899651758923401,16775098143130991529,14076668225929186039
7561806194142640048,13749310697149525189,8581155136131798450,11536102985908143781,8887571578080337211,2055980298550256059,8178178819211628657,7322626417198463134,12967663585146647989,15544581966823411717,16463596590310021577,16063551071069785121,926906704781068827,3991503829466129143,14303062000463635666,4949031703640413746,14750782800449649354,6188189513806699991,13805556707584511762,17284683810314564126,5732940543949310970,9729036797733753075,9214512022241302562,120689754822193419
4113671415756630268,294333542865356939,16569731367335963027,9294098678875313010,4487512967907184521,14665070985526117270,7929863921195417116,13607164458681126128,11290010279832510436,1046453023710881993,14228439718789536697,66977308855986353,9424372688910700882,5121466529833315857,15200812611825030054,15813954097955599211,4907473900289504624,616657803128460158,9745852286442595657,4326125672545407312,10002294740016888667,3282575960947671396,7687886357009541244,9774459961885348577
16562466657453769853,11162101707276528238,9758769083339937962,1387249285265746328,1011428686279200176,7120748087137478373,14288264341361288646,11634820469170442915,17714187811183038883,14396977542527165941,8077481776476023984,13638195000803801619,6661684912362369570,5666225670581178089,9702176192171718908,5121374741298395204,15983206805396416772,7231811940905298396,3518419008747510173,2047816148737511591,14376583937482774166,11997799448435943865,3516075010046063257,16227816708735902659
1372644672843609341,13465112378364504437,17059613919296907299,18413738037544560238,953851035018211981,15802370560493653496,17941199060966885792,17006700769227450259,5972185278922220334,17393832212117836315,11856721548136026018,4798590097218964287,998036787164460545,17587076125311412514,8957288220996297226,3420066037488552174,9095488315713285580,13538202018935378206,2525091496999095253,7695518573677517984,3648416870944507532,17795814751967026704,6085639898191082214,8927776969425459600
9763379265804407712,4093191868489632768,9398759717401071732,5679266479375185680,8582979398028496811,2150525855149505454,16135337321052267208,18156935715033138770,16909952190165661740,17930367927192836039,11035835145830395907,18434383516605508329,12811642492006118505,9207138798239246063,17699979643837149064,7507626176903536278,5894074764311912683,10036066621884178277,1027095059995615496,12346513557378324678,16286455970457225321,12006081474014580064,12077147170088870555,9423107076245704960
7151349370016336118,15038621223407767738,2934431297238942460,15772578081367233835,13381054442293825747,6589039573565305663,11372668460301519910,12101491057844712656,107374779359694242,1424547109458708779,2844175381304609688,7593768482000722078,6930336600817342780,5000610995519858794,1667777014258005912,5884287993446367390,5785424320340133540,16963932314710062294,17530759495158727722,10744085574821261004,1613441439068007041,11911051621017649411,8735465489446289995,4321370475813362577
14349133387129614482,14358990837226757824,8261545635903660289,7113799739009370070,14380172952696434045,11895033946971313984,10545249740844937397,11949027473919582777,13746271368215204689,13762038800738435528,2489478467500058696,15386670270817117498,2158763516886127432,8633801673575997076,13530967221887762505,12058105891789630561,16672691155236987853,12819919008270381471,7473994104325520509,6810170688359975227,6917937414089468561,5105278153177260431,4996561211905720911,11221225311806004396
9328789186751470041,18118337074224117395,15789259072333988792,16944628976913723759,7854388793927644668,8073483344814657246,16886992460057034171,8230526728632483542,14753807257273138717,14477249576735779672,11433960894643607961,12379203121991613403,13849610817296922768,11534981315788944330,11733604987560355543,1617561400496730848,15588262525396037014,3075088197950195520,1837151942472656759,3756086795266045446,7160937914630881887,14124461820548439288,8501708786801163494,13224803765054899583
14484524213269027592,12102015037874778844,2194337502591838725,12996137729107823353,2391446169798444986,14560140284815840751,1648930765599863121,82822276133611671,17026405142355614080,11863589244637901396,1662266492562775491,13392924031031440558,11274476590264949321,5306068872869706632,7966231151911868034,8825286277950307902,12610224715453874240,5007175320333144040,8112919268139591054,451876066073069029,4951545564860153832,3290129555093559721,1959411623094663867,8212518241940376526
18055250577212861144,2297524590762445834,550172443235285974,9341092475981827668,6554742009028805940,7000686085570914282,3976974870754129149,15461115314226075758,10735308078649866276,7709059245453943890,13711468901139196059,1415991179796419055,4122165559141271763,15133436994069162988,7151918389320975002,2078953000490471253,17895311901452332742,13874753530654800859,13163253092405798526,9602736684897034310,12659043977098576163,4538282032127440909,6738893192798778562,922410678145005064
3075713746299778966,14386528019338613506,13871132405888253533,12749368829409268236,13513280901708339240,3387267604355709801,3585979106139268042,17005170176772444268,5728607963593826316,3038364884302536571,10710655117466861072,6084547513336255877,10201819315261587449,6224355832854727893,9255484123660077726,1971908601105163914,12370971072243030808,13641312644842716922,15409977433912304994,5353944602576290756,2772099417323608440,7817637364913253587,18314597678639414200,17018067202461071108
14019978014795474729,14783347858090266717,14579517258263066117,12319407565249988829,194932624591096636,11304140640815968736,11856243141125847480,3863501313228403779,12001316502730694360,1988560690474692454,10967583793440013373,16923044645655246720,18386447736238488069,17054923028081577068,4869868169590600319,16388294064630080641,8119085517626814215,17480644779623722306,15513894293296697435,1420328916520774269,15595129246816401175,4386045967610795856,14449093304742461751,8354356622793463210
3118160317062382701,13862398471180125855,10390805916957635980,13191760297703376205,8908554140067395788,14350254588805800102,4237122504845477578,10700098713184480635,3060123035274442865,13334034592821091688,10609108479942982626,11478855943227627837,16501004720603227633,1772728346625870262,2913013839891335657,901607528281557977,2986783327990756854,4589557607418923740,11483443245941853994,858241013337320559,1863954232044847219,7962572137167820907,12033585189709020040,13353802526340492850
18163363056006664926,14724765134268887915,12877487674582540940,17543310977195937191,10605794540922175310,14563182611908275532,5841476470088952441,3934291039825068233,3581429983183445754,6629068529949299290,17973733042662362083,17657183992604274856,17389190561424173756,9418523881150062368,12849742470744091229,4063570364355232435,8152671129664790629,960493646521672222,3637826634358186923,4066601142678963956,6008891648448693617,13802859331457492884,14429919377363864447,630618448385485013
14799526888076031289,1733081569333077102,18099128686074294865,3586027828209456489,5415847539494982605,17444131195142006532,12711356859849206226,2349261086736168747,10054085824734812373,15761918832496613673,18363658174052167846,15931929810340397323,8458016038168610137,17795125142616594509,4378301737536709579,3568734304752350942,11046804972936369136,13667939079607202284,1706816943300408058,13184798822191451641,10331398368275971367,5431269373805591653,7216637544739685669,6655901058226427950
9547899002821919700,8840455508303976852,10918356023522435582,8479183781139162897,5490300004071379253,8857444837124835763,12458242715618812839,11088571325474461649,88332879612217425,2770866707956212910,9685469466562047501,11392610350013240729,16426501749978044182,13436488950697916730,1648676064798036022,10763819411246641413,11301643850923502960,979343579033764586,3234503844656657503,16347920417432846370,16970156438820930557,7728314068528899314,4676795895335181260,9105665608718091568
3969029954168934044,7170802967809983515,3333221846543934305,5880272249932807141,6174695168385104565,13714000992032418396,425321610881640110,10495351205286211766,7543062557000957598,8703773353059723471,6422648608752347904,7774354860739982295,11761453318123990720,9540393935156474985,8743358667142328918,16015942237479104283,7870452162091971045,2408686823220971312,8371399863671244519,1718564781377881548,10468887570874188070,3471270373823435591,14325222102824978995,11377960900963632264
11223592296045246214,10845845083143427,1136154663216844016,13731353671956327848,10411139959372219210,17447826298261711513,15080515339248056123,15251151205372616315,3142857150436037614,8248962031197311099,10433620564892426929,2914781953080889728,6832626507318063818,4607775474954918265,10072522003076959119,5982474406910609224,5662533451487808042,16349285095526690263,2517369537554660944,17736188649411372729,6712001503724606800,2249959040364632576,10962820434862550759,9911643816954965560
16098006889342454719,2978453239177094323,9626616571109738906,12306164056048783176,10949585085605560009,3475648071620268412,6067388773249683490,18424918755319829620,8122772424530167690,7615804973924441682,10522843565040111052,7609012722039992777,17698953480460419627,10328167023201691960,12492078206896048651,4688336811236129957,16863138560601512678,7855143431272296793,16892246021356653474,2496592792855675217,16116924478869578960,6852566860652210937,12927362287848544925,178191495549360222
11675964961789892693,551327264654043244,5880558167473421827,18315216936459329794,16662842703064625412,10803438352802214218,7136590744232363105,5139782954857086413,10769050716979732383,2331982854030454235,3625848461567195449,8902655030485534014,14145506807921199688,16160610802340587212,17940150702998570184,10875727698594855972,6519129327984976087,3465210785478423018,8460303629218856704,1120161776050967463,11282715445020922824,11999957879675426379,15400296801847855918,9592152245165150099
11224259112165774549,6082222762236001204,3322379542786023769,7107652208574811296,17714860737277545702,14472514338589819544,5933110531997543203,10761684498314455489,13730658997991474191,1804655217568633104,12708270795280055360,13758993410475052380,16938038171763288424,16308803909108525413,16250106202185381137,18370424194054814490,13300799353025975150,9340424495452791171,11752994607261143676,3230040150800767417,4858142119445834762,12650861489802942544,921561246838560406,2424749494588663578
7833124603682260840,14603661806409680934,17484941453621361131,7862520842889133952,8940407897801895816,17643542716330264369,14498440029106715682,7743000464216606691,3581199640698931966,12794877414113831572,5299874485700069830,14134178117879832864,5738202573959899439,17294356360303810022,3083016934204712846,17040573398348350468,13080031510501090471,11362505092589894237,3561377410400545347,11931849070139136841,11841078644547029024,18197947179735896765,4737366075452168623,14253963012773064054
11613371066382439841,6090679843265399342,13628278871722725396,6987726052616238017,16247771429914445685,10253695938528777748,13903896637673062959,8673260923880164190,17147081756612350457,1331095236392661852,6117387928902133075,6619569358282278477,4305673083523057580,10583581261277570812,376909958057853609,8740580423319295385,4594714630864526881,15299980999907164925,4561944879969629905,17821962637155095137,15195914686871356617,5625386757071289027,2552020693761299370,9482627561331363596
4996200243734740221,10287054009375457587,18248660025733499777,6323667909767421728,10086797599427709890,18291091549364815009,3193545549811904847,8837659028109062415,1587293022245778381,11320932866832700283,9302672000693371152,7031449873324635775,18041530941004901207,3399225349232419351,16030219877881384121,15133979524128676287,1102465237067990410,141772454870146294,17941470691816040043,8488098027487719971,11254978838328090187,3440450451046762909,10621890880834140768,10045099758528808798
4867152407453691032,10870272266819944422,4548794172123247199,15160719933614090536,5603542452474613908,13968746476126671873,12218550838505814756,8567163191666043096,257792384217081536,1798638344539555899,15077805234047664297,8327255256979123100,16988316712165498454,14159951720636723894,8959917498853093572,2284991372603137263,13938882629269456191,12677627224719216935,4869422888734460752,431890035151247889,14043318250353064502,14717833776378468713,12576109106139447609,2803221459232064730
109671726433674094,9420188693108323170,4888034880246888498,9548614077165575802,13477541963100385835,4672992143546439578,3793355592558292751,10843652759248427360,6913574191118449037,17466088370554435521,12555985759429653741,16754140675141338044,3654193053387058424,15645127085900891446,943348887031922523,10856674572179377127,16800905445041022928,1585429469380234552,1843068683139733856,5382583264715402675,8580561710839119505,14886250004102558868,530554218211754525,16148076949731472557
15644864170710545773,7019476810745553448,1175049228667588324,11289499340767240547,18121695094791084644,4425166571647454716,420570461228472312,14850113635908702766,10057953904039721463,15646506131819366622,9388880690482532483,3870998941355628558,17698369176620307232,17060004248286649434,2180855879030346035,6388980452974940815,3680845468983562047,11853596125983098515,2038698469499692843,1012735656844760661,11742965301548970099,7607878914442577209,12093218050333833963,4159016745615823308
17727314261695837712,7525482845501519314,18164191202386399208,15452047124410495846,7617462501667157567,14627277610539945512,16261114662598624055,17486903448100324687,7381706752970594558,5201806956972350396,16374446252447222023,11634252828699218389,8315871541935002384,12866658961733554192,5442740780215614855,13458418609480593362,17483943092831269867,15045491121060823815,9137079180435473020,17581451603455704364,12823459681303170880,13538244970204086821,7900965441501700462,11028035409566829076
3227792726893232855,7267216152998159885,3091312320932796823,14022317130583672129,11978606365431796355,4550311067415341563,7991126255740121765,7202429928106075569,383816812824013947,14972525899666020214,8729521434843826960,7682090372098435779,15453723485965580251,2116229025335000136,1449816819970687182,1002295886276078803,15704872535226519815,5058263476838061272,16504109334374350335,8776818809957804873,12477425873521878023,9211225493555273682,3024997767364532263,15136531663344395791
9907926713828297369,6356433847282134021,17237112359503299171,7113232611706350409,3947493490289431309,3025533198065955963,14930312978372416444,10296537894892952766,15795883028533643585,2771610989520778051,8643139891522193357,14138242987785362104,12249734484709314079,16734399678582453305,15648825464466780102,291349531372075096,12318034705955900736,7430596383783093741,13222293641264400856,15408670296126357786,11213227506153258458,17290911466840297626,6689712922027479890,475083785084039216
18198708900266501523,10418532943059370184,17202004345312910211,12606398998330207317,12300487176119005835,4451587640587291487,2120184279997793346,11841887296937887272,14425810302600995749,17144485843176100414,17636234293385724912,15306741275789587322,2605709458712013319,244260145534315136,13941686812774915178,8082350581457162463,16025451301303124,8886804994773206677,14314730090401287489,9215417549200207307,8148992904084554250,10975089295960248288,16926439106228574868,1449645500414641647
9020657457942392287,11207377504573985046,1943413462461073782,9900832633604949713,15973834216249212308,9717153100654661620,15306587314704560160,10246321788932593752,12717865219402607976,9515983697570757705,17764741726526379,12145667958146844829,8670036473956009686,1204368198990264609,14816973909267773865,4471870107463215898,8561310928924466457,772761394783410200,11746017919109903553,17572021022077765019,3208541184557623789,7872590946311413606,12643803070315014146,9042836991395011727
12688445090562373467,2754111367310894973,9363293251214419858,3987219016636935345,14242885230817868872,7388464520774543648,9770399322885294214,10590967186660957150,9141127678343297010,2813484552542547129,3556201110978363306,10986049433465719054,12083752184166234442,12328519098141073579,6250041527030703931,2962952439399777517,15852429334069629193,14374937264916087031,1012355874343793717,6981027427726174027,3179927048132873235,10108541898162080876,14134098194658817627,8366617620269856367
13937567622647174048,1727492626500658575,13890130403306593039,17889099939046489679,9278231174733324498,14321042008472907140,3643880122024463451,5379564229845689555,5085619555214550509,9680979641532371838,15313480282705846000,5274578757501906856,6315931199551387115,1833505753218743706,16201216563839148941,16494381043843767066,11358651880541595251,17447043217462044139,8002463210925606750,17162485422062180189,9443209446759520385,4204654297337391337,11949364193394847580,3610267135444208807
10890600805913713950,12732906300481358920,10716332361096916371,10920375093893906106,14972659232761766511,13131161934190978492,15865747795705771285,8082797553559746,6156438369699205231,9822140769554768979,962993248777818130,10643752414895248274,15512659473139651608,16979718077049856151,16384738153260837582,6475989194689419789,11562699422657897955,13645881564125220433,11481630785099755562,12142829502931565116,11549045260749219081,8105271674619785955,16231052732720972858,9461297094573942321
641040420462668956,9430640898318403928,5007580001823832465,1561845357268990415,10178230929590273606,4895791958099805332,9974036739227838234,1865973775321314246,12070152283951590983,4804184878640360974,8892287086628178717,17980462316872923131,1595134782802649938,7577163827651243239,4328948394359565663,15155153951681569920,8080419457007107671,14918302362346433564,11838217120530521160,3937638410724440425,17188589878901322153,15094929931520605428,16111858730423851315,9365960483792838047
18409718215135833880,389593022665367215,14587714056517380101,11917453582023261137,18116591212686231631,12195497124658342197,14216276622239488173,6496048597140024977,1159864723823757536,16594876606110402643,1577594960784299870,5819642681208350340,9694199104007170975,12830087970062827048,10359070884042494598,17063481515179125798,8854285874389848222,17095247111070090179,17611651655210464297,6922648912459363039,4458002324891623933,11166219547604746107,12524655836402231869,18408835462941122659
10392086515674169878,114368350872386665,14890337839893063884,6236353699883192190,6181076942750935533,857851554879815718,9536951990626136478,757154258113643688,4455816713804369614,13077588965333080330,3677704566815569539,12632463201500972195,17753647401669378099,9182564165373199215,298379404899131578,15026523958614911637,11293073082502795539,15815122185059659053,11930525802860046446,4211828445529303405,12396463471746385877,1298378518534049308,15686756179222019978,14288138354920190107
3337219855041722605,4869307460834654033,2401503172940014109,9571164545179610937,1847303627229176998,202285746013478681,17890404824865992282,16137688948910944989,13794417674634938589,5424697527658583520,2726188262848345733,6692829293680740253,3386357676270468443,427315166241308098,11053065266463876215,1087603000713793178,8910667681893167657,12273971948567443750,6730464058863950110,7961786760548257883,6326585763099678820,1977474689042412895,16283578576808266124,9809065641349421624
3632064219334527707,14737425997374225080,4973478412238443007,11988490827316630156,8342559549243760060,9100114555090964276,3964865567378646346,18301642352562647697,15103952668593823546,17961476505084290448,16265614191800778361,18102712850718542535,17506087890749641556,10852788257885696921,1120888087006062713,15755789629053969424,9431611924773591590,11270497339117556379,15379833487223861226,8677437598850014369,5864431971577391178,304793598065346035,2146330113679666608,16702850529270396376
6010866448235482573,16147829012701604959,13885466041574696168,1737695661368514024,9325464398640009374,5029899068897952547,7128063009447359790,16865231929334445431,16275236611192723395,12573617338475400708,17147172527462774146,7785607398740326773,658094041300184296,18149299312423789400,10729824115879276075,6659071597152605452,2773607293724029737,11215361995853359550,8387209337172220373,16880595639731742827,14706450887694786436,634488283074859402,18003711979556683936,5539203365590676665
11438999397571897149,7878680767982432865,6420479868934686099,3488236534924742751,14636638948371750489,8073841010693993332,14860860958261955223,12222190122592950436,12059803081783488626,5397851689801734127,441551532640384305,8781566826715265449,2727076821867908473,8797050361462798010,11058119849158295645,18037544388625424825,18038180783368498086,1632880020329026249,11917166037525561667,828728831899657928,4424739810442158021,8271213262701096539,16959057419256726285,6084802932113054054
14342807276434496539,7549843523515129114,6952810234188869835,6311619603082445206,64661190778438913,17031395404272733847,14641373902670968142,9185765761952725405,7428144114513820176,9820102141916384324,3217754212898874626,14704815500195508092,14211135195050858386,3627503280098109699,7630155355608705048,17951863858872066877,15270063499296025951,11870194692918626667,5426950250546968767,5007311936128825841,14663693572932336485,14219296234928761599,3038743355172567517,1431811962410483782
10319965192089624484,1201136703074153811,13839015925523089436,3647003036440284992,2946368079524120972,6731318302149212279,4207124087911562889,7346826492396383362,2309677991952662326,10803706443845021699,9716241133733046920,3753415220693330788,15917287659186535899,11552967276650931945,8124699619107202151,13975023097376125479,18203113502633995820,10064887519697548185,16443584635089223325,18069171602956446695,9016641369063951482,9463430761650340884,6892295191043350885,6914398048537402643
2032184259409819030,17480618975865867278,13672521644138201046,2412957403186917786,4970617762548499537,7677373243698543129,13215383606101317376,4500139704341980678,11211378535518239662,16777701378971442821,18061413409812481238,13102355843350887571,7257373402514347229,4905126816157832892,16345882244335396,8330717734706274381,54368712725422813,2397343658021140713,15707391528064707565,2024360220873684883,8596099031975488905,18365957494023450767,14240219426558034308,13281777746412000175
17932652843886699266,4739015243613435049,8534466847275300508,8182802554494500229,6974067150326882467,856529994084431511,2535654150483765889,11460290894157873842,14928510948608611764,12336281451296654714,16822021597661776761,14543784820774812150,2321806143912880483,11244343098639431827,16325000001897796526,8735413840081802250,3142432702242846623,16644802259878937113,16877257111011370140,11772450793443015254,9452105807953237114,7428649877177489476,15069793871375568498,11903977537044888097
10483898806703845510,1902290188761520626,16084087134268005005,3323284378718179126,10680179962449168539,4188457418879548139,12857533824162840487,458470518937484493,9882694493888584405,14422102467072817007,3639859059254287914,5331943861948551312,14564061307147708116,14297843018976656533,6552608874747638510,6931177725709145554,6195666764126120087,15360322813486009494,5449152075822671291,16236212921510363737,243079752930879816,4704043656540864403,17009272237055122583,1990290467470468501
4043936510162893322,5720458580194720278,11424359711371074002,1797787868242863978,12026415767387824467,6840117809114648070,8678173534094499978,9555017881052926176,18214549691374724820,7205202428458304247,11493415864344902620,17805193543742620572,5634622753399070300,14412328382465167670,1262498253148970624,594156191305605595,8696915202982228108,15321184074158988304,9861043732543106522,1124953092926947619,17998800076803602512,18065972382840098507,16384546856807892887,5931474242734333545
16919882585269117961,10205504636673192194,7199752534896186491,1400882062323066671,4333998972670201844,9583436354537402256,17945376206476217215,11509288630365283947,14183815581933669463,6857631024428654521,10422974460399918583,4310302135122602522,9271502535798737636,17011670552651958420,14735941107688894254,13857477193089446534,9641154837012335482,12144225461797229772,9821535039594106327,12401861537336170751,4201073253848445573,6406332188640941281,10503616453630774298,5623028825146882453
4596360198633639269,11569846182572359658,1107754039072550787,10694123062449070182,15420721196920328609,2361099050651556631,13158732177866791863,15882794407791499705,15110019443623998650,8272713696717370540,8810959191242593628,15955812215127630638,16393162906098743395,13993461760637404879,18095396282371633412,11998573259332870914,12505408251271797536,4824324752325872265,8657339621380855694,3825869484322749482,7574773085581681713,8855621259424142276,4999723533220111454,12120383889845158870
10848194099829692576,1158956177296794469,8410183686218210695,7846774120357545430,13514165885093317736,13571407759105317714,800883372837236582,10617019882685231044,17360385451163435802,3973212766154454702,7922021207388915086,1445226230650516346,2866875513785727509,14724717452388772786,6946796319849453167,5187895757918286998,16529738407385588033,12124693939475864639,11402630621913509760,14464954945115521549,8901319964633649343,5306242357350393378,12882723272433602847,3157849816501114289
14812697421994559369,12791916199041105861,12593859610376217751,4020444049888391509,17178600731190124076,3692708409788541652,18096622940063990832,13526943710287118639,2116660035072510921,10033485564235174126,13179250795800070638,9924363143218547457,3427944951177885127,6958969061257645393,12450160948082568792,4437307225662680497,15746962006670114461,7234713257296727786,4992025084635870439,16259744055631753902,3562429191059459939,1649452125622227498,18179458912803646322,10048965877414517337
4118699770557454706,15898024234120965631,13154275863890148754,7949998546354828033,2845166746243633765,1221946135274526301,17836577407642606010,7908392600866409709,8478866149566126297,14559878653690695539,17552952277062602945,2705378678844082689,17922469395891133972,14178812000611422816,5105444224635628069,10798113147524758451,7674207054091886181,2143617710280347309,7337807394369534474,8196240917525464763,1260905849618871780,13870796500328883286,9530588542313437482,4035335698402870318
4261237984429224559,2181120348278847663,16551741772754799786,16267189807175923165,15796205157021582129,2573692051984012803,14972174886446488169,16458519474107943189,11535754357061457501,10188019668505542737,17341015718352891396,6033583741722018121,12247258511680453565,8920410709695455631,3842640873265098732,681120934230849228,1579388721486963878,6519986624540741137,1388865743805076485,13874266303049863347,13348145807410405293,12756786749010057591,11155413864448070010,4287597946619189602
3406098488525055436,3802752537521755616,7480475134493203808,12762673437543154405,6752496052288371187,6699961238487325122,4946919491471597973,9425084702754020257,17697540088429726070,3714583582328912076,17430507145909886942,15924160370478390965,1321946966978839845,1569442682595835520,12783062880328333379,17613577042063478774,93358362484210994,10738958030105260478,11018184272214197591,5849640085991625442,6532819566735845797,1913682931625576687,8821986257282822734,15550919071328550998
1153974788879338560,13421194627908379662,13028431025337577815,7201734382258713440,16424786657438723337,2792368507272760623,2193550183401554879,18060504350355946315,5628081806446480526,3036393336777605280,13621894842540113328,13264660666394081204,5639030175524164198,3558349311376922957,5666181942244881538,10218404697730586329,298272819334774860,4452563386597986935,6900013821922502343,14773869744375440049,18295856634296046790,8229173229378750668,6838700054593865852,2147717958521217574
13485743963936087714,136304754418784376,16984992924073974799,12880061827276575360,16443374844700179209,14176911175125266765,5515009674182240455,4707247334856536587,7770927830440220195,9311667412010109914,389006117855580790,2244077366507499491,2722815081199305390,11323189951820785217,12762337080593692913,12981411780134417673,15053105500321767302,3565704575263458249,15319030148844005211,13608362321369730528,6543463042253582921,5848265471023393509,1069066986411332987,3490672904393986934
13662997099150635573,13092611445132213125,8565127528170789948,5696343681336640362,1506242811719347358,2389163629850637654,14882219279320333302,5120656956497225197,14392950023510333704,6314672526798490634,15061358688032712319,14001364754548352179,12414290717705062243,17183949778414864227,13549818347960895965,8789723678485787406,12760246796082271098,5086915765890003625,17774259856566994907,17490138813157166488,14430218249175010189,2991192457449062847,8275668431974210424,10001156711006705972
9751435262692973511,10283587341867770612,2741904192448604334,11789672488230621100,12464257460725725577,16093499132420662469,12182909620958953101,1359244898556556466,11226005225152572026,4352445376141665762,14492952970239353970,3277710029647331686,6651206184900794867,10975019488157892397,15343283687684194049,15742417270071965109,1799968789177220750,16659576861686434830,17803137340082811008,16593178246381626487,9206566746737446751,17647606802709987586,3351201793322071698,18370094363438489861
4941539512172182987,16631359874750847756,15162349107615823702,7019821161623171405,14428606779478418282,14609864419862699374,1402392001236718663,17221353259693350716,13928866091324916471,15239842703128808923,17591714113774664315,9240517380798418669,3368546885250165113,1909069432528859522,15418825053617901656,17671145412344896703,14969294598225911594,7858103539303470907,5678841754620895712,12950612776000550758,4713461867541949927,15299835435488143566,5227086993416117738,7881633798477745271
16943508465141174422,4867445109743956215,1465090626613051434,7070894454766145703,10349169421244309770,11525515926358164093,16471181071714124755,156091917957946521,7097729997587889474,8060755447833518529,883800606048910586,13891208509313298669,6469111298246668114,6597263584349750086,15388566088144186884,13424614797973754786,14395306726408983231,9254924131120479684,928018033084469350,12432914546382915637,17404561148828482547,1279619790092645209,9569135880702347685,13249817224812224063
10483000036480343739,11408848096774670819,6491986972041579477,12697807399555302966,12857768361664498236,15079540907181631647,3122664269753648609,9756853327091192253,17188687495299060407,8211376337881303249,2965835097204790159,5687835054560883905,8426168982601775197,545668498192232963,4066980763376309155,6280014716837158249,16362487244305776362,8754071590320030618,10541787058030166671,10746655324427994998,8048642057594598793,14709841693843910067,4371349884083045786,9896657047109828791
7688563908659790492,7343661591698813721,5876384543286314026,5108255095638194449,15101567869033911240,1393497997643803322,11042688635944573799,8552596582562214133,13094928411731255818,15647073813095176710,12833640994361939895,2127207063450789247,3930279181766872226,4177678529870817409,7073015294327767097,17136038193012336252,16280222436939469439,17542116827852147951,1099049391121911577,6721707524204213621,15335379688257348328,9621909631118258324,16002460690865979650,765676951117630125
8632474766130324398,2802397038821152065,15744170193288991504,13804841824352150661,4972209059643177738,10186714940817239584,2360680971895923590,6893396868928932106,2717376627402667790,12597605239888007767,14900671923620594950,17564868053199045331,3890750335875270390,10977167898670347885,2413524474981745022,4603570795394794703,9221249683245061085,12168166924985030381,6400247934907638420,17796186188340254721,4113422664241526019,10425734911359088964,3082968027867911306,18311195186864386743
18026124082903207836,4878220049564914457,16894932257705041214,15367857833674903584,14277053332803370502,3482542393335342180,17633986407177116103,12426733015432228364,17568794265917006847,7201775092552325659,6017809272603941733,14381810875661208839,4316650051923131647,9162440739509750318,14329015802876034816,508340286515130409,157729214298099225,14690300047371458312,9203262943201435640,17464869191314705366,16206700106093858723,12936156613678640294,17741335243159713777,4206156606284774015
379732764117421704,15024758832069718170,17706224391799860603,16843863306701808144,242801584677001872,6098613281661712055,5941246200559009610,5952433662903529241,5671350798656887846,61565276291843833,16566628760154313835,3142227507857501186,15362867693378177776,8997166329716434957,3397502919952516274,10762439588453556698,17851756788856010941,17275422527464690686,7666954762671733158,8456085112343224818,14352061099799130697,14221913905463295000,16580637953838852500,16113575795355627472
13287855859977091509,937645093470545321,15110435373788502234,1889543679841298880,413130184985380178,2660429138237324119,1639977213896388950,8639014138354490154,13291681158837364472,7129439761446307922,9056815213893144021,15074979153251542232,16641070539924653677,8513277587760451618,12517788309332401773,15982550964130955089,2436523876211474339,11672411525653362384,5456545818329225926,15829288020785947609,18112030992522564054,6675734056436408948,14758429720333391021,16680231234879220871
10381656886625961672,9204187766858691549,9098531912870322234,6553895565135388867,1640397562647445783,14399133209771080271,16890736228709201296,5786178349509757572,9121085715232858560,2962050532603318078,17055115179231385719,13558674743068223142,17866842108202257452,9481295242876668370,606243818610001065,6572821402992778160,8756535290619234026,12646199370676017308,1048265316838333879,13942968946257584622,17744046173997671688,10906115234310113290,3866073917725284556,17824576323342539932
9011785798045230920,3830817580343918809,3644325889529627683,15463723922612777381,4629687152601473263,15015230252961443454,4765053454388772418,3084376935636356095,8053890034090651050,7177328289230133679,2975525394732562195,3799989665153898072,11413229692578941720,7442833746300012571,1246570882842378410,8523582100017769277,11980068716880296668,12623417777234054179,3208359482883196793,12749545999472672863,15551136971634016462,4613770547334614742,16163664632207496043,7448810320264497494
10287898659178278846,17927293734061581417,5978960785827193263,14219212681727368378,790474414446411202,12752935096389759067,1885734006552292487,9227768333847438756,12743717505387077891,8237374420324100703,15477275933704984647,3425665185153089643,6143997448771501923,7179971057365719586,12231248882148157072,15241539498562252674,5136704105942683310,17340699979709859585,4152237186377258403,1726193326119544574,4386647896436214894,11173198396236105958,14053847461071905381,10342625404087095717
762480233664054059,8039319131752997956,3219506354159730816,15528094296220615742,7237758347248676553,3037763444065292149,1941822173884023468,18026601598453562071,613736520309529230,966309795575254008,4538171879176196273,5919916723957874513,1356376988134591244,18095008298889920354,9634787002684901231,15103562378300182035,9840011469763736328,908271028349626836,11569287975161136242,4265707775694119374,3871252054617165292,17873568087903124351,11477601277939864323,4302885342520126254
15399760783768275077,11569750902475797400,1393470183932331286,11151504191448979230,1768327604121303119,5395447113843047955,8441013910256896051,15692718362073397739,13729984203238862950,12387201707921077260,18351387095664608356,6532030515763251898,8350155128221287289,12318534113235681927,8769101373993069023,9456379045887719718,7949099397974137151,14169156478153526854,11740224417046399234,11545942458317219704,5069639868274751578,13258466401065539748,10675754613640128926,2499381103790589177
17067957046260186512,7191122603046985253,6267497780437362693,3272887291841253187,10114217257700427614,16029926122844366161,14871058539582824775,14144916200953139270,4413104533385243354,705721240796798977,17383726511326156966,16191781083961325020,13940917296013773087,6502073574398728519,17757062992124111044,11319259908113913083,6739484155096115870,4884834528916127546,7467581811502372162,12190882593549543626,10734922076206938020,6847089994523121976,15203784738594813915,11888409931501982936
3273954803190466633,14038561734145038738,969318274045756254,9218321306710824972,473856993356338957,211528974392000447,10027672838698715652,6503905652323758372,14603094562755519951,4572572628435684859,13933901596556225765,11953685859142335776,7176329762041321726,3867556199146424903,15028118115974195730,12715735215619708380,18005508199700192665,10888597660332288741,3449006240159385364,4336809707337581432,6635237736728701754,11224970546932823230,12658847012636556341,4889873656287590548
11752531943234612012,18289613519321992173,18419763710515520607,6452852154775928482,18262846640113752039,10594696970921551612,15715371025443942142,13277922596442119588,4265580572197369278,12268539694776005034,2731189712938879666,8770271458458093040,281160349927076994,14349311599153529580,9034682783684613735,9221381488548680569,2835082256679964212,9740340791252605594,13006885554478531490,4400676109350187679,15432481800406461827,18293236514623555996,15989886573632599262,490776492850390717
5825804014137450450,14608943682562255095,13091883131090629840,7208624028096381341,2158425140631488664,3914995587642176722,11632161885689549640,260421965409121618,8211580870487803300,2370070812952991733,11484092471781167794,18352027187558690937,1279779363617186601,10859352814818030937,16779535707169256080,7892456642637178423,15962866074332952208,13005892134935611589,10775871715579668638,9593539395933830339,15280490104275355626,6360143780993366642,1533205536156212353,16819486539782437027
11396672862527152889,13882613602579679013,14055785607541413398,13647831678488066092,17120111746560513477,18138401021684513241,4196479539137919417,2011552385555375141,10369551266297154077,1349026110250274254,8608532699371999814,14704699591013690951,3162032696307403809,6829221496558091719,4047900731658426531,15680069612813453362,13837555083287955923,7517021165613933486,550991396491636082,8074242293961034680,12903341065956338421,13954673911567552187,16301720067641008342,17988955110237820080
17263485532045848604,9919799750914098972,7496336601152980110,8761287575113115912,8857779753236257667,10209042325219345463,16088299452145735429,7848125654525166955,2658401254992287025,16605241885071939885,10526558163559554099,13874308725169915089,15389923541236366963,598129297736714789,12545134249211463432,6290111447225888838,17194330689780454647,525135177100211326,16951100725573444729,13478421363549884727,1822471594109013526,18008133934520903155,1623089048162940641,2662662765098386308
11909971924125582527,13582124186651426371,1897513047173962017,3116598670436866249,8406646834974784767,14642762708750971286,11201802846910449664,3086338121913051881,15856124956916176297,95650947885755884,4441541550641389274,14076697767664078754,15532024655231699606,1113692126144912932,13314341903199676457,16220814262147150218,4847222638952264780,17169391378920002123,13485773863465516521,817872143128202659,15872098749610071793,11381008159531572068,1424311735069543135,1060393785380836620
13712871059188843038,2304047516093122509,5195092396241425074,6822345271452866748,14885046089280876659,7657087241390096529,5701388234811586852,8368868439636073035,15596959860994443638,1724411946292185850,192663856592249525,18380772889107787907,16485875806006675975,18393944764145321007,4207856052002429151,13021405037290401424,7945524897672123689,17891360067272623653,15860244064986448845,4486995182920318290,15087201406880891519,13419244474745567474,3400292782728484390,2167449377532045019
16410859992581592391,11520801918506915416,9371880020747439242,15074151846070519060,11145277568526583025,10479507548532036891,32982473300579017,8670612169505989334,7235081491563864128,1225907626539112464,9108949389851567639,11577598367704902863,841882706291276095,8639125892443817385,16415010431794460571,14776245684881873418,3731295975722546756,14436011560079597043,12355578075656506954,17464255867773792800,10067389431881859074,15296567095058385962,3225583754346864249,15985119579801624726
6266574091512514376,13004664715853174858,2603115423150162682,8145805488332082053,1382358200458918146,10644937141106354020,11401143778516617698,3295884778891858641,15560418762825253378,15531210525753059685,15610162324982901064,6127903863328411949,6585541561508845996,3970330464734613661,13247937782813401758,5361419745015595698,5052120726766965488,16608322080155543162,188828185052387665,13470648953954073777,7570791388131438330,17697224744533530963,7056447843664637394,6434166049831165445
12416674601420291628,12510774746245686103,14246158332378952471,909647025321373130,7659762342459296945,14573520105656437687,3719126756431288549,6226480480069116618,10498554251875350385,9484815261168804489,6008116601980857062,35144648180003764,7513586591382526511,3507948472029111223,6454910388599886144,10748177841509462689,18396202763201996723,18184567571904315240,12153972312314876504,3550504394996895162,16059009075898969648,2167610490378909317,6953577561552459410,15478520858773567987
1015076222448122174,2478059438138048519,779365544357979810,14961175035712050810,6509890534141943215,6706077494876651064,9986268350790452032,15885080157520485595,541869111404820930,9998431354088189698,691166955767821160,13962573501509492310,10887496618712152506,5960528079337008434,9039281476308967236,2081259330451073466,1319841085604896252,9143037386573134186,8294790223864827652,9190560889988388957,3840066127690829960,13716181135011320538,5083401990234153495,16034402076538842854
7760132435312977123,14835679478195876748,5006318818002911588,15142316254080880193,10370692175375473214,14635740490937589111,12771653034735692457,13697838907589582590,15271300824538297441,4114529963347745447,2818632586468044385,14553219361388994642,14414777148657063809,302912313292898662,15508855440945608461,1450042216065247627,6199193893226458779,16243860892853555475,11514753444984516635,15245420195514114816,81687138020728554,1364498194152363878,15688250461163608405,10733079129979513119
16498626342719910776,3942791699342865183,1963179410749816184,10275905008492842155,11252944921631037980,3261092592558892313,7717453862691124698,1394060484384458334,1667620963068611835,9912072864693341772,3034671153080443708,3647000445395239431,6130582632913876696,7583714391183763614,952029149593238354,16647783610460741953,4916214004914478783,12907219614680120500,18232702369323805098,11176475415276768255,2033163152981815492,4010368869071064779,17091063449273260480,671759709656603267
11123382857777921174,12743767692608354047,15131079496050524692,2772686016200535678,9979311029068203066,5781063692416449774,5025004367149752697,4446089184052569158,7424824750583167087,1396682583157459325,1802806792503342237,9756963113446501029,12646911184652479976,7917335187038616991,7302299780359754633,8848651869012276545,3889176015176735400,12584350027290117773,12321401498859150394,1521167570325941365,10536011828690100136,15248806239104972395,13471651021086795276,14336320036474540507
5888078518003761419,15241145650996597967,16536366421227393738,13426540627856028449,1414246596051999471,14899201453370609406,6418647353410803901,275244511933121464,6508755183223656171,737042901963454180,4561309762645394431,4145454989699441839,17875603326473502480,10213053831562529873,7700028729290151534,3345795189389970082,13738336882371706129,139864139841336976,10556649837570513766,1461371061875984630,3077496390979902836,9899246693623047790,1571364414233143657,6551072297989562053
3835219117599729539,15351615494367002654,9663355756949292347,3534807487826626108,14946849374453751036,16492864658381056117,7367301245697293886,6678453895759343017,1689346360991672604,3459631268911120529,11839804325551186574,5286040932902985171,11784854969726165663,6675039059054385744,18164842075505070435,1510277906139787666,13737993745039982722,12559947407084838152,16179889562253255700,6558335072948919762,6730481377211370316,2988550102621940203,12667008722881006165,9147536865961980101
15106225059993671044,6543549914949417828,3670056281829014965,14460012106606121412,9597001091265762433,602266479198021427,11121521253670998012,3729215865608003696,10473808553070213132,12804922786897653315,11559525076918923284,1956704920853961744,8891431969732883231,11074617261592086487,8887622356016718817,7949059680424243269,12276927017644897270,7849020986107194447,17671147908844521089,7098770364289161687,14066082708365990839,13445503141499654566,4235463591547239317,1216485935415012463
13283535470189979815,16019783354290461664,1154813139229285744,1392320110574640334,16581758438017330643,12505563972056926034,2031030044325954367,12796290281044851201,13271664790645894363,8294249935965216539,18275167675010275340,185633754551995337,16033959741682664691,3600109240379842976,18209096200759227919,11459406791457119255,13963946250688019401,945631868785152089,15404582935457155633,2919556774147830775,17911278430180878675,11209037149092942330,7051597120188389019,5035294075184828798
16216161227903577572,1214077709951377341,17366282141488638042,4697191667000841660,17560905606918295350,7342449993904695914,10589785803791232444,7809801950734792948,17180466183718156680,18215004291571321560,13509478382482224249,12124630320485161865,7373980834958400355,10847318467156538532,8023060892961010039,8651176276798866308,16864096283282132249,9959422077521690880,12819535652591418548,10121513818301549176,16102594425452761130,9870671982148109457,10283563209508215128,7895423822218810896
803648057109255878,8721943889452510959,10076188136460841120,6751094473094752332,3514640335619278151,13782424668022800431,10420730202276945513,6013931650513387487,15432717083016139431,16239582761567390499,2299523112689731567,1550674651579916425,3208315427202492250,6442345827057616488,2124995713501355471,2540212468632067518,7144940633880819797,16093955463830756794,8871928330998283604,13320829652815883760,3216975941728652055,210538833065633541,11022138861636411985,6319578077432192446
9629201954533562796,14609569525816939333,13006021985722743760,11848670116875112990,6368281832025013735,1795301308430117184,1209651189293269910,12640275902880445892,10100044933952906806,2240327494752391228,5610569614121308937,8452349435444564432,8115016681205777237,5857849108265979012,8819683561831710517,17599020542815411573,13321885266982631502,16618280893556062106,8469548321399139940,12985450719857192696,13459755154432580558,9412145168935981558,3912713704597135611,16098854263680914293
17938335327210912771,11594265360493353522,17672549522619060349,14828575681076930036,14969628146200700759,6659912798818736165,16312269844196804830,4987337264516795254,3795465481128134742,5747799351660683872,17845813551436012953,13153089833592739807,14825765212155033806,14918660786794440139,14870287577364656293,5636273620193146986,8981850692755252277,941708169119949935,10559772517999267304,16868604474526803206,613343754587757028,4208500039240798099,7890002851452838288,18285690143217714843
15089190235486431858,9280768704672216031,14965065779314786610,16233181677484919597,1965515681577725105,758016446312988242,6273972420620347168,6947470990182686783,7372704366663734158,16477026938441146585,8031360275393678872,14094252583974107443,6877642912820981995,17812785496211460922,15348364986755781474,17320970319417527107,10340041534197469742,8128439525308516657,14263181290131993379,15392455491549951987,15210366667611141561,3653402092824277793,14770033069372415884,5063636281409738117
10302336593328198421,956643806617112174,8188381253307646706,1674925153975472276,16181182585298826194,1286108594894003736,6636237802551582337,12219012662327853750,13321842628471009180,13305101857914142404,6056902073170794849,1931118975599037547,2493860928318926852,15318064476281400629,9269566955331374730,7397689675059188054,7951492649955029878,15024654496034380617,441141702624392740,9996794484507580314,17384597682249771837,3325475955943276671,13718956754609318700,13081291377371099499
10742975081225902580,4410333734078926956,7485329585421763503,1096014881747404840,12816670531149325066,182206073198833036,13801265567983909702,13557523163110464841,13832819228300224731,1741303561787285264,4079035924922150166,2793360702387046188,9360648062811770838,4828582945803987180,6747086878200108201,3905181780621388449,15989192528436916090,7706415402387150836,16195301364127299893,7026321538896876685,10256122496612635942,17986206757460710502,3854124322385512712,13029964491142040913
6490130258147456270,6136924531957738270,4200000970135675056,15267707284227087071,3350291953528919917,3995406508821040082,443186061656425816,13037131356655039224,14483682447100923664,115432005196597620,6469564880771312758,3316552477252094742,7044737248165260218,13506740824005638680,8806190418127495061,7055362259523108281,3097265751903977607,7495737587527571740,4842875869078240801,11028446581640337699,8124176740998338617,4979080353718219657,7479837200101192045,4051969855536757451
8888267109209733712,14132237552530596505,10266006067523267853,10359120618556098289,1129520729547346540,3322899185683542922,4845634213690921285,1492861397135565171,18079259647983560671,12392223831229910804,13232864165030596650,13154988680078513885,5787317299973925970,13460919279986702094,6212680311017264878,5735254318897374832,8864062240908687608,7705635445870303349,11332348040460061651,16733984381702549940,15852502299809842180,18282115110064355429,3434214315189605365,14648023160155954671
13537433309388300797,16166258936708233856,14410212443883254647,9490100429573993485,1527171756682670249,6943553238404573958,16930975452504567717,16874456492161390960,17215510977304919278,1923321205792670642,3766492186602084058,6789691011477073660,557877636972980503,17431764430202499938,3396491917798591833,429469835447143554,980197873659724157,15090746529451338112,45190507444593232,1502657412758411297,7962604803563573935,9786075202593270637,1942066613841396557,1869780359220883237
13648589859452123034,8557324129546745344,6507955149681599567,8195406846864337470,17221596496887425642,7183756847508425958,1281370476944766327,8456290903280591522,792629542031432627,15414487677112615091,14930891913853954413,10277515096156482003,4056746753698824688,2779336488830900370,8176212368767190778,17461470835215902649,11262888274055034925,6980379558846175348,5281742056415917491,6158405476900735256,342013679745867734,2308199351049031176,13227393175048310106,1419075692419641812
15152582245193152066,2131687544393997398,2466453186393908635,1134786442117293756,4963629994092920566,5471432635490753330,13226809733876575260,187651568918651006,5444852119988175270,14951893314471609251,1222272028125538354,6943651148095569219,11872907157734928708,7074546567269224097,3897850557827327890,13897192426398649631,6291176102913327816,13368863391422878037,4184111987804638321,14463688724743797998,4180927437322834985,13631903484700581678,18254913588858405750,9282945601472950607
1417624364537946260,10518048839104081587,6676337752433171557,9763560892284946995,6166769820463538060,7365525560587475340,6804083197148663584,16503779425196599373,12600643935241714262,3552253228741741972,3914719198128453946,16307608324421720345,16933284613781635021,16401840160855089588,9179646854957168048,13224079633574939785,5074162642718212821,15221977473328355857,14158913275490559091,4736555923298946112,16115119617812687792,2436128406832188553,3961506218609473012,6791575040898087382
17693771192303903292,12400184927777089518,832801696395976515,18018571026782680779,4524746794579933942,5576872780813957787,18088265100247261491,13120392319018013685,17082997068082258734,3219287991549210781,9017414348880785196,12965250826149252077,14766606254108269310,6500667830686531967,16566264466730543316,5111157220829105926,16697579354223855827,8635040470009032413,8085283002683956145,10435514687174204788,7543386526633835339,11862952220136429187,5159535081964716449,11312394774068103652
5920382762576493649,9925974611173455600,4950117423120977591,7788741897098886266,7949943716775106565,5926601392676633596,95965738794996139,17981220581981387157,16044023138294788076,3906797910565157474,7868868329269096946,10524702045947905359,6635569646453191059,14179685595746232247,2964393810473109811,17228871628464863835,11219738931257531190,10137116066129816545,15077864492905019889,9425515947259291687,15298508945375106771,10761354193508518126,942936882284697748,13408276212722884223
2591492710973967337,16225687069414697403,5759656267402823453,5451554880954598992,16328328041107713070,3194294216192835644,11221448189191801825,5367501967858424078,14460047687975609024,7966127735262737036,9628377027370034720,12704225677113623940,14846840352361293609,4424671346459202991,11004620918956905823,15929948727621749221,8002804061069534526,4836082085076043789,18194147512193958006,1476437431923298950,16794245791980145304,7660168234522314200,7822551316124081274,12416275045755765829
4734210284675313347,12303057394865001722,16848783009020229089,3418144593757062602,1693766857604827430,3903785522569705170,5502283055596074586,13781921195667052314,9945969214747668447,14086935920557328141,3933458665236030840,18033268958881892009,9850871285215863565,5398573129332359878,14079688431042422070,1721232245608748478,9233599564907265748,13510836735729880248,3257575824956205999,7601601691010781033,10745096826060327882,12740796728801445026,3346422068940415877,4868729017680507859
12950830996750378802,7412565499435125693,14383288660791750269,15105558981757784979,12017285367258394466,3051622241258431806,11149898711217833413,16390096493057449302,2750436261518890873,5191978632356574376,15697502572400214660,4277283465889974706,4972734567305302162,14383979104479398099,10027701892456378171,15231729091925006283,1817902704731461141,3499942901723438431,11799765051166307515,11605853715605200455,17488252502513484235,5824895792223121731,18073120320552907797,8413143681551657996
6981698329375418886,8420943968221330266,17138843948646092184,8397296431168970340,16893542158239856329,18285388791617916687,8634075112192122025,16204777185220196264,6711561514866272813,15555543538956382,6599472070232064992,16689538336624141459,13595850707130408298,17840390030471251072,14895604797993014531,6251357754464190960,6167216539535842186,16785266597127892818,13173342407978097245,90071366539307288,12758326909489029251,1512968426402338926,125486103949340163,9284648002001550319
6528548142123059570,11580972393828187317,3308924177897352075,14096509214894647253,7296224461289312641,5450103085406445400,9068138426378029966,15694368712314942054,17479060787906393780,4742821769769326267,7803879286276143321,4006803076960844927,8474481183138782454,10179008042171120543,9884560458950494255,729426507735082405,10834840769019424060,4075107804642774323,7178870854742694069,16494777766806079329,12151681696192314174,4246465921773597484,5393293098446700532,16694896985576923000
10700935091012008885,17586473854483712063,3745588483126836486,657622539739599494,16137498587281064556,12224305268164618950,3678643692573330880,13846439322367161587,3645271947058183315,8349812769459359052,8083583287970702688,17353350671937230585,9860050541709806492,15890778600032928628,6572614401543865706,16506754100884666918,17644529997426008421,2294844327151005510,14882417461805781064,6184906205836868044,16271210624164968940,8215603034015162193,12836412499130330994,15930137101338180619
3097737769270501944,1206999171000911238,10098218314441314930,15749086906165122216,10825476173140927092,15626644446139489752,2699693844871781722,16641117317722256917,3217244748863993426,17155664639056315956,7644823810586855272,17617454147594971498,820179090362245211,997140290055177170,4398861428611880228,17565249539911677532,13179948055172182357,15276050215743373921,6656160951494318957,9075968766030144307,12761469590765754704,4342006137182894062,15020173405963767377,8268791786913395658
16420283160114386402,8872667444913383816,4985217378511945723,17894721804545998746,15798141865814448614,625462914771855680,2365720397780496832,18185726587903743113,2405093838591785410,17668388498214094762,637390866146395969,15870454379321484328,14774221039973584340,16962498573486432,10646874966533526074,14084579073235372176,15824771811945771299,3685737608063383877,6320926841840855438,6496619731356340463,16366157018805255694,1017833694606957390,2659142343491872588,157436439978076932
10670180953077826373,12059567601924765209,8956272258735785000,6145033018110578278,10248515028098022225,18269196919420379520,16023527743647584875,18104155183825895721,10921777636157450814,13788918759997162012,11375570617626352320,4444366150079870594,12911029462527164541,6808248325273372440,4316976327967817443,14012028423056038655,13072552982607031495,11495586801997234346,15187103563416223176,3227580958713889998,16195545729878148885,17294704671620171501,2878694019640431552,18081832738618637714
4812439630529482182,15035837871566462034,3912667306493014625,15178191830591252339,17711690307503941641,16281278120287275912,15320719013888852074,12625847346845990237,7728496623253156534,4373228728990229971,11235843059193328810,12156686925151837013,14441628466772608586,14360725755487031271,12774144578671449898,6526719802680562443,4219634849095490624,3999710851469436258,3579190818535220369,1858596092775616533,16815582961182867588,18047713537481383494,17666942066276491410,9118276508195738174
13358415804191440253,6494586932218924168,8160317481423494083,16308644255676096254,8411122906672207530,10598001888842234363,17072710704076058819,14151908679203522834,18439938073259053773,11685143795136840965,11139765658215815554,7645913533085690859,7090556897897533376,8806943363254437922,13967719397827900759,6675039260603960547,9549262038742158822,13873636592537026609,7894088078089531392,11081054055680286452,16492747413470201545,16520696368501312482,8681420573533519651,11623990815720263630
12807938459960381376,16056475996952619655,15430999471022189920,17882371298364680705,7187090878692602417,3468568290793349163,16165076556944560901,10669499746257811998,14875888041163291436,12500356630661285789,5648442619000092338,13435144989705408040,8158891448425799997,16152031573146006739,4016834481548902731,16962651494516452863,6961857668252106576,10194181031729260760,1905416000230369900,13906578152582563633,9647283778954394887,4244767714908818802,3407285225436698188,3276656623399617657
14002698221856747103,15550195688151608035,12442011293683251471,1139909856312634635,5285284060572028143,13162380517172345256,2601443057822043194,16563820752276195681,13905738656534255702,14719474462065097359,4705181622739890121,7758667862913553049,16333279536739458352,152889975628430729,1783076795562282003,17447420168409408660,12561881304653482934,13552730526818515461,2884412310455029170,10966658323295410939,12077101960623551720,15125445843695149243,17934022063140964760,10229393723417303308
8444012387258556565,13830952048689942157,4822777633791049771,13007782075210299511,2138289424212228877,9389435000869257169,10193720213280965369,12859542171482863872,3345196102996188057,11591624870889272620,6922763704118157361,3518800235277753167,2371609094238886678,14987859411219164669,3590350122454276145,6667679344248958329,980828610061383176,1667143634121665439,14661495464221400282,15364871440376773474,18430485769826465342,300769738530324569,6677067490663703907,12070121004091894357
16672451131569005198,5417706620919328309,16303996250306265960,10149232810403613335,4817574529451329058,7911153968755843475,14407958272945585190,16541297832299443583,8551695899015063955,3701516703758164144,1802696868650707206,14920355848849315311,15900388127813896547,14245637453727209440,5652323243794428093,14776369983498460135,17491360077691267982,4255487255158545014,15991406132384809871,7480160662129624961,16351789292898349964,10013717010389556263,13163080318525810579,11032513540069432715
15002700568530297570,14676803786240488437,8048974552811747019,17490841298600052501,3590429160976255820,10822799827400283369,16166814805125087566,16561320547738815898,1165135304851708967,3837188126785004713,10285901374613653591,17326821123991070088,16719678607526213102,8666926595717603647,7096338317311922707,2659588278040264166,5682202198636725900,3465053420772002102,7627965428755320763,8163947944321286264,2497445067273049281,5269383689215133201,15000290479394370367,543553410556723727
17539768047971895656,10054442161870280006,13666196750757412896,13536166476149474193,8768820463097152692,1915556414647484876,8471259202355950503,5236191858779842897,1493103402685865983,2270744328443789349,16243227580143068044,7591115588174831117,6651882403977846957,17971964857753989880,5479854275771464243,9744793584420192251,13857377531398727322,18130794180914756496,2496267318349311672,5435267299820778579,10452895638668556952,4193724778634251882,15001843595266428166,4500320836790646074
5765487475046931903,10063538461116488408,11570587719833116005,16815592437751505143,10655572722201598372,467427364445605061,11930734887874400400,13420110817473742942,18421822399311220126,18289201485657744633,10089472590405963684,17310504669666796014,13056932101936481089,6821551858252917368,4045461737423006363,3983812598000132588,16313256577463937102,5671409865839655430,13036731119134444317,8163734228532337156,330722047938733785,12979529530233416770,18336901208072846332,6458318426983495828
16930988310723503989,3383443179710317590,15965925179574672199,8605367148725390088,15434939224380527102,11350864447332162855,6166724422599734471,3396705067238032775,17054357699327107370,13871755544825370939,12562580348090659117,14605899871943781491,12380458981679235993,17023105705547683711,6587858720679607620,3657350543294753326,13130502304281445511,16951189400841338081,2433560196298400952,11940682525900071105,718989176019992761,4780183926787280670,1622628419109884522,4149164871236362006
4827215577343412808,4743001556328536736,17096132256494158777,14955692546562860004,16322588778145630316,17216191364353295338,15925452023680698341,15913729209093647121,8449326373557956844,6102789924971922121,8749964526407435067,14728411330160794859,9006425139383751350,4160586772005285203,14176226908244480363,11299401819812711958,16828250391409919429,4772019423989427152,5958222129588599491,17445403986804654989,6277555793960875433,5074249384401458748,15284866131488025283,1605119867378761292
11539186422718161962,3965030699089460198,2276783287653222239,5122957544251909014,10593499427665656086,7078024263838529018,10503213869723376710,3288463177154580325,14818760551544327281,365879648094982647,13187182923887334596,17589853921272007403,2645449074834405702,11888335754572421121,3924733804171971058,13913443042561730629,11070129638624081678,6970311287464866514,6228330932428053033,6982620201168013560,15993869830914692439,10723652574186700656,5124667711902555136,497804406213955060
2413222370230750309,15737614671449460426,17441154906493403711,6431887363678306576,13792811905192817156,16432701128821279516,10171760047260468218,10757896836432718761,14554081905186945426,7497620341055015886,15896244935322002730,12280292553335757576,11494649381491124,13743735301663910655,11194689701731447619,10720061236109513204,10694824937966059031,13966561122257712744,16860158973341812907,2788572428483718864,17704357411511323627,16309041544230086106,6656566612086933615,14522551742433848186
1302573186693424726,6182251994867671153,16540675607304711992,12227757080919210480,9488341656258919574,366514103609321995,17081208989752584268,2637914198383077066,927095826188010430,2289200992154765756,4162757430689898325,10091307042359725090,11031571335968484100,15755663099002268885,14375813556650776771,7785697229003335282,4595624039171708768,10494116250987499947,13795532566989792216,17841495549543327289,1959073951744176514,9628585961836253122,2924130091821971919,2942195506482290076
4607571229531776875,5202854559341830736,15662329494457890840,12370624030076137038,11257510596255819929,16889238628264330420,9824119138629173575,8971348000639337470,14733758251895718867,17457032405321336589,6822803521635392147,9979159953078126447,2333768637654133141,6557080876642084478,5671087451852256155,16392900454441527955,16881273070171997317,6371888196098612332,733555061418389454,4889824813202256444,8554117049052809809,9251479976148746261,572633167593108756,4358632116100160200
18146096025537176628,6441284539202630644,10344636868092074392,15672972804177540701,12007325213191224722,14583644671736054394,14956012438049967915,4993480760800823025,1666364407586816977,2892883419769277474,3749853313382790133,18038725472910979281,15742198519548228756,13798448573862595624,3403273676486732150,7561091733894474697,11183234967442204927,3662724485358418385,9158219875066252219,3641972152875063134,10790477415701655123,5577409982515103767,4943491794535022789,2595555440731039540
716145895967201312,10460696607682039000,270546942251342979,11543792800687672544,15501268060382715748,9425221548889867745,2879656052683096743,13640865345962469623,487642233021539770,10474572695527384111,13091261218393596453,8725587441178951281,11527957597239655559,13587269978516547223,5029469106812202965,7830343810427254024,9481094078270119816,15679705166775336007,10004484436270608082,7134822875815723149,12504321061580208373,2792391821042291057,11615296516937540513,18090098563380088279
8311775989959502659,10916697768049582761,424377901666193048,8669339685959217341,13391834196877404574,6126234548594148796,15444630672819724415,2970195628730566222,11342590066157758844,6673081094397957011,13708607122924516785,5414471869298801443,15833372535633777935,12144685612017764516,13805480930138100798,17003002107177986673,17408528413131928869,3333488655541491900,3649279206511938413,2110452164045578563,13527696464956902879,884457556989791606,7151475441570993831,4699194112233863002
332025836511807826,10262513338598767493,5298990306400222571,6053825063852327062,4508392089524298821,237172748172584729,17079132500140631204,12305426728124889959,9092068822062291464,8322723158241852734,8598383018225277361,8353314549660472543,7907475188336951577,12799786194780054226,397628955711970615,11290243701346991305,7725318145002614582,15417117608352333563,3781330317361146657,12367590022637357253,6526755433779457114,12966269428875523212,15185036517409705384,3521997553430914333
10332284670217033120,1324858278272309305,12744485637726352156,13563229762926094067,4266968555130961283,4729546631489557811,1996850124451758081,11161076470746891904,7586455741717915445,7081637701620690652,1637821318976818138,17405874179328410817,14006864205454663255,16936542983803307318,6945966540172240920,15890150336755977815,16314983401623098246,7602743923587539337,16258085994087274735,11084420661058818104,14052445438204782615,2339082206604545131,12976988182339769590,10928696261507559579
3288676630983095232,3312558034672405492,3953021494533471645,3475815469310862208,5150149815462876598,10388987791934648558,11607059416742311643,12296901738730825855,13546944652517261829,11388270972921016264,1734975635441731703,8711001612979888619,13534327931961529835,7123239386424862292,17380633085713781321,18236646426901284349,10621685103684949842,16696686854164963199,12850391380158986786,2055833033161680703,6954240049822219225,3634533620023125842,85341967305917931,1354427119148048858
8338229568182144800,9584590719488925992,11902467869155045084,2567425187928892690,13958375048816907769,2030509209355695323,14493253195653759344,1364766362508193061,16007386889514617071,5380965186919462903,16594491467442499389,16472461787739047025,12849266122553626766,16945975676800053298,3806550790728767575,11153557618703581620,15276032011750611915,1678646495251303930,10958789245371173423,8054985139608791376,17098950656592032713,17349206667487017581,7894843466092640573,5914813534259405627
5556988351815359755,9907359093911404253,1747189649834486650,3144148012089948282,16930557518120816000,15233811222607949544,7587905981486367556,13869759228692696117,13786789659633673771,966803541508675609,11551028585202097408,14016279244301717415,4663792703249512025,7873971841444763276,9620251993142840804,110667748878804254,11647087776620119832,6298904031006435450,9478536551281455434,15191017420441878580,16042518584975503607,1720474152062714806,9776147785761962992,8390046663635331735
9397165592778560121,16001551911329337377,2568128406230175718,17709281720544431460,9822758169938960569,8804706007584384631,5617041754094740291,4204647483151005413,12467414329273757168,2482019703304943334,2332839158483999821,5663567847609073198,11676751524175049050,3257852695298722415,13939455147991914461,2743566390983741727,4454433211433560816,3415085034132191743,8255800496352554940,3455720366143759806,17919164960135787071,15390497584175693695,7233463735046616241,13922720770999732021
15968786372517103481,8917388234158335913,1051739639310788531,16124626714460786677,4945095755742878202,8724840592155897985,5618786084537914567,11750328204020263819,3861519627210436738,5538474703152693298,8943292466986211356,3873578857697793970,16656612901966044217,3102709274546723789,8111192164048425549,10649325215694083164,8553932062696599971,12087885414321680479,12042078898506021514,4588350783450027471,2988609084122090280,9768930439744887118,11758859155288325611,8686231009170390002
3237658772966389714,15738392185800648692,12087335634270082871,6475077831720108646,3499344074949369559,6578889975998548854,7741438204037975727,4982339623734668411,10916181329844405690,10977346343181989622,8461954883917618137,16273600827593436928,264027656883307867,15354835635973486821,4510996149411324844,13307700092118912885,11043282656314560422,2474954982624418273,12694852031541758606,4811125907685637959,7761078095755107038,17580105119338902125,16443595254420289336,11213937801800384608
10259467969959216674,1053065258547211754,1120186717271461273,1615648301379905814,11703076327657088146,8056002059612424170,1321518959955796888,13869625592595502633,11763349734292261085,511194323142551244,10845341050325167642,1316676611019260690,14605388593912848039,8141687812481960930,4531823842497892002,17901816120316130160,16569393614974237296,17278151060471166280,3631993179418595897,4228183823931514657,6483354947903559746,15588001546650023623,769788390896994425,15373510021742817041
5391287923350280132,3878710642154527767,1116412240716985553,6596443025140984025,8907477165097067122,16012445930918414684,3471067583338703321,17931243483734655210,5236056930958790227,12138053227187190435,16632584191972689579,9138821005608083269,712007693587447866,16302613689147796826,2119744954297458542,16571116979856133560,11060806099917262216,17806562397975594445,4028516680305251594,12979625936737696379,1748606231925249253,18217789833611009345,10149233108280781885,8393197824985243179
14911841621986493758,13671658329919951638,10235806256679842960,5798420615183080485,17191962830531101807,10491404504165209242,14105170443945327172,1828912340740180665,13083600802639632060,17281025947665434689,16854550216659484047,14964323060774027478,3710809275744354834,14392318851321204208,8108882617673683748,4474592989346229922,1054710400072742035,2103118874865075257,14696214575538194045,18332887933983406308,11437943564610822966,13652178435941544778,6246220237595088100,14162566594583678984
12707682645817512772,9068968029039547529,4276985650629507669,16253159139130902640,8715285824045722437,15312017173117772145,6158322958684473209,15610307459293611612,13507138702278305299,11084117702579471569,7336179043722610533,12308968511275437781,8628045656658291984,17455641899949964450,10959705209667333849,7890736757985293916,17207645477388111083,8361506351914891446,1241367089899879136,10498222530816745068,2486736008694736800,9797834156396855750,4521216203808009734,6609250795956656097
2909970217523859896,13776949818054786585,669970943132966475,13634130592593743832,3716496143054231454,8217386924748388843,16772488363449375674,6401375802412962441,207730407752967789,9209009595178888911,13249492260030516622,12859424062307829766,1561526319997602405,10282701524160586711,13769746094187338044,16287085227761353710,16098529645290047850,16689077637050032084,16522310980505968850,8366598361833118717,17784388278406022272,10766267962158659629,5471494275608510746,4968651726731432759
3218972735553563325,1000115055317391795,8867520180392460362,1440868771293966409,3456451390143834246,14791212484929917270,12209539363199741993,4119063060716625001,4854887332378587272,7847285781627264109,13702964254872998632,9241410149312729457,6628875640931173160,11497561476573500467,16297993245090622924,17900271101716841649,11798575227482913104,13727695627098059174,10524240574345855940,3699829636121507568,18252466927455621194,14086932381820456248,5778607273520900839,13181121398054764056
15645755271981497001,6841846960924813587,17483276690840364063,6260236198113231349,9851471451397119759,9115266573732125240,4376389917647167033,11647804794235366066,9550235376030210690,7175933848110339623,5325081889514172502,2713947526837562631,11946207129322571677,14237875345013409442,15311799124814684722,1012346728990118504,8397701611798628245,11088950776235339781,6362457943413967047,12849612119167724038,7063064967547807729,17493146295892667086,16899837695212281414,10634854084766085242
2905747019243876909,16794492218884109919,5703147305999624300,4145652342125474756,6528237621485445691,16716360694713348876,4110559839492511451,2121951094113133120,15223995083442900364,12519750856064660781,9826245319531115188,17577285021888439485,15145588368950727439,1379572511185525081,6076170680291766655,6004144252262878629,11770692320569153472,13224909727842027862,7370506162535384901,10617387422515316031,17571435223572345401,4934774519858846471,15787629012051286781,12641195159470371554
2846782653954273205,7773438105554184432,7423668441914588989,3962391753972994505,59210479026253401,14139864233176916685,745720862303726526,1076339363641673716,698592746756375498,8463430365077998727,8496148599644120928,9815946020274587779,9647842616523154994,2167330659309009175,8479143166686500823,16973185555472328732,11187762193835130387,3436155650354799526,8875952211956677597,8433942193865063846,16138745475750175450,4278199201110198110,1104685710636616362,5566613893508912667,8994997404455667208
12557476339858798509,4968699420971896399,4542494572769234401,13064624691676042837,5994850602619378578,2247760984886253041,16156677470851956049,3563404162282296256,1852356639176697597,15572346072786418876,650399993504072245,6437967085447219133,8213291693051837229,13439039450306671098,11840259411007419685,9604689647123997580,4662688384427268107,9351285555231298206,16080679258846447247,9383996808441457790,8988033027587727097,7175171776263122801,1284011401653484823,12237690679622920440
5582393465361045664,1462035617293685181,9129325930107759326,15318440932090330456,3740308373226166901,16029765705011257062,9280871745369532504,11390051228385012001,9278695646300599152,7867934022154409539,16784477151080768564,10379356789031193333,6919281648349891670,6211133709099211292,15642562419215407141,12671762027870897927,5726847017369405997,639201856907620472,8537138971150133669,4872523905498262125,759101819970493174,172776303590812855,13443211743993687906,16815087122172737139
12895395616645831611,12103220953898377193,10936702591147165118,16903742604190851378,10189930964010375489,3996319471598297413,4070169836820336395,2408911723595906468,4111819199842820903,9409509636175798854,8376665213933449846,7944838034727786669,4310280117988305452,4894588725518827861,11559906275313029650,9026069368276021400,696090794833021401,492898125385218980,5603150506223653860,4897861043924830663,14968954455769010728,9497108552329389116,4339837547052804158,5316346832050358952
4624655776795700639,9601698754259850659,11927664872073393487,15524358583813935452,8142814755674377217,11650267797558405750,15253421611752705328,15936828266811429823,1320670202913567181,5071506133355416269,6372375852333133652,5587911257413166693,95131331059494907,17569704035019475493,16606033965354526741,6418199877182153348,3179030448134934126,4598646296041865529,5315401473265170516,7582296026412741857,1420765442638734033,9677851983467309727,3274804875845744083,2245958066793710758
11084068182219246604,7509943467996228198,2075093865804237624,18405794379197518796,3776753452958083892,960987107133584735,3532196065253102491,11021381297052870186,3715311532461170275,727572911967243657,2367757076759995035,6055870966733262740,11182621643747879542,11322174124127598176,3792224247186695846,18308964322746398806,7655219769030411245,13918587294663148805,9578699831947012401,6448273221154842010,6231384841347848562,4247597283729408310,14791079787128654687,4640229624554747637
16474844311802785427,5225565401960600819,953232027168588524,4866608767714431295,16308287054268311605,13556160898793511600,17077072297996578861,1121056645527138485,584964277700665979,4081007229456154137,5303058786151461055,3482173331100362569,17639216147235059752,11122836580335675834,1024273041913961477,17274206477757066660,13957987275262312209,6352405193750127358,1354193193526310840,8037176715877776295,6287364432185926072,2255225544368246456,8621402330975103656,864891961594691907
11483463192102789386,2231641177287890601,9564691505551364585,17426424644411351683,6225595306057831324,15418107219472692809,10445012894797821558,17719727160392456071,1437297611060617951,13917855929972788555,17174323499106908434,16643350728305517098,13045487863472193617,11983907851464818871,12730065668276382912,10018869125618491201,3167393366934451677,15578356405250321821,9838606024716214046,11047049120494137029,15547574450677940712,13139390412058656611,12569858949269049926,8047038506394616539
14535410539125514999,6220466736285466506,1015420322489719539,13218714932780620702,12329671120412872572,13950990290301461963,7637871928349537698,17052116981792444015,8777074974309637214,3293975592341531956,6233541713079587754,1595068374911441084,6360235584765275202,1202857301415116902,13174822090103069586,9511874415324877338,18143221920375101600,17121527409921097471,7098417631708956415,14925673445608615884,5440052796241479110,14659312080083661335,2645248478470120960,14842191238763196281
10799420310300453360,12035863634546190515,16191434139023327240,15526745260459860550,6284616203133522919,250289722425043064,13057955231454879562,5286713167900407575,13646875921194392308,4562105568118739214,5733225030301217544,5960848852436260832,4765288827057506965,12096116778558063345,15338975336738828733,16654309023800649813,15137708449313099009,5129642963501084468,11572835825205815471,12320997420259388977,16895015559178063812,2735642096266849074,6879811819230868984,6983899301154119034
4813837462452800495,964206876939208190,15017661578937897780,11361655778872316310,4631812863679620081,396634339863724713,16274462675844056600,9021600540850913451,3464166362206359850,9872150203295214075,175812702539131559,12685306296163388785,14573882673658969953,9037714309948979222,78276635069571049,8396513042308062596,263456201857536668,4924111181353515709,14742429409500421906,13478029329598925484,6856299629413055636,3620077182571323741,14079717284932989495,4706823437024878468
1249455767558847424,7217792626218857624,11823156182262945183,17218022633427240429,4413480282618494313,6812727166717916573,11854292251745470460,18437833476539635289,15056878131931285842,14582350972962277015,10721723883488593220,15852797198416861505,17524051483990616227,3216307980781719353,977999732779899827,9570527556884670305,13313610572016995723,4659117080560178629,6165604531195642219,5706989894619515188,1081124988892960709,1079814877013417123,2326033697777639037,11698314594243473276
3255560803794717362,15842149710691909716,6355949027180562276,8251064494045111596,8895297373930871519,12323271264157314140,16365586820031071387,5544038402343936718,1035457701709869241,7232077293624202366,1655034111250712204,10846755092290237789,11827108711117511698,1663660048345683198,16511324855550167619,4261050861274908315,1942631905460105969,13065313194504480609,14417666104805745192,11501073943203184541,4104413292645861432,5300107961392691139,8199656990972027547,17092174651473594414
4197554483367636234,15790264482923063167,2536697109236694196,13416308346848699127,12301401956417679278,10883974659176449533,6567306821174880229,6279721060864867002,10062594260622316104,18132620688992336960,17011296740520750922,12380931041628387585,4738907316711356795,12842671577969573462,16613924659770617456,11946060575777233210,12255766758119652070,2889583382641883105,3150860542430622627,15335816562246116675,5645946789135281367,15790438118709729917,6832829638268764159,144807579163283870
2376612576225705063,15689821974623337899,13318422520078408567,10414942130563410876,15416092652652767186,4993860742540825956,11473661182551329859,11246003357614196246,18415748010692974095,4909413223367313404,2737551212351727955,9278335875576315615,7058494092967469833,10795115666896416195,54169472254563482,14016372183287260633,9496540457471094099,15024928945705478284,4070647682646799958,1549059261838318644,3067451851923143656,1796344628946136349,5028254227193532353,12233920585205175000
2344052090113638467,5524966517440581809,5369912328869019228,614235627495019552,12463573447415150517,17893547630062225514,6653861019778144840,5301439565908596248,17825752903224931839,12728524569620491968,3762537727919377847,3538790522183867299,7117163274637927865,12590480685755005734,15419202449893991333,17365646331110822667,9340032786780139400,5025836832484222023,11285884575053007178,5099650915250291638,5643173059248228227,373774971614973631,18298575748681245782,10516927744596451641
12472903389485757874,1792997771465643381,5568892375880114216,9138308074265806373,10572697195479719771,16191308607648832327,7458835218650446803,11838534297383714746,18057403987164148472,14512454981458042393,2034956324872985094,13682850958234558366,1611515691838046825,2729390331725409018,10577137421674645992,387957186904191948,13136030691480241477,3590054617067422363,16959799781287714297,14932930970409603515,2766175838345901373,14882439881683701523,5568941215833278140,14296546840860273725
4458562640512608170,5063905004788414234,8999477218013934100,7341420349529509734,7533747511242934349,1375831692631527960,17004672835047368861,10527055851026976820,14264441966343243546,11686911182562435001,15194917301010575375,17371605151679000116,8334361047471219970,12674475896378751128,6071553509426379112,17702828213002651416,14800974567222328121,12609490705491471616,2954333717745833968,2932972680247007974,14031944356458189593,15084653850974397965,6390427896601779208,8549264939819739203
10642180588950383909,4310756585066782387,8085043840599337958,2700258264108068089,10996974827687100290,2949107068846298234,1071432162672301755,16906611773448260699,3353929746352932924,13223613649543371604,8973387384069784497,7707538567874247665,15715798040283407644,14245018347172488848,2794719867635985386,8073104630590807819,14462538992029355572,10919611062420324130,11518030589889664407,809050008303211785,9244746883638023283,885473473688785795,16521209967577635258,2536379145784412834
1826094094688006744,14651124837371221492,10045781082594999140,3380276798086760021,6756515347487122158,9031835569298321554,12365784860482656000,4725195891258339619,3128755031833064508,8813032839306526852,7247386076113558063,6016178201271707631,13891416064735615302,6572505405516424603,1216541869702332007,7747699771609741123,17382626094868040293,5089771228046511343,8065619437537773524,5832182883083990279,13725546632388299436,1991422554978503436,6805138725966835983,15998096377696510810
14826383777605546756,606404169822894027,1731899336908853846,7844246320965304349,14523540140484579083,6383389293174985623,8404796247322158757,9743283589829621980,1542372088936253594,11965248796433297885,342336497767250846,292205592729479854,144569786363007155,14623868071193962048,17516636493539080895,14528272909784266544,11291413830899705538,833299304800167204,14194932257489205571,7357323229412111802,14225349814406063712,16699126187820677212,5108227752018964121,7150796799710585539
7077725822920573828,16655433300180397146,12773234591954640519,14073220922090066118,12030901071189739483,1779776727651967022,17227634333894174161,5849400312181560669,13569690261044177104,2492898048034321868,15056335879376186056,8364063968429676755,8148027411778275180,14843709460198636972,4905020873919864243,1061970394080288221,7391697639968027918,15995756718019584040,17471293876610005883,4090689940311429493,8106071634868314995,8354836393445186885,8701161510553528254,17186070186858220733
4827304858222757644,4566690139639909577,10601173051542986041,9137820913014139679,13930265197249149013,10595364736139985320,11773950630901734946,8508983661939596950,17044347140421971342,3080846962018308260,2903216581171491834,6136925602038676327,17984076140505116508,8196547441697053100,13953000257595317757,4646691411305659767,16907864311909247246,16151951236012471602,15409683768902232010,5915633943508720110,10574435334802315504,17236139602691879879,6528140162843201321,129489861833594752
7624793525194590886,9772172331155123442,14110403338057571837,12465785847279344759,17939374114993839875,4891622452079303212,9586564578069381129,15000861565252523597,7170437603279440882,14374027142167416686,6970009830569606172,2477574270284724377,16131575400557034058,5431363708946022823,13464647460659113487,1569790965195787744,3543840482640235217,7314147361897397038,13263146885513062392,7519381166183519052,1336200358444528886,16617085510090898327,7595673532148282155,5231571508280681382
13526123417452903411,13134011603521708170,406710043013792077,12779302206338090424,15994801316599594550,15588809965095724433,7399828108259622514,2751229083091052682,18074986769748417352,611520517480139938,1344927376001162580,6183683728533571560,2636732503193742049,15970374213876355994,10878772693583832626,9376693026608135479,16407148124243686464,10718003513758417139,14266530939426596053,2717402897726009244,327690592432366504,1275371957886120789,1655848565876481446,18005461130282506277
1848814426204611085,17498643858879999858,3974014149989060059,11368716293978482828,5654195820790816002,4651768360496075068,17065191467980280325,10597262728418774103,3643560180930866310,4438617334641811459,10953744969108345408,12524427346727652612,8043928443076924092,14763700839626424574,7707670072445954449,15696654685638556320,15172671761803175713,2450283720422936826,11952995847161843136,14802916606045446545,4309151178212918966,17411936452793815345,12078179128607839316,16964929806840386217
10087572792936094814,9288519446367719932,5381055051142008024,17999115409673928732,11446919149880983572,3335685571310799799,3943251523694198920,15512640323169590616,2048406492570952173,5467686028277756036,9102213426071926488,10401722010261135469,13150058416147269983,16647318487809874027,10396110164060974253,10066007519158031725,17921518700078134980,10554020628346254164,2173289382523043573,17994668991582084897,11749682040585736020,6883923579566123944,10064643771636703205,7777410064228131051
10285512915097514421,16286652691198240908,10389711342926236115,1940628751578399838,16257718533345355955,4641034880855335134,5773134338237753705,7169638410996155343,13062393600926897764,14322418075681229510,9024253626098223511,17138966363402223298,9454206394849658895,15352843896395185622,12090570175774542919,4495992101338546063,8204559904327025144,4721207078192836989,3726111995215074805,13468431351592189624,9026678000726712822,9623597774391162109,5714934510237310746,11279341096198211187
13880072580908603951,11383837909493221896,10112842116372387478,7179482247358807693,14873261592468153473,15526129839995142447,7143990894268500156,17670646856766515221,17219479743614527166,8378151389578676855,15447970082353426689,10630802788664788375,7858888789242861745,15218195632011631888,7526391562647249255,4979262167129087257,8550489236335605974,11499624864782422728,8168669523850673257,2002313033978453627,4413247909968658019,14063065996974773379,5811947512253395003,5328572214522124702
1807596109640239523,8351403241256129810,10527495753308672927,14955928699699788984,11433415641405792074,748315351477266485,1853334132536536611,6280176098049033426,12583578730896709063,17333954204186495287,11359907404765773509,9858711741084888978,948437336086012807,14999411444281779834,4554250400330061567,2477128383356287885,12785655035258492455,8324472737255742704,6834634891362730302,6803173878580558980,9085971504721484694,17514273530721528455,1693856274745009457,10604506380822378751
1991688088820089035,11105893410069072916,11849068380007068517,14677481843760991306,2841662540893695416,5265558408657733916,13806381929336334876,16385923909152722115,9376595644063103585,981039445976118568,17445242468702283194,9549910049384849650,9858844221830903859,4237311211897547943,7444690493148035725,6592932041523634033,6103633115441648513,7168792419920114597,7100710286305719097,12266295308350861730,742316883286685020,16599234735245376251,16535045528170576350,9643695980108601564
14797724566113959605,13342260053139150487,12719716792762392777,10683236562719809274,7247875660366350353,8195935083531013927,12092341359644328731,15209220162930621642,6833177700073126887,16142689557903000680,14605869381477622764,7049328451535562198,3759695073334007142,9702763664795772683,16298690124489380747,10114400458776803940,4997498160116073436,17525818228078239358,17279714928469182289,3475061940775956729,3542094310916565309,1278369558846477096,8067334817592128647,7946197415012232439
6641927202593702850,431483418584875721,17448285768282134937,2167395000329542305,16392614266746139986,11720715137838079691,2262891615754982079,5314634225902732671,13090305016794637808,6239504011466612289,6584485945154816625,14499518767969221939,2329838400439788335,15879935108184707694,14933381981119101828,13472494993934453391,4556973237385465484,5946295002344090393,8270899872374189046,7266607292656233155,9766982503516382975,16536267544633210345,8573539753088823379,222698173194695501
8497555805250954689,2206696592443468460,7021127790091065563,9582843355426212045,1920902857961394216,568476614832306966,10963213521564174926,8620072152741949925,8728483275512157990,4875894235954704780,2649821056149116318,6510737987615044235,4897686056496547461,739155344220545087,14688264760281412262,13755781358586878512,10281144806177861653,5850079998704401516,12137668336791858858,9393276460001824680,12769077994085355438,15476984488200999067,12251235372618152247,16799882433290209021
7678674884443569785,876534975012527166,5959355956696784683,4232368393294554242,9748453340372475554,15197161123973701437,1459848387613471903,12468907223832758408,480519096006626918,16708918349726379062,8916039572869404068,8208310846977783966,5754954602169219886,18265938181981583102,4725528015815734109,9415533864388739902,6131516228798332468,9852765915941351621,70231922869671466,3961553590205605262,3459342708827151467,10401158357156684593,9520862497418749169,12899000970209212020
1499694333613640358,14779692194878758986,5671138674463865696,10455287318549913091,6174988702624228825,17357026575504120330,7123032378495319996,14197071450167860528,16924591813954008639,10920417883189718409,5281802475241331136,519419858578955974,15804154841894316944,6557700865030485282,9767131369988430418,14525774458117688794,14282824482961335207,6422338994627249759,14152658728033802147,17826383437173281010,8783323756432938926,7387744533262343619,16957067298667568743,9956620266886084608
17778928230777452623,6880484602369829839,3770738476814782488,5995403777834234724,10811817272872761222,9609932678760613768,2146736389488607437,4348350138388659394,10389735828311429902,3846090791397705715,16481247540737031789,15736770267668854498,17176641378758811578,18417413522309740320,14055628276982501711,5634102690077779757,6089580917294795781,10273561895345838014,5980814808194348237,7224447293195157697,11331277340490530348,15886273849170703134,17646811431116157389,11504231109244418354
1713345343474864558,13744630268211025867,294999043187437871,5980988571498222110,2362497059742766101,10589371702873781878,100871425380538647,15514889691235233490,18377178570309545132,14708038792307711997,4283079785994533054,12224681297216448214,13568685347695132903,14574978619965129195,15551514593850106926,16969476990226418303,17410876639169854343,5273435474959658217,11972165650802303932,11879923371049147317,15805658150889931676,9515100490267715393,10862700652764911715,5991289611526412128
5868056210135348654,16673737272697040658,12171240215285744157,4719876220665480320,13244895233582000641,4084209035826107940,16952937048680683278,7538565927973967811,5941349696073145815,8011471838488342884,5640048814030645083,13569850848339434653,13898343934331010607,12249249489262506020,2727136564464077896,7523185703922924062,280783426271632526,16013620713230417532,12067671954834006384,9872140775047100170,13957484585628346399,14474676224515650631,10698095780959549264,13597267710385856677
8827688456340285869,15291770412895916531,917110644855513706,7903618857585713876,985116001796217183,2238659278135262318,13238157601468767212,6156032715739633714,1924983272086811557,15639218622350006846,17052133900482569845,10873495156114975974,8819948065008345417,3363238253800251984,18105266345741495311,2365931847842197140,4674559158864328091,15995214594147398783,7958506647640177969,4814255349639168313,13111536610357700963,11442054810899632289,15682400173846674331,4203493920511657364
3376689299998386587,16864698136381627111,11698140694095616874,1649746107624862090,14822457294032914663,10253144310112574060,14235027134319926725,13380695256265438613,12481598179968015396,5450754959590647699,11780813329621598637,6782402853092989416,16737236957363394401,6410731845373734381,3316372448707572662,11819802700042656743,624077699494389016,2132191741132813837,17189917844646647808,13778310968351755343,13918630345203923490,13556930227638477666,5897424957822053569,15212100638990888727
2569085427680415202,14408813819740421256,11537418504144580552,684741551516395340,14140648325244128254,14486916609650161955,10965981907204349730,17405435418914154890,3776013430773890603,1073096362407722538,16890951669089275481,17963755270774666343,13489167889748290189,5675279383000281318,7951120543781062369,1619086107013488841,137987137029153295,850033088214111196,11054313278098496065,12423263629599461670,7627259312829549700,1109758367841019457,17995335493327187921,13255498559164403554
2407713566176486166,8179219616677888128,15070911658262657081,15943949253008853470,16732928613126442215,7131742978458805855,8618047555220027386,12248138056190327757,14706473240051443357,12941159917391700101,12318584995665363010,5327602924166301819,11880853944381941163,2401285861666882715,11390502476403567577,4709940056897667276,1115406010210440141,13485993708513739267,8458432637029225751,18446645277750376382,14058912384161125425,4747480283628071681,14637256256145412487,11765958409842503060
8387987163505731072,9162515716573446787,15856072967098263233,12780341791868465969,6676590640434675406,6083840353689361288,8240816888036899341,16617492371580962129,8988167158927080039,15050134496110581690,6038567415163938846,15599243957974741499,17660877328885854981,14710747730190838054,17844606720320413747,10650995284909856849,16973130040030977505,6182027031655883386,3889891727158931190,12482585493760640922,7842839971307075124,7091183322083185999,13338134461091700948,3389112691020226025
14184923941353688304,2588695572116635182,4860299641727127072,12426269633340219603,6364031808504304467,11166804607307486436,16582507478947188359,16972003892233527872,13351890956658283212,16734758247963360205,7686180949361257865,2544233991851629297,18356197909049932245,10161396172370826279,15652818064570497990,5329015851977360119,1073585305779711699,8968324725498234084,18005531719094821001,11844294244208327062,8020934958657622691,8393697344055013809,10903705742551486014,1559444313493178982
738505820490990680,6918542017151978775,5813546117050164810,4913104014772135757,2056826296965398448,11311215179820614915,574537468740569719,4978400894186757446,17853046746322218631,2651043316381802487,1702214132136410045,10035906009175945997,13398029899061170912,5198449616328747129,13999801789005719475,13253509625949746718,2928728412670557,6037216004034752212,12850987972817166775,5699398836234568496,9177540499816264612,8084582098383191904,5271051619740823215,2008047891287913773
16900419335319540552,6154347186222001282,8978455379425360092,1966418539171008095,659423807920995405,11514274185767275615,17901652281593617465,7905589319873188451,9186901043668406053,1649123558744181612,8812128433387733220,2270235850347570959,8082474211753597839,17874747919095316350,5949963106084629072,16122803711605700119,10427600548291107191,3883967316927958093,1115452261978554758,9612112449616618742,18228974702647046971,8397026548785632848,5190747034532140227,3822387135090496034
6409387159229413055,4439248368170018278,5337292283261467023,2425088912685631786,17887586925418273608,16640010133428789039,2753407475734572685,14533797938199123757,2785686236857268953,9042955586942506038,3599460574560306907,5354114862022209090,2014886422833559877,3747815486191012144,1753661150884068897,15379299890052756572,8045472976418444579,13665779271135436504,8275727164752506247,541916971904853486,7957531761850705284,16745597081579852254,15421264386173040238,12695820444157719877
11013501066206436517,11164960655249326670,12094142584771532890,3733101391667083255,9897964189592026280,3825462176887054702,15445280582996450920,16174099416294793354,9787805135537598855,471194091208920242,2399792608514184838,11018090222713131269,13191397852741975437,280325826408201928,11127728426228178555,8430165757547719185,6116266994298447604,15288805483397367579,2760698852423146898,467287338533077562,2305475258721970008,14867265348656894764,9218623185688062768,9058177709266390219
5295848030330350007,957811468022383282,11669476616674429433,13283792681806701500,11374554010991712709,9116820060220807609,2451457511072312884,14650633259130349374,15233933261976166141,2859239304483722543,3106566613397901836,1656041646251680971,10851942026518185672,7232391740418922301,14551044402568020312,2569690035863188345,9241162478815442017,11047526882690710948,5886857033083626135,16227525023110493042,10703066231167790120,17454155024479063180,16498977561488666897,6755753443064908269
6872084839663671206,7569024774810100831,6982218794034286069,10093641068947853548,8083921112348533629,13575014867469242974,6980839242471635814,6520141035997735689,3097981789179938412,5436532430144554680,7925026537528506319,3198306610854406592,3731236008812293919,17423211172800380595,16606758931329457742,2461022045295335635,17223751259898408309,4909343228881872173,17775922318449783719,2620047971138136081,2677795215243511902,355235012036130024,1174126222836211416,7674001295771635470
6838047833036597342,3714738029643461641,1729962889675174000,5261280154033403633,16742222073236816039,7017176574304314323,5711842684898597102,6428039538337480672,4017482312952107099,8622176820324455626,1151590910646697728,6668979867853705316,16363700362913948033,6557651241756348032,14655087013753378594,5728811108892579626,9600974354445035368,15507786368748950993,5964475963500890183,5584558101059271501,16882873259103286035,1814211856599288994,8503501635417526988,1236074509466710440
15150389123266494816,12164975792105428278,2887729227642967318,4214125298823301909,2146277228444018857,16548459128242912977,7644788356395471401,9161193153196167123,10931564117678262769,11945877011748129129,18094865843849701716,16079598659934434331,6168849802317693148,12908026710908740571,10669190882982017602,12642927265759888948,8767901135985941564,8485473786658450602,4172689306634422904,14818669305586730433,308211093084644813,4863065846885655268,5957586170418386711,5041052316396085126
13655116127440252169,1920885219098886028,17116685007172352204,4585384812931739180,13299642324944406680,16373616862289121981,11107999803271859785,14533334346165164453,1549826635665839035,8140147310921372054,14575960602232461510,4115828458263975357,1555675302725995532,5474333265884635974,7901927881356145627,4256080805117666593,11802660867064002269,11993866804521011570,12607894319913293118,17250421789267281590,4369942545564374345,6646961700742797999,1028952842185453178,17935985661598058913
17903307668383108530,14903776969810985790,16882280572192329415,9926537166508924041,11906060019659218372,11036015755980019860,8500432661126730854,6156340493455486685,17654914124585895902,10880607174462717455,13292658516712261946,1230470476976740029,7805709351543679384,9089784984454715413,13847883804533940482,10096034451749341967,1825505668168532472,15647796259195514991,4239147184891828707,12074663659910285838,9140205105208035543,17122140464681368350,602129007093148044,10099213085442003026
10215947821462375690,7423045982853839224,4786524796230533004,832238009232274170,15484943851302485938,4394110564706642694,3033478261924946391,7811338736622804462,7391704362944849450,18352248284195828057,12167848133137151179,3619596109310096648,13915079255322384628,7170297340623574259,7481366954177972276,17658413395862181800,10974611740352340615,6966213827457102574,12151973921308247784,14917989160947728619,3591184621562411231,14440113813579050742,17663594228262865730,3476663160412556896
420076833928145434,1112944176052380935,12014234712304243658,16676072628812756936,12671893172723062414,12506494877741067817,18307205622576320805,2976845263063895854,2773156635360119717,7865356447427570441,4102583619529805844,6310927423680106939,6129502597231373677,8221588973303468117,3724548861148057029,17012229759285720576,12293443716932245821,11799110986080729235,1721606640911588154,9135798878928904694,1922670026970519162,13172347257732555827,16907578186384823919,6538868803945579144
15328552532506975646,12060682730634982111,11838863352262297317,5370251959748728692,10185046889890976039,6305319318978142403,7445253198432815234,12219782819469930651,8654545704925719681,7356800475102214242,4475870496287324156,4625541125417223050,310935884589828374,15779800476733867716,10735886120752899815,12411616994508594195,16430976732959768944,13054176071982003421,17591172566887112089,8450027732796006960,11523321010344372938,6099841481819603596,7050810629897611102,786476840991374301
18080974796366532268,9800423389097559200,14224316700733069464,10352081911190099990,6210173317715825373,12412538662420633904,3422502715789734134,12635963892485441314,14449783605438561527,11860599204047085566,9859398010112818990,6029250152094249574,11173985480800565804,3400445545538130310,16810612821057209338,9765352420653176349,16519398425868725769,690838731686777225,15083002891248410697,16341540083523031064,16594178572427908717,3790809636174761726,773155728377079736,12708943379044797461
9686106423653869374,421249024693586016,895727720969208610,11184106842944614527,14003321497728180024,3880943507505591261,8058031480066433550,6943464021961347429,9253785481462965243,15865714393507326035,113268824647995208,6892249806042736548,9169670064508978442,14751601906319089969,10952407344218808236,11011997666358297397,9050212317193028623,5077236476996643301,2766713926411396270,9119685842717227880,9978766809525920248,11277049667576860482,2627594620160875090,5037980905678836030
17033050689687924097,16868971379525193849,15605548850462439115,10407029672341535858,14579064384520594902,8555097276806704305,352158778791230671,15660494430540710831,18431894634783226321,11708987375955782326,16015019276047248561,17674643622155569038,3014534601144110635,2474869522611522690,15725759485477415802,7196353158120225216,11445639290043402495,18278120226862471559,5831065433373119915,15423804905855586973,12423888930433780165,275569764719645325,1069346166708366957,15423494439327886524
12938564654854165973,5901726364593721333,14369781856805710250,16250187198875246056,10041684567206907241,15323566555536270590,2768117320371830885,4117091901236432041,14488417146550267040,18419971709743139916,2544291370691404564,8220428759318456948,8878333346051601574,17549466238677908190,6248945643142739653,151050348008763223,3219118497687018353,1921047758044987005,8959225779440845718,3637816229948139884,2967925246777905476,14858825471987316630,8592334903808114332,3057317156951444726
16924499393621132062,475883912696669759,5322038709770398778,5921402826606845519,17652889819672243404,6646020677788339628,59524018219291662,1540824999774196940,6581243135615952476,5740893613167428488,5943027631108642542,16884428411239931948,7673665254766742701,5784269846851785916,11659880758296339405,1051806893306020832,10092268160966695403,11628301368995683655,3123092322333505701,7606360383566166679,1317824402448862167,12979594691236905781,5302542398189955443,8742346012513279451
8771121543347785260,15394348488911199712,16967789327259165673,17916113942018038120,10142965297079215951,13766345615394752505,14495426297104114197,106753522245895662,9240382835258196340,1495465738149395441,16226540562068332825,12406271244575771365,9900621463542041861,7597772976621188012,7080315508140069333,17322291400862064953,17006427210265834960,17315497919644335783,8779016973067828308,6142973026125475238,13639620316036657274,14605601960212554621,16882724920408832625,9082820526389968526
8786470551389762115,17940422275169449189,3653769652275453472,13720154960816906899,15636020543614867442,18050238361870502377,8962373712699406285,4504275333922482459,1046497997056248342,3942630520974730083,10430032557672444511,7611980863282855680,13092820034629023829,162852907140262195,9728416630361956286,10515162224766252645,8786455970392932816,8480872361141391987,5337804695837984067,17337934349757042954,1364464383499033482,17798295996270902613,3273073601972017961,1757556460597087578
16805099676485622718,17863308968480078487,8537899969764445744,16678322116356248394,12826178994358125570,17421811945658804018,11880513253369339143,4839076555528828920,14863233997197158288,3711851852142293944,15691598000821895309,4622412834082798716,17960386750620975671,6048734037131473950,3639750061341308698,14485539102023458868,6354897538477575697,1423844350145979064,16037301444064246539,2168443345016640970,1005252100560796786,4034900991600311460,8718022842920966392,2084864766093018255
6949006188001948055,12695158008958763033,6669951311212962227,16146170569424395197,15292967642481425747,7023436499518300505,9306806488302272524,5840265054734834681,16339885252683443703,5258948309254781774,17939900686958291478,4211303432065345899,8810970320903041148,10580613920215579051,17370654218631076125,10599214308676330924,17039746327618596834,2149104638034075718,13345477928639813527,8887127579744340430,8541590660338128514,5619377084572570016,8866063176454029748,10755510694039326145
3297530305105815422,4044852028056315715,3614770454533094287,14722882872668680585,11052352669385716520,2606291130148014777,1202018238264129596,10365569103519973169,8958197572939279682,3490281729294956934,18092203325477595793,8811337718592722734,11863946111680120454,16210720760141839922,10583265756580971694,4945632150302387317,14266819928454627298,8564770810532856756,4766575892440391133,6055668346870226453,5540920020650069265,2803947708219565026,5967670327833589192,12354816413851538572
18195179179402555864,15777098710610996011,14166273051554462413,8285733213203100289,1259736660361912561,9578997757988583065,551890168303999079,7685696010981682426,14380730128708801905,17043320976358131626,8417595270654904509,576005779978466220,6718444898172181688,125161307566774992,1136296325384370823,4573791663276049695,16365140449618268156,1804670032881455265,16849881125055777013,10667574734080595034,14671668030004623846,13079180788876154901,6391236699616214564,11817413376181531321
11115448356026974078,9469398432043020483,4273155956933998899,15355194059310420266,13080310087823131305,14111123676944803979,11801360647168637151,9734614931425204630,3521711931738558264,8548084902066986481,9480949643804826033,9061450764721493736,17069168999356059980,2891232317211315282,16368682134002281323,7656490597473726436,11271927427811073453,4108446242038227300,11288888477049065130,12280643182720528349,3989894540429364493,512835287631071622,9221062721260609249,5930359695040053954
5163340773990723500,1985440735149126872,13691372064916392851,17195018960898861966,14227425305583669265,16714756621558684769,3084874098012958208,4973151066764664799,2444781132914382113,16007566337219370677,4296349377177512324,7011769664282311462,11142635977534380398,4288721860424929503,9139268146881007707,6697943405385160402,3394342489725415337,18287742144731326545,3692218119816954840,1137171500650168984,446314863060135421,10023008055461362933,11976276328187846308,6117422550940055793
17060124105119521942,17818754791273441576,7392228145237020965,13970625364359545147,4351404266312362517,11220215147530404714,3018088793946739058,14681797045668060159,5391016440791167202,7500882215301541816,6685725039188656658,3732099806678857960,1486145129776250903,13441942871171483563,10399170008777634893,6089045860077851904,3189764388796206999,8143375747395788562,12645319896829161280,5450495550456310454,14923755114694083230,823664945426335852,4328646664676897464,14061070422446424959
13339248802532644026,7586224283900200486,5703580054116596628,6383370557923811207,13296615456986508909,3715261456114560804,2422826129734321090,12198954860878614663,242709651752009565,15978941439512449429,15720744249460392655,12192474382104840497,14995167336143284255,14902257519072581226,16669942899813189932,11584060817116666710,7689894744958454494,11947133180572118815,2398514855154917562,9163438974488624866,10931284093111368696,5565406220059586296,3663440712191140718,11861785977856826087
16367993037044848038,10667045516777360788,6850661968973507317,4567397175736396277,8100057589173077400,6482174214128463685,6479965336486713051,15475430368133139251,18368376961256630257,13635583920910004393,5333395253139417122,2204512000906171901,10199428772858426691,12033228953160771651,7271170738849670136,1558504840864075595,5926711602545207113,8813873820201168803,9711438300574507304,3331292379686321842,14403995711275185897,11166206142203560082,18399765095284799752,8903210535850594880
15664708955800163305,10525437280173984798,12862017108557032953,6451218745767126013,9118831094654134920,16318066002594378273,3475776132700803158,14484387730356074211,12457592261894549606,9620063295231053586,570910391387381713,12306369935361565838,6844748673735064152,11772149210607754728,10512960484372423426,6363180987661243408,8509269778581173554,11893634585962677527,11098782296503887308,11529786476971296002,6594853556944022286,9722930151769216616,12012127384833233234,9369685201237757682
11000534011378326622,2002378776812588302,3880796078957047330,15011846049593675267,14335768234999102110,4376458030198408229,8916067221277563138,10494308100991813109,13823083087844013347,15159625263628043298,12316758998820975230,8323244599735765040,9893839328492586715,4413470212896921887,16455479826384632359,12441898721196297451,8987415161994347570,2076899451141421805,14020882763608211563,11304222600365434477,3182562813114994890,9786778321378585055,10025722163997874911,16771398692913007798
13577440213043602759,5075335757528454225,10343991816538382974,11100622025549749833,14206131439201997526,9111476951272332484,17441340461743016488,2756064391324025858,457951818926460571,12924212451332253331,6613036451742655789,15613286507827012738,2498746480080542395,16480343287637919551,5450556073560257330,6164790871559227159,7987929087533040688,2690014726676888475,13104833239889036187,783647595248304588,16211818287961066919,18243335401886103763,12711122631561346514,202251155720787602
16126331929232066445,17962184737181303943,9009245844158611751,12327486796208972236,1507803934697810905,14512388601557804896,15706551059979893011,2383750851405701023,9908324060578891312,5218906004629401190,5418860963883742032,7501586161382617441,6255853283074328203,9772665056019956996,15384370354666200693,14943780993355655837,16619483811195514901,3748351809998125977,3109688843840956541,10025382210345296328,5053280196361623959,4909181146812599763,2452793456125097452,9967051159798770666
4154908553032293908,9433999959758200632,9276698947401140083,11143663978104161212,4298331487661663844,1968393750660398129,5569225317226517938,5985141821966852715,14190969961209220503,17948348478992439594,554372463485391513,101632379647496708,13224238648124235654,11265819391213778821,10652797688747422607,6049982105016845917,1606761553051004467,14545261518039338967,3972232088196091121,16932222592232942514,5377074198463918202,3843683097650922221,4874619363506263595,13889531316680536568
5925581589575321942,13427487307503850795,7127034732167372874,5303512595553511570,817618589834966601,13754570429129462035,7330498825998693362,6615884928463125461,8156669771295537907,5747459604373043049,13619459624454554247,4161554093661960991,7071903746733874850,15358753641031288005,5786020542594143646,7933139667556927686,13781727562456157137,5906580682591021067,15790911542692157392,2574874257278451607,14097290415440627270,11329495170986030317,5096730776355927894,4596206298123967699
15442621728374967396,10924081341702539051,9883389191038391229,17119130038310744924,13628473896065615555,1392120609228972791,1693448833681795672,15932010014782805277,7803110213938516140,8370204362042308910,2501218276709954279,10588367543151722598,13749872954081281275,4406615441068329036,18076499489870888376,1000710628735120249,3421543510058155408,16133602719000596766,6036382992769946169,1068131779817698649,9301445477467078452,2185879700231107196,17225621472711881667,13673486232244444852
9712407779568192402,5424072888079175908,3534720736426390082,13308997392995788209,2496040738276803875,1455235306797849957,15391012306066076989,13115508371650989394,10125361923756905365,8698843569751210571,2791316523826015153,5993129837122894894,15938528873997994197,5790020655040665743,11071154548076857701,2423632546812536149,4685229528189916045,2394064674048942321,1366887672369696578,5586262538794620345,9268082580472432209,7133703116137022883,5197716183617404402,11924466224419843211
6467312939642803817,15104341827850847984,5895450682563271057,7070365157625706833,3437088960524819915,12111920604131609493,5578595589099565722,11073078285861665884,10201207786759079438,12582592073928598895,4630167007477630124,14880147988844262347,379295518279019226,5737735271933349103,7047780417232870732,16580292746528019280,16202852260062398758,12222879620154425242,17201354433348193554,4679223364764805733,8299382685010044791,1462785389309317154,15691910363230096971,10913006554336638954
5539384186592790378,3065533015771851213,4909554635696598802,10781353856763896340,10910736528512773681,11567782991646114578,968348362269354775,2416373715732978087,13703056417976206079,3595391700766011254,17405598094813101817,4543739513589072809,4043460722322833130,11473674204424338856,11306375922263780241,9657489622260207262,9093973426192997731,3057677835532530559,10106424824978945700,1279329874945076904,13747008188530518808,17909815683088729557,11275140347678704602,816399299126116316
4047031412238839756,1922624114450238364,10738195267044449271,13668865895322632167,8145991288331231345,5214774509267776057,218888757687701804,14465499961735168098,4309823237703374251,16587596507449351333,17268532346392376205,17424703615007612228,4339298834044166889,7002680807731984102,17065781398382823292,2466174873657166382,5351312808073317937,17602275101798392369,3477988522637297011,2433080703846533059,14623051081675715283,16945070916960057449,9134295972395198490,4328708932944096318
2582702639972048568,2240593530723326864,7072347725330111557,1541024717013415252,8266976416229845184,9491965308517934932,350055974516872089,14255455493186113881,16409464409634029599,5449460045058284167,16622818431299119806,13992658263210278304,14484409687616495353,12128213556781023835,5357584683606341545,1465828385514741008,13607593281751271916,13585808606801673182,8959337170493014080,6935007641964751816,3999221887317769345,6849458644322850580,12045426268887009873,9753902206829643381
2739773942830193334,11054985591141132888,4597884567100788274,4826523920102398788,6468371600412910505,11943669490979231978,14786559411407567425,7590249837335301769,851332087796605736,10435602854113787611,1803485296513335906,14319405316758464298,6929460766710869745,11039802721301637658,11748884987230382019,4379190383863458366,18076318662293915529,555870902461121363,2171223429382722716,1984869027830685047,2047143141711032255,11864283750398270538,16223889943512601557,7336964040091705508
3984629310256910516,17656181445708305541,15123953661026980933,5296951849513371046,2746071316979014341,10232722283954924563,6556637143699649609,7664167457998457227,13549979405511540761,10740586493764314411,15871330993958990092,17915465059861638006,9630227213009683631,10108514284614516003,8073066766038845062,11276631320018683058,13390696774072380587,4805180498041511876,2625475920649083242,9660913613812518668,12196312110056703094,16324297447672640931,8653830847325458455,15535480217035846006
4388576795700343700,444217404893644815,6042806244284881598,12897787430841186563,6517121316082248629,16514141266718980482,10786248560625821848,149313259968702929,7419983525286186320,6820461771553134535,2263717390021924290,9632250784899664534,2530531424023565011,1653585176482708472,12616798281274634347,7673850957055471568,4895897689980123282,17496082208854866025,15182126804349791239,12379957492232062015,9420122291641446788,2569105523474514857,18169858935482534151,587623740094537834
8731584537676064067,16643167910322732404,5111203634354831424,12008061123087201839,11563121226403129054,10223305921350011808,9924923436940497176,13614455275643971863,8870732737576079514,454046315053732822,16802830454249108422,14804401369643687724,2620553810894157299,8246032135772084757,242135420383440085,1404995801367959508,4591763121969827427,6937251943417537822,5500794867996074107,3758097371851873325,4154201171278285546,272809324872183526,10905095351373453877,16194694873936448121
6117829417662069796,9453566510119197039,4732439581468852132,14857195678043991696,8465427778125740857,10791111543988891647,18118733820679384011,12423190557659848539,10369365356700338519,6243082139991385140,5913438370226281553,17335258406080705051,438733351391887992,11094556169833434295,8245420021801337348,4192865844936402659,2955842080860310078,3865588423323461691,13271806866805109334,18143191439443930118,5041947746858668470,8703836063454662359,12825729814598590762,3775100434948366616
17705985307475494808,11383494820481514721,11270295226065757121,11513958644308456782,17117109958439578122,11063925620535789186,2868538719743312456,11256197542343613880,99390827019130592,515926695482689352,12356807847936477262,13602537120194737033,8714114358206361067,271290147210938523,14545374361069175504,4058719590560424944,17378659966759750642,5128311250676469608,17706105192560672145,3905845009603251018,11672657284212247945,8932092390552098666,11167712455001126226,13129778520282446157
3268833704967730781,15274160242652819299,4929003121040545417,4577807763751289929,15655426931066747848,9713187096520395211,7628484906548317584,8949309309897060792,18172552039955032108,9004281094927598448,17760187556411391777,570148842709630654,13505259863869524739,8772891862466051885,1301495736007741116,1138442715791899369,4872339726014601365,16059851693253915929,1495415336670393414,1628685535287336622,7771079971986060313,10342946031900478253,14630340857681819584,3311289413072756164
3624636473660547428,12408691223186696993,4638013389703821963,10562455245645089019,16366930352103582994,50452491889351537,6279718711441713280,9291783289167271628,7479374051074435060,6315039304561518127,1041775700835439877,11841398251235991747,8590780938152692818,2813630974404281472,11618789582814353950,2993939784243980929,16929500752656344627,1234663993792480850,6853336534424875046,16482738720745469016,13624411803198551385,16596397074151161269,8681298482346116583,16463601749655388982
9674456173460641764,1839901624696643936,15979325908782936782,11009716764350903126,52297856222692659,2543884534358830752,8006739625071138111,11444818403857108183,15636406369092410597,16703990650083847081,10593152656586977021,6898322357336396535,12694624633713275868,15955261367744439968,1917659588809320935,13142508726634575295,8977031228387381743,7221707954396231516,9021038438574924126,11627081428425340780,14705019522713821426,1604253417503890066,9974862266864999134,9030035768203980836
11608242108068502490,4599043116685824253,17114899706806134924,13183944577082423826,12654969614971252100,16085183326562036542,8105674277526958136,2719131889046732170,16926185082429471901,5422609559301992974,9069236430994895756,8697422699985418069,6234694817083204829,8708251745280918367,14550267090733270967,15070177178320631712,13241084533705109978,760780488413977300,9961617009689161347,11078722820000597005,8270556386584085554,12086961184148018078,1987711628402362758,2888764262037467427
15895106901996841782,1569467814815666826,4400811960557647819,14281624573028353763,13392179116583306252,1084983863251695981,6822928057453935090,7300957726188665122,5382916821697610269,7402168079185520948,17756764821913834593,4752760914267558128,14828641198839209791,5276752793881184852,5237940389017588216,6074442725186270198,12878315757689230403,4433229906738740360,16834393770350183956,2505023664688292673,6685890695927394080,10736954215368029816,11419699596130443991,12520087210481151000
4755531270542853344,4949135637375689448,12976702896385520987,2630675274778035262,8609480635548705198,9230898526634797714,10501429617874959161,16158372175707226267,9432665213556450277,8874738260581564690,6298955077660221338,7663209755964275794,11167078130091312996,14595601467130008543,14750961444575458577,4187673044069887866,3641665824204179078,2234004528057520389,5715451806428511591,2847970488585467604,12340038661256221291,9834306272764315813,2611856896328737758,277527942722194407
480359591608844329,1676328392919091884,16500314824384469923,14823703732305776145,15880457734099993304,10218421680090375734,16134275183789957202,8784420995045831423,18338127938168253797,5361007596775150794,13733265881570732890,3237589593946214161,17717635051487940021,17845905322405535723,2643254157794337437,11202547523506765222,11122846014057076337,5422937353087399600,10861159047842625533,6856437278288184266,7227593995688384265,308149433752398909,16159383759816694902,14845926473742814076
7835364983655457640,7234056177532420484,12690191533064283085,3197396109613141898,9103112768546367393,14896515898250759633,16537787548187746342,6856136919781363246,8180644047240453734,8649136710016270482,12510385714349726577,12025666346917316632,1289150724912119022,14771482849212758100,1776381413063163094,5952029892083587445,6922250185316259046,995089868936210503,1498660186109186909,13066861288602856626,652536836444451496,5823580825020384645,3609945057088804059,10388535994745815965
18232522798668494649,7572254929455068552,1806240098538325436,16664855930536790465,14397915878860738220,15355162738342210670,3706042191991530653,9427548476128328552,13312427796310970391,4637726072745691333,13577330885333293476,14678929918164319801,10142524208459772497,15465006159729935844,2577259106789924617,12423893578837030411,13363262561153552697,13562600070993860622,4315244260223286336,6718136079789766015,17099607496552272695,13401846359199298059,8970649998590229790,10452414830032948069
10263495847247935558,298091145533347621,10125085564221865512,805412247010204575,5873138287680360977,8000305579976833480,9167973502881078940,816193794581966907,12214052192404771366,4552230081172492963,16390545634128200286,14922909986233405724,11959635059297527711,12923470794252706438,10029495956738788388,9430854274331441852,13547090865316222737,16038444064401956592,5206815082410839715,17911501651648581170,9434363175936509840,16791002595004747678,1783105040116899559,3791573350531972968
11663274223362854922,8192430108063658168,16856102971367523588,1592293282177024546,1751036265565209594,12388688091055680979,7478608822983138733,15745146161569518864,15549839344113350072,3955486838535977880,999917621438128180,12690114466398462378,14361449095798733430,17650223949686097592,8152705894033677449,10592961718879985035,6228572549726326652,15122141768016592367,16351583724507358512,5810082768057978913,9130899868823120146,5955638440423748847,13129487500872632589,5781386636542300173
15613924871223204293,533547534392639128,6446350368009089516,8717736567103154444,2296339208765832782,14798034180268835619,5425850582845169137,3256387303469848305,9869648919700151131,8180079067711791831,6357137852420332350,14888297368084320661,1988100078846238873,7498920442642097636,5105773651717823122,11271788261097528356,15591446953968389568,7204524634609260218,8179020691680075674,1931313926442902263,732617556272141893,17777400190585751450,289587062748444820,16639980181875119975
11560657745257458540,2243453472932688969,6431368361426398544,17136163445453193024,9137509170111447692,14910355128453231964,2129067267550151041,17554744844715531372,13946649714498886661,15240007166922500244,1509038850244997313,10869849949214576777,8603009170691968451,2574914684356288406,18283780839712840558,8433856690197105001,13250543203602771436,11088757196116352511,15948885321877496905,16942611305365308728,3624319808375373893,15861785192470086623,16841714197793883096,11682767645114666580
11050350352320729768,9940473483884776814,17252571451796697994,14828397905777396183,14175667982787459415,3608474485306964136,9382191012287275021,4676787024257618519,9593071318833326702,12101487722808726297,5851289154416785964,993836459773237495,5516470802767730040,15777141766850419030,15513894920935989275,1612912611562428963,15347079634418683392,9866577168468721379,8296647214888530012,17901434322271923527,6218505485042702688,18343422740016696889,17210024670202513382,6787717103171668724
6842586818428409514,13709293050821135419,10606988062390951635,11743453993854109105,14771009855910301943,5616405824230868189,630922738712897644,7674576704941562935,16085912334642093108,13058523030571908778,1800824853730245077,3008555230567300157,4212138168953933737,17510183264735756782,12390704283352931767,2726084530570949400,18020508355463196877,15994380528462256697,17545465500889669640,6679333942430532377,11886194667658743959,3959622619723089620,8695333221375271969,14191509911519735735
12319860250975611081,7674909821196167,7288197674879318248,16801947774932812734,9654920268934217867,16737627555132666251,16540344629385923255,2068108816188662432,7991080572141313981,13644794379658898104,1233453099874853836,16990649513144377148,14183215902101017088,1528372937647626135,3136844450295293059,13826548897967355613,17804497661492136080,1912269215437723197,6485113967501418767,3437778070880944171,14615211701317623412,8549572423908112178,11284954802123318223,3232453361233708396
12360174080933887713,13862595478412596857,3428891081160107923,4041954433004456100,5349315660160011379,2563550270205891719,14647592395204811774,18233025454044690578,16244316851771576212,9709605172340814555,1139255458256236713,9522438864589438216,17187444724294112460,208141809782070241,14806514233324100305,83812060039095580,4788144204386696217,10492634192014664536,1355572826808448560,4035837042064042349,2285569407080318818,2468763265404493050,1949099128540914728,765242143713308498
18353579398361466743,16320201990940742771,9075378180404235713,3237903671003006248,15504490943160238656,4939145760021864420,1362866255970801433,18389939875086860212,4936315898505800229,1420463950205395002,990923183756351959,17839367953565147759,17111111398720464359,16645791099067068155,16887192340460638885,13864115639074979566,16789985047129991842,12361507503736750973,16498936885695466309,2114430708783966688,1288617559473490912,17620755713951708656,3304623101790978723,4772844029278599560
17211579397582983811,9859852356507968568,5104347201982765944,6111318236322680343,10837362132216354983,7707932268003243575,17664239521465524272,4957309990471970348,7797753190317817525,5852349679672253507,14310635990753901633,16986260898123103662,4897362817617278677,15781252712317109062,273879835929105386,14604592362095033768,5651961607800258090,7853515600579952656,13079332052555600641,11056542809654294503,11004269862800215282,5646273742844180780,7142024089075862776,4203917183507864047
4904743591045500731,12081720960853088613,1516933693477092739,16146803091433591044,3787989173311311765,11058148688019502520,3965731795415319940,11798910324983841180,5251314794809692603,2386586946332771157,550163158483209861,5587281277434745016,11738505823884672169,5837211289664566633,1849489462076348172,12778163335390814218,9503222904164100392,6856911861897884441,12018293878605775860,3384792274312662120,255880415324093290,4576839295145118140,10798549449402441776,1506497429706191241
9130611574680103146,2732032503188819957,5230811141600981467,17734967591991423025,1856424599646335628,3402593817131380133,10290476614419709316,9073596781937233652,12059529805881719423,12779289026342423972,8949832154440981103,14050888440966063874,10491384471938584329,13493154225189251583,6887610998794943598,4694950912479366301,11432519966156256399,652110946637065686,10649410347981738690,703733198107188686,17486214224979404983,8436495559708323064,16848558858546838156,9075603840513757641
1033689375330805034,3431941080377969839,9454055279377896290,8892574078550622814,6855283723587189726,11788621366714777610,5203083088699828536,4279198731031589720,12503876021111727155,14131198946584845007,10772222889022627656,4530093371514608446,15995455472129599795,2786046001691305897,1846349364205778599,96061955025302411,13176978984370055137,17105064161662218674,14123441292581712927,15155501072872447733,1706113887368463902,6977208468235913023,17703447216753588131,520630856969930288
13005078966900748492,8678092335314392335,1371221503241159131,6429153014392863081,1961158643703694805,2581809583212028048,16510111609824491949,6091194009292508379,5382467213985035207,9191098970361259642,18120803902113619121,6720607016643792256,12319158415065545583,11395861549038221343,13383037209507914024,886907774913012913,10535824512669577064,2322552414410439365,12005678295176682976,1383221857088191755,10958351137669202103,7827722238289411242,5087527518785314902,15427797762923761755
12225537795313703108,9889046072676568025,16220818927944271647,3408013464151127250,6175762837049036737,8346750573296217285,2954116588390480338,3997910256234694068,866426662748555112,11933752137012587717,7737697667658402644,5081469421802231159,17526633320775861607,17435751604787042368,12640535074012959796,12583803825218672926,12928881373208050276,12204059170485784345,16333249957833951914,6325551338446138572,3064289412544297109,5773509366401858807,5109361150207077404,1932112896184827486
15209369051227014565,11699006315839011790,6938425403779530417,8552263090336341743,17681703442357051110,8387823528213677933,9327417524835661279,16102877293136832271,16059839603593032866,10547345213370872859,13449114924652350136,18417414654336495417,579010928071623520,5757756044085955842,6271443937511870963,17305129574372848820,5519901259809563021,9211336362920939951,8679305131350021595,3307791573918288196,13681921710309378291,7167385801487630232,2830063190778275197,6699010522368657762
2251424323648393426,1468223483850110604,6459618979977312270,9497424779249237212,6833537350542847984,11096463652496494704,8068821808822707745,5589383823112617539,6104417425904644953,15791658888995418610,14341955313628555381,4021109971549793238,10969479292537233638,18398418286262668659,15849451336556337091,14153673639155964336,17467887897118640256,13123805168849055053,352134138773278258,10024725077803900198,2587354724050925800,14137978858829663221,9387764237685240277,562394997247990355
18203680405742042084,10315953733888319541,6373577051986311537,10822592280595209523,12780169887220974850,15901079249042041750,13837501393186744351,3777452040404459131,9888344194699895803,9782178888742818632,14275060282599867577,14816758767334592734,12177553156194628803,5492100348153225844,7886076755498553387,5242074648409866796,3681855894639604100,9053249541581448475,8568165039842394316,5685325623790464211,17028416582278563062,6742964027922681416,11432995843170400357,5955606078077142014
1245800444600654155,16573868039013770203,2640106695326637865,5236161584182356809,11644869427195665153,16818816675881292263,5505039644872308278,16510837058191997662,9358363926255675090,13293178656115555641,13594585913645299138,15701557355877743971,14149320634447869852,15220981091723262414,10019112919451580837,14490342728818181214,12334528668706878037,5423090497745159348,15851517458594432482,5697171625419401517,5620121508266603140,14106088059336683962,1066495068339372703,11302312832100081750
9665458059128663301,972495425113289885,1065266564386527549,1965486153825007626,5126852347716326662,12345702030377519879,18221375488670468091,10469120520645600066,9592240906075437459,3433674939411774572,2732260533925149426,1548293898576745148,15174746378240366603,3657805773652167879,1191308317860642438,17234201908353415255,5449678938324210511,8948559911981416884,17834989722673880032,4511817326655768534,4148717355325981400,9969748508932738345,9959793410283618577,16264851737843235619
5000631385213293909,8538969038263790148,4645131637928747187,5902395238975014329,12127796064671679277,5955719511665946612,10784791787713631916,640624473879256340,12697300558050068793,17557446275115631457,1330072761901048890,4323185644263634455,15988177227023315620,5363446033319195727,3137132359047975565,13492271866357324404,3078171746808339483,3848612939906031442,8768529556197971538,8097433703141375893,1497695759910770012,2553604059987012736,3857172271301079600,8124647541912717304
17842086754034131371,770828331550052696,10221706624777598663,7866968023219347531,12004328016751191237,14821215271917388380,7947134007594019888,17807960567792838559,11442342068086822680,1333300708558213671,14490399960256694682,10844138469218495401,10897500612178780689,5598222661929352861,14155178623120019428,13125320124859009894,17957387888032226670,7786896429921741568,322499375648273507,1142207581090992072,10918174110156340920,1311810026987971990,5333752074250303598,14693777531756500309
10362120613515846847,5996150541074088962,14489467154930698669,1235046729572190486,16400810406197393715,4489299668710117467,11976713424425933986,10343982844165860720,15434287426456637293,7636126562926676021,3932651934412172088,5612706852867243393,2034030843417296644,10059009909054398947,14759253348083003876,17330727395159921597,6319325258868479767,5583382905800487858,8417844825827865959,8646160828680722134,17295910026404362736,2234820400944456470,15767608431481839564,1363734128679090189
2008858920164475659,7343075921004425785,3727753216227865973,344359020494425706,4329563005652547898,7383052192554378094,6112998455334659939,16158870641287084795,6348726493578490656,2869475289628044992,18175351124189100024,8117031666493638878,548918362918973556,2987480857071966025,7501761790233780087,521324907908241495,2827799887936878679,11699327604360657796,2620474668749543858,2346981826298893260,2564410106175342724,14335219846399399277,11759076641958138951,17922051766941435273
14987164486444270388,3585118956462005257,848442162917247332,8768645074417438064,12074181746778015107,14226803239941901538,15009549239018248330,17410010461182221408,14127882886939172800,16083959772581503808,7984921477666474193,9363255972112025975,3801353110370797729,1787274844294676530,12278164337898957426,2086937323053110917,419205967139530963,5838082933887788651,18412379136449548648,6216474362447580378,6214879696550594808,3365795625891039264,793429109582254983,8715740213274741650
14696631892525802237,9292767307646294842,14508510039043594730,12886053552241005737,13931632690619770786,17389270680449179212,378758752442042538,9208071079295265476,6967917197611164719,3049745536138195351,18361557343985724037,15264118653823958374,4602999441429310187,14864016989117717903,9036050720563758804,5552894693646418360,13279258311532248642,3888607817326135151,7470501877935612054,12810821821312853764,9643170862594447463,8228002910728415704,11829062243219072488,6341615014539817108
9805361614352498621,2296795784873014429,12168655719968510599,8019424668006836211,5424634311080928190,17538558654586273507,17637159437058981548,15752457520657130487,6332012273878314450,13335429781488472850,17679842845455082825,13208198893371384727,12006568700972941515,7758982722737315615,12142329130835790590,14051644633585533190,18258220674187774475,13033982176343398700,13438778638004101971,14592050242077259452,8284486867092375988,6232063930058246269,7641150370830553601,6270020681896670229
6011746314553705410,10523288707669025350,7578448138683070609,9364244600392809078,9105139601888236616,17415709821394296759,16469168874219253963,7691234909258738758,18012498086316239402,2853259135717008297,11258278757514201482,11557145873541098183,9107604390409100395,12092310391364668224,7896076182417991293,12288719307396412352,5473088432540011568,12343426370241543815,14031737623298852282,17047761406116560565,2550197060100945420,4367429359098047148,6647772452490595654,17855346249834000786
13977215536191488918,38304391730295410,13237635917225225035,8128504380156307547,8292077158737425406,240610109103177824,10757802422365445999,3961426511022969230,4423699166159550893,6093893999964058893,12999119229958792520,13397888217277696532,2050345212516024725,4139364990819563413,13900011997678339628,3888790624358612776,2148289545643590259,2846432459619278406,16268381144644970579,11333611902696472289,1333890153352114148,7742008172305203105,11945967516695818736,12446340523326449702
14527501423019004123,10486718458659177576,12479546382587900497,16006849161450128557,15019141797823919916,13017246187225025000,6483089591149152098,13315418562325574456,15057776026371443620,10611074271274556707,10062574653517100983,5565174367026142232,5043886681394446926,16269641942681530567,2822391948654638243,7586939771238792446,12690043306018763978,11785039819448659277,10762450653189666563,1385436165321942739,2753692677005900251,16335671087959993773,9537811436663887134,17074032386151501603
5505308197544144040,13822428877081442443,15287742248580712545,8060293869277435207,869324768576980347,11195775618776407314,7390732820237954407,5604280577292007444,3364257375772989565,5201057413487515672,11608614422178847075,5192846138842964955,12850258233153738085,306915976833649194,16054379650354138745,11754391202582364999,9048354223702688231,16630317496122942734,551999713179080616,890706517018813695,8301845164447860526,1977789108151749386,2061826513292029603,17227017543425580313
13001220053583665798,12099072430121915133,15830950151906665467,8654266635217277985,9157866463071377985,6063401726967829831,14631171760100794947,7368923864011803954,500026097044836601,4364856368432070247,2617936415830553354,14408046120749323435,5994551597956569227,9376196365444593407,381567240025669839,16178555553555776769,12424473589678028748,13695305327285150375,974578867694796780,13271212249490223697,17008157357285672069,3205117304994218426,14758495186623602937,10857464725192369757
15258167201900589519,4111310750785589813,12895186048053380775,7688087227684851328,12149704438224749487,7247049040460904208,956093486877544528,13030594098948007411,8330135254293413962,4256182160263442283,16496013921964183067,16607210040351474542,11809957426643545777,16777613503063141137,12278557238970442677,16890803710443707664,6031478766769221844,1565083811741405347,109557669907270243,1264695775477093557,6722586937650953072,15683395392779247089,15746188383226894835,4297847620487895170
4349549347354699621,14145809764707328086,15250976750969854124,527984299333530257,16648704167069489611,14974885349693270252,7765368533376681527,3396017203492457132,14736836132138566991,15845640580624994226,15514226968646420274,469945398861323195,17123547408291530678,4129330157430826233,16180932182070639401,16337656892669103679,11028933844929033494,15375090616801795532,6413014353786115343,348274311416765849,4549408513436028440,6638009582632403202,7010445539713117665,5083822706131483854
11296668934180576882,5653665065126154608,3257048027590487660,14179700575911775611,8800417903164062046,5383396965301264291,10648249669278777757,14808311670104408670,918534547438926650,5406637538725267108,6207360065998677348,17352001322421019713,7987063010212266764,2302079403180370967,8425221065645260289,2998384520906454712,18283201548810145323,13745654387278723442,10752438605575367738,2103282938435319227,2982282682444516628,7102202178485960939,7190779850589778309,6937287976899360349
12098016782496238704,14563215442839900883,14566568396662888267,2076187774997073912,14225147422030025857,12381178314339995119,8809518554566082565,12560047288665500598,5821035200531854196,6560800911564965443,11613386766851438762,12123802493913735856,5754600509424476163,18413739300426185458,2292083632017246894,5494046669122747834,9526001187468230473,12159808607264351324,11183975415558544977,3153370383878627508,14458906849351760678,5207175348769817691,566437532552990715,4410010538833013974
7298268778933219385,1607411636931605606,8707960247348353012,2692343825113791197,15020780334195504049,6161351045299187128,9550888864644029012,16424388515456387579,10991257228944247206,6825466627976203654,8913079088393926570,11873043376491382818,16371876579569687212,7206211397863709783,13531665609403638869,8039068617690807666,11105243830100835701,9784722631258335182,16782555529793039166,3944476359837586662,9096316449227319770,16987733085796591837,3302776244756316173,12375889060660085005
13922753583048761228,14873814645320714784,5812524347550442292,5516327334332411097,13449321363021774958,3376968262058086130,15735734020562448787,5235738930571859069,12523233272895319768,13976193822786569955,12500002179597983421,17303201596159421776,8397606511322597017,3572452880186594438,15024309301300874603,17476270769824354176,6936427565885741818,11718169077271619312,3878588469264033859,17777975865710423113,17255498161622594599,2457932314284099327,5259247216128054690,2707688790285728426
16071925492688858694,6806539285665843543,8736555109592675616,15706233666822157666,7803574831355054471,9759841665122600708,10112950146695952778,12931476161383680952,17845228718529431889,6872401654269450782,16692283735334873087,7742936807196475040,4768842141131375301,15451060728751900018,6763342098352064917,585406321695766270,9478162819064310294,11057890388413841731,6664841704874408652,10077502960035638033,3346753746343339168,2670117259339808010,17807839147412927379,4255888976816513797
11959095886211152498,7677311146064102279,8881533989851514744,17800930937071947703,14843755812232348623,1975225251638786715,3918822232246994932,8379295116272895739,4254557391892125322,18407220942595347239,16319570759241223390,867577382229852371,6375255373292039760,16488712613033064637,9488206117491790543,3484563792467039649,18346672983773682672,14551898548845730656,12731769313310797173,16795176696774575235,12194775423332383155,16825787412815586966,10912554884337714818,4800502528012097324
10790235615783507182,15246231982838791570,5007687367235388519,7571910724735810185,5806845041076145985,4616357669207754406,17154407776489968796,12236820041603509348,13702354200692496982,9127978812266713670,909233572819095829,12412681159607299687,8969958009915966110,9911371181472250629,13954571827108150640,17848310422170600022,10008356943540622573,14246098506233127745,15609890132508730373,6896781503300016524,14192975697418780556,8161126226858610209,13809524463607335767,7211119827413222295
12887797888665451403,9074033255483822675,16713673556193293793,17703446254244237996,16407804147246962277,16760163676408699504,12333828260431835580,1945071636742887972,6183230844638468709,15653731370166707933,16793434353997794513,10871325220469922537,8131469553361804286,16819414954729849677,13532898136383278567,5630724921111228591,9885801842038905320,14633305274430740793,12213080265861366967,4836148265041977422,15187512131774735655,13656676901070397784,14342017838960338792,11800268701006884295
9116845042056790120,1598124484289730967,13371408087946593523,14809608019047999209,6261291935727138311,460205139547056778,14679426328864810317,12808464655313171095,17280688090279891969,6301404943142396685,17867351241583533865,12809118748639474975,8506696401163639595,14857199919728601924,17009215551441123714,103220883832982634,3590021058379614445,17529651568496918819,12661821931951790878,1206543637106702110,1593487175836900377,466257527107057673,7145921809216973063,12676985495701500136
15498100997309142258,16329093084112467970,16161872943477196923,7112027140431167995,9556333553313561105,6150453185567343550,10262636915007958705,10059067794303871247,17443803342623744012,13851565298625801399,7744413512906144090,8182943694338465843,16918421337260701145,1653225368815506439,465071945236632063,242036252161593633,17073455416603561780,5475933358295871355,3979094795362093224,2955165004411350961,4517917736836391848,1640017373514667540,3138243846950787996,959819413690338281
15574887306689331655,13161203750480704025,6030095709664226129,12327151958727102092,158735817800315307,7941146799877546085,12053744823483983052,7286501636624159604,11132152362479477506,16873337902949076644,1302149879557485046,17814347821705428020,13070927605683343123,12493687172131370419,12210129834120896605,9235270459174634433,1930285876591027182,14502421079838568749,17403615810929819068,3845535414711786109,10802316118016276960,1344453976564748571,3462908685090719776,15528882500085880069
3071447206208864478,12371647273601111256,11677603400676986044,15613049216891455074,15829766320912679675,13741394857463137386,8561142448942883160,15634027915044388635,17836594323616419648,1848157038767459011,4706854776391146055,9792953061866254358,2434926940602980730,15474704238963379373,4682309275853821000,827798029516681001,15113000493080785566,11630017729740572998,6346269402167953141,9517369149817891245,3907522568164788842,13764455538454159413,6234000963079234676,15017409535311567320
18324569775834848228,16894773631586199242,8729546276276441201,13868718292286012125,15761954487723261772,2999690102031024785,14194500746389964255,13596991664419391097,6927914574997394720,2057656416887633121,8760768349571906247,6657428832315005104,17329998906937436649,8343479221878865119,3851033176946101817,16846854475444376364,8273174089669560460,9160074713002617321,2773203976593588527,13828366686330932303,15346366954812223189,8632108775477166079,14227758446706552048,459310259722199848
4727837723735397119,1338723495334897392,2533863371357836164,10967578153604482177,2439228636932727980,13198875549579931823,6966668637784700685,2620022927553504200,5072923303825741065,3935882446916199901,14665051823255133328,7435433271121689560,17950671441624994851,15156822264376333833,4442402165181155151,4912149713031615089,2304212817085216785,17683419554983091963,10332860598849713723,18335722560042352179,13365706833148707383,7289315237190454958,2633830410397666540,17191415031716775574
14817897919231003459,15185905611655314576,12450031204718722870,2222902630712850019,14556716659727853903,10753381099662648633,2832369839503599828,1541754297983943627,14210399747440846502,12615056895510725271,15236428610109367878,476556863722150120,2667421886868034009,317109977450992874,12117599859112395233,874654932470392073,13596485753250557017,8062428645542110262,2855225828451242363,7124641624649506247,10032809998604609583,1645877423800321922,10990971256170556049,2356169301419912945
17099920435998932544,17755622344294704191,15488586115733386970,9530609581906173510,17596031388693796503,3582568643166522062,12580257722717252845,14406395576857307208,17686569411587696835,5825362664118307696,13929822518804679744,4196822616446884038,4413230958935669181,7791344464711791610,2644822282661866880,2188359091925805550,14928369773785612084,7410513190895353657,416836820341682390,14543472726352344964,14644299867488453192,3711680042799509757,17248845895122421535,474200348781899192
13623410185628914654,16694709230872582370,17956854201016134740,8225737903731340591,11391025143811221478,10811835022656124732,13626683441532552013,557878427624392469,167886681793170678,8412984793501419730,16462334232808458671,1533025985991888673,16620542236710527237,14536393088604243128,270949293895646824,16278524783550482664,10581215588400140320,10176762812623794112,9779319608823464650,2957272039521563606,9021480473071279967,44036806471004180,7375548924975412664,7221728852966902665
9139249473249295433,4282851953590933660,12235741137529175622,18168124895484186498,7394400671249329331,8114175287969338245,2354879335972385905,5968018501386174713,15570220249436177528,17121135485927008333,14454560366514848501,1268470318063235416,11000886329270437082,6425775775853124742,5812239222273074574,10272858379594565210,6871227740330224663,14406196841872206330,16816188246411607710,5516614254400771322,16634103415831971101,14064628883004553031,1765234336483140034,6812836878247244562
8416918859136529538,11859896178409744179,2685889209498574785,11570534889615156668,11170027552248830494,6328095059940683344,13788325593069574131,3523717640985114790,9119135094424004805,13498337370413242038,4490181535522492773,9846528490410835979,4630055856154107241,5896983628377673197,13424184795256768994,10606910964162291505,7755765566500776767,5201438818460091843,13524927018016540047,8888913983582227368,1316255926869335687,124129855253080209,6757706094456689105,14807450631039202196
12966037852377978353,11845997348862715832,8275737251752738764,14992333092311770230,8622063719738485978,1548562033927064221,12974070787974855037,736496061713389217,7628743892788762717,2090099502761353916,7772146764083685536,11702966604910801716,15894673784162822562,13684551148743106325,1748458140748999351,7277904516321767254,14834244885600019715,323004822870707544,11143191708234214466,17392746931684084431,18018390351662515178,8174289923643878172,11311331859607932968,12292308898712240764
3425588963222491032,9654012797491044088,12186383421649878235,7627387346427888321,4198117337988674033,15921386732465966379,2685258590273653270,14621728341864468171,16205786863615368649,11972365232665650319,7021533533454051418,7385879040295799075,17454127525647025480,2470680803858985963,779439291917586733,7337307013820793209,18028944564147150534,7454730075193162613,4461381402463534801,2620207222905237186,6444744126714071403,17422604631338189573,11508596304240973379,3633923285349225833
13021970856439032614,3830310018318622728,1032629379668261413,409889090031332243,2150614080569102884,6287141290307792353,1561671665228172223,15488847528690725874,14360186755875594166,4818035369857916598,7316633668664936090,167638528351441586,10143249781552507395,5044863435995578087,15486559386169570259,6007138519143178609,7412084051935138511,15480306127822204422,14716303972406645020,8967760179175978238,2769700618645814415,8501848792947993087,14560620182111200252,6743209945294058840
11506736042543448661,8537910405398307793,14653445765767309428,9603237725091048648,3487437774263324590,17915483440481173711,11825808654225481773,11313860800380231028,11203257349671017892,11083944509363754914,16018561992923893353,9928523469339231792,11354303183455036955,2055237520949878962,17288344254595478185,15930116906596618426,15677790746726568165,4029074423268627941,6673990492098943149,3435151713427899112,16640767412895702872,9636296750778837548,6780933384436258850,8439933082248482727
12755313379776516235,4305711179796790353,4168166976082050344,1313302954070681453,16602455791967359397,14536169161968201848,7568019701506420006,3634184558130026456,11865604206738524323,8021657370393207856,4669674548985508158,3233124923980516262,5237151533379000718,12739395948482365779,4785086432528395932,3831527504506999111,2966453744825466123,8253231447908313296,16973441893164580974,14015084855677874493,12902023938649537861,7746854672276626002,18382071683152794420,8787233367953469550
17548309032533258150,3173289286671099497,267841209647798049,6505273800895492087,15373657296241460592,4201876696332046023,16835595421106038451,17087886939519773537,9466854348171198964,2695651157477859414,2175987419618728972,17271028411304725952,17682571566829183759,13780403861820932598,1004933475930299452,12261350257759694985,5884817255504993364,14194028470979115333,9246223598708527514,11898165295229084059,14671574929898264396,5831329663836794868,5481554983201111135,11415115953332595434
12254305153553039008,11637100956873361755,3703896869106814566,16894711940956423261,1547796577309910899,6137034501745280693,1091534911745600132,4838554328590378499,3304068767200119830,7110654759340830642,5888358272492046280,4578105473233970178,4741168442437888529,13943023989882129274,17982416849718735259,7614341162938431490,11236527437030694689,10212804502504984887,4225890812577259727,7230755095912556658,2650610489848107406,5003360173536655438,17819324374310847340,15100998664011512247
13935412712377352332,1617887955354077192,10204798898336731373,10258091135344811946,18022745444964222407,15773503726565512359,11415346257140311144,1155576414978474145,12173406722642983887,12699248464402053056,10673866824197242113,354162374283272555,12300207015198843614,627422812690031841,16589846421788881095,1546781179700789704,6948356611310142036,12528507885312631992,13529175699431361803,5117515343642147107,3133983185083071039,16146903879639090499,6919190385563006771,3702494273449055892
364078086517651733,18254090858682730214,9422711816996604173,13372518471285696501,6609282913462751519,9227565894534793281,17547968223987748281,13600954469107555583,5722644765570040386,15995759275181863826,6788413870438694185,4085285404163003146,6275980089371830916,7979070863734164427,7783612086115812299,13900499297357600264,9381566167081914856,17478795802709361633,15892769145365133244,3484652350046789290,15550732629035940266,1035823938121527497,403733921177716312,16717416967076899534
14805713340532902654,3254022463126407753,11557852237512190294,9286511534355329150,14191071091256146015,8301478681350545462,3178937142052870293,5386799783573780111,3512735794895149122,14389326713589422490,10540546135742899777,18381822623381658872,8910276611622892020,5845597128069276209,15636617019149296100,7361781440878242551,14414239097479621587,3821333284279023375,13735203863654815433,8955241052704395835,8146332829349198579,2707048791592108744,3493810777108270327,6650108301264711922
6797246467463580850,18080797801755987769,10922500072668345892,7138387032171748130,12847540353526765347,15975675471380343815,252723663803399177,8378150675614273528,1210061486079565714,1026560692720404393,7537997918176135587,6189232599187086056,14342650604600218089,12494683291938986805,17561613787851773238,14654107714265256738,4084978787946719774,356328206569140822,17963889179881956998,9434289259499350036,11356045809738277817,10700176832486365701,15372387875986787223,11939925401268151030
4205572063693365087,4197933298783808357,1365954447523682893,1854186271715186996,3841434549235266540,1983663820104101107,16910874956934810813,9209695736773083031,1033554836716506255,14913641167938853520,6905450026976324083,18058916041470307584,5476059714327205834,10339956013534400989,3100782750084361414,9121686208862514721,1831783610357861544,16597996305163658247,8355768691505010196,17319489590393112726,10970876804239461747,10884706211047469620,9629506915637104773,8290375841289247898
632771456806436866,11968041627071876480,2533440874997932415,7269792998631955962,1034919724321637436,9911478531524704731,3689659529570047220,14804510087857145283,3634821992203641917,13133624182388815287,7010528449875126771,6043578169846312876,4987946524542842776,17003352872532505747,17573581396277209642,8072975951144494311,4160993717384367723,11714444530625560328,1161804585541202707,9528491805836128152,5170272303748474006,17839804761742162796,17320502729598832657,6784774689268004638
9711778224997116307,17810568910226378646,12352566547558083028,15614344652420798483,3591450629367577261,8612598812964465828,13125706499364947991,8269518115846490904,15146618160700180862,9813608160448084697,11906496171297748243,3686850846566846842,2540687047174694594,16993607813602627059,7738454551889761592,17310305663623380551,6899953783700363348,7894447337918951087,13833286654027081239,17063065375480717036,5126937701829846614,6140902701829221492,1229967454171546159,16609321838671483084
8184537867222253392,15562706836910549882,676068894783430995,11541303951993943399,1292570249912916026,5111474419588709690,2480699077579491758,4044547898120456461,16190312423805343095,10759918490449892549,6627811073082815395,9820900471047111729,11675805682949385968,3230304313360132870,12915465602172703142,10499864832210222838,14913591968015243489,12012887599364590807,3965189977746589164,8040892544947164038,13772379620657068105,1692217304609818793,17651515689543169187,2408875345656294341
13630700768516985086,8209871753702669233,16060553548762860156,4864478912687730009,5274483448266699413,1848250722362914484,87923378609564785,2487551443985202992,2792333838426679607,18234162462907641668,8244657354306082716,5726964279056739451,11674646063949418094,736023917615886942,13153884466241141278,1145773469433500199,9071578984890185927,1345339026537824611,10613717344528389890,16593024574017285459,18369724265036401583,11418504612324377280,5012438950209487132,8720759319592749153
17007006393377530229,7799115936240811424,5200128765856600886,14229359912127355498,16020493154805806557,17981030905143733724,9022441311067522324,2132668289956763565,5476319882171374124,7333049031187128715,17277680047195113750,3804504178814275856,14458854560957882903,869831772695967691,3226160636323964057,4332388019586913686,257294975119602170,8011680367161986495,13709820238582452140,7382327145285373316,10635145171110487377,5930558748862970755,16750568508892446146,2759653052452095421
117749751932298972,675415121149483023,14418404273222449920,14701688785618490621,8194715281541340839,13642254040647042328,6209396857471665584,6849816798092026038,145831440148849708,14790099621987264540,13148250350228640847,3654687768492032296,2155529520131631120,3419873318630330339,10049539344052852980,16975205304057522772,3193567990729601486,2270789419646723906,4089473875757816864,10853198789651107023,1394226128621029824,4744055014938739677,12032270694420731170,11991649005385986128
1409428740083653577,1396689086651422902,15487586993388909341,1813230062384468713,13774487204753702568,17857010695294054386,12870077010304449876,15958279941802026664,17967721799902987158,1990997162274527893,15629343511021822861,14995475372614777593,12468727416064960364,15016386381935065420,4829750965304991629,5333956184708761081,9858849781739444000,15249889092651097035,10606539869170775032,11999343548242415986,3062893708754944214,13562889255127161414,10951826083052770481,5781937348460770652
3046811952717223750,14909839543023495814,10329564417167419647,287271437494417493,15599181084421447836,18170798282677199995,15603465044488017992,7063733861330988047,3262540736771052875,5880300112587697931,13874033948818163356,7921864564064088215,14511894803780174833,2248306634674105231,17384081001535624245,1133216540680110536,12314765869812230620,14542808915386763051,17440698735002843333,4773053309764770119,12506581441216856832,13924995889351473797,9913374117777803913,16727098362517548553
15946521715572130731,5433371683651181373,14163803876582460427,1200443188043375857,15333271661883209208,8346739420113265015,3192740646966176786,9876695829248737497,15942992952763346989,10584085932339856498,1202484334832691197,1354122116544806828,734011214263885633,9525809783340116418,13830482071859260335,16282714108384931821,9145600444640391193,8957507132658656152,16691855389937667877,6964910330966405505,13959766997119489961,6672063629438368107,12370463962064742183,11318646671961359375
16600320883227381054,11077099450564688020,275263088298335039,15942287071052482478,17300939563794392342,1884024847690513085,3352720872944737438,16483941056184990757,2876892121901323445,9434863004839385650,14640350446365825891,4291030006025482101,3354872654356825110,9916409517190481479,13663465264581783885,11424480052976546593,6458042607143992111,4077262362567938823,11413341089701809186,1169977851583092892,10177627665996884463,16481157470373869323,1622588318243741129,18109031764010313139
7069911697553255615,752719038383571882,8569141373931067354,14457602650165023368,2034968489544806174,16037374764619146764,8875054439670502896,15064164561036201877,3958553522175118939,8109168433929779596,10028039362113718701,4795328957817701610,14895404439759118018,15571831869278542790,10469698349498469431,16636985836773562719,2821562419578226314,1064249170582774487,6064876435178719532,18418647320017756809,13965219489692957734,3514500760309351675,16001384427038056762,9463092923497373561
9771778580475267628,7833265648984152512,11946369393752085027,1762893493572130996,5739606231112448386,17508130234483971282,798953002793055510,16283090267501618078,14939981588737617658,11393024087467522177,8814743804036254870,15126186057774959665,15340103701683390007,10474562085704119916,7243266421439582673,1071800388717688194,11408687910522231945,1556467324593064839,14843291117555642036,16452559426413109980,16864001864801719625,11839830332447078990,1156408284685796405,6048189891622553457
10427077478379444921,13993944898234728294,4226719090419619186,4305356076853387620,18092265284746333082,10687275081750958030,13180889702786486951,14997510329794133783,17665437494343031963,13382181788643414230,6822081214762548099,860488224593563475,14044495034571739246,17563474296532303380,13125323174223130453,2787800594848351099,6360596792880771011,5172811722299790574,5922051783704631030,14380716093577639252,6469044104271550109,4813486664265790866,4261870456099937624,18309241778745152660
835298098066654113,13843155563044817740,10993893000416397339,3003128372599992499,1082713502525145515,17771276186632710551,16114499159809056376,12891947590582121061,5648182780197165071,10243605566187931304,17271258661596593433,10268282359186372661,14430768845067623969,2451142865254312407,10569943055110040858,12670645964981306536,8495764518991975759,4716104258526479215,3317824517528763179,15611217643926884061,16618391221681484300,599908091132524696,16671545702631410263,11949022758805030758
12656507443252918976,5427173280645612201,14114544339557235646,16827310770943688037,9822810276518827945,3683016835912758107,16418895848543451977,6602314552076904096,12946560165386178058,14229363664893464915,707452815443925243,7265838350993608513,6222965953203655352,14426839316272223495,1693304255630514021,8385043453604591249,17801398035409557790,11158048980579773655,17088359374641104748,8614756518101538611,6386876823935488765,11775029842919395929,10369164079488134612,14884893717521440673
9905545930300524452,2861807231309854386,6026795112501287201,59767897273431564,15242096682667426361,4711273225927510582,2431145597828537538,948584115236590860,2793190581564446934,691537352143227202,10387157105330180832,14905402583965755499,15252343930190272877,16025942283917972582,15162349882190063464,13218380615580428481,12954193726442355979,15935497708102139298,16308213543773673998,18137440757396647453,12404499765874834766,11417490967213471214,8303819218925849244,1542827299028684352
16041024198439754335,16699583253789075430,5465859735292293703,9083325194798782767,12504255860573603793,10664927718924919183,11360614027068384592,2379548565348751023,8204585518439167132,7664245448724593786,12232896113835011942,15685332084373235686,2947212822188290836,2300275188177986729,16176336379265765392,2168218082294155804,11003989376485435007,16210399635892246187,14487131529006123122,6892359289006299559,17726807979398019600,7345828972892569950,14286999655494951322,13572220699068564402
1388000301793685268,4990369826506148916,15999201285579618245,6646712813982544715,586395419817199257,15623873939620716583,9322732157787827636,11367605597566848626,8954672535331230060,4635868560330443830,13453329763368872127,7764177059266196113,7169296251244999796,13150309922151278349,16495574092408562302,10052276533207730700,4827178501809740112,9625304503569922980,12183785221246671891,5405880341364727182,8973135125641692868,4828500697714583141,8001982157141834671,9520618927055784241
16770807696956271266,12319446070425538171,575032630601580899,14289388838155568636,840462709815200167,3744806620529937044,8076159869187206010,14751668213655014867,13949027387211841430,11963902712334084721,17921784438730847495,7936956511316761107,16268324134934145605,6761248763825058413,3896907700404304941,15197996927542148465,12480691827432104641,9733186932310618216,4055518277222924639,597650753784546277,2058007596728241024,17146167937202972951,7046860419581894914,2444395433983336893
14673199952277100796,11490739478761279197,1378128058549278057,11978329613197764833,1613939459645770349,1932149345868676211,15964285046689545825,5023925118657747895,9517888355046425723,16264088440602200057,7070086899531580015,6926885412454333029,1805651786762202694,15784058231142280727,6835909230191131542,11226399639970618817,2323532745304767814,11151412206507133401,6447902516597243272,8759806098775896010,14075172605986644282,12802914664924725724,8500421651002101959,615724527859135945
7318852684997106205,2662587116940953529,16330220773546920089,15391255714733059260,15814702158041454954,12501618697324264991,5170443739587159546,8670499578891223508,8110669651498453111,14282668495849364686,15743737164139114683,6559361609482961643,7744551152762557706,8334840515198388366,10615580104465918623,5391933104033362218,18145206654244775430,2284976064384200397,819824063150842674,2227814426279960373,15748241935721866624,13539306954896373744,15476524380509611358,4407735753494484963
10226058828921347190,12740053715946098707,12212195260940878420,9310630319874378970,18233345235704348238,6825318439221534554,2900574185285119351,14649860305014009846,2803332548750987082,2141920955053854977,9580142663106427427,14026620885081340012,11069203005354664309,8894738974911803654,14819992188258328467,2165100945304821515,5243823582206780315,18003816593651138023,5538884517859188927,10456258599522131378,13519073264822941629,14758560684883361890,17761597557761339506,4965595427918869347
3623224037620141104,16333324365491202650,14171707190920566052,18153888818599167408,13253200082097391476,2165128118780626550,628547733773872913,6572586995287078332,1482896567710680078,14619398518180125834,17431516170137793260,14838655481371031817,968093186664622865,13332590574912361596,9480391820976843629,9193924082636503731,6912383272011290225,5997736306302639769,10247009228559628756,15858175525489661049,10318781099333782622,2127570878109825500,4264304984030158837,11463000457520867697
2993144297877781719,1582453095381172136,8258277117984465028,13900049963777573182,2402750125736797548,12639377624643697002,14847464877294634514,4796672889359472044,1514316766385137566,8389968985133886499,11018204716816234766,851274556421375224,12332114088552752978,14543572922212819436,7612742322458368169,6241772936707063898,12501347309309636133,4304885980623422505,12474367994848392018,16118898452408945128,13706779938650776772,11726426119582788242,10345167853229934823,13723824585770411864
14971889031423107591,15145945987400769027,17379002279664952330,16303953121566190345,6489024798247070614,5878976876129141789,7166013613539370238,10396533253854988625,16171552922393823735,14298249161475115437,10417499231167469884,14307281659431949914,238367805877831029,6421871876844584030,8560915015454304386,15966953941542435505,2059332449551013754,2521762636985026709,564867029349583654,11275783063839598479,5705687417813776567,17682232571505204047,3677924687861196451,9518376630604004877
17239026086451578391,12394552381478602385,8755588843210627154,460484605654708450,9372825989461955974,939967351054226270,10756571854444021688,14491322051334173253,4339361896977960854,7820583616472831541,2081998629315741683,14159405129931850648,3362677192088598114,14554372526995016462,2194284849028028966,1332745809575334658,16070418043266793801,362503638023786073,2430809928075321283,7854037811575083546,10614152567305505576,9393978950998425898,4699689750079045634,6485140222082207334
10037243322841851659,9489782928545688322,7383678910507837734,12528590604368133054,15303007221186067267,13642453653915987815,16878380348096641735,16837539425514580496,12102736900642490129,353219619958524804,8212074985927236151,502956859893874045,3720694824843400784,149897639998824217,11807896703883268050,762244685071182547,3304307877229027701,806544056082441740,5445890733609106626,15223456434078104151,12830967668810534369,492739265820170477,6116187366997824150,3421526641803901450
6867883485559600734,18111445469180889245,14690670641934502968,6555143836149343930,311667981211111844,5763243439525852199,6079039243249652996,10537823109062843089,16582078302112000288,17042974972981915577,17014707193244791090,16781301198274003331,11494334512383782118,9566097097088663364,2662935622831779377,7457202188855235970,5161555308419767053,875574261130358159,1747149084692327434,14273845435306069306,16837795873016040936,13069332368720093128,14216992315992137224,17640890824814720525
12392252589810401953,4835149486864318820,11689168837769135841,6176430120530480229,2169574897988578452,7459914078357723203,15171658498649338497,17857202026734823882,16062247581117743785,13780273599982078993,14975839447883590783,1659565108546476720,15628165791811175635,7316244400374411164,17639893473020817142,3065160641572739489,13685435389404165050,12427139823247784900,4562948416434009380,371966379957167466,14740478218111395806,17097300507373582403,9623949633292661607,13220258793553972016
14922427876208530684,2868965047533657072,3399001226815734056,13203065557975312464,11639656710607732747,17605007948358322740,16820331208811169009,8446148368480248487,16059953200242168535,7927197265102523804,4783174632644383901,14098742367256755808,10593495757661889789,1909152492057848143,1828128990818476454,10396778632030719612,17232391870003796081,13153832851799434776,9369574335152243495,845347268767851071,1112864960904199131,17283143795799638066,3216533223185098449,4303294159570352326
8859829414481962475,3794702943374918500,5379457022689780084,14742486709478036277,15825022900961678644,2796654014876189697,7774455438744675948,11598310951896571408,17066204972174264523,3493376511129561355,17172427821162251976,13349122071629009588,1581023092665602366,17284837708245072216,11910204136012708365,12007081791368833822,3430126515561210721,4609037884428905365,8410408981917573147,7984963039055151964,9648584697979861155,2176247717912853775,7407237276847483692,5463192171363459687
7666797293843601292,14449062374846134142,3290668079459375413,6934204449166793610,11507176763135985457,6756042019669271931,7148875233788613345,4497276338362011845,3237098637520306537,7756774168231963297,1993369672037735497,4568390187081762195,16575022394262202305,13891349089178617181,18015534046977666494,17638062239722906556,4602039515087314954,5095891325694165728,3139542684937702798,2534072523407194891,7985980369879211836,1809717568041047134,9841749432100054944,13618303830143930914
3776398962922853861,3655026909837616139,79161715612947301,3490042474582995034,18372967804302211186,1275600866314558394,29988600971669045,5800439715511901931,4379841654426093837,5098747875434741140,12263882172058736975,16378034489458586907,1353174456918461013,616734449237915832,1975234238944252549,7882333399632546783,9447052941981482681,5116766591467703107,6784624790144225522,9478456101537728695,3137095747706394287,6986479363417379424,18043772143730449251,4085835604857854795,1866259821026806852
8605284446771849877,11714268981446950621,9536266726430772587,10593175604079014046,385867641643419241,18184196035908585575,931627241046339285,8073856516054587844,9287169811824466918,8569574238557283339,13580074956166567543,11219196964477989247,3152109013179976316,1635882889429502468,14291608075335046643,15195475296331403274,7283152716822806934,4947296138728625634,9045162826800444397,445395906718171767,12169566703808300833,16684086824686451556,2713406294182234671,4783874021712245871
5175574366255014418,760561310694439891,303405250089801875,5725776666308471493,1611953477369223236,10256855116895251064,3979249988163103557,15026833690481434389,9876033852341635016,501418703304471742,161496727615039410,17402295083983970017,7893127814805332637,12047529853323421134,12382005061381762940,11596115255710578259,9410411819780916379,16929012519632221493,7469534158645901039,5643364466017867100,3772120705870504305,18062374232947260772,12967235056356734261,9867747868752179567
5984526761684372589,6134438202581220542,8277557486664001048,2187376702883186527,7886665396935944084,14294246706325916111,14495999581471002760,9303223728329994306,12236030577976820409,16095301108585854493,16292054675612913037,11444589962214046049,7670407290882137696,17140729998106794783,8276822452042797467,10890691987119224534,7357327413623487492,15616176896242655721,584275515280346803,12403286988859602848,8489802152825466939,2063657461151458577,12157223601334691066,4066599030111319758
11524959688032258134,1454436040370193171,14238838927430856732,6404472445411766101,17663939736653482506,16732688849184942380,9711900853790351870,8341543521723776001,12331305238757999480,8990348895419546750,12262403664178110276,7200153315173493052,6752546874525785835,6456474943406824486,13697940884331289495,6208001404263099912,5594710146323781580,7967998842253656743,7237354720149091540,10698221964237928384,11989405499467099046,4148616115230768860,8696917092935327459,3350092996806141017
3427199197601310463,18366454074177455635,4696110630742155668,4981510886308155387,8644138993413237410,12511044604582298594,14595242991420674000,2751415550283959925,4756333826239832220,8149556190395738739,1797155612042407734,4986030112929898826,7304139035806110340,6267671541171491794,11959027030998975613,7157116279816116170,3336917494562229922,8578579144904733288,3879823051770143301,15632620456894571588,6200224296971265738,93375684673113692,2625358818601813477,16480836394509508940
9145091138731924687,11481289161618297761,17005189070796616070,1244984573456477674,1884679842834302035,12890882048927583427,15796779142165586462,11869250694068795655,5338970719634835361,6088367371094612243,10467360352774782261,12590329926490374381,7819852180974052655,6940764675597889643,16437209533047116158,11658670431829338564,14743778335466846777,15900751826524271903,253625761241327215,16493993912559158939,15599861867220592266,9631150517262459667,17335236845227764429,3543064076589336820
157393320215698893,2201261309999876617,3595676009773295954,15038877333776059653,8891666481482744868,14971062996086858900,1677068665201821112,18405203660548828923,5866654751761684526,14669197081179490412,17304945416170160798,4425415091173434846,7175885189570890088,10696969345295688839,15481797929613989634,7710984663623070024,11829362713750845599,6886096333591032671,15141580870708393593,2854998434125872238,4955306313239065486,10292651596777984747,6874806392953691526,2868628204933722198
12960605609153238956,2019031829754300091,6918450033408534827,6727992090407634299,10465877194609010306,4247189278947545777,14803641797162700516,3744331523432746925,5710120012443241890,11258297605537407728,2916648657340594125,12754685597217008722,14360687494098985334,8871368794475199184,9845448058645363082,15795230108121453291,4718510486179294107,17757088562754997361,13783663383129332151,5368382598283469655,2577080499674108681,554675953190144628,13659939042950667925,11531652254202284486
12221240304332665262,9011780388492472710,8924595268170228179,16571038597015129652,10163167633586728199,5666643816304208803,14282690908503332577,2607749398383506675,12102456130111870248,1115979588942870847,11602399759462202382,14872556934427363042,9059462660404517735,10036076710159143769,13768254815066695385,15461513032504162712,8893091581748100670,1152519557320399019,14251982318012211146,17142869225658875497,1808910712214360621,10046447273206663625,12357148133851498716,1003220347468443861
8380176611477521817,5778110884822962948,16023118926725278404,7632441374126463949,16783221310355106195,8936793870306351408,11974484871875811040,5941905225651033676,8380259857930048174,6520370907470766810,427285895125664276,16087078194528060234,14375108972092477313,3391336899162862911,13808428206900037745,2491380849304663910,14398344113691061251,9701860881855303614,16914127060221664869,5963344552635118671,17195231891879735730,5383193437581973098,5240719404776889342,11286676723680683632
16419106893679290391,11793413084620483686,12552475754164771282,8261527912026392545,14985833357514277044,18034609547231346019,14433013498744749033,17815354596766243111,3103340243055416922,14212858699071420154,11914143288993920459,7565476231586975615,7735992806331038174,7608066058514237038,6367769162317833434,15126047316794315259,9859303908121534023,11152264593314566499,10474846716033608301,14926034414231279252,4491635175234045986,16795843113270534831,6750614669343759621,14412155116627627923
13958113049605361091,14600795242970044937,10917294779508992395,8749862376627692143,6387556135296350294,11872505794410097294,9538321949811318567,2634135165336918897,4053880376064533007,9885132333376239760,574424715875573983,11890355760273400007,15062453013394785616,1459245408341515712,4710990423889675412,14650231093170029128,1564708282629824874,16807941299281261431,17680534377328041707,10760789077623914307,12739876882858625313,3734431320410367866,15265261694598517068,10385938469513411448
6358290757528809569,9652302508435477501,14332951996750151442,12505957128938602744,16202037878635041996,200850750145463763,8797922716796962339,12259864876814086651,9864665517912974198,10878701512323960747,8754897195995846980,782362580095998423,5664537121757879619,12140984779313552212,11936624538971650029,12695080844423029459,5990267480310312842,9192551222610652839,2492119328118608574,4215905455413905522,13882024723819961320,5518940373631550042,12576921363884518444,4197332322153597127
9040602770249437878,11079309115272163917,3160838508374942761,11274009457056929764,9742342600409179289,17302349543128661915,17196079364931338163,12447499327889650497,8051589277987027331,9084499181060029052,15305580890396421633,11477361628431302598,17212478801342769032,6904432119582327714,14422686187885053165,6600277710806782501,12209802170866064510,16369688281051537177,17662703841573538142,11352687706258262911,9093484124201348670,10443247455275104821,3669916351221792509,14000651236871371408
17959253806110582627,4265705457864666735,3218399787426524928,1100660610470427427,10818173311916609137,4258645150470610905,13519702982639279715,13887984229885195388,16423046766777578620,10240669110906311731,18023735132557657780,16267776080289780870,2764343463403064974,9700790855662341053,8601411181901284264,9781611511714106369,12287949442798821138,7022765404011809189,123578511716096357,14401434411479903608,4168455394485723961,16741804991650038452,8673725222551750158,9544890124655016416
12981153179740312029,1697843377213251837,1237444576118892690,3400514739919859228,11712398929505446719,12095751419530520774,8704979892059910877,17756910426262591123,9895412729093413441,15520201424732306599,1747888959868140361,16577182867036170776,9442022273162090218,16301972876065814254,16548654350685105160,15957106749970082396,12323559624359691660,8092242753964462882,11908302613861511171,10539527862407091354,14280800335174991817,7365194967059677745,6918104745020829570,5836179758308048171
3517661270268260198,16099693246517131347,5552441844443065015,4833594229785164516,15306230799204123740,2246991392141160577,11006317451907192378,5096023452852817485,3626989860207743754,452100071774362267,16616223500476170239,5005761495867409814,6623153093322447174,6683704160247369754,9262463959492691442,12404126986083304915,18235507680928133276,8025555194908651186,15283848966601687543,12263067620290769387,620949543028894421,7866769493623277280,9083528714505529476,4279193115354953500
2773076345814913153,15076113399106433490,7252541003982648227,1102944035560279240,5830133477011368428,1061606505657237737,7332852072133022446,893864152835763266,13642184560578997684,8686371955119256026,8880343490828319784,138735351307516575,5755693696343954090,16248920321009539128,18244034841400948615,14696992987875345212,13910087696271927726,14982570836859108508,14459037082797529993,14276020683737044336,15190179295439233227,14575257136653214,3248297437831823400,10667973086660029817
7447472737870113355,3732421741742316857,8239127828575282493,7883852580792132172,13061966920145247485,13628353663546350118,10769399237409030882,18381699039971048091,16151920360592616547,12585583322446657994,11690997832130879712,4614412090400343399,4423854990369709219,8903410232278389630,16494342936218323300,6153485148724770647,10640137296862762689,11383011983008533475,9103108252948685484,4084856877908995116,5373010559023962824,13734281907922689324,6040693894790381072,13204936507651630289
11589509913103428943,11197361038457952566,13797360145508029279,1998238196828926142,13584253898691432271,8447752213667924489,5636127293934646452,8483039002492276221,15955152066459075798,13341969485662395787,2441799921452567680,6522898687817859062,4718552514966419945,12282212128420358544,14391662508533086571,10243140537327986248,18432139552960272148,10156458942478906764,1666355417624856665,931881115617441063,1463371307863633504,16186226435807912127,17877034815655650758,11807127423050264624
6262417026206126766,9728000152597392781,11920495991715690133,3078311507015200842,11855342114461103912,3627143120775092448,11693200053768344657,1335829741117607748,1191924182966939926,9094766687147342421,11492264973675918344,14962933131284347034,5614629036327914765,10944301239852941724,10805580062582428559,1125354370861945555,7212100933567242288,16576534876062854451,7689840716380684490,17493263084058043080,13196215533185601108,8495271867383886226,1122761368479266487,14172504315542232967
3982345494598472684,16232856788194683385,9994989319089760271,17954343832004972171,2257595671463836339,6935074631574179018,14918880500553765818,16719370215735390626,5377079143423784752,11035857541826017106,18175732254409311885,4085376204822359382,17923040527359505888,16256374840872645549,16385722305171966562,5149109127399139531,5098022201324590892,2932637635900649829,17587943809518977979,3098020442757852333,9304400769415785786,11112053200154181013,6029578451008063517,12529407463567128439
15519227561489403199,17661636950335633459,218940956478324351,8109442048398975189,5729506188297588049,16169193058363552543,11975842761188972065,5592744043794445252,8972549350452411989,9341796112141798025,5697619869019751277,14453380053495611334,850127547301763280,7301386253894631868,3900928347425978016,7228866887642080816,11993114736919846180,13705217553105789215,14292783890041045285,16016522246016003979,12165728797288607783,15518738780465669963,13854885514590079364,18352243964205854099
2241390302763175585,6947584643194380974,5485770233395956829,3599153546747683613,17052443893577503150,4956350137961983769,5750728033781517161,3852380053118022266,16918936499068224695,10472057941206155885,7047860608252624553,12763103472932994402,1980507842633175746,4461411120397080757,7281883221846710222,7677413783811465110,15278459315161514899,13504566838073299486,11793457149634769042,5977389192507056688,8053408433517667186,18080738770154809976,10580945212639237080,2898709165299671485
2191958088341195032,5781433775990816557,15584798744909145626,12629218801758388426,7548313263501925284,14866567406813120754,1426071040620999522,491161993987510475,6970231105981460434,7277856165213495838,16417773316668576040,9647016028241132990,13103688683527339227,2266703735817794101,6839615178498124878,5038281708235523390,8755434480060012771,9380292323062900790,10070413422159781687,8641266153432542438,2455893732538798039,8514988187588915051,17634137005910152203,11423742955011355976
17968361531166166073,17839311598913098257,6842327441071212555,17796694782369973125,5503259536757121599,2803232234142377266,2461386047439122880,17912913999137810537,13746355683296631895,3093325417759901435,12211504087133798110,5629960042334507319,4482323079362473930,15823756413133229851,1829742680357050475,12229070651456770295,12065349593178348873,7407906381809909900,9165916041680959174,4493374474289554260,11603024559776254497,9038230784127398562,2473272031638914641,1498864004615756878
12218033170948160999,6653338693528270980,6782403325795645632,389131393348028566,13280153490728603012,17770419696496607104,15127417411846840582,6567152346806270069,12212776822049701358,4693369131608702528,2608607235384349973,8755494397494414627,15693155416989212019,12502998066508985466,6866156987003064123,294576987209261117,15063685600371971635,2094694176621810563,3183824215636249781,736059878186253263,10214427722479480903,3763775074179578037,12616850297257787071,5038131196398107203
7917339014737661488,12105770713264251337,5956884549372253144,13078561103287258008,12648517785173148981,15721452518162418254,12860051939482909566,11338301304554261658,601229637959744139,16331202437973384661,9962831353328800917,11729804804841666300,15694831517546174561,14711702731682800859,10759832362064037460,4202574133876657627,748992214643429915,3742802889638136965,2233357367671977351,17405053413301979233,4744036375978352017,11182030278795544848,3772631195177752329,9724615968089298371
11011696905763162161,17028736422460534199,48788587361662376,3047554686603656223,14720642011366138389,11236506472034789094,11941891016724780237,6989733724154751157,5081634171281438313,3045824476403948619,2462250559438190380,12340768480928188822,12842395947050093613,5858380347752960493,14819243275042887741,17075956152140677778,12053829569536148244,609019704055733506,1503886426135225222,6901320251574919804,17709185912404919886,3793507745009197619,5217928782138219049,15998570111234890073
468734028910697473,16199588396721990115,12529542485793657152,2425792997381680796,5547445480046781,8216593296191204896,3556218256911098730,9150797646728312794,3060950109249427326,17026162548546764131,11793601758718322183,13310092874500051515,3291522996471451300,7763113564017899082,5765039386681571399,10340043302537932898,8740741213633621134,3899599934061977660,421627886993199279,9229053549905946748,15182844606932459670,15401268362129113539,190958954060816448,15201841378662488238
115374409343044050,15611479125814159458,9231218304983625915,1157332471234568297,10645759048119751299,14034666371002725179,6059832531737293169,3995999016692537572,4500521274624903365,9631834550152812752,15212067599795882263,7773391664140800669,9604704607045270116,16028806118299164064,6465131573563214282,5833690733383242063,5901821160424576056,3155932182849725914,2075862950098591013,15298277856989171668,10945245928323508711,11860572088124891235,6333146953541100699,7307182140644419994
14329272646543926855,10414488763471076098,6477724077144648279,6890485274172189949,5674312525517556567,604172094444181437,11123457188607128087,12834234464653032214,18344655108715582115,4224152802941055678,8227972690625025501,14964527188302277441,15709826239945198742,5381835307839020808,5680984819718493072,9965845972743317333,14708822590057090181,11408251247475083338,2203026932241272494,10665297977401441151,6961978585605151613,2810356859759363802,14037107269118437333,993352648025302844
7758010193791684646,18267471302967577327,16822208712129226256,7960201481423148582,17528490322414020393,11293926525946635222,17590283947918390361,1208637571653895303,17148371167883663524,10051429223733686288,9533003853694898242,14977781389876653152,7963391044675741818,8204045765986372668,4926018942756273577,16561904424495634095,1540667219598403022,2254860402802926952,13592392350321637489,9501996065147701363,10974010935270375771,1449513030759244003,11966683269207462325,11848959252037167066
17453664520976157693,18428104076795854115,10063325834514013809,9075676470492383730,14961038583361894488,124863804315945002,16399938629285682891,13342096906167592304,10918830502924532396,14637335137266518571,17824034128884686777,16685400131233808465,16334155460747362093,17091418255887222332,16917102926194601295,6082432619048071387,10575353692118268683,2921267729351434961,7867625900044488895,15511538647450130254,14241659015475758411,12178595946785496367,17671393072200472860,7202705284496870006
9120070141706241190,10589839723177399272,10646173818848672163,7702601733259033925,1203546703694520783,4719902634790400373,1431619340664675516,11885858942324235881,15973511330273160049,930938222492196794,5702557211111209053,1594803405223407056,1643678063686733488,7077754447694206436,8450284699707408084,11905762244329519603,1866108918528020009,5964468888764902332,636690124899766833,3005504353807153362,1097047758975912159,13214243395604911528,1063390452690588126,5302901465884408841
1503223340499375760,3934336853482865197,12588779224591047323,11681750193751180712,12230343107821216151,14029787870214583164,5598276261334603404,16779176128616931680,3596150622130452445,17959427858839420731,9465434145140194323,9853996472377741668,11957872036339888868,6047224314507224951,16650796879231527519,11211253223446090568,2434652443263419802,8745285744128430997,18350335452510153378,17274197678291560475,14243723514681697275,16486395585465976588,3789178180637181697,119345520434870683
11782032420493809451,10429018212105437725,18220549932871255669,17203664546995340591,10895815762731917308,1611422306411046470,1676838170410027688,2343135263465755267,9861503586697691499,503334883706480584,5693778882278878575,11003669298311822256,17804726938773876440,11587984287094517378,789831992714830370,14881372546681850066,1007387125454114662,7726905160131968289,3413923792967445773,5301631731605466130,14187702894055514553,2306931926598602585,4030722621663696234,3833374332807741265
13154947764220920659,570452091488356005,5893099297458652740,6032239670470303685,5518687988326969991,13914606007611425775,4019909571156645563,16633229862559385511,10253146986788273129,97493032198269865,15180880975389729625,11982510488874366309,12673034212363421744,4755287413053129451,3142865315431684158,3197328719254274816,5796751630891943600,9801423334050609795,2946275867601975877,13746518220768364579,9181044542972534373,8159651933005478633,9849669678722979707,10609727470298312558
10811246761216040428,15909566822425434483,9293141345175892308,2467800358072029711,15284571934973277387,10602010497090034288,9714852005896887245,13141728974807069799,12284483183535999096,12316189754591694930,9346257732374282955,598690447012085488,7123964053457549229,13471422071027898801,15475782972340217763,10846748996694352428,18424478244737306281,4111543874972900107,15833310891321163962,16053948747655647691,6803279195165570756,14353516399192977106,4434639101485866281,13278934130883156211
73326972104459112,6535255045268050206,2851994732520357243,8958970513337655210,9149036809999212945,2742041870386574928,1259045773197225901,17670416704088959721,1933062948175363783,9563624589836936780,8040601441047283810,4087984961445375759,6914519254050247137,1105246039158544999,4417117063576129906,17310426664066846953,7481702513281634398,13363833999157409691,5335875341618268960,14012352879787066346,14291067887525477669,16340556034963607895,15851981977274748344,3054171048354419128
6511837383288405862,4835554076062717682,11377198418609938156,6588297123507783783,13254538844440340329,3852845599861155831,12553576975233939081,1815695486841542052,3868409566822874303,12851391262302181297,2908610544726484573,5577832205881913035,10626008609148645518,6504537870645430957,5689513098703745281,13711323856405586319,11430422759537631381,1277980634839186963,2544428772566992885,8563437438853198037,6190817179749866253,16044902989285964593,4325016572479853275,1600380241360044276
7789124784900713046,1489792504216425825,1757226888765630564,5747170532769777079,9805118039364777773,2816462135372499675,10855040905600737481,14773649649969100728,13128163509008213195,9456157672839938848,17591825822796999032,2591070310563477115,5053859296699773548,13618605099937548427,4240560999848289115,16785066828806885425,1546152725830817037,5817307539634581043,12076121630139606185,2910093399679755434,11941370485550638839,3013509219699366540,5402101979935898329,8041606374211092829
15403747537669300634,5111101369060880497,5295577902293224205,12424346315615134898,9157875426253235124,17934943577353426437,5725079166084571264,1718973463115182703,11731785142069664941,4969925713464633814,3635775920529935802,5776266402694250968,11825250269872928333,12442073030612902293,8394585619726836753,13135463824890905055,8416348919059726582,3634292293150298954,538457358090662675,2657638957686073537,14810510197927209876,14252835005089643478,13046391849574590740,9479170650178672722
8690286141542667662,16529161209591450288,16272472458508250473,3110653220398385669,2778072032539213000,7687357866040975299,1268415386454387803,9758758706261336938,3999747198792469366,8139329849934951079,5874052481553788287,18101215961117072159,8114293120515337147,14438670853951625947,9733109744034203318,13453178098549641355,1717349029565472345,9826516376145586943,10037227814802923867,17637677797149283667,8918089232820585547,11679056969568753909,5944686503929972015,2347893236768294326
5573693572281701518,15702897809082568157,8102756887121999436,10637059104493686478,10817785390793153801,705313345488617966,948654602591641120,14917966456642304714,9761816946290761777,4216134713251449762,552860135995731021,16614036268309693387,16671016823918786141,16051006606724864660,17575997292934862855,9336951779951709391,13153286794661598714,13596567452625952777,15568463404150408643,15508014703466662343,1306311004711100533,8542938682150785289,13934867531016298963,6807777881009907432
9024358527837487550,16964017437088549289,17350777169040392989,15955632150721921968,2231670025427691178,3608629178982415700,17513438315794841525,4069665603845907625,6375408526610340737,4731660293212854336,3220809323300445289,5184470200973722591,8173185605194494118,16360090552287018998,17623784091173590535,3559927132058435700,15329181417444475994,12295653578584300101,12612409751705396457,3228606421944331647,3538816353234768549,7498029928327335509,16750830218250636205,3722149607810302657
16698945232401294305,3001871095081054722,15895172837926986424,14650821372081860233,3953552759953388935,9552794653802277941,15406904851945769440,9055981461855967175,5819073011484109692,13145473997667063773,17947688923620464743,1863584425399283797,10242592298158391879,524630655473494725,6339917923264370830,10088433996213545073,7998621556170456757,7620182345349360617,8681241652599609618,15342569191987277451,12578768015799984398,2429396651589424684,8585032976396628137,4514214766930637343
5994399511675425931,12517743624875798982,11463131987166196617,7949458556096434524,15320666183126514828,17820130264398500823,8006326836819936505,16825181041970111895,11349857480375932021,15224616319369155447,11567115617022342325,9248450955244014695,2756768436404910863,2615306175197580664,9804042764033617326,8352354718147639924,15210790426311698716,7520523820718568644,10703896979672560970,13553534890388925046,15326116474060469317,16922157126927522040,16168918859689218372,5609366172034571787
11945622736935837673,3414879294764731841,4142541917368777495,7455846355586110859,1477167970285281553,5661750782370417731,5682717323166355341,14280340747601226237,16597254291000829954,18215523962165081925,3593521560623377494,4102739689130395527,5302772882256855022,12150453576191283340,950185367971818031,9068917037223361296,14961231091807866119,17935162895803929183,6617553928728907853,4845858782338503825,14271386695790593556,10092443138608454429,6307381169410924465,18129841676700158377
10020701834466479452,1953246812920839865,4933107982506008794,15773023184948650133,10037809784019436487,15038225011899330853,4269723581620969570,7162245821448669504,17557297047530018137,2633350547292487960,10831675624301446684,13606076610582668192,447959041603189300,7594227692015681862,6332024212436253587,13758424694874778048,9755022152302535388,1651754960500488634,3316574546458011449,10655053922610033714,6574635302711557165,1627406465747550490,5636670557523291842,17358270926951936103
13414866752963552473,9423194384898506896,5496866781918280455,11322353570205032565,8621740841602275290,16060217391158705245,11310702207738645853,10900098112586733692,9581238381446221282,4161787456130323524,3752918698791648349,848192319124709133,1717376686983272112,11351244263354931466,11290926198353866438,10109966002403627014,5824419636790260156,592288807272609500,4254494729060180641,8109745537202528661,1669034422205583436,15554814087052310586,10821537958845485964,5822682633756788385
6003275237943453195,6687677912454052838,354075375092859547,16880094074999627179,6599292376663780334,5482535728978057246,6571869789528228698,12028023418125560263,5721652257460489975,6288284469455660441,8528084783570198171,9258370431369040784,3243931831275434141,7690761377805261154,11167890362200180251,9569055520070025127,2515928906295668869,16416576463718436519,659641255461055566,10914079079651175482,1365820133702230358,13996780693806946907,659568822065463881,12861489773618029746
861851352556185016,13176724382787419695,17414385452002945985,13896836571777918528,9333861630780946735,18095316276560573267,14453969666736631066,8957979036116795533,8532453365634687554,1670755276522458718,7228875427782406037,12717349620569589971,16922286310450279160,2260069882696222268,2433221954848316549,8051952489767759071,1370842359627779475,10396300607619039618,7731747189430071796,9475678147263498787,13247748456668426537,5134232199377705058,8675278532898948769,3320007257116273050
10027606237061188412,11324338145865501634,17324099076412535895,16455208050700915987,14632368678577269706,7410146590583580532,596125028215426189,16472391793171579467,9086598435883570614,15104469348076408021,4572632927238854258,8866523498616396478,10145368089155409739,10318429728262705053,6754287809130670839,12429367680111553434,9046898410647441336,1787350809157372091,6925012054125027937,10781609159248430562,15494683807153398642,2096576863711112543,6321024554841046815,4843072541983851774
1345578833154703596,16938469995869912142,11230779966723298497,4946838413426936664,3020645712134299150,16663004035258240992,14700934063511228670,5769176192022333048,14834750613747686841,14537121599972232176,4408099318654643425,3307974218976127418,1760698433147489363,15990297402189156128,3567270231173440878,8300897581331674504,6846044168929465517,10267826361027285780,59639312411188918,14264635262507834432,3392167997734528511,15374192578331367272,6299844202861946303,6075494139442316298
8424941849184544654,18078797175266638504,8710929949058563212,12968527706643491533,15804917451266536359,935850505039313284,15762483085834510406,14975841332609802460,4292359020528238851,3903897712514406644,3824596370579261459,3313004149680698809,3669870289925816888,17901759343533994746,16602832345811176995,834302047317763732,13508149950001931045,1727409925190052373,11966625564050256036,12925446626351248976,12501277219829311814,13833997819658799444,12226693691197021624,11511053794742959509
12405089671036494603,15180339751566590857,16537061350713861795,9615767692256877212,8986650550443380635,9861120012081478265,12887612019399180549,10120734442751804481,7358839589238360556,3756112873922119356,12496368219277089130,5825640844209560216,9702948652261963615,14726303334951406280,11217009833681181230,9097750980992929468,12414831352691483463,7011161748150654109,3112178912981774581,5729721695930042076,9192987090747940003,16428729358894094396,12270727301638019604,2821361421203013690
5475264354912730106,631645936761498747,18097264275219240915,14010913915896086316,3143491502075958226,5672010853910464122,16924744011192789887,961826166116453365,17030838683047896082,5027540810238845417,4136958939054512000,5350449344832569769,14956456341733095805,16839804383977153624,11718988646285645116,17647164624624608938,9974428124340307725,1165151967429466464,247011513013898707,6581738535455900494,18259792475466089454,15861991712756938550,11184143030111086511,6375248703694348831
3172809481122635524,15143921884179097159,14867681464927174220,545447235871915975,17772420277605147551,1670709531288995597,2496181899923352318,2719489317126306237,6573777541071044485,7670323109930229197,7780229654531967277,11291390002362192586,1925643169574465146,13844765220928550596,15518686504895745577,175645987786764960,7718155753407174308,11848577654183205916,12705707051199923420,11659053824293420867,3411527894837840877,4765661782899213532,2319974331690927884,7491121116137301456
16524123519709447474,8827155075103426495,11558114287198197200,17512685372614004423,3954867814542905668,1693151278374411031,13166000223200984192,18323085872345175192,3049729151200859404,408412263780438207,2243564609011932951,17401983746392434848,7633098916588750994,10150895860358199818,16380502848051590493,12803814482486631572,4339161093394142618,5790165767820392958,10309091012383510590,14352701329280771269,9283885267213565139,12228052994389869114,1253657746562189325,10270022895295263
5075302776227525921,11819531533580176105,5006721774969923630,12385502363172599404,255982471850882371,16961188775782735794,7292967355674214029,3103903522720048487,12579419325884691819,16326707614611576731,8062833243204069917,13786061729054241797,14210001511210783995,16176509411238246313,13961724811486313803,10744410558269626947,14877603762012244032,5212384563813631976,6794663007548163954,7921593980795756090,13739664475808191361,9242656538335562420,6926606377812724002,1871743675561611190
9607426112303567974,10842928613910941110,7663133749685575084,9379627218902625646,841354169281754373,7854519358949606570,17578582698041599697,14159087250309130167,8598678249914959341,6789809998707705170,10439448535396197200,11149046308009052317,3170220149070739514,11487930770719409398,3921651024034782730,15767536266322107358,17026208461849567635,4456540446811927687,9296866367187748731,909709816438010350,427504877635901306,13220747672905482947,11473017168296014636,2484533572042620150
17293203775059104768,7109671231608222017,13772345151526044220,4755876753892845175,7916766623041752869,16708883454114072090,2416531265123479207,12368520291357366999,17693995496707252080,13332619171621420451,3909906263190364517,7765692244284582227,10965832028321300447,17897562036187853221,5306493112153623370,11614867094129960594,18118978920686286598,15167059221940677925,10896085950145598431,669397971502163222,13240113233252058497,17654051599701515034,595957793404632985,16005225685998571836
7770279767490231849,12853847311405205667,9653523612694633427,12146166730423085307,4412495742721624501,7397020484967751596,2703146120896083938,404711347920854875,14522487863098704165,16573097461424608506,7758844618251637979,3979994853709098034,13298249064400011894,14385274512589232871,6668165194505768666,5649304430265526840,2234208989391013417,10670641558025101941,17076410357900445496,6943359891750727320,8312978401383491463,16895214134802935675,9339449621857813401,9544409665016671899
15237144099933595282,15342691201777740018,4391319472386995143,800106637564581861,14438622571111772373,7858878471786599838,10757816202932067709,11796597050786606525,11414929677880725469,1114009220501783950,2988211617192060028,11798630221947393207,13563295566246308650,7111350112096200141,7226499716028785656,9871782563797140755,13255698448017108602,2887672201719837857,11978643436602816386,4085597961402130624,9657256998179700002,16819834941955385482,1369111163852530545,15555833752492079409
9822195075371000791,16927892471392886918,474476914272666924,17420274063658331826,4761775839213293173,14432977955677058520,257087047088609285,12737617040342295035,15268712197962609989,14214164240336598909,1995238327343477573,11832810099665503192,5628597335002112029,5234093077566317807,5584143050678527306,11179245101099742766,8929110419154386799,8654374979899259164,4877107077148567141,10460832158594654482,2303506515183427563,605008819957044285,13520331739351627991,7951870128978145310
2655980830983902275,2771993360415958953,12290901951722639608,12080943341045855069,13951271433402853536,5490138414026707196,15219494859706739878,9908286587939546354,11644711599907629336,15032984253073815613,15822759549173322536,741187533851386943,15390959329413960552,6202176340748255206,12087896411859620374,15364700607342466875,2395664471816750467,5384296500876394527,11690934572235975853,14758555039864056503,693504550773389057,7944097637705333458,13062259987230450272,4861388741120012134
556129314772167434,13600230774784562083,8593937661695662358,2695523303291797576,11311779325954007103,6572798291453501738,11783157446340387859,11831807704488952780,13645711375363204461,17322908944824979738,18268608991507252036,1306227611045394457,10892016000031174757,9065389783006958238,9400595181317807340,6870420783943015257,3649939308189862406,6173508155830228165,3266312445309932328,15682577477671757340,18355036669175533789,7162328154546802172,17621547332146427087,15574937807183453785
5625789324510033608,15911194795119690066,2940979442567582464,14476828517212026149,16406212636654154962,839193215731149220,15923495721775809932,17727584207782205733,16260864760180253086,5268325526529438369,6928261815983329902,9246626125212815484,10902565023493611988,17452812794630515557,10658829720832758502,4928699189433374803,9608054491602280928,12462006866290917159,4817818192743190711,8239892782713423270,370058609201891326,15608986408896074819,464353420475512042,14361406339644905635
17666246228085009331,12377107307694185707,6113252416930105595,14856103216613428341,17099180486144414675,9346561911408524453,7175334187834467280,17795010502222782303,1722274560089481312,2884289051572547908,2609373712285068834,12386926965844197433,3937571072842314238,3273711304511475055,16418065475592761885,9067113722188138268,12453376185005944039,15230146748056041485,2491967940209116188,9477984980473189704,13087784457615885427,9281834022970554314,15900385884134570171,4631827901855462113
204268854575100040,7962385806293020063,856287231869423067,10142390904221736956,12037695681490577301,11952332048408663074,1967135144015741735,1933985906354989973,12621153926841198068,14129890645200398762,14972273368553986299,7041862680031190414,15880279267328296296,8517718871650505424,12739746148147849753,56987300002572897,10296411305567302256,10863526245583744887,10568107597243540634,4747325577928432297,10853298715631879370,1073737780472128035,6215888115519098207,14718160913320232869
16555517381560912342,10992809075217871278,13215170327496811575,4025109289564949822,13019727798081842999,3474437101471199140,4707845424264640139,9719149436270692302,11618291535004166591,11187804948987182256,10119622759261473384,13802791452241049297,1435453124647456934,859155105204440607,11703423134755823865,13576186960789069001,10591691676555690071,8981206514660883645,6904979005142897996,12252580802896132723,10598363017717812141,7841439020104796109,4822536065311356923,12779375639580150137
3058742584943599604,9976368364956155231,3183385174747858214,8793065887551188065,14906501910584911936,10296669907595476888,6933099970264439299,11140744988964628642,8206153991964975039,11977811002545688582,14970144727320303993,18237448293350695877,1581281349328421631,4366418676518274542,344153675151283875,3023150248729523428,5180577035603903527,5301616327793062109,2574328800753388138,4349008836605838164,6730435830438450825,11831093425981099314,6430323310147232005,6549674749402467641
13858328720429774840,15952949439899185746,1963579485881586594,16542636833960038772,17169142843940081121,10809415008628790323,16047729890330977730,6407236247369627439,6256972873907317557,16036911827307926156,4298005508711335752,13751030275760629253,14800983409412141157,14448234107386826063,7561432399685387303,10730326043159952107,4088515990472080846,3721943006993930277,11593432517448365541,16189706850295919655,15629012755730198467,15023867441772889047,17796216744907833130,8051885110532474897
13468947627626149859,7674531703643238920,16400384136613287736,1724560071779453114,5291797076289275987,2540056498883779610,1191552740754733103,8178710431889121890,1030015512256062350,17704230953336839631,9586619200859145827,5533702722233097194,7638133356118929477,5964968567846902996,7847144545882091628,7577448184860979957,14192115500771942297,5754586470582010181,13873912440749269954,791643578005534868,7682803058272274015,16482729815327881742,18204441526619382419,16565054039494388597
2353215779887401705,9475838696973528729,13199494485718651934,15673785116257069795,10260955428491498160,617280364990584530,4990668478475405324,4778255490328961955,16057311160881101091,16161342010119468678,5215504570248963193,13190983049204397237,10964521712798263306,12718685828743127250,17722919121251507003,4037946917938223353,4814785830174043270,8387918575213703358,16242287659441868165,5383036364019707750,2233692047213101526,13573904493262399875,13754156035862472159,2279792173319528682
7428918747643905181,11497051270852431045,5135760186409990112,15987020663829849807,14183800071333825564,15361956274441420314,14488425788753207725,2597540398246754708,16992949743739431731,16935181737606545071,4504119146520930069,15248756046273363088,10072062838613215,8013892885706514981,3618656312654978325,12411291334401845817,14374662682997342198,4260264483698432676,6420012327200733187,11831310114284758116,1057078156999101387,9696476486318778776,15203374691781561738,1008530800902216164
8959382051108682254,10880378400111625202,6477911315680809439,16451463451792431262,8582178820404763071,16822867411199361885,12432086025191835761,11965118551644433820,9536527888544436771,18131164329739569793,16577448936328267120,12072417776608058699,8150347985184102314,7055983061433675350,17620333995653035816,14923669466055480541,30214850109053023,16918870497916697914,5588904244468867526,10186859331762383007,11744621974010301546,16808443142558848658,13884062386560707741,17446244863015251223
1221723593490061898,15867794044577961198,14762136879961166103,5902235093657644452,16549859144018868869,3270349358685838829,18270978950399102532,5603011625829181086,7588967845268256298,7127012047002843696,13150280764522036708,4944902693613767912,15140996203348692966,4653852952684065770,12715533569765879373,929644062039002358,17547149433696169418,16767504284032235665,4537364798668562571,168273319099975688,11050352697950771814,7519363854298560175,3485444707312221057,10795546043914344430
15118931125193546612,15697342093385622797,12471773678115888936,16434422720380429429,3916270737252223596,15242576983719168750,14852520349542483273,10887688609252883108,7775283932972546794,9466651029469691462,13382850096920267724,10432416130189050263,15896853235444789169,5079519033263176981,8181687497255813648,2539602818432327698,10044328827342347845,2241798570765765439,17344555447565229199,2739152615295328795,16492482786613415850,3066732493629648303,675196647164368259,8683883645582021902
858511682782844797,13771944972730639987,13407279487556604920,16128025212596991840,11134010946706158253,15743719333143075674,9746949748602767253,12437519519344500139,2067542529438344088,3945916628036524482,5420122016238149085,8777189055656708381,10598737804374735721,15000608741971828825,8567982454753649152,1453334660219945629,4432182472301106819,623457739668541798,12567750613464044783,6084021867258091344,5728351282000858538,4118365905270389640,285437053523732803,14754800181863248763
15714980934288350515,7820227373539008532,3867508238582916575,8647302489757442648,7287806243793885862,3619549623165381925,3371944291330008980,1621701809372287287,2390944914375556339,6070465969583097497,17014032177940871107,14918213680483963759,10200353648294273389,15251892991100471489,850766801389144869,11027513698830536076,13353057113946806415,12788021228290355596,16374209462464971162,12263643239935396892,10376261917266113610,12442633469366543954,2062805278270521804,7558102986046191904
8946415750946681936,9094576463331333743,3549167823384381303,14015731811985119377,11971614846580223841,158072071606589527,1435084534635274987,18049141798274956588,2778914008687341603,14958949155326708122,4621175921229583502,11527051573941407314,10185819030415618206,4586236185155890195,7666559356283450836,1329388068024092308,2193716112591496575,6335587723915380471,17317364409881781480,7306646016817641491,782480084614159359,6913003497352607926,13108377677323340582,470425183643657525
15262224549642075407,6769913623586110269,12011975250118704208,3962889024298973927,13703562310958990242,4529180834424505761,13510203541841549600,10378994093927211821,5065355598431781181,4824540290197535848,4057353367849164090,17189192478943468312,15559518030945138555,16064681927167104722,9881946572708442640,16279629262528957511,8271254286708209472,7414873400170353331,6121897501491987720,18370161143100518185,3909679621259180617,708762682083030978,12797205795788919751,10930404347682819942
16321600645581238437,13601986407721938915,15906460451285888912,16409123937081119291,6529048864964983175,4436737317082352637,16373352851352713375,16249467756822363380,6117100703642981567,7612760976637870020,14999995126419436827,4867350014750192044,3826508936546805976,8302147715317062145,5365894019605817283,8850635872734387152,13289331163248391500,8850131317672284109,18323854576294105878,4568025310135228565,11323269811647990309,7935938297062754772,12619926564095652662,15753665727218435058
1979014939550607973,16784510713878001061,10933563548101746962,16857114559701388792,11720581260965296589,17598134284465979387,8808893189464579857,7100557324500368521,160951505204804978,9390293440824037067,8117230962497497240,12194099415483518166,6394917144363468240,5480378599232426129,9694849421700110162,14632878415295592503,15419763163988757593,14191068547962214054,10769077586763159197,1139813655635988465,10647052331382174173,15933508787735357103,5357390135593110225,10134063206503054500
15713162398553573342,13830960226334975124,9740410076016396665,18169475560556135427,206608270844696205,10072719655997416048,14349291172258106904,13017209352422982817,11620673057920018966,13537020513701040986,17012933915457900363,13467732986067512970,15568285326979568882,11229697565751107835,15268808926187681132,11609951667772920858,8585456460885315622,8869959099455871084,8168648795443172644,8910721986451333186,16355251687020541214,14694573632551597417,16151436421394764105,2540391621031985972
7790562178477946167,13938541915397172383,1732394448001974005,4590880306091848,4923812716922891135,12813943897961452097,3524328365715104476,15963126311054100964,3652486430542960418,9251499201054011868,6760040411078033170,10929392142005213396,15279348452688952043,739147645843745534,245755232721086166,5089615675642678675,16837666594765858875,6918617808411873149,14957425612916434251,7420035215737382048,10055836609091148843,17332951625242822161,17282197959357232830,12585168647732110776
7461168127056706194,13926372578535110994,17552653520920498485,9049888073902451326,14319133299966353748,17630630254255673846,7920022114453488109,855115596624906334,17825154936571497224,7142940663223975312,15717243066444836013,2183049377146594865,9950263112650361726,18334149196244310929,10506469736775345071,5870824124419331430,4837180654835156725,14492834237652564121,10257454729765820221,14851963040874117397,6816213617427125418,4950425014470555725,4292767523113390556,11867707633567051982
12845633341472713338,820358696751039396,14160840852065601173,7118723484952781665,638735674354557250,15170338899792132578,11025830343390166931,14381942783251326379,18064703678306209474,13218631596823226573,12817100385010427015,3952793562041191880,9369622421541605852,17244147064900558609,232763076920737233,121146275650543714,9200004341717793656,13248169018960362773,3494391759890662047,9042418214531269334,17550514181212505660,17064743716340820083,17500835657625141709,7564878249927550651
1810770666910894888,16965071954944519125,14158059761459667917,17083838113843437737,3302753158935890324,15418189006295767703,7469698652839912679,9639877261120387557,7985338702713547878,16936068004613481475,4515411910151756674,2814250240938992707,8667606781223416794,6549129116438966422,422663743383390760,15915670681944200127,1988627939001901335,5364622832840227574,8272975829981182203,17461014086738417578,17328857219209426888,8851018805412702581,7613362113660866785,4723056277173290992
7590999836715605046,2639412622876681092,3642585607148899775,14992348676100502059,7799736638164598927,5961859793305614324,17081700472371465222,6524373771091125738,10302151676299448851,2848157370300382168,2903473908733069780,17970944900284129787,15811589095763043141,11271758582796172736,12708069925534462333,13091077137650090818,8640113376102098540,13159847907927731853,16726018060372929808,6253231317587947048,12289225416944056075,7283973849025074013,6901013560737336281,2396475696760804566
6605621642546351558,12877550240706962975,4296263810047680805,13177857238466423459,2829590291750329635,6912271599294130266,15345579544900515181,4665241973505987818,12004607390243314539,2833816172514543267,17560183966889393668,14110271528371682710,1809495646437797020,2774633320267252015,15728242815587478608,1086497067505004606,16488592343394159927,11588119037956869127,7358289426894020159,2213869276382806967,12318845210705559844,5171920214968985765,2446874153561072004,16206179337629307091
8625566023541474684,15619797414110377355,10008775457363914422,4199197697103824758,4027865600311495491,16756337314945135524,2309132737129659974,15709109347343903505,16373652281604897989,8026514395645552378,8584291543213918350,9180712729426147222,4250295571456874315,1414774182709430402,15764610405007516965,5570593157796036126,9571322406002683826,11658121668702269531,5422778050785923357,9402082076481470292,5255536239979695559,10035672295938390110,9553941425140569102,15275411065148063855
5806716363065727946,17719912555428811012,9397019353824423540,17935753694001032958,17743011129423891619,11637770567400039760,4158442249834992440,8543334406299511784,4344218698189965859,17590477346324440107,6759424583064804608,3305628371169391665,18167470344564401261,17379549294375214087,15577144734720207927,17195063169563704413,4231480807492543233,7457613889226710190,12855311027077548997,7240623819188802849,1476204258053640200,3335109039266604691,18182384283557813627,11658479715408649488
4123678577035878710,5013366994785406370,9052724358923926731,14999264684759147835,1586436685142004681,3310068165354365197,13449903070926601017,15265853292088153322,13236756214216544946,16677023944500072647,10178467190614650093,12913078932928678200,14813583708667512510,6824815864980626281,8628128584479180925,13626779231925388700,14221748034896343500,13141074579942397367,16138364148196483570,3690202126121562033,11201342337028756277,14926993315567389890,10909683333816853893,3993534022671755594
1968534604325153985,16825055243182783046,634784050047768854,16329548904232187970,16908925984909009450,5922885751885559158,113825743165543726,13978781129784793592,9704882176085629240,9020081947595264262,8549044737940717254,4210683954399453888,8199443668498053120,6349032819851719354,7141988982728952895,8746079421058888929,17742365739373718662,9724472010539398250,18441569716465940817,729133985999297277,11370086251981447043,14627621739575291318,4398662715082210147,17784257471091049952
17770763090199409541,17504492976962579010,1715544160110875676,8905689473676064644,12917363873509401523,11696996412464407780,15706813976604601745,8277260916282883746,17808195821150377853,9263581579479287541,11518630519603668472,5303213037891752827,16425659637534680090,7096387603363280848,7442271037225429195,10277471721694138425,2603657392915706330,8195781694644132813,16744668452529499681,4238128716145147647,13795772521375878090,7106823000993841176,8250478711227004510,6889243682676446051
15806080801847501348,11850505409396749487,16380436523012922143,10576876134158924224,7873264365919602949,3800448957431024242,11937224327118297581,12308055718134787884,13702131226229923902,8398311835133938320,8599213766587137580,12074799688576035458,7289016056380970259,10716822696637717602,16549547557696404267,17150274662855900214,2892416715187292467,3061708186192416607,13230553984009723525,3050561521179753037,13344012577908536513,15273338242028506843,8056244072680211267,8042132134414879926
5543989449918611256,7346187582337597883,12710683513020990768,7710220352245805552,12835056417818828942,2721822244272102450,8363886680329244740,5657967144463380786,9187937113042677395,2995985067979206948,12756358867993429746,12102111468669273547,959165503288023623,2899969011711150898,103132335130621302,2234425439781535107,15901741538901479938,5994028745904019045,2521992687879396818,12770631649823689323,17904111840556390296,10790248288660827376,12731284862059419069,14354554622925030111
15080967323370125701,17482199616627643607,5476391115851634705,7957193114797622693,6889482853794953775,7928497281987527097,10792774785944447930,7531564884825847644,8198194418422169735,15673994069100241832,15302435552226532103,8689924349046889846,2221059194601111375,8217492968352982995,935766659877475504,1873573321843438971,7298750034959530401,265147377037255384,6199468878951836918,13850619937202239496,17597533905394683671,2175147024977832462,17316406824145700329,17401723817219686373
12154736439096922865,17431980617680132220,2081827749623776190,9441790231966823397,7057717850925286759,11432468575968474780,148567082827271580,15897678022888850583,2315083941483706877,18073844841227046451,9426437442136304117,16832714306219667815,12247594926225471554,14403975059523372133,7126201631007149632,482766216991736365,13438629646734241731,12718311162834337147,9829038505732112421,365174009906840593,13156047344836166429,7605347112607047700,2208774013997934726,7726667099147316556
17983542561459557680,14144097317002393505,1285414990561627877,10642649511120094060,8630316383220791610,13172827029868217721,7166119885485581696,11921024035868904673,15761851302785621658,4415688460934429172,3923601805245941682,4027454121240510150,13720758828472148532,7234290361320075648,17690781207652130482,8699823617479808106,5014132271855621155,7953683905890651075,8638107344416988799,1056439245406236636,2608757894869876962,8236178894431833670,235834388186743102,9833615143580737659
18233810296020927326,9018043553495905708,3804702017429998711,12108380574430980860,10734690807818834849,17349382120687113940,563728150800002654,4544791466631145898,1007007781529861262,5441715879739791122,4046455153087907963,11529181458910946936,12453978502065446870,8964476021390289670,2737510538474715919,5568776614507315065,17410472958448388316,18121200291327802000,3949768434055458346,16068283493135614980,4077208659225649169,16070244146057860125,13719823260839962401,4174111800522180380
13673668734728622640,6288998518308993714,220399923136672937,16488663926742637854,9067053742342184704,16415594374983213517,3662469295933828409,14010715187433874981,8548893978819488635,1031956070789943234,7444062559587113340,3181331126237583923,5055178371992337025,655893982202703593,10462534448069625674,893573571285167405,16240624039074077047,5952538699129327613,3841377681512139399,18200293925324999219,11091421211636969099,18333883630273536109,9872763390588795869,5990307638468744824
11969371799476426521,1026580484433185899,454784505918724438,9518607559654915309,11748328146408204736,13629957319282824528,15896655908560099237,6034918279208857847,18323747184372841734,1102908628627926390,6035832350280208632,5399488926275251219,15050172811845031341,7895621681354627491,10373378424850338333,5202392144989838986,7676507263979940797,3626080481995480374,15165945387251439258,2834679106229314500,4675149881294453127,17733850766630066953,3130360072411819623,1448466764187785983
5799358434486208885,16778498774473960544,4337184178179789510,13775847353894346612,1925994207549847504,3920722132755908124,11599491060931692977,14667615437063638095,15414722673740815665,5385599168791160990,3217779983723628997,9738213258121327530,9897155412485154614,9248992114125294243,10195628680090128237,1316726579728709580,5298838959104095217,7432553475223351114,1231979230145757409,3196714586357110966,14564227682289899151,12696117197251257902,5033238164864724768,6308854596174689243
12998008575592610979,3899174737390273378,3891027076569994208,3354546929888585509,5712596880283957201,2550379959195855413,15004284609213900410,16708286387784337232,14270413261598263209,4229307645884826692,1258209135258288053,7217437869194030370,10663777405372517624,13844404218205192647,995936135942977851,9556428852341564841,14387849321413009313,11230414120324002650,8005460094505761021,13353984251404635144,15627031610808934569,10414997205551456665,10862226159410048331,8840245415566107010
13839498702482302242,5471049045141868692,5748945164080531597,5424801559711787852,13375679582871290345,1708031285209533722,14358842464308080246,18122141303995341625,940180067912181093,3959164622335876047,4383512383953748797,15307508575360950450,14322353753959797614,2288318018576664245,5921474526520282667,897118159869783519,7322544942841016282,17152758638766032411,5975682605945469039,2532096087661540757,9830137286980825246,452427897612739553,10024341614852637799,15193023821028541620
14846061343006964529,3500709058439899842,2446145127943534395,14680211489873767229,13397652580824620299,5630386296506263470,7937196901235741686,17402907598246831329,1205258228055903697,341245662386591455,7661208364024840345,16853867262164318470,15749579073248626501,5906492388300521655,6022703049514326155,9983707816251254728,12846400953566423824,367214777031450486,5848331433020795853,12889222909158453772,11845464416886816803,13960531044519205530,3566243301241721169,1096909086034768763
15918765927852438208,11618981387921452984,3507847232107339639,17206383338998241312,4256347768277241280,12763926939926749000,16976512664905087138,18336598917721130884,1954729915738896875,4242369523546534294,13031647020066887037,15930600000312333743,11452202748438188285,5725524697936834633,10380537631708331007,11417965036068286256,11612243475864132835,5563900225193816967,11371261385526506288,16931759796351516777,12744722529047782417,2345010345941598950,459400706770212229,17824695013590845807
11344533770556502395,15204273431545853202,17404290394800973753,16522671934191008131,6751948618112813550,12895626890250915617,6775291631936751379,9199693832889661539,701400004510466507,4869694984391483425,3666103817837666421,15689170210524909647,5560841170034405321,7944892484428413716,3124449543571574527,12956527031998296098,6649023036359408088,10848058721387980925,11271487548720752842,10278721088858013867,6925295622702650723,17808562478158549132,1331441573064617805,15813595184241039656
16061316797882004242,14419689421916846672,5557360729611106377,14181481099200214457,7992066910685165201,16010640859544675168,10677485955225066974,11157973690619222890,10490882567628017197,17928980781352369376,1196655542772575967,4282723804984553407,14193397229277824237,7689656754625904131,17025687890435083226,5961184064358847558,14933679014276594283,8766549278381647737,4699978706492083638,17943768863426647956,7182468058194385934,6507390180037549532,14104793850946799860,2961501552840625545
11515712258480859745,5591787744960667493,12500332148667470825,14327719288249143478,5350708681012254189,243039582897287404,7430332997007132743,18377492709434863809,7247036329192383966,16759250355323911854,13325235072867811248,16728166010744582156,8572951482724568221,14039229231543599608,2503721142732541405,8028238123706736865,12132034492771987052,11355830366599657483,11770309314294511814,3852689187632924176,15032519302704693495,13814439861059492236,7575525371091174931,3905129018104605262
8498739028408439012,1672984318855182000,14529623505480099162,2562323128687050579,5764505136467028594,3681466521370321572,3928813862762492721,7891652772786313314,13288750716484760984,5390981924158668049,5157101502599653117,5147771382255241755,6612577440583428125,9902587244003562601,13894612081866249992,9309331849101686407,4392455777262345717,5296423349617384995,102208485160461896,4604114732502807337,15065217074380165088,11408893417302610182,921166967444548683,13931001954130174452
10910142220679540322,1361789729018268476,2756638850426072773,1917982158638724077,5350310068762681430,1087799004657553484,3266136750039303438,5037942739590693977,18177990004205545628,12883879992995203211,6459280671777603080,6374550985239213379,18232483283569459110,3034217386451348647,2716260425665414452,652772204821115554,15831803890173594829,17651013972686662718,15990932710348861096,7027192540629098210,249485837517291036,7107612923361787113,12622640693926143087,12492584304620485088
4335159258314189620,3028394809991082698,3309667667960672949,3566184822755779967,10729257854126689588,9888575014402595300,242491992255775918,938908364238885265,5611013604932626300,5331373842070847294,15181004453342582393,4429789410871937368,3147563550126773534,9111323304637018831,1184188919613396629,4266971299665290913,3218726829562882145,9593308624542037115,11470071466943486305,5593422078373874666,489122837260391727,13691056624481395434,12154021514386030837,15917166908543307847
13335884176816394792,4470957158836751672,3847415170853162137,15773931606965491688,2955270832185796558,12213045065983051120,1833983312130710439,4031101093796318063,3457464824664559509,1404264108247190124,10425855394239147427,16881819027176518939,10914067017805624419,14163950519959887140,12613260874485318440,12591765925829224994,17322502446139338560,10152022458083923042,6239916918618183415,12984068295115681411,18085110837387130704,7143727539280529069,12780094631346803401,10696333338704437431
3011973425288643295,7419760488223116275,11544112864169225432,12078297953339709825,17339315708241481106,15560160487135556411,4765711855660869055,16110733284149266747,11675972663510208279,3221554016976443963,3406707290339829221,16194674509940442942,3963065996704700749,8935752636739337385,1231889181139158170,11194069217684066082,3624726226271941234,15515706511611484850,7520090805094206592,9012282717768371942,14033998929645136876,1547250264330374449,8859357572844049866,2015134362692379507
14871299732938916939,15717978471320229323,15995462703124670353,12931580282350285672,5833610962438885464,3639861308622713904,14979422210355682234,17770789354531548121,608236220362171703,10903900390341792854,264819454726818813,2825699922301057869,5339926184657990727,12589549857230484960,10771344331319847445,13289645935196234629,13561782542405191853,5105007897780919785,872892602478747574,6259243172526628257,9728396726650692318,6554568096941110486,6251492775875729639,8992103643651207581
17777406081118815561,2857908616206432621,1518022316072522340,8520162488197707835,7566722200698333547,14301077660553857571,3583312094035523480,125115182067718399,10723971306270800632,2063550199888404034,5068650728651037320,16478019359476154497,11241275841035379988,17114376828596372579,15260310344208606461,3093588330582845293,12574049547394889630,11393584199541919653,8306537667822586071,2811406522864104630,1946989080094861435,7851535674676046545,6907837823767487361,849003870670740310
2124090719247714583,12409612762678432909,16465783473025441026,18342502260979403797,690654394638149973,16957880436432378229,5887784174395736931,15493910548193236202,9862205662786885499,3452394596916003021,17635844522698894785,3556672513195981041,15532338553437122719,5301566818749061360,5904525621767056761,4596208585565859838,13767980819359814226,3377498574572444402,16149771111929375392,14571594975724887325,15550652514446827329,5178927445777653127,15356345882509049162,10871874428136109851
14641876839948088191,7723595462575093544,17663386476520455464,11099509950738186674,12636660759641985291,9360840907280450928,15932836592990952921,2581384272905578655,4131551727865051861,3929685957958374860,15729884177045134877,5697562387154237797,17408347824293603726,15619356982480319421,1992853231818717263,6106185593348233150,15327760555841068601,7701135230432805051,15638277565392225763,6374638885425407631,7098410179642443473,2865263807638814080,14122488673109385992,12651712729327053947
13277312880570858031,3867361741904113856,16830840895083069094,10218399055499754802,9134061831272351028,4175722565786596330,6033128706698008440,11427682626583855443,7375674720911125943,17141461653817620325,10210106073883674263,2980225122894147537,12000896001971534052,18004293911899610937,10049226663188263915,486025822817184243,17953053291495102179,14285586043993231912,5075030141243642787,10942274662495374210,14142287294016353730,4568854606898339657,3134432494514014627,18372108624658577332
10605700924486435444,13622127081038016472,17670658835439387392,3564311405638020508,14078651099975817066,10396694584615756914,7480913057836197962,5741819851424268930,5465504556941117656,8933199372664071240,690178888207898485,15515118352618365464,11316214922226522972,13706168775876854644,11619836859166853776,11999028219156975171,3955817278909257091,12317683313602106730,9636746428458881753,14868656999533355925,17202163000869731225,6094543381000653846,15915148199608232587,10827389713091848515
9925516501309738232,4772450663122477931,11969739878443639909,5058219762178560706,9615974766953002828,3554044931591790937,11803759979523256424,6046586244662619501,15126838159208440158,8640192588270150954,13466815619966636702,16537206072908924741,11828121975026592938,9101009262861476128,16366894466116373728,15779928420504196346,17166686173490132352,12675383868947014969,7716674208159820120,11321536363106425851,11692238136815102656,10238917274144140072,7440677139468105094,15424317782608644791
17490216264804040584,15637410107651741429,12001070028426119079,8933157979063034435,15840861081531932327,3778982171373640019,3351057921863037088,14975790489343472168,2342724034258266565,10304364007811096108,17159949113667044611,11503975301791890206,6838803740960050421,8718202520374483203,14051451796498748611,348185627331751667,16166297438159630951,6253129802204818078,9184611454424727508,15867074479523285137,14859976297281273174,14126570563392734943,8510611782539081418,11004520496347228990
15491948932428141599,1589091974413538251,4310009348383546330,12742535934958001284,8530065371513390163,3134115054883873943,3262192359375809785,4461941132807894361,2208649298937785083,5915388238120152357,386170379857985260,17520288482753311043,12679572516615795528,10563999776713375096,6060353236237192926,2642080139595491517,8225092258194736645,4895823363610439241,6907206143213420208,11898803174409649880,12777908058367429333,13421650372175707851,8289948243739663609,894702169287145143
15074271430201364075,15492503630138517582,16628307971731746910,14675650064369249139,15875814058993765030,16285316435108285564,4278372583717561868,2112057933572817612,4618942998325395512,8994714503471591574,14742424975659628346,10629383667342531224,14264386086475023766,14760928315249699930,8875114731661864658,9264203191610529621,568615471308681954,12939303290927627300,13265529578565506814,3334665317999857375,8106280477642178097,9698802888031868567,6192756089716191120,9582688963390460058
2977273387611028478,2329798332378709471,1403640597139932727,17396334354191485026,8323464242129825962,13760216516973246975,16739428800363338464,14863592063202488516,1891172518726096558,11428982141161368722,16528074568470115415,583743381327303183,5238886690869243821,890632665128730883,6500243138527388272,3105961382815967376,3222678261375234685,11043703179364134693,14287677507730265624,1094547999061531314,6659254021108999773,1772154995862906115,6740216287826161910,16891671476166508764
4463007494630306761,9154353100531854368,15861339833161681311,3629081208971808990,9383811775138825768,10153383063312280451,3463477122066130193,15442629114184747370,4221185109545110292,9774374075509517703,10468633763426588423,8648138374989702665,10542619054230458510,2379062249799037646,3657258622267865983,2548198474594583283,2967004432577716871,6564889781012901127,4420662577107578355,11451566825048737667,12504941094296688935,4621913348964578356,4561094821129818784,3259124013809149848
6163397200411616770,16790816191394935303,1259140145890118714,494044306108228962,12396014435532776147,10615382653430821360,16863169098261100423,12662208607958317680,13162038923372045289,708003917845260221,4025142194125885786,3492902375447492469,605005761979581653,14275338637903851235,13886103843936925458,11763492201857140567,3047496264193804666,15169793016603885979,12244991549959606507,17932573721942993188,9823751180276840349,6476852799963505740,2992971019172545767,4802001214581084037
17951842269110969138,9469535697708162014,2160836474233230633,15821752850449431298,9572472186227862800,743714750969012642,7947038726771872352,1219653284362162313,862715589710308373,16657499143161441079,3868728486793402459,6319981583305218884,17740148451668523211,5512948450870581319,3905160259532318578,13785449028577944904,7407774096530542773,9578949676556192026,1703859194832142903,9411717907026238209,36732049150963870,9794570668930476535,2030824693032850843,15241258938780100177
6006947596972641594,1995882720479916605,14694655792526261284,8518745406748151102,18129054078255017419,15290852087735510892,9649935932419634175,5312490409763214973,17460296386409498597,13158389424068960085,4657846211386063235,10972040237227431375,7789409931889921600,12415886896500216422,17294805648015479508,15450843298634727811,8409801689897598375,5435527390624555071,12591800708229522787,18168841135448399518,16425033225607300183,14117164018326841534,1194394847732059819,194428215548937609
12209781844132787188,6039253999336513348,10626253101550717487,3290327308468392110,5822146106525241238,15508770540009999669,15887830569201651775,16262966434150370809,6009745813479819954,9413312734038458511,9441706658864009637,236011316502454795,13756234887641075728,3918761809835072628,14928193801531703610,5661722005692253501,13182682837417957625,13302204865096143708,4261293122346498915,9341264795792419678,10798489713203968986,5775961780359466633,7966073278825021472,13951597709781539783
11851538873614016624,10085820306417417366,3175513439207838175,5639857655681857346,14687972297519208308,4413952884447685189,14602366229031404483,8062437960023388435,17893615064623128251,9934135194623056817,8149257085449790459,3820912208597153726,8580236142260142456,12212140166322635410,929099840900630081,9010076999845281034,2599165511294773138,10460772986740908585,10922442118675104349,18361069393691031515,11660205870094500861,11023975618324603135,3743414117941563274,7500349878726121529
2857423194928156324,9758474494057358976,1659257738590950637,1968066722794716934,4225282880385715320,14476839216478659736,5433417797207081696,12446870927459107230,527735938127255290,14944083289791863672,2523849891947431925,15933242309729024130,3347792720117535279,18023649006058227367,16671576770689016218,5595420877385831914,607635818538279559,1631014743347894630,302002675873947023,15706728375246718036,1089492710480443237,6843172139925266416,14599005266254579577,17903972497322704845
6008651953739398368,1511986535685438374,8795206644664322923,17289938210163035149,5784048679829536230,9109661599346573690,16482818892664082781,12261016023338043313,6316943911970718841,17304311968554224672,3079481071970883976,15453996770997386,12133918753428375201,2139055980091815158,5747294004105689639,15387277289346516854,10211693986156148937,7400956171386618368,9999601034172718493,15601272859175983496,9611193314734108383,8202398408360635231,8197305171765762050,17368043622068806185
947358602240556906,13622802308643230194,1701371883149835465,9215377984865413578,12438168211064590513,6536630720454610733,7859054969412535802,16435680125241827126,12361903743943931890,6689528814856115679,11981864476580745688,5672899210782576638,15954807489217221487,13221081692465092854,14275449261423558660,15228633133001722479,12154550004481589045,7802803994148514153,9224588010826986311,13636903362082353042,12548484060665344865,8622548811807993216,16014719354909391068,7985555575352009829
4460876117014571833,9390889352938975303,7018768540034108674,18399591337331362642,1012967863879383135,6558057619105011029,2755533429752717892,2774919486212073224,5669256180893239886,3871427346175388012,15898258103424575859,5774349866231245747,13450133783313171818,5846621904963254880,11060895782237329171,3391346709989212613,4803215856900238008,7019357037026421062,17145550104568411273,7733310516927116605,3368368692733571599,2160966681450083202,15179603922902849056,17253008783363302990
8391947163753658262,13801188137316482206,15111168762493985603,12088330145141997500,4690587766364432087,6854921696986819046,1534372124675384175,9626859952885242957,3573853056235129773,11847824976824551438,9054789751398956148,4706854925144759190,7390734034444207110,589159372584702560,2402859931087137923,3875790755771233596,16625441741580565834,2147675151149865343,5074906636112077035,3276371807304926289,13846581617675698298,1415484761908443400,16665961884634055695,11320199052920060213
3254208232065807293,16032851705849092713,6895916461683680518,11508123002645153916,2395665051206681871,6244640819127563185,15677440681219930890,7789480817608549204,4755349162509685454,18124101202494130527,5953854531828438465,7071196517193939596,1924424493765868945,12506039759418697078,16720981882774919355,46840286897872517,10804731614974222482,5387462189547117953,17304716339972289697,9769644353967424204,1992163129790108127,14594444719142205012,17820203061854796326,2128517105400258380
7619477916201302389,8433172756718385000,6830801999429136229,9363394041317263312,17171232134434894150,11240600131320811402,2453102601908644240,13446427707201828800,12320367346330324007,2507015378715785847,1034798723375054706,11423237404772624832,14035769157563020670,4184051854479964843,14279645215957842857,15630091653656542990,2594776853078323086,13948815681522483136,4007524568053240517,6464378577765624716,3232564061635672480,10207787163015445553,4116663465392665161,408708332649560573
17636011786057212792,7343528180232327122,17366294942802317200,8322069126343102696,11821329747559356055,3864407328371557181,11456811251056280648,15788262334557579778,15449234329737480475,14421826778125961591,11013934576758690382,3954194119951068643,2552610587438573167,4747281348327546658,16416691012371655499,10828132464533142216,5857913101200526757,7817391183688499444,16737504047947756971,15144910319209827793,2625999117279289786,474273779375034329,7618533653250059816,4172426175873748176
4001106555004822681,6410666565188759520,9835937323894283394,5918005219258369122,3962603402390097869,16224931924035036054,2041428673728430887,6754985774751405986,4287900513881055101,8262504519729950707,18047078085425289266,7313820454961057892,9658796874127232800,16227503552643631492,6542536416012262251,784579864777202743,5622740139084811022,8562916539757868528,9076778195066535490,740873356974483792,13859613390733185630,7424485440227031739,11724878676369578934,1338379289458238072
8797915973178219028,16609787206506461099,7635820066929919229,3668792120816275607,11300367857310413768,13317251408588323023,13671527169686436710,9184667314272737613,4692502655104804463,766466553217119305,15411681918216578549,5179161285997321243,14578470162179116264,13387170786156017356,11942880920317425229,9510159300284917980,5815952523894636534,1945046996631728546,16911033420127053276,1170636990834915459,2431601877806719080,520134206318428059,8688836814399032200,2902515613377013245
16237406237081033249,503374069138437098,13540421269303611515,12280513442171220675,13979744412214758093,17372475719177863177,7527598252432324614,6095636458984082317,2310164994246708181,15680162041512233807,12772942979028355198,13081928834796748904,16493012192229577506,275005080734492061,14092978274031929031,6454800110108851542,11673849278924639219,3108524625096458011,14408113503589989465,5843264263718251201,12879936116237121490,13777430659459886376,3078611796273557261,13049050049370591932
4460388011572998698,2212612680665004927,12140100801663714314,17935550688930420913,14051746601407865887,8066278453360358711,5063729552214591179,10891444119068976799,11776723936607819215,3871547426583482966,17464931955792979834,16178071151774843148,9326131202744462443,119429812722243649,16987744078015137467,5520234748154051917,16244090783077485206,4605223261446690671,2146321894504884062,6930848523891541084,8151905603470872232,3999009224125549300,15834676189542162457,891411450048173511
3377143650977750602,7877824258993906554,13733592307987521728,7669489189233231810,11152125389202915074,4944360807919314541,7881978625771035904,5762983249070415999,16834816980413424484,4352327801477300595,16660528769769737574,6081013919061443501,17580229535230510349,8153081965277773576,18258370768429953351,8032088545908003537,8761607382998524749,7663663665630923249,1358189714015956461,13921034975765824425,13262034548351839020,332781644564012202,454546730314393583,17981809309109291166
9725198542549572556,1018221096588633150,10214672299708655796,8518319419042838565,2824615884252959340,10202676495932305964,15967119598389816768,667021447136762953,9930964377891052309,7747933927623708731,11194796066588580947,13052192288787150173,17063022053093499598,13490189035393365698,2845130506779262078,3534114885758656158,2322692184267770139,13769566150333916584,7221108405622502859,7276593817281493248,15270002192578962220,10454729906298410538,12307368790844240522,7046666616838190095
10805563000757621717,7826186157046296830,11609559899612286196,11077343409930552913,15710125221467061485,17472207378055102388,6585629469544880023,3960693250135677298,7043940511152163629,7445099648693115840,3355663845104117093,5421805621336039789,4442128961764496277,9100445102935107439,5533952197581937862,4527958892595793405,316130937695422313,5771976896365347770,10259926368484611499,16328754938697848339,14809548065925142006,18269054476013090669,16039182228224380133,14635694205867199260
4866017648786379298,14024809794195280078,14694946869501229148,9946474108738869610,333467513575813626,11388856097626499139,10874973465651406529,13691281991218685270,10836491506380925469,12817989312050055984,5750445781183747903,14696370409530914595,6452920871338297338,15823484004579053665,9731785749282442936,11933026055040035782,8379101932280435572,12523544792101734323,13079030350968010368,4488545273042291418,2798054779979118268,3639500174886655683,14319498653978139442,7687737785343003268
1814267760922336317,6783282373897526508,11296729449165194638,17920168464109748700,14214368532476008971,17543489913620457172,9139016592870456039,7656839558908448090,17025459140823174403,11261359769335406221,8498663573909394278,2748691451231344862,13427556671726339481,14272098949037873658,12154460622467626765,2623126428399499723,9839326448176532498,15687378565296772281,14136585659843569606,11890652588167017937,6969214113105046756,3012293041022136037,17573861211785045550,4136728135162933821