13036626413751913547,10167407032693578050,1860460374396076276,11249975624693227657,9880434127196213403,14673455438226012139,3307558962988287777,14197018885791920036,5814571331883156042,17185778842210667674,4442705180922234624,4103148610678573073,8539699180187437604,16973985735595020064,2372592119971258130,12413598757431362824,5270754855292312845,912700248640641460,8554119752378862086,10625008812952545129,7863048973126124518,8687231193311842177,8617109425083390358,15233901795042626808
4542842302479250836,12849732061112562848,7791793245666606242,11184344775954822242,9831095098551413090,731735042079036817,13887931580112692588,8325835610606063971,10815061728195749889,11811389373415145941,1721923663465227507,9484203269676958706,9195693946104390870,13700645128175554247,1712110194394795824,17555535647815471539,17855590282835530439,6759576127314905101,2010039572877218886,1364336104831648467,10311648970617033750,14819397657967524310,10478833725476685668,12596060567300854900
497244252115261505,15866256973871870477,10722125660928543966,6126093776211898264,4088365044635882048,8274237440456122739,4135390061769621823,2212359574972146604,17273082117855319075,15283956985502669234,13356357604105092156,1085997746544464607,11401258542687089646,5507016454896200491,6223672065315662117,16485513239083953106,1906740914886429898,12398464062528776691,10726875340623341994,6682466320382482060,13843074738607503599,1491470867593804259,10642857662027955482,9114078129734874497
1330566743074941450,17889357220515280899,6293182316548296541,12856132635948901843,8714192248316028181,8628319774293934740,14699613580349657648,12602537166650732966,1611948031674347970,11297719628359086069,11278050641671385612,14438950940638228583,6240514443660334728,9080963098575992854,2539785263489211951,1305032630480400519,7619842983425000194,7028730597708897692,4804843121957656136,9501054421396075299,6322860550247600229,16925892960998248840,7792934329073274529,17837731456109823512
11089309415429352311,10892431862186964185,14376382043851277400,13251073876217110194,7367180429956378370,15658064652614751461,15121946021905004057,11370405993675793589,2644772261481568606,10840508918583718724,6583658917728702327,9324745373130271428,17064109759928461365,10669538911830589999,12203673798796440715,10120790673261168978,13183204804611116954,9614597002145743612,1285583364822589626,7997265969264249830,8841692538764227441,4069638152940227741,17595803817943977075,16530283003022312373
7049309806286235066,16442829718047585503,4460857560136951795,13913867897505991767,6755733759048555735,8729394155980210694,6598238668380004034,18143794653487383407,2583426345131989922,1159501999970865243,16371329821016879854,11196436928610020525,15046332591806799943,16107387993221057946,6560646332229601895,2541295413168707252,17266842941347766678,2939501145095170525,10903902968983538677,3436602860016968926,14970395488740763447,13658336385704994165,10041436261154928424,2835332733363998770
5438496158308857311,7328522930619814504,115669064585764357,4331701077174321991,5761965167823160787,15281534684227594428,6481201094016934621,2732042440473049677,11655834179078392775,303208453031979605,8967032976344648593,8544190851404640334,14070352805750644850,9303519528230794700,17444509123682207406,5050376576326517967,698614997265067514,17571069998115952689,16167946973825362981,9981833355835623097,7398776776288331403,15005529223249480166,2841514394310836101,12428084185162920349
17961283117659653131,7454599348712620757,9919121748842930733,14367168368288646392,9187833279464947938,18415020955787829010,6457542654375741844,1723453864502639001,1054736276285611067,17543807033208222385,16332772625889030784,2169238576441711995,16657937381039851981,3885915648867343385,6895035730750510483,695999102000773940,7934082021762611799,1241173190325858246,3903905013832523622,16299685508296748463,6585173288773883807,16036980785823228899,12047615471703472305,8649235624843342310
16276792908402711185,3306081505224945176,1515779252349064484,12222015157163400482,16128834399401143912,14629103509207858627,4127412890413892740,15165633262129352405,3194034465304134454,2917644393791598813,6254421437252974271,10588481046876291854,10413878279762938868,16427124826049792179,15246427167794625439,10741641435315242528,8922151636942766893,11094326387074811015,6492627805600159375,2901245575579621847,272099465311578340,8765096328578060761,15614733004532057964,11722341380805738013
2755550845603688078,4453479407394542148,5986907008482483333,13790390843469704254,3481617827061036306,2344411795481212007,3033242110852549510,8943054838522288856,13352281531606140676,5232673369686476082,4721400455482215196,15896548553257630997,1138535318322880228,5364911714390230621,17030184743530744488,15631453054615117308,15088535951000764872,9793195202095700207,14626844863623203044,15029307987086148775,9343811511396187070,15044690104758696071,9784306724564402542,3394160481723186268
14036753353839830235,10226602121004560124,4118375461502500554,6362393535488231650,16854661021727295879,4384171541320749358,17011042279611368303,14663512426949775617,9074678627714067657,15771039614607265169,67710455613296673,2304099947583623916,1003866938169169272,4804651061488268343,8641249999824872337,18292278564593286801,18286617257357156921,8366050174825084048,18140217718418303593,9949331660824314983,2447073282832882089,3707858159224460529,15322787564713855002,14269899126127840726
16144884367201813713,12471057364919960284,3510942588699471907,3818388123716983448,8547437540668392024,4907908582793235224,14655000953576597753,2550624434012383555,5523570998175247362,6230930899258477573,2204078398632826031,14110722776958917757,1745512119158978791,3951263772952933580,8047633680045638828,2096171241790634523,13392879739092174371,4277404964539903499,18152285825911056120,17206614332858939936,10586290130502692067,16781136593031174463,3250466377054725250,16890984131689264202
14856410964111866845,17219574849233116553,6293044034932139633,7687299806005314006,17106204532312284961,3373423051849567086,10254585629839612827,10396474032218923267,13803022456520420503,5682161836815180854,9895744703002450944,12743410156516521082,10016585466442259646,16859646800666540565,9028886446817425288,3371753852174707342,3625978881036652671,16572362145666108233,6768546255630902872,1784219420355449662,14720332536808538298,40582853386554664,3123330093520030548,6533327111890951543
1049228120675582288,13053143712054062118,2535849402468056941,16091216679288735183,14227518329506267988,12467509432270576783,11631977756038847078,14256539093279759877,13371920619769685937,16365311173039068382,11734710063180951432,16403035956907229721,12161767530897999183,4229150433238112739,16302478664562353012,6149566941108102170,14427825478402553426,396919691598208644,10825009972180180824,8683391553341877399,4508501185241042149,11319059025901521683,13511502563951798089,4500801868547008672
5228788311833573109,4184105353417878975,8363655140099648428,494995744402036353,7628704110492238713,3138879358288482192,16258272993833185518,8094260843231050,15025903051274966890,11873430300835347702,11630969671597935412,10869428668165151315,1906213490156947437,14148224490218459909,8840551112746815995,3124412875013758296,14564213661219404913,14344565148777162039,10606430433022538607,2380884792903091530,5405586440781793255,5807864462598018649,953409339352686966,7588856606991239821
7621551781535232878,10236713171148774512,10562711274927356641,634936888771298889,5116753385593359088,6980807028128838296,9303188026266576691,5583291004621612513,2809334787091912813,4312118467388214670,12098398389287762963,9747768900792006502,7677395774229717355,2454171451341744691,10060689414325273212,10043438614009412239,603943710069223340,14177197555817674094,18054702787461734870,5943805282649272271,1938785476633923968,3065295899269172690,17279937776261597937,11154599465624181563
10301768432623192804,6113542905499370505,14041389422557050404,1654383136085828405,7151197965631274826,4094030144871500036,13651764420031592672,2072131762526202280,2408548923427254826,1154095084658241896,9627762341783900775,12727003724901225066,12980562199422306658,11727478722152413863,17772237923228495809,1006281065711195098,10133282577138549551,3403291069926214660,11102662535497833714,5570920128543960660,10390701201669361940,5401566535404927974,12188069804203131661,16149684733974964140
766801124861801426,18024059128397574859,15558436928695825623,1423242831054251,9025089201896803147,13755719189711358749,1170549055291814487,16253159913335930152,18258978795828477284,11429018185378327449,14859176687993908515,14912561286952791831,18373853318183943412,5679208666902915201,15878334388060156746,16547717192585956213,12846214100740175948,4269585194733004295,7409171156416849773,1501969964494473960,5320706119681854076,17581622650654899728,13481852792769192857,11186837211662068091
6804486343508855930,3682464089058506857,2087186223548701972,16094468650880167939,17711124576394864534,11727672037219028409,9143918573373526220,16149974854901523154,10008759457438845311,10593544906910403555,1412239880450843368,12236707138209408115,14232120434172578668,14434076942764699005,7682993396633700056,11430087770945775285,6559745764856846474,14552453944030551271,3227890126431629461,4778053526958335224,5321919197366499587,1005322371818624150,12711435881222015650,14063121088724990100
13505019450283640101,7269817037405963839,1406419329790187063,6612177691739800728,17134752955720692187,2015909039798468100,2154108467757590919,7508262968395063991,18075578434347069807,4120797401388252970,17227404366771678460,13361171421503324908,15521902486712579726,2188783971763510713,3857999810521746184,13591399524228518324,2381621544113299482,9773217362053618861,10662160403366053925,12806482726514009258,2101044425020899408,16894927805245080684,5850405270438269302,4410692533174464032
12441595402525174358,14671498580959609002,2323976228836891199,12120270532240224973,6519014719453900905,14586523796101320596,17177714115734655274,9209770334991399853,16106651388370516925,14179414256342510968,4497630113610908551,1510802399742743053,12611645239201520184,9535698348516366874,15138163723624767737,17103888838325399713,15458783818215457421,12593040108553358762,2950988115746960640,10457591985304705422,18325689995198988469,11158544954816696328,5331202757230525828,11029844461833924532
16179190423369960330,16042377596749547791,9963077575609863682,10797889373011599524,15555009693941709133,8565446960224722816,15509878452757853816,15280123309637091210,9712585275788374162,16520283270902196128,10119516776788691504,15646843414148798858,5260157604370791126,1190497547026475707,11678524547612944262,14347784675624334862,7792915590084305349,14331836776908854888,16272854491474158991,2598812114995960363,7282973992710596958,12611023315843099272,16944061739631212513,5057628701735228630
16898086564421131825,5447652928601617723,1297324422167433691,8814651687632131438,17325441870615413268,9632645990007543991,3888301231643379154,6823423178835803780,15246319659359548456,7116080792568239190,909586391028950891,16100297195998609770,16382424947304717410,13818129126965255585,18059655449879269226,4352506293971933906,2745617112703692572,9365661370407647004,8161669605393754136,16992433130578597373,17518467639265174914,8625773472685911241,13818953930089308589,4489832781600918031
13075022353248504375,7274917964568260925,3177722629713065723,18003741592475998121,8034110430278416736,1040006014351419610,6885935638565546029,18109145828457277348,8617441380241572578,11339278724986358771,5869179761309872132,17027578093641615859,5748315024133866879,9094915987290532710,10159527591236799643,10045861202032773556,1048600091124067814,1907732946236556722,8829975632650482125,7054944031538633571,11667908870217622145,10981135558988919646,15065024358193208777,6447296717089841956
15304784925128628374,3845563496666056701,10261046487588658780,4982735798829792595,6174718466624035713,18171128561359752630,6416004450988461165,13762401978956600395,1966767510604776421,163014678666951636,11610647725451714861,3357016403524884797,7092616962971582526,13857509836024433329,8753760128202167629,13885643097248265853,17160851934381701846,5281487232158162322,17064281493135297062,12625747175133930470,2895871707634628316,4349180771335321016,12280332462351730641,2156276725409616584
1363357614752381017,5925150907307825038,7014091081089498373,9505774196870094874,1492712931153790204,18198706543273350737,3780991404719781566,4715118486503171239,9727136031233582273,59300074096857976,14995288192919316862,16192854228801038824,6873763988970033398,1302754867944804500,16772869334383758538,10677480885838532394,10100765507342774103,3271965729518160438,5147416605720797626,3774986863313663183,15471760595580091899,17833399996685003921,14985723175870935910,7187142330454775388
15652291766618132308,13623513718957615353,6625910808918055501,5138950214400452900,15348404753169037294,1921174631261567137,6174763869458586152,15705607221056579028,10796279711316883657,3822092331114036591,11567519046027368552,16308023038789666494,9779578111035147103,17457426042691694610,6005478904924562249,5036357135766723366,18390217240398938461,3019414232465945999,12705515992945425573,7702401218051013267,1784184658593429203,6569035776664196539,11315447337234023921,6283398183338387868
9820405348050103590,330743321128517272,2068870319024921279,3992236445326212706,13633156014719041289,3897128440827319749,11516138267160192474,6313007926107345654,744190405304820958,16909174751950984046,10632488198354414678,6060588238719012038,13841536486042005963,7247819416157833217,17044948498140175766,12267783433603894391,3292079977837923902,12202709156230111628,10229085445752925199,12799925605690924971,8556271261581824823,7444588776995356384,12716758172339636030,7170041839394173959
13318405715352343325,10921077130237502249,11126377154915637582,1704084158072888059,18339742230483340706,5120470142470106144,1082225949588546516,7677513096247331624,16493492338165500804,8683184872029260207,10007092388418160672,12713653948388011566,4141775892104595621,13168036762834307857,5181098939495071345,610715971106183004,9726082400450863349,17455420187627210555,11721714544781512011,16322552586951572420,2426132630038594741,17290370462392779846,16751347652819579908,13237632970841970778
13866802384974422581,7313078399265676575,11743967567759353067,8698127879724836722,16425594931182050300,4468203473742334711,8543559542490308282,16942761484350701553,11097813664961233913,5840042162987526345,14902464411706731088,8585688811610278289,2826678268591522399,17988701670954522199,833964657896987608,6806215835636003236,7765580028913592737,11201852532921910900,1185401460919846854,15632150539179737854,2257747669902420185,14281394464925808871,8988310596173631025,5030026213634478811
14804678389167337939,3761141517826340376,1329230003857186834,13627011712737555486,3507369012774154860,3959258254796241728,68213444463367615,6958822581327557417,10517573523636204010,9360752417425321085,7856283872372863143,18332006354929528733,14714556163676492201,283101383564572395,16808020511719628713,9209713435981946029,6773916138147279141,5669647774717331757,10455291604524286975,12439366732411374228,1358667536869846778,15927453393768017105,16677070830569503496,18402834411253591374
1361337413244614849,13385654009452249419,9554599006905644594,11830879814454104133,14184225352971427604,9083767876632830859,1021735557155794993,14806338749814316520,5174337521358975652,6138049529805658152,14513869214189914464,2478696309081190494,3256557341559835021,8352326780232844646,15282588352318668135,11622237407772761655,4355706625907619076,3668769301821495935,7279670161691105348,11738304632750287088,10706750328924773746,13515447167717637599,15719751358406602598,580418599161664520
10127803148488560177,3009616923690226442,8581402522806903609,1866009105302483750,16890060416022487514,1884207059783549868,959912769682917273,13519690645247865853,5646290329714848012,2275327607043391407,4606369580520803890,6345993458859604820,820143419439402817,9138821845970188820,10114614688788794457,13919071125153202333,5997584415959342856,8877330574708481383,4422763327434659496,16701149145214769312,8755584638383167647,14161156393850003663,1598524011158530033,17197179252989832294
6266280602795308378,3825575627718840316,3757606667089591940,11290135038027711364,9420412479941356584,13307025899780578402,5698025836074645058,17189834266989062514,4874087789286222339,9432850562350621809,3314629394095606770,8186034147016113371,13006993545695096798,10103740654284245982,5527768997761546647,8754534283762767822,10028098988349346431,9038137372629623309,2503789372248519022,14255978035443837302,15974481131885973033,18363922855493783928,4463496011372766882,12946921704115276383
10554116038612777926,5874386972221156911,15667658074273603230,1655486653083044004,8535474806156425855,2247120624723385062,16673066786592160052,1927715158540477745,6879593382833614044,17023399187145888178,2736319960914110926,10233772183259524257,9932055628668254915,7941717769046891662,11741480221679488872,6467035659229887788,8368013652055898050,10952397704317683619,929233165960910984,11946253512318550703,12727291419130234032,9069694814986556498,15112939803823146324,5258954854037096807
3128098239166868201,7083637224475894555,17556956403857480336,12946076555246096029,1270726288133066410,17202292778297208281,1323658113974199115,7869567685797105636,16381098723147047793,10280779869092002445,9321198479063047801,561482805140205897,16876790460087515146,13312553546269502098,16018378808920731378,8288438325927396540,17313255625586903229,3377216007954183961,13778450942538787513,15089186492612839127,23679812016757575,1640085266121522444,16807880329479728638,2362353510626466938
8092866020277646182,9003040942695056161,11925206706324083366,4947987756190571413,2664535984747906193,18153718450492283548,11112797590432667466,4510291446155545560,5904068715207960122,955256031626426285,15541896235359153730,4102564792897230712,9881313154994224628,5543734230411562817,523791362091279612,4666269503098421105,4445379033770929749,3338933577940606883,17331677627538917116,514107926416441161,11318944070558891495,16321468653649330554,5677163819647033606,5050164493824372837
8202054024525287576,15210626024396902386,6348003136542535286,11628365573000789778,11291582742195653280,14048730013743714691,14767209869671364443,5538140982562611517,2551922204579867291,2040467883996820607,1197155678474604052,9502944784651592166,7448873874547996390,9645673694747486532,17553838417898072027,1814148401402543127,16255331170190718308,12420354926469075663,12383032418543261764,16538686511856868424,8140670895731491752,4941944596895570948,3600641046959827682,12926404613985346840
3048921421585785477,14422463885264383262,14888365239107132342,13106014093063545715,7709562520733730682,10521671232232079474,17150758212658774135,12273512261139472076,16232376815418073402,1542743324659666883,12766434410587605226,13499013644131366111,7078281785155073663,9677290824569757723,18207085274321304301,13105564833481762987,11059097409604079329,8905207286912989084,10819398043857934736,12072151926819984982,2176910015701894086,17565837000840269974,15091872902655017455,14656885788464015370
15460627049727130196,6029415875653310636,6692263491813187971,14234242020332379046,211128817890880873,5008963846564267947,16400131131640289812,9336940498302365191,11519095089337209672,3042950870767542390,4343901123040062844,535861786296666397,10911146237901508771,7478947805610649500,9990566717865653300,14464977362885906082,7510790726241089987,2848869958959907139,2731606021153970495,4855825400045743886,4477152614838512037,6986296193492795293,14475553199509549127,3345972822037566624
16298496064634328256,714643729351003100,1641942403361953037,18364930276525806091,8284914818503890820,13640853590224324427,16521473169274967298,14372950397193457319,16179263470847308379,13307209100872861278,1119104340693662114,10179499976008039617,3498984648095923679,18015701537649382474,4327703841272268355,17386200632659440374,4054078214067126026,6944172506810184990,2320510349449279515,10341659692975726600,6956547136838964777,6009371910463353667,14214073415933306869,4969977647247235301
7155575669652095920,10095272427353095725,7612438397000281909,16221721798466436922,3455663358057921735,8242756732854865260,4061045878617642311,13299724458959967607,17967486935013089992,1339348879852749679,14982044345481849891,1242253881489243426,17389810801527328989,3782128698870384121,14230895085032335399,1359877261199416846,5641593481621790838,13130466498408991237,5402215525920663005,2956253142823458906,10290434725155485924,7150565234303032122,3413960611617676686,5386288382628324133
3201242742906537030,5524462315373993935,12572416594633856352,1157660719261584647,12891590233714968502,1843140909531061146,15182205752187482092,7981621896816308294,13540000448404291997,14047026150180032953,4218450358975722299,1186915408178717742,2494732638114165056,7341652194555422712,16429183044571197038,505095633608219740,12405325000675886713,15879741326083629581,2755239993258596383,11492446932794682417,14068905658048369390,8950388240933185854,3967619120750187866,13769300602778635625
7496551976247128085,11156952032466030921,10065773717348753447,13280438916974022383,1818228360883101832,6413352318341362955,11270794239772818641,9687623931829254586,13896381536957326728,17136244169425269444,16261397794945365925,4433817122069404914,1779894601543361775,11048234326146802236,476291791008818699,7854493075453728437,4467366856219219674,14948017209846447041,1869299775751818373,7153064270698366571,14156980492348945056,16639588469959180286,4308239449468932560,16160003698743615024
8100090296778782319,8482218052550820042,6777489486406514745,12785701231614681436,6925793161944853586,8774154290927399227,14363442315904076505,13922308734440120612,2843584817965814315,15748476460908152539,10685638841528172420,7615805583428537484,14084526652340131844,10815938739561686187,15742647639497205232,2971006410316463339,13525193345053322148,14094061151341874988,12659477919496867815,2047196581263113537,12150785400454698206,3438699354848242823,9831723823071390438,17241613216144617416
953902858945838666,14749387357762815190,5015296124064816441,577592098275750224,4865323140923855949,11168164622486113071,15579781160798999489,9341284763981019229,4500846066070939418,11855481525041285961,9684958691269786208,4334591826875271717,5485202572916671145,14807266202804148100,13447769179762533618,8289184682837802947,12025369095919221461,1147190974001240305,12839871610558042211,11451375500766886,12991921792586905473,6349614898822585708,2332427158328276406,16627048149139817908
1635467724237404441,9522953462331970254,9037431290099246686,17812308018108466506,2084911513663599515,12405850488719535851,8426723666847584605,15576375075516427810,7742323358951854353,2671471776490397813,18049140418358637970,6295213030260660981,11449851814921304137,11072996863262564897,12107351321652394861,17752829175144518246,7286482617159913677,11002747770011156266,9227109489107182293,6059979579664883613,13161554554144460275,15405183665459285961,12796932398329353865,6471196049554524536
3101218424488068221,12427186989831163012,5804808742573972588,2130930768207324300,2909706548876563440,2911819011960408182,12811206136571871240,5338676681119772946,15398488938052549398,13417472218033525437,6202639855913616870,8052347424262347848,706259482658145041,9924277801156563344,11477549065832791650,5024471887056535587,13970473165832445257,11501207345409290281,9817074777955503794,642478262741689075,11552287880733136155,1287454584932394580,1439864855367213565,10916599552493676575
3173079623028592606,3727562365065997587,2104282973141897866,3665578568431642706,15947975863155860090,15443082436964908497,2720987943714986938,15413312637270913117,11090711439877759476,16883828073379769231,12734661358389736927,16847867821315245617,17364008182880123870,13082940391728491532,9586469296261049620,6557610188440803541,1591428860646279473,16202540454929133112,15055252804472972336,4104310212775921708,10514164361227115323,15268257170841098980,18181014106385269310,5431247155283760170
17516732869568430576,17972746131714434603,11717338157091265695,2029507484415861644,195196661108887584,11082891947382686181,5372951030753695566,1929657354709348491,3596052996772113440,17672487719681919252,18081113340664120484,14041341811091096166,9952090546085970330,2175805979624874792,10715499883027816726,7889373473115850612,2785802193172259938,1420677146602112894,17794821759489783936,2125699473724354184,5662813732996145085,10529194325329814547,8301304144804182666,11835516517755440765
663719506702864015,7175741182835036140,1931701076488701502,15539363293024060897,11402916533631984503,1645519297204786078,13564635350373735677,14200298598930629398,8050146340930005212,12527803107755096635,5127147363105134757,8288940246958102278,7422750396302513198,3160160597859400714,15743884009303630889,6440847483108022714,14757832771998345931,6588650159690697326,4108392825356358906,6116004789582982383,4665508018750198331,11432769270642369703,11565218979595279051,7090949967536515447
11690163675675614013,13809130009832826006,7216066375098977482,6035842391199959013,14774259435664417561,7404394625347005066,8936808944043013763,11311232474907153065,11947376566401507355,2941707281877654095,5333271856432664486,11068510557251380828,4378356849448324065,6450332988995544801,3547671526342142463,8569289440552822544,6793613649929369884,11578497753242294582,17264751855221684544,16996124329395576800,4163575639978712351,16292893627968962250,6773551728656253349,3114342359063494450
15528102805996083540,15239526123407781830,8683307057239131622,13196000859791304199,15669818572528229360,15988051512915485790,1753358638133243009,10199831294089203855,6496669425666873662,7505075673608544051,12961307262337010852,1191928419133016625,9371324309578688341,3508661409755379204,14242741745072483619,243588517115352212,12537486259082680391,3360504876027408394,15846780215803657986,9110921547995060254,17869626639397674688,213789226993036941,16592116137517620305,4621062902603525976
14012822877431200607,11525523981047668621,6249030745779166398,10044769249089380697,4493131510854069372,3408570237289910685,10756934624933488605,11564101666472567720,15886263925160625104,5711657680132364968,15392934093890021203,2104414437498694322,8356865320231795601,14899936889638592667,5451771202901197088,12816031177981996898,13147979967603241423,6321326684183540740,5982224454555169929,10817216473249623535,2693322065428595932,4632395341987120286,6485178769819713147,7255085332630158702
11354811968621258054,2451451891119926969,8600654884018240132,6482691354591145224,8991967811366668063,6983189837705589516,6074184840935081399,1653263813296648095,6197279391713966031,3623350371125868813,12535763898469685918,4602713816308768410,2792621435827527202,11821410275684805237,5082515619674277242,5268326434512978386,6387186661744730831,15537828026463611567,18250222121533314332,8224135326562792062,536119566576890659,17312748039119520356,171949133576205720,10479100427510836547
8401125114420246428,7040325620091208722,13267190749083930598,14869982986694275053,6685274505168226221,13828071274604531658,3989538848421318637,18775641104342112,9806681219645457346,7409181690748982386,14374756866503242004,17232600418845923344,2910858948210648163,10207608578507896087,7770292951896428906,10392677827603129555,10138244961867823467,4618416933064402954,15705954088709084054,15695230886679892627,6162290815420985419,2432241391673564545,9755509286029275954,10076572691178768712
15305807055943558205,14074089406202619804,11932474552073205307,5333694528456975023,14283822183981917781,11000564813138307109,16925625362916663778,17225392538282380460,13200025773223651678,1350639384659990488,11279564482775787962,7550753428621250782,4658865152408554272,14062031588852328790,2217500558238077393,1370161390692899460,10454031845718897112,14827506896048003323,13040049920177366892,17904515999774222406,10668259550584427784,12720548293226882886,14016605390507135937,12582989906275264045
3059791433661656488,14182663619815664933,14517173750502042550,14090196647598398463,89511727930862164,3518832425878967082,9069088614463701116,14749332719052684675,17041999248758869512,8976432548626414802,10582960931386604026,10585138275372654094,7374433294413946098,1192087658631031573,5785945166602610639,6459270752328279487,5274872329585978823,423890786054073333,5776683975867606737,4166520261673766185,6727226646903801300,3828331097801020191,2090237817552918262,8348440346032314197
13741716125910671601,1974660001935574331,7696009868349594406,1107567276725698314,254569235484077689,16384618949492111465,12491256506782442233,1137816046384078043,9518676821105699799,13616128765729106694,4746779239793991473,10408179830629824190,9665585922359472050,2614967324303780211,10903898118662253396,18239376113588548386,6014229322014024516,1737884710283079462,17396014552459145529,15590188173952584440,13888759191323705802,1117123016946868900,15320476580132957734,3746331807810967665
10248213309963044147,9312630811881694211,366023362360021013,17291003478353464016,12989374422517781779,11073555198984104228,6249047854674859620,8226992460058224573,14598062440608742818,12536050077228193335,16242633662920042766,9069874576429620130,5925461754077399528,12050067732370528942,11074057431605151972,10347680799276052993,4665330185937352261,12730828052427772844,6933459964331960404,8249517029486904721,15302642804169315944,7254501471149008317,2033243773511222514,11786435131865884759
13125332268915756785,10734149550458852913,2155010197245565330,5243077855714752473,15592170384552572968,14935313513996402387,9683358260588983307,10807212626570928689,2666318329587254367,3676790115425849171,8940847341315135941,4385649689725294990,13828649741703377745,2556706863461226738,137672152270200119,1470996399003635431,7498189435203301251,9121731280509633001,5052698130119222231,6123705429923296571,14886726895625137822,5157303720117836040,5508685205599161674,3549809038338254869
11490919179720984298,17249291130693518827,10885941358330480455,13281439944254986803,6011831331216346556,814711106756835336,13005042238909493114,6699901290307254423,6192275031923222036,3309340761165110200,5188325016880269504,712507799419615486,18152917034392467075,10352959114850973124,1494342067121159100,1020374341341605550,3201974094213149659,10447665624844600894,2036175064944212553,17642072309285720817,2611356546768347402,4951047972105345136,6409755826758600823,16989909155262927830
15705564938417484678,18413944769953271361,7375914193209221078,255832574365009124,12308770074596396004,2348329064959333009,3496023383957868536,6099255061134862169,5071195030536019158,9627144059095023896,1031595398666353503,16768211777507807690,6111308497459258063,9489527011117044219,15168738267653850495,5805992157543207299,15131870110519804998,9775584081773218970,16322139453581269842,5862509684573856438,6406695126093416480,4428373340651330189,1151407012938964921,8384827327696094012
5337506092191148429,5225887579396152078,8251007930131817407,16159520438864242001,7483068104237284306,15777725881775835367,15408215588803463817,15494675269875185000,10356229848629464013,7090830026420171217,10784599750170911737,13836087249938955666,8108642865943652741,2947690916098129167,1831179948690259703,1025462143628193107,15528721157010499634,261938986393025405,13499780887773400943,10494845201463034515,1920742273993928672,3063465922040560560,17003229190176360742,4054850925154841100
11490556163635669309,11560928506520176092,1639873891142791612,15798331862813732721,13230249990090172781,15507933831264177155,6783148925555590851,11382021411731391702,17340504051070249538,17163757459652384913,10338201323652639727,6410614088682941291,7235603118218035000,12246584329230704145,5779766097100068040,14468542424673494967,480015119272027615,11537984784538761625,10543209853024717091,10959310038357024637,3743943992684048964,11065095754951528431,10044195532972310536,6127908633444218481
12542775812659101828,11978854147235335210,18217608387046552367,9199439088467060596,9923701633211721335,8175942543277408705,15076638319826299260,1111007762391820236,10458594708541141955,14016281264807805938,6408565303768258192,1080454087468973533,10835960733619699380,7133725393664091165,5516934930720445128,5694517545735679447,3821399926505451696,15066504436466095881,7827947788227390438,11297865517941985025,12712404184722899961,8494196810087997093,15880016709870959494,8116224764527988030
5510278016531566281,17804216866854275476,5857311141732207740,10689061935253528438,470199916214989917,11791499881648038240,10842375238520737159,11285756242845188515,18174616971082573381,17618039694267067889,862736012526369461,9919991374866669247,4243547161437616853,1283468562314748473,4930318332954437103,8527737316421981592,4707422855211387436,8141540861181846137,10383574783280114481,10638075285859918732,5237459546183832039,7991665574398091210,12777514149362134704,9827717627234493761
10038834719364312383,1594430882161802782,17442262080146433039,13081076284595080231,6918772116652114384,717792389102756249,9813239833956405827,1700737103764052596,18411662964462987778,6020555161922214496,17052536034306697567,3642864295725248036,2246703942146646285,4273939067698894688,6670604102063830778,331481537492101577,13202423255477583631,9497663173061342281,8871470700548630255,6900115805512514198,12333129635085702061,5395188678886737778,12038344504243731846,16608012782501446728
5789643985499670560,7915376219343644063,17494137492871480294,2281660300901430597,8022298363633886935,6290178617995903346,1586698988247999331,9372314169789444601,14551442321313124092,18056191216036327055,1570512150749366854,14799626147651024281,2405153841696031462,6705416227955693332,6501696007088470020,11859332167319556090,754518495611442010,32330670925389287,7744543323150709098,16796049102566448037,8083170884282473253,16457538096852061451,4576545865992510354,15486477084238881809
13062333005292597265,6044018887419704789,16291716659202409603,7460225043851673435,12613963717235891078,17892653755936671316,16444140668394599658,8741926713460379228,4513499844431010975,7674436456301956269,6668400344311874439,9315420586767171751,17243673838594868088,8545923460310561704,8495219428034962586,12512028531455733751,752544785340880304,134286691329360116,4882112003905116747,9807525955066895478,6213747115384796595,16743672959240356584,5121047135607090110,1830324774246450424
2205588903753977076,1529791540106463752,2907548673299090870,3189934639755127042,12728763619435556893,17381899678732426515,6732390210701471009,15308107781193804162,6298683789837237129,6212461901991656963,14857553803782263763,9359909763179027196,10430411520117913113,652313486097889893,9642012682853250313,16026269805015910431,11988139111783939551,10216216745698905987,8754764947362690486,17878354670769170385,13211047958992636102,8153100955563743171,5773287486355051983,13520704020369794347
12590640470184117107,2952553723126802667,487840508545803300,8552277642291140092,7767418162643546456,13342853524114881004,3627856351665819667,668517462904832710,14407264029072802440,6374608291542636450,12097823298070222716,9838997487619002299,11911922912611226028,10332455663105615069,2453168193587290007,14588156488638627455,3506775025597106988,5440818380913261779,13421873435560187025,6276964799805337306,1121738640394298953,16254247655552710059,14402515605810782589,5916732002986428961
5878185357150207343,6953591954752160362,11052907608726156383,11149457779785647152,278043337341634213,6584203381757065594,8622311867289902147,948600065813269338,3986954066806407032,15761155918521313519,11260104838364251943,1276427094477766018,9858015446493305869,6025493723663120974,768026201980590200,16377603322697822717,11235160345438242109,16616884955458883441,11135816777698584039,10559503520877452297,10422936609587797420,2103688145518183192,13814245816618644164,5760395399703989781
2492405646009396478,10805653789908855104,5151536008772996424,2957292806943325552,4698616250096554593,2548070785209363907,3669660582824106070,5677597713095558999,17584642437976757366,13789101938288627409,12698144431995252386,15930691960997301685,13216892835402923458,599001179998365571,1506185515093431450,4733591984188132610,10316081636411575755,14191858264451087787,1715621624152224806,6620355715307614646,1463956621897064325,10710247205327647326,14175316690258515713,2789377581967572491
17806450152490515176,2497960707811628464,14902171856189812606,18021876315986756465,11063916644885960828,2481788028989898275,16861714886662110179,2262007734866377286,12986267314312503537,3588559592702313597,16272502465844814980,16969215305446484396,2018776788038484516,2144904505145223294,8816637922016589078,10359216922007248451,3404285678783974348,3431056438810813203,12457227980050118679,687460882194419153,13541465360548474360,17839272439593300286,13767451190815923590,4420549117663593610
12278837968307777840,7737499968245191818,7721869298834068091,7146797298745663811,2393854127716315064,4566624103445486235,10514030079815817805,13407190775841454809,10973933440082642827,17188576019867687251,9691839670448068033,5232307230922499936,6438382130127115225,12659957647702048537,12421352161467178664,7074422701055327524,3839551059181167519,16159253997021224104,11379589639754303578,16366598486486685763,3172276850970509403,2146878830106342739,4562285706814944526,14080077130846677498
6179450725070678195,1672733642850745272,6120083754496244374,17429637533341878973,8235041913553589207,13375184620117789746,6106336907915946260,8177057019982575846,6249412621814667148,14566665700555701374,1585536086540240737,7012088157346901614,7303907301330421698,14468756579955566363,9667547773225245608,5417282104175339320,913678817076507208,332390472507968510,6084509624994534338,12999306554509885983,16051283118674833733,12371743926418277115,4662457028505739913,9994407602017508309
3399497050083253228,10091543693542627032,5782314211310128743,2683621619565858462,13311817129033573107,1935694330655084146,6136860975021308626,1584210620282504890,14935819254415750828,468252007417368376,14346782788484859359,12028536442250277078,18271173177257124518,12239335078825049972,13512778776770452166,11445002487157330492,200391906238794610,10092176783396278856,4362116482206617753,12086884565356945797,15621979709093663966,15273899944398059780,10175252587559340939,6789981116807839281
4398121006193765264,1217735630444574122,2350819357595456837,10353847454795117741,3123950178203369520,8323333224909197367,4128049092557493268,17703644428445431784,13014374711545928062,16715204525757268659,8234315251050900114,14793642889208136229,6678714697897946484,386926113752676468,14992765060256166298,14823368633346743108,18322156316499316140,3400701788902547129,9994486692921565632,9239956259550653441,2197176244160656785,7605080467233981451,493790726248447803,2223289382598628390
1014905989793412066,14585745658547739524,16742301154559761739,3566241779683368234,14192586119927999781,4200033706442721195,8713953626840786417,12315012496253930514,1875310480709663025,8554093051706840139,3706120445516200497,15094438877525748929,8360308777744681416,9115147620703959048,9805784006154611977,11036917423419812514,16641687885164402541,8871132305514255662,5742419249418875639,1508084427400456989,2175036167284782674,10030035563844709948,6266468862343720434,8080279543748187749
5330813596742436561,7092991850920918147,14735428006482448427,4237912268513698628,16574911593287963210,17357453526359359263,1006690729334577528,248526100370914175,18062068149769288735,6374569413379381756,15212227931113081194,4477990945898862041,17931133826481702715,3727427702546121789,5709586695573847291,12546319695553601489,2948703938185682118,1632476263146996665,6147786598632343541,2012313043914008623,13113505099961214195,9580346785224695779,10171899098230957353,13648591682189275853
287612347198378151,2941735380278756313,12084924751066815726,382430140155745162,3842809336273613697,11090490946246244681,15835479696380806098,11703623209851759299,14270618167154038983,10944723830749309502,380557684773045614,2508784276333128898,9666062905322752026,10954021676239762220,6710907736074624587,13592932573834649084,14214094142117617197,17949317264317327899,2263594451162389213,9881818035024915764,14105127468134167010,11398088195818073855,8331654932759233022,4978758490630467964
1673157299805618474,15078696202345324595,179292334506588730,2460802139193622423,339946665258885503,2458388098690899941,5514302094161726591,4107266068980915865,3451866589328954071,5957277862874883324,7383807215080301418,7588455181016107773,13886447242397444981,11554400006174451847,12587880120662251571,5783809278915381046,9083785676872273379,3225918209135309852,250609929328624586,12330992658513864993,15502411188474500052,5228069142297510474,1233276649272021743,11693939235657817032
4075921980607986289,6610166300216715813,13307198584903218875,16889557588605730134,6545887626229836675,14018536516474284828,11387976549370153778,14711217530847230064,8754414028975624262,7696696728638732278,16530870617669625335,9643829927440672550,9563922609154309096,6065130723716796133,4340675048816724994,15130451283800316983,12989280162717233275,2584148025537582730,2126098576357085406,62012942898253560,6747584470498348599,16397840443881251440,14276715784333720891,18067712836746306041
10209422212919452640,4723268850063121101,7417586242739690808,8915672254428894572,1765632389401968268,17820559166337816065,5403953820349174572,5339429011628496952,13941182875842272095,6275737663626916083,5002720728054354279,15939866330050920781,12020565903148584381,12976901963020849192,16209843981352139477,4051469076117855949,7728913464815143489,18205649146204520774,11573032842582961372,10380647499768195827,8034822694828864875,18010453938877194263,6224739209242918648,2598124124758279374
966265209608474193,9975738848228284388,4355928649058069739,14580505778155925628,8103916784533940407,3061360593814261428,13104164909481610953,1575223408273185662,222581835046915287,8967489141404171758,21932674221622575,8833417915699847217,2897210014424691422,10867604818903208331,13866323523164670364,13449142483380563236,5230282981857837763,7073443826511900498,2549114830519833232,5715768769077359995,7768013395130732939,11421503074016548853,12777694599411538176,8022981649280241716
10593220450049735452,8024912465347372985,15789562379263913308,6316752841777151401,6271968495851156756,8153923960917094536,10203358923610870446,13938474600785283367,6159334387156062071,18137039134372591590,2596512531501168368,6560492641052173387,7516749433067959836,3104195039960296338,13540805483626917922,13455120308684262515,4176178104913920776,18396203783269545181,4299367240618306717,202197877095709375,15411963139338997435,11047018496732732230,4180357344578243542,6626244775869099943
3993719579453288482,9859063892403582118,804486013008150814,16785169650071859784,12094249816883935062,14872642548141138377,2450748539519413671,7853881291506055088,1339226679431995378,6081871096091466149,2028179438022251498,10773497462524788359,13290603465526431011,551720366288871563,7930346850829274602,12546399800085893574,17425185324924951623,3775481194894202325,11509981161304955424,294856239097661483,9362099151030896977,7111007799508884943,11719243570655109006,16698397933401373029
8189901533542255162,2945153869019191931,12391521580322515560,8718044195555220490,6543636286919615854,13316671547067741105,333256151955011832,13157438541440390956,16975721801405912492,6766950651301392988,12730881935842824048,9608147010044528794,6319589866758499202,8876604027556106637,10036251258259956250,15474243349016538635,16941730267608013629,18422246913434351210,7383650341525373932,715234075072588584,17481085425793427288,9187851754751605916,8287995606830978654,15732267393937217308
955417090159279378,12339690265481348183,7612252794612021688,14612331503980060745,15447284247216638533,4586953052128528687,8448234525895932011,7209696979012550358,124698914829667082,16579953213941502019,16280949975320451665,1419219822302887066,16699521646195294642,954288507720170201,11472712374249927631,9728823345425141371,3834750513300641760,7730554877193935280,15054026367847485762,9001619492105590513,7739031417097282583,18194443449199209961,13224891031086010022,1753007698707616811
114741021135325298,10334869415768274714,15370123802402041516,14615926474219039053,11649087728050746029,11481552524244261957,5747982684481058165,8924395297521697299,17819269198590337608,15265275518221235435,186900056500820895,3863204616396752148,16571408775199046715,508810990586224987,2100294687206893993,7710613707251981536,11389944657227058893,3465942402910073148,11282303882212528160,11124724605839865446,18148797206867617706,13678229802575212822,4579001596962922364,11281832327178053746
554869269348855817,18053475133410362872,10021807457356250888,8697643538644038636,11031524800974795488,15391992977869318605,17222519558717817735,11311398654417349865,6224050575401745260,12459103629599362413,11677900640393008621,8591958625629219994,13547596480717034983,3326969241383236458,2534717561682681175,17960851052490837667,17412825986313475623,3793999848240484394,4382974663993271740,1954713434041482294,1071134348524242818,3319751020926728920,11987636389338191893,7112649852487232491
18226938815945919878,3853814870141585923,5233289282695542345,9555273594914361706,1338515075458494184,6111584514071440359,5269107360664371738,601684770677513859,7104223090351590294,11440396031791574341,11981895176737742043,8141497105041687062,3051496028534320317,7282787615431554822,9258258105753168829,7103159260321486113,15653884023878289267,8931602553013595907,6480413302287885048,14131177298021094085,15693963625718738198,17750703677732988767,1716509080756618962,16514800689473821827
10269753253748332159,8176392246012773913,1962277394934853911,16529821574217190430,4992263854797749033,13444484396863122376,1386531774160680217,13410736278635645288,9928209640109344105,15911911071934913878,2446909914393411749,3344404541171255857,11051397301552941035,13987194331417929929,14753332503458174742,4319012068708621093,17277324694219555861,6602294655079569096,17540514973006921290,16005864290182940400,11781223684579773124,12294717108053559431,12766407221484743350,10578323783597934517
17549309886997884245,6815132837576019547,11088441681900139351,14605360769120828344,17643488398345658633,17778193082851234265,8951210672755348365,9374450702230192318,6936277932427887462,9285216730825138407,2622362663351537205,11695405027371072990,1926305080373603424,16280401680123044348,4041999191556192497,4969863190117863977,8776544860292809331,15567614325083274855,16764842317663385455,7055725873214545817,12341643112996255624,7524194015396587871,3906325544207828899,7702941507524182878
14769917085026824374,10973749421342557935,16108598243651694671,13916189068126304,9141843581095528067,4222142148860888909,8752675786013747530,11460129551013786055,12081015775428005078,1400540385648966505,14226514752143677606,8417806617168445728,15809463307214915352,6550134452478104263,16132441721941285271,18437180825116849062,11644413205370147200,2928616394922804441,1295115047381658945,319509253597026153,12156187119083784309,14632658487958042027,9167328566154368726,9643279351116808921
6591322895163277296,1814256814864085671,15694538970645044011,15886367356453429707,18273853293775515958,12060767489200894202,694534050616611790,14912859315077554692,9761435949482610146,10253611979377656702,8222958488261076790,13450322948937312058,17823684584978472209,12357189315908894284,3710195963504342718,6198947717162557998,9222294326096848803,5445211871463881270,1999193844488818452,5475460371861723301,4892193485998031704,11867069808449562383,6877767444183415478,13152520874357524209
9469683014347108192,7644700786110196156,10900759277267489351,7107408259115319285,3238863170358799713,3399736839306848065,16457696458230799926,5235138375486981895,10158003429963716952,13582808395114911387,5817483303907065435,13055522417533390383,17369942918447128575,5733631698763851202,6382112027803246948,4618234085257574959,12269076956887163836,17253468426395807720,12066192072916195524,11995546623060839578,16888512539242109800,17429018148111927215,864167525584382653,452985205236678295
1845601117494017987,12970687284057746344,8284038982182028789,5506213378081070341,13598090394575476270,10045726843602643326,4567546051063335006,6778838339327525455,16123015153769002457,11335873756620815857,13322260363187980215,7712567475796655579,9233038977408017701,8835291943867528477,10325737155995946409,2064370858450398787,3429214772661829677,6323157114196754095,14733553882047317755,13728307497558298663,11917033282358642891,18357208686635565007,8208652711859102434,17865192048177591592
5567718976303935294,5982354570308741371,8082932729096222080,12699277537019691321,5239950740471551351,15319933993505671771,1732718007782432569,4645509343111647916,10310688285941851586,10468469256751619612,1344400594102369911,2225565866705382448,17319554887014930746,1840454527267054388,8302126128167263763,15959214717331344926,975220394747287866,12675804338768189982,10667979346534673597,3075591762709322217,10869968158896030082,3270103724880361166,4168483416264614641,15085127773352646101
16490227096782597932,3032049046422862620,15478358981462538934,1462713578474063064,13462604140807648980,16225851153633308117,17919932235320678689,4160565450681776440,4656205946198532766,12649218682346699024,7906093064504857157,5870213632436012095,12068330372677993464,16066634612712280861,6209777288255620675,16294217653471052210,12400502953116399303,17006815757383872727,10197831351812502453,7407828465816151089,5070757669989905991,3831068022530099025,17078533833005374284,11654297334119794690
6122253348091029362,18046075744985645011,15876085703443386415,13814317636637209739,1979042056865483575,9727058010763984311,16876573654623471668,12494549490577293958,9037989316486815268,9284148217703710072,12443349781651731913,5826639176167938458,7163757784744348295,12217905138855542056,18026100683161326677,6186953857525175316,2491015358361879434,15483811793953789825,17635902458833648747,7267179546706390844,8424881654009141458,15824632437056791348,9410220084537910815,12153126991901028494
9860708296091375909,602517489219385251,10670236665271804184,14068279093885698303,5908082637888211518,3042939597289281106,9112095838063316455,1251471378463901965,11720182145606171510,10038410278630870682,9722001468458717405,17801758467743346185,11626130027832370110,13236296347384026202,8800660162508004763,13416363864917818669,18140239351170300277,12254228594366539725,11152824216781833084,4581675181353205420,9336569622346635877,3311179757587013090,5813729537961298603,5256155469450106839
5252858124065395083,11101014254753597365,13540588310769993350,13635391685639558619,7024415783913234288,12856787263548496122,11168619226743759488,502635980502129712,7218823982368593098,6718925443999747773,10249251639894763041,3939491830548203874,1705302039183557827,10492862670862102905,10473602011078613960,8889996178950895964,9023394860110980823,7021078506645252841,7658240815274245634,11795756333296928093,1063526561213820744,9349867887370658599,16117873120255313275,13967888631814188717
17114643083110960099,14596775429455517131,929302136588794102,7087042628465589768,13282124549216214769,4053813177278887437,1906108620651015892,6612937238866294925,7137254169357741998,17159407429876410867,16164066643469282205,15942082702594656147,5201721895339665038,9653197018342242190,3157940133740340602,12278097149150730449,1693449791957172887,8826171161321958022,15507440949537177061,2615127660249304579,17686651318035606901,1328519542022940050,13464358369185872121,16798417982247895460
6219396693913718808,2908778181114623592,14369695620065861600,18059349960401335510,5115060549770997527,16374325628869386046,15450193390087198712,2000184802513460075,2619379923146369901,9858947509811408968,6601302675953876605,239164373419762352,3499412108848248183,16049529823961316146,13341010101307685997,3934292277735256210,13300589126680209383,3647286683871374328,17859942029880950570,13774876225361893119,3819752262029066679,10159353761251568258,17423791614005475529,5348795461227763645
8670825279421639910,1851544739097285525,5745329989020687555,16623077525532926033,14984108144914405352,12524442379920218012,14822270441450146662,1346354948433960417,1002132456666778170,1939668942971186286,746464716253714209,2974136151710279141,3891516212907342874,1727849032876267811,8830187903593534693,14455116866295212586,18274081442984931067,17461697726612752734,3755877357523541618,14741206809785517872,4519832571312403266,14528760841625595483,7726816066719814819,16255035146018344579
131860985304958563,10767088866557010755,16736123125491326947,18371106658707186844,2674558059316083037,11255878474125430395,7462504665427013246,13697229629106286357,14301322632225320560,1531645457891733969,12730981819855963458,9773535866098755620,17646495724588471150,7562972869319539059,13339658326783865250,14785123752206016587,4042632475486966233,15503862010453320595,9295446439207871211,17440111462420985233,16752776897529450364,742708015344291712,2166207961756533585,15860023732373500542
4647570687337650867,2474724476890602413,9739519168522677432,13321155037809311209,18235814504993095045,1579249490714148763,996372464477780033,7861829183581318247,12663499803319191168,7843270212210329612,6824686608193736992,6567069705260860655,14838766396683599276,6696416991335581195,13017020043092489137,2520816499878412417,16728532155045778189,7859096342850847947,15412912243714885271,16319682537460769091,3071747250453350816,4506064596712329210,16870308328729144828,12026619156454431880
3713774168271192299,12515723084153013186,5557613316852031250,66866306761185006,7705390796211589411,12785022324825901878,17766456795025610529,6855729141575301518,1626052539605672733,17202519845783452167,17667725745053943396,4788614632600453410,18018404655811626582,15071108754158691799,11890698216372582502,8122720581010956695,4400487786689029446,4710290741280889593,18108914574254006206,10716570115444227248,11511452270868468644,11108600165397176517,4310795130305892361,4245503915884205130
1929678920380905861,8879724384146967144,14877696802503819225,5870021398515132578,7460036168369288776,16900282408244612705,9207430981625945858,4251675940746333097,6119538275918277997,14334693483918411749,12745341827596324492,11499578456950603639,16588007767305143193,15259727622951314244,14532743942859606187,11146520162970504904,8319878356627751883,15534686606436456234,2733624195601443317,9141336149163597299,5312979713922628716,17416196311342992307,1178133414255092479,15276475156386800330
14161448838106622998,7393706930560923920,13335125134381054244,5866734657278555351,14626288292573220585,14385526674823887174,100320776596210714,17331478448564881377,10171768477218208302,12571804996449830959,2401207966388876386,3403426352065363578,11000467508131946776,14352004146318592671,5052236041696635889,15053137438107390988,13447714796750020442,8109707652222036834,5223453473366772301,7528858829779416908,18100578704798116826,9562760798118998068,17761370578363587181,11817630431530782885
8840402070073583587,2819775278100453708,11788442974812154094,2653126948557121788,17067557434987389751,162133199972268387,5197225673251739027,12040490878055859333,4000167487428972035,10722630021395574926,6465326094751327351,1192321750477415689,6540244062683743723,17304082547252374906,15029323752388284258,13695913933844988083,7055396143096906612,11258804660174814828,13041594276252423367,1670660979650196251,2856040347933044741,10704390960278638935,10211113858838954536,9717430009477803744
4491040799928391161,1785903634159357070,4605606945296240560,1098860617099398744,16282515597447881047,5824938617265824962,3459992913154839454,14753265567481265312,354023836908944791,6492934225779391506,12328190219409207987,13127227583940446277,5109012118816472406,7761193233253636268,15819986003767696987,6954299380420489098,16743674583324606254,16134362232771243013,3244074009310150732,1203811106671171674,3380925618458349320,6871510970591135524,10531715200618844196,12941156314167190740
17437240807136190925,11829549633943510140,5924987740547870004,4443693002734855807,12090766020643316857,3050470249753601034,13763309748319695978,1271299763886415448,1726404929161560219,13335859228197130939,3715978491449985270,2360495535088584363,11857765664041729013,12958418470966469558,14946001609813299905,7591057689786435333,4532182018612518654,17448597181540535300,17219317034390160335,7322214031926547314,14277452326061576303,16540930311762810493,13535785780466276718,12894604887221327227
8376075626044887894,13977436988391713084,6146652550545450229,6855423948507424250,11883848231891978027,6106039565833743700,10951231535312159177,5945774424171037606,4215134761808892510,9048847745672307331,8536489344297117594,8670907379438672167,14744837420293126214,4184034896209130304,15110017221027770158,7081773848914282503,2378062185741641637,8324525114702630970,12110181274802225584,615722976508802917,5365764868663567248,9878157821546172280,7094038274160526660,7323884705632642561
2951704521855241081,11192213134159047183,8479470882183949403,4092363471316826351,270701577486545857,17164691820492330877,4436207828888975815,14798792605185469107,12005092415495607148,18391524925377590111,17580329811723741382,6384631269722038964,4154626469127937215,7814163374834056052,9455494882908406371,5215594825132020635,702707297305697155,15970304391107290422,9189470397202040709,13289055092690565972,8498250358675607435,11042178461211360217,8127619173301930244,13134090785152468862
14125413698154565444,9778809740535243561,11792258507397190609,2202942789423919252,4212866505525121157,821753243766707539,580040134965308604,11859044249699943642,10797369467589101723,18038705088501285155,4153108093270146775,17062488054904825573,13251782310448381428,12904996547797260627,8053334064900821324,10626076916107075691,10608524521047457026,9137700625859901544,1257228901025230829,13950161771257650979,2187329086029850419,8671486082237940975,7093338240832428513,15614229428023076449
9972730149912640355,537919052642964615,5306690082340806824,8371056633286379521,16220286686092704096,9385211473556814175,16327213625286018634,1985419904759132919,13508908998969879343,15416526571295005147,5412527807264027828,6396142721817842460,4225414755211869616,1421308862452296248,1537038407299695463,164671730328136672,5000337012897195208,15207191427609664138,12849104612153526998,12078683617263858106,11369772174578075734,9422078408991100353,8377912570260463090,5473994667391708198
2423527774820906895,44356378949133099,12346351834584277453,4952117088378542874,10926245432832894232,861688760453251925,9447976533539654669,9014917491036784611,10187434392367527251,12893456206810593437,71962920197000800,11829962911320511402,9695908703208060893,6147583280420358263,1388638043164070264,10430218164375241387,5421464757024942847,4229621996889278260,14166832205044722317,1445357250156509854,9213965871830604209,9783209981531112941,11499299536501092494,12236734282884865292
7085768144232103819,10498882809734460684,10744759505490562705,8168861587963891025,3912626605010697721,3051801223546204526,18238109573201663760,1525465867471072121,6728504975374029413,15313271293362228079,14461469696259298080,4651072695854909995,9995128589849356915,5015553605694200588,16207451316466764763,11445412599540601718,2207959117648317438,16125630116639502902,18102931514584010230,1360933907448795418,15059135346109400283,14667289372388620781,2617383833750341112,8159071832334395990
3424787091422409305,13288238413865744330,317215263658351839,13109218593457580181,7283190962301860561,2951208948657109564,5480051368930498508,16554999024439113583,3368751845808624327,15281642226746387803,5255949387224866753,12813121565449602487,6826931060619998043,166012551205827573,18202500190647062651,8719772738773880993,17952023319043384212,17893278754668547004,9160444413625306137,9815436891960122606,11994827638081285907,1938571869430447417,5395067386493728459,7424628669832940737
872106369701172353,4843602476493132719,13193516413800173136,14783443276981918768,6230670683877667987,11961305994680854143,4580812686899172530,3747394078288238438,8767414299656097006,7744499041966762433,15428431513022340859,15202343579209818452,5516580743845604294,13206739179214306192,16194645057464588984,5531456822481405057,11807926687720221074,8976001309283463220,11233789032753151474,8540519674128976707,12844170147209178073,4938324555964435025,7959514519689462584,15986689172100697567
9377540080025679566,9490300388762180647,3786348162876062570,10895322699540042577,10606895533830845021,6724571605863248326,15848871116844500217,999979579300945469,2333500433744807531,11643745233056733724,5428844908760643301,10209823087642216657,14427440796230621493,13123099453534937838,5796823418808712836,9143618541498406273,16809732995562468927,17408577552481464770,1602193173746742236,3782044524806525553,994434295616623828,14034468094376405945,14856963776515267657,11645012080990700369
5874044833049262822,2440441243851007960,7833424903373617170,9824255673462059591,11634221732853507552,9702642755682507521,5224275453292412980,18382150810666541240,6072638802226738327,4414440579645987002,57755193136587590,1368887390392165068,1462064337785282409,12939880906489713084,6460249784773690958,13096025825823657294,8900836715483461303,16364580184668314016,7187772082220096975,14578070776148169617,17024484429359471857,5830902605928437331,1441667866953208560,10968582635829665753
10440316417464426080,13813524447532651935,7389808694742744126,2828502756469469151,3520464816512697956,11095908930077935779,12975401978766755432,761404270531407334,9209914779640333236,15036441758672429691,18397969986512682998,14645863579737233911,11370235480217949189,5592755006885106810,4456175611370040951,10913144895111590098,9196317645196495230,1765004108722173458,3283883608881878894,6023706275592147287,8129078499918720712,15015969353835072640,14632542723735515185,2931284357831994823
16922876942402966838,9071977350943245289,291598381090589605,605019527903677080,7634092462713378673,16694128945263947465,9697662334776284492,10422980351938906407,1617234231744522865,151885446278187314,856818995385600358,8995941823484629340,940273802841494864,11653694443064016724,12133650195347703206,1806396496297295011,5787847121470812093,8782667041998340549,1116130566197844234,10964739280547317645,5472304635510709810,11099331001942779305,7325743419490109322,6512208719379467910
3223183397230732962,1671751909004476111,16585766327939509235,10609450286117755578,5151813593900899908,11135138085654911402,15399417028213499590,5987846810858329826,678204032876879554,1284641295209218844,15707948194406186039,6663915718714909339,8290609593447641998,8775165299207650319,9864041825668769589,15554483259128025966,14086629026531126352,7621436814168177771,13647994176918468307,9371661799329217251,5570962986822086048,9328806290378365726,6957717444780136032,11242364000355180377
7952268686184271265,2830105418938738351,8806443451007758980,7322289466617501250,9872318758375069344,7218968137268451434,6638061511195694476,15324446026135797945,18073622953171234549,11977477437263310030,6952383413434395333,13228181050746117916,13072132683295931986,9718964509127902349,999870130000077324,826122341034014534,6781034902074382895,2744701177339761107,12252829930216356534,7436927176840826266,16746338346897665887,12088286770144876438,7352928764042682318,11433077152860992935
16241809930932547028,9854275554436005198,14239042993430144080,12222385398294830251,10123277091575204548,13218882112423106982,5130926669755611216,2625831922378984197,5520704092558089563,9970482075740243519,13462111170827968434,1918689429035764869,14598170871920546810,13571799928933706395,14095929244439090633,9436617839055433932,9457406008102436515,11940481399982546344,14997020631705390773,15380484535677517909,833416120114533925,1930024130025527641,8564110838270271662,18051170804559665080
8084204664380372705,15995383697575834124,2763128033596237806,12634217326210717500,17307567843227824943,4936819733973468489,3986768273472541562,13527065805960944390,16556690806784398212,16141154513036600567,15277584609523476172,4938975448169450257,14235255589458959898,16645044341167062864,17194666019208854891,6755327885634903373,5634080088811635826,2692330090437592224,9579489855445269774,17333091159451190447,18384388648147020444,5320190741416497602,17536531502165068966,10733638317714470838
10999258939181623730,12614220000140977637,12972381904272889273,17129000241321700170,13431080988530804496,1219026060163513747,3330684923389136948,4703587299659624609,918073485230759364,11380387238007473207,10544914268703799917,12455144259486033478,14012454810059845909,2379547468328414505,14343104946797189243,14392177152613163295,16991669793547283575,12267948853937268901,1986144558723857243,14271159452757983160,4544246272836935849,4305502869574018257,8676551203609516330,5006155351666817166
5963163612668385952,18290601653512920978,13881443903812130842,615905515029797021,12585321582870911031,14201373303933927028,2498900060006986452,10650573586658605223,12408423758692166150,15547059412049812057,1958436035035172871,7663523603346791271,15031382417693473586,11062128606109368815,11575196848459392634,8314029118550384785,1912438200580384491,17794156743024724970,8212631559739424654,2848253930683851402,3174614570418971216,8390694783832092273,12017082832989764562,14220405101354323000
7859858256958936415,8235022521622152711,16861210676478818599,9468578384779257972,17096905881697458877,882188345977284324,13775196454470074865,1367104582457137048,11622986193243182626,5435266216046671389,4982549544200511585,3748595121403406912,6174044740666885850,14165394606094878886,10937510198243384087,4429938963727806518,4138776476374275479,11556673249117950506,44832094048792915,2156818476784182452,1200300780960732670,10846004040543508384,12118912538282579656,6434727700851576743
6862144557560685223,8541940723580693036,12624864201444810584,590531045686914220,12530306022936282140,1800415671775510428,5740970724988105101,4662337684102113216,15535812516503850905,4205378509475885312,16329543991374835960,9283712462933811780,14368213466283487052,12418221294209291528,17663906342201103686,3621564699019127287,10515614897805179054,7191779470343952666,11715608711906000763,6970709033462911842,2611016688985896523,5050056976847817439,1354660916580172161,3460297064211610361
8684098450469130070,14234259916871254698,3223499412136588711,14918630414631135600,11842570623802935081,7614277555670693326,220845799675383094,10007961564857959481,382846584749868636,3870676315264057407,17720670560141280407,10731582249917475643,3657224147814162412,6932071803650149406,2104812372909191347,14788615356573316417,6734202883805107015,7023692809610998563,9238085549462119663,17238109472800188214,16524465208411680220,2147750267120090752,11116286503050460534,14310046410861772038
2023664562488108728,16725670298579901431,2451051903731221851,963539133986677057,743999589717158448,16990893731817175087,9436570507883941960,2460929154738076227,11458640181235323504,3536091800947513263,5992577339091990174,5511599505210355360,8002173449548795374,4167445496236064059,2777255212875366525,989891989402385320,15239095380755465672,5207667653066642448,2149246239910457258,17927306985388874608,3281017664157058666,13790607182477170786,13268279006891174877,7288305819373243962
16380226801792882883,9379350139952605746,12317776680964676866,2049931944415264669,1390822918867141071,5443878210653860009,8884413313368633215,6856522401565960450,733383777292930806,6100539961851510273,2072982770220537037,13210274023036543647,8966717880568638533,11058847812496024515,11787299588571716220,17153608656854376454,18276139980673435251,4871423765992888395,13539227728358941438,11047666397938461846,8460924087610468902,4974409889165350210,12471897647904810785,11523532061322120396
12064394801604149090,4862579813385260410,14781952281191995815,13426753270769190386,12993256472419762656,11078317787584244617,14689825620136271253,11806453862783014285,649432427046911098,15529649850664074310,10429288624023707403,11257028761683604386,9203222305558428756,14501661701077924790,11890114995600175992,15286543500416337852,257977483958708061,10082607723060314423,15244748034539097044,17861589200160578794,2992844550340982617,80727948729444300,11248359969912463502,14221700003876486825
9153428455253038191,15712703733443291989,14897271928441060618,4749022259906965098,6181441947497133099,18280097359390249255,13046650016888018262,11438803067564356821,9145551903146807071,914615958690387917,3417727832290149489,158585933613851858,4869656229401251854,4240691892187916059,13783237042783265202,5364055299822463498,5405478504627698096,13421549512718926303,15894085899108849468,517694151437108916,15653273641319264739,8008571207823559970,13284085874930104685,8693252678146986475
8429804723674248474,591723278486438438,2238380623449751835,5030282896466500410,1027955651555672055,12408167337805758622,6333956530632953711,9624050113602827504,6759689314353055585,17554887189539236795,2505535486033229591,10550445788761411407,4476622338969247920,11763856872860306068,14531215794825941355,8829381411343516977,3785227765687040393,13861634585028118143,10410693683677206241,15847227504173049159,5155924654304901429,14885928299817538356,12520167667486990374,12384889353525253963
10600404737221922854,14492656009787664465,17718855647798453819,13138343747498414694,6254230393524545702,10220384291106245751,847469186702651194,5661762470141085959,7152338561777362891,11588901591151203000,15764900784031191184,16386627028399712658,17814741512015653415,3415126327139517698,9020946141009871867,17511033041968974497,14049035069698409340,17250222718671598566,3924832111368791381,9250550583690103280,127118026527528780,7371388541435148224,17161849469743224189,15205637773585183763
11034678818128898019,8813629292575285828,6274122770575203467,28358109567023950,14163738571106344251,6347557378589911771,6716478907730056999,331515832631845919,5892198292207108262,15458501880659110000,15579616929892269095,8955485962043879247,15855253121696189060,9195192373952729326,17859833939585366877,3889774537851559000,17324117500410547689,17680844845136376315,11077126421585538415,18124885945489255760,13639454648077464764,5354538302704766119,6119284192451369568,14521323063503001624
16792917551900932699,12599072420581065059,14507585604174314118,8453185206662261428,5055951097180683779,17958230316457097529,15974331752327643997,12729230416606172582,25465439582991349,17665090797737448815,13050539056809238199,16159979612741056689,15040790605107204778,14816057580919645023,14648500455361724079,808611941424537564,13355715390562288649,16605316016931688507,11233392090818694758,2585786062309319121,14926554756319658357,6726866702367177440,982182393406174796,15078072529104287094
8925261732736581270,16973601235613427231,11856921957915211865,9690210553190099080,14513500813118013384,5068944548100401204,11659975679328695074,5588420472942900719,11840457957182628858,891997459458301847,5126100239822218646,9952031215988286604,12811324830793833182,16958277977370045655,13524143578927856019,8222065168323192117,11704901072872852482,8233332521274777526,14459637185327716559,210754292717482251,16078549176627076516,8935431882155139128,10764090870359056034,2250972461702992383
7351004778229678300,758045460497863761,11643641001899418399,11025854745189877761,6181753646735313649,14115912768095133371,16563419380303490195,6989248280419446398,9745681119477373829,6600638351701020657,3081603350730547252,3479977406381659722,4762408995248244075,6645113501039837852,6841625952694857084,3301010688025040516,14732235607820200042,1410775037248275368,6671742166039057640,8368876337880162207,2710676443084619995,16985048985218086584,7033500394555524131,8113556013962364013
14792897649563555676,2534166499169804343,12407322597963478315,2870086463736423312,605565672492183993,7198000845143063185,7848042786731893450,14565570791525352860,15636937635666565368,18419819905128587889,6949735273440606743,6088946567928189854,10976195644560158032,9421628068483599526,8439735790169248427,4328400938917899044,16442113090463172112,5946668449486317532,6507468619806310691,17314505972249737169,6421365948277777960,9203302786627298870,3422790686327391624,10447663965732380096
4242200606242254335,15036455627809785738,1129692422845011866,8669665060556386761,6296249574638498107,12049134213781033053,12211540856474772733,4729224052880245452,8750028635705513591,4871693029875577260,8519432376841848213,17936994518719783745,1703428606323759698,11294267439965015779,7610991431329382264,330042225034878839,7523141032210884838,7328591967153402743,4338810703458217846,6198054829763261681,14781047114040306769,15839651187919938988,14430698226210081004,16609069921313952771
3511195641442133556,14930516561069651197,12643839014877844241,4773862900713533118,14454933780399435680,12329020149641155223,6279207274882242837,6930641273441410493,15492795602331562148,17587339110781546844,14788437557497385515,11864353615961670736,11201021483316133699,8498889982123052699,6120622544132974683,14583940800102828443,3187898922720754475,16235509931016889284,3248100211473778729,2727655746050967972,3510163233813416411,7030266289847681352,4916222852826289225,17754618590222114386
1492286268635301138,12628176704956150759,6508766738377863263,813309528304836492,13808549915832355956,5204999364868221620,13212360455710418570,675438681389829956,8965067800495364680,13767325338236573609,13475528745758712291,12408127448284857360,9559849661276788670,2537664280766949810,11569412033812379860,10855075638307028754,9117276765854422957,3634872468993720572,1512615603446372232,10284471560060108200,1575894592316050399,15839265549986219809,13404023141867434966,436361383040437351
5318803925634392273,10649743826086100693,2730826252284212560,1414952557071422990,10962299149155534704,2358258394572360790,1198345949776837523,1579538274254471730,5996502403284999504,12291245240144632807,14231098307114116002,5940157205646962891,14379029389929720763,4180160744435573629,8770517866764748705,15730295781482118162,13792464273083620141,3168423826635779286,14924514846989821806,16654186861220043484,13430289702998772634,9643363708340311242,3207275456853940314,13638065396736408066
13024630735274250945,5141951324590416806,13061498207365080289,16439984025199389880,6749108311293855928,11485278694513099899,14382313444488417823,10158036041895233734,9783867356304372439,8352628790175352255,12261862098921324700,16002706776792174387,10339269886659191128,8154682826071538687,8607273318307255551,844772376449926811,15488580065448704125,8618776961255596463,785341543664471213,3953943060547760733,1667024788844356165,11159584576855417298,16561028394756052871,13159922764993472608
6386662147139879187,11787185238953317329,1628908508206639237,9531524167072450756,4340048495713570138,11806609526486196941,2447567232510756269,15423691157497481773,16264200798681276370,7975429629641953979,124016089969572018,17667484458634942818,1457296099356772659,962377011617593264,16352853736605476462,2742003866017180836,16888759443965356841,4148499502312555161,13865097330108857111,12771717338313854311,13926291419437378311,6801101513300026949,13954647899854128108,8199683015859358646
597613588186960970,6341895610871257475,9764635236296780307,9490283295652007473,6150288835311973338,16697342189346225866,5589206997052246717,4008567527570322022,3187391086734348625,5302839064461161891,14657970238251168289,3956805699292877290,7024114692117625148,17878276697587689111,10552574054798224064,1316019638493182995,3083658082414699406,524727786993837602,8938614510291956736,16081566888667113512,6769993068950989554,15319182198193046524,14325070641985586195,9220143417063706984
12527114822939399927,8198530401161111894,9483129318040756196,721173390456790793,9808757436993805645,18104943550160092970,9687396554388668817,11173486459965197807,3692417266932137964,11513617511242740464,14638379521146808256,124499884176332805,12423120877584141423,9675119764856192683,7994995506744619116,9471689060538339674,4739930644225295913,11476638844288541442,8666660362134029328,5950272609682983511,872075360182564421,12114033093679135507,4064418707015972271,2332794603832752991
10825349829261895639,4628513255177905595,7991621916876356693,9671466210665753116,751600268079576155,17744592824289347067,3042436015005491353,11136041607516314527,10142640687464334876,18210749235439666395,15245875611847550057,9350383142511556011,1771691058645588767,449337396926618313,11888065945876261297,14310965037866527013,8558402031503962177,2615577369402801,8077857326402634401,343801617339200033,13248839803252679891,16858695914076554214,15617621078274098007,14441258227145652640
16718341053933812581,10122012750791976487,12740247248287231978,16579737764412912503,15588136892968950652,9516102419966023122,3894503741072497783,2554119221172422292,15569171558157477286,16453805445234829382,8011687211397426451,8084127295453234903,9399118257931317940,17060813276240901324,15978046184009012849,14517463730175507118,10655419983744420217,10251601065679059584,4756422656822992007,3217652993290095671,265028634212576652,2975807647562803767,5462573716816515361,1061788775828796861
9000178909815074377,7988277118212721752,6432668638090759427,17198295735171905531,6364688204870741392,18009151393667311309,10907099945218487276,947268948868997113,17847822996007619935,14264222472457319843,8546761860929578484,6729388069778940088,15721566442939286733,8021524718113660911,2173622179907595905,7899622692911321032,12002198587428933744,10784822705788790200,3474508016678475825,8080796941478967258,4161018996086604877,6621597140936181882,13697100938218329072,6081972423512917328
17085904948110893368,7693178668115477054,9003806361544423794,8150407087267144156,10997983071179787,17514852371073498184,14883093584766981937,679061501362758637,9469883708509767629,16449711942736829240,3583551536537539913,4511907748703578568,10037832945439422381,4237051178392084841,2165448414962376354,11350234535975647552,1241654508648673849,574919652464241317,12592057934283011426,15119906243471177786,7087616151801899379,13734109576589085505,7349617584646722296,11226015183445592354
17099290272329799067,2717416152927399718,16850661577194760046,16918960175659850296,14656156893499196007,724793465951850081,5205858331446399403,14324682512245857811,15348366436092853912,9860944256615518743,14604864688624195063,13702494140533920953,5201327260754550835,8810098821090520381,1902974065421553400,10564914946860887234,14905502501071349349,18415749254479926756,5612555606036775601,9690045003179713463,9108426999844456514,7894046797873316388,17633081883996295158,8019533609173537647
14744187616731879787,17372631722171507395,11546569146257821530,2607218157865211386,17407734208140852137,3705036654049086306,9005730701463515988,14354892557765860839,8189417757535334843,13481809200694565428,17105475074583376150,18224533258606311130,16466221677058522763,7071230568009516503,4873325406323170933,16973688417384741591,6097917933546157421,17281325166672230142,10505261709821690252,2341326198582171717,4238644062567352020,12324759749128235888,16920864430559042125,7860019756060672032
7977602770337378472,17327819011932704528,10051746907330325037,7612960832607371170,6206876031940227957,12947539940404158677,10668710960321176747,2615169398422562379,902041805588952931,5010200746375726689,4410880534604227642,10390830352039111257,3512161623805439106,13589570968583026500,8170867463560491777,18340442239255660897,17959343125660931033,1447351786870222594,3213865958570181910,15615164606400099832,12250724079621622039,8313233664108472551,2610433182612384380,17007116494754160956
14440344392995359849,3003238806329029155,7308360231367343948,1192047985669203604,16410590537588281278,1282714988840553853,6904679379343165436,16507816091745966818,14834470127530523067,6779562240976382401,7763579321168719693,8414595800998482736,14762997346937532474,17975636218122867585,14174651267395042160,3363494125261934015,12610227661591208528,3038284938504683430,4344420594148448089,12056839394554480369,10734151774555540210,7651631961112928893,3241267727700222775,16723583974006905612
8862806740328493672,16274610266631953870,6427102068652505223,10097033681835299299,11529661252053919469,641579411675937543,6928262553637760904,7399678356981894660,9905652446329435210,8234540693497619477,5819897121102901607,8086002824870080226,7209243477181132850,6746019805216863253,17836535584152761355,2465170870768020911,2822078105645575017,7194159580647337412,12870058364904551490,15263549125948805816,4956488193986727080,8910177051099014125,807995549583109567,10818759709465122837
16486385838865238430,17224879800300218894,18113024020547786055,3709275657294776519,9570698516582183551,15621125628612465967,15035780213042394522,445396594205285917,8750919025231341131,3597624650316523604,17173819938274946383,1802138387859714318,8483596642295513876,835290730770052200,6151624851581195339,10154605999947456678,11985504645416782797,10325623164081316801,16260165280759233573,4306824837509890748,8116130004594718042,16144848302250620997,3401126710035128654,11598123516688407769
11044763694241396838,12682529645160942157,17208358606996934286,4115416641199179624,16830108404340089481,5781581298227638604,17536825509917775533,5859072992964928907,17324184175376479823,4045461326327742634,9320400851793608674,8107674706293076808,2880403122097186613,1496430404487257913,314505358358771006,12277111537099907716,15968328973358231344,2011986454597139041,12827518629896626296,11545344881609618851,13775235012816996603,2249718381806534959,15998032941852573822,12055617473544982627
1792699212066976966,12849492166636900537,8318927612678674043,14352510024069834554,16715211181729185136,12449842755265408428,13687825941452288282,10202816069838925858,16632935164320545569,3282200272765817533,3719029110281344085,9862439418156599215,5268285534241687779,17846076949864022609,12083797164276178683,8663553718901855852,17242093029480087787,15188074593257073373,6561619959297289896,15966549129776497620,3621380718710809649,16514943648216477605,3160278729389713623,17833554210992007986
10637897590805919224,5432437895680870682,18368086897791657460,2411454069980203481,2093216637791227802,7605839002209146494,16506679701626129566,6033789377040348708,7647361294869437731,819532108921558505,17979576893166731330,10437684107010640547,16426163082465298375,13888635165372882127,13761921445074585445,6022873984826405304,15128552463567557104,10685359079002748215,771403166918623167,10712554325434075626,15196322877481849765,15601784914656773116,1511572896187812179,11668021501781978446
1180455228316948750,13493584377841404576,17679829380375129652,10381431404865922204,9119271930378137475,4197547714401719409,9950876934291994517,16445334297253596942,5719261885507067424,4170027205315614981,12753883730031469773,6587250451909004426,17758592171395543749,4479799560169966553,10557714704648770087,944059719559170079,12715055931164891160,2143807515357801141,12109203995329239179,18243898029803774870,7296246397977267501,14839908291427951913,4471501789459677843,600788888230355493
7171399327026552108,11931119909895115107,8515273487929787321,13031163656121583462,16227038873292286054,14243807949077039109,1427354111177605984,16640951689600741666,10371239498104585922,18059594570928775917,7495126621515375234,14668216947235688916,3643484044406524633,6011702461729791882,2398822503058603714,8758139117727280980,3582941122929167864,6500161796205691348,3578342626028529505,14591331963164212814,8888129565468401444,4600695198740241796,6762630991530332160,5003755565092250581
14259036616094424582,2022818317943719208,14469632200868974600,8118848044999505144,9970174721426921799,7104221820758981978,9094201992102167845,11036714004348947033,2086343995468418525,9293000935044824036,10456211594663886328,10418342216586565090,2480485282670846875,12947353269502924677,15153935463862785181,8866115984523551047,758288802767453507,8226569702430672549,18335079534576742514,14537907450918618686,1813613985980501417,10786207903971901171,17638982969575357728,12507630623795789777
11079711956241701123,5394201562637914766,1337830101915190855,17787489127575292,6640217423609415464,14431657973114504476,4278108407935132059,1202193683807658717,13097317968677754824,5580085478544629951,5427622891403286805,16197834791759047441,11460119117856875132,15648534369760016930,15496306835969490016,2809461729984060200,4390442664127394820,4591799246494637666,52459502920772342,17264265890098833015,16192406185353852202,7961981492170268784,7650873037942514924,8626741176488144232
3869857599129060770,9515853386604873305,12331041188461562433,14436778776416715440,14613599185865838523,14952010459907560224,6192565392194563151,13337787766929201012,9622665270380981226,558635914732900018,13347141817946593725,17932670949350255052,10418178587783950757,1613931443072918240,16626897969000021261,16010309285457299862,11094559734857830044,5740771012734553304,5416749635081906343,12796239656258162686,3016863768822246426,9109442252459917442,8808250008294291436,13085686716661783219
5806434577273287445,17055275186617471042,12428416125239146985,9933094346586662727,16296611347636112651,1865736135553079832,1877554285910154404,15590882578053988910,3879463714388799231,12900784315366818791,11634075981149990846,18247115435338395730,4888340895160099097,588535933901809198,8039553430756197856,8802453575715575447,5472766418720797501,11349970430065318764,7987651935986752865,2733752595393336984,17173262895119761987,15383243587204395966,10913649563381514035,4488395083672882374
5505745385668480356,10513480836485691784,2607206555601338804,14860328798785665546,1925237552332681720,16671898997012396256,8453308711931100306,3889285577877307906,4604491543639518837,2291726379753451273,10484295616782863034,15274947703571190451,5893616638321064948,7540012952547639791,16107971976499369981,15626579664626224171,14995733094923730156,6537296042996487908,7972330543588905780,7408728676998959300,13454938934490185461,12574451447764083865,2748867824100362626,5639123859109195627
17396699105313034702,11188157480346530076,18038565177767669938,6912112587854938612,18365063555947408027,15306533358815600573,1355630154105376406,17033850389869564488,8835735587486877838,8260793576268611412,13147636443790666624,14781545055666282403,4204156056497595604,2894951070234026406,16748474747244383024,9573736298080017839,8221104073688594012,6043523889405623589,1987575604921175647,17800719962977411866,5339940096474092462,13296539976193903005,18118661094904003242,16473585686803257322
1125751600456810711,17498343019056231825,5071411788029830908,1659546508883162833,788844080087915438,16067030703291572589,5833787878830155495,2209424795155430979,14420642971154257038,2050525309707698471,17416164171909750380,8655054201484329800,11222300822570519220,17051955695679991048,1189688516723949696,13308072585805484347,3796876729714718176,6896155681744604303,4458252104578773068,17842447180304836926,13345839763167541113,8930209978983695617,15197588949199570871,13402846635480941410
6701368477772578237,3990046379262214647,2090895257008612382,10375543616745602161,187534741226222604,18183409901774810964,3305002937190379244,13779184056508122575,6479373883770635849,6827763809879329194,7615472310860590049,17587314440719576054,17288527431265383255,5246887625637372963,11094427746950677182,11853683847798985439,15268361709342300279,2506396098732133045,3498936461172960259,306322510937482485,9498490149719416938,16570206983925520343,14248279407204535799,1911854932508813477
2969649370609677257,14647568272783015012,12070331641820547397,7250697108161565799,2503113708099619714,3127735665429978215,8218966851170685201,3194495512981303651,2616909063489268724,17173714676407869405,15208685104827529478,17360570240377349774,13898359214806224022,849615758585009714,5983096176588550636,8455802256643295770,11211985906889443957,8936080543482718191,4511620405637476661,17099181435634877022,18328217620830615756,11921116159276625503,15359691530482827260,13101740182227499276
16661220621421944702,2313405349640450342,15897387500741942054,13563740537830637426,6804138939385524435,2609469230911074165,12840463009731226254,4562723719853763635,1362323569445599148,15843974513934669810,13485846364632256919,8219309426099510784,14267809681752096704,4396038159631506861,13597345277544690980,6251530453581235347,14630602134739164279,14010353077896362335,12490737587058588277,7188409310197439337,2538508674701899200,5565467242776791697,16228922924850500384,6676203748274686636
804065429665155472,1067214439272016764,11664731545261280895,1971732766943082647,11400182397176401664,17014418598185517222,15887399821356573681,6568929680554292822,12483741970604727223,13918096488397456292,9930634365901976400,12955702619394605398,5286923437151098502,6975751836188031527,5844791105765207939,9446771848370880007,11114357485026226773,8206556250367916631,5235159636696452970,5639209084349435502,2862485974821437500,8933282136167664951,9913472720408600293,11485452973294232810
15728867796381446242,16012368624856341009,10569278175413288113,9409640891545381450,16636482083913045052,1632093677677697563,10725637271452410099,8162140516623043340,447265797790896167,1320854447751297008,13099170494651017966,16460570725572828513,15305887381285420416,4941232471465120198,4529027607030108635,11040502696882546139,1693300763893310636,12123368355746470845,16490423287548479415,475857145801163459,12396744621413647210,12725456277641563168,9293361835186650628,8475736098315963067
4670513427764655644,2430986969277269348,13451087118940297033,2552198579699700935,1959061891722326323,4284701607026139587,6637962850501655030,6016563102799394836,1257991646490233095,3698200938452285844,12343477165711420369,13615851936817018567,10329499619458845159,12495502488978733437,12357795064647500518,8365481151937321853,5928374374141087168,12564839398416708426,13136833434427511962,433353579580271499,13949356798263123916,1678538472423502674,18444785820448306316,15194646550409387278
17708351675524289175,8153637775270872320,10525927699580326222,11242164212143931862,17709994143887213796,7620391245129564787,15358349517102422411,11161327604185539339,13408353092981736040,3183868870503916298,14485202022561437107,3469282658096347292,8591185336102923728,2241894001788197858,15145211676814620489,17285343383999904077,440744487577720723,866030050371094158,13783679887253088285,14726764162498320560,11169767467432626375,4109947276480252800,1070324845254007255,12645093929559624795
653154355234946143,6284240987609922780,10211771455258861317,17947159444727223669,10228185160288917368,7704795797068507405,6873946696651567675,4491426433756560524,6552128815035722156,14682353014617090041,11747354583908154286,4429773010998764446,11244848701820389648,2864465009107781048,9053589103220064053,4196284456924762602,754880620039573056,10955980041369751450,2574290326612115635,2036826322995289138,6508217484150953818,18139580316510019597,18073588572423582430,11471088404297317660
1218918017075222552,10866323942286256987,16007965005523671658,8089516570629347135,901123906160641066,3295445163903469970,8336651456361841039,12682502697940509711,7029123932074926376,13671796297480101866,16421982018470312830,10257281324297629829,1882608748278154276,13588657228137037915,3283527306655191103,14227851741275544935,14144917403615851319,6814222337979183934,3314747979717791970,11533948713841247976,12146021591597844718,10050494993310624491,9320516566390009107,14056658727737915643
7177242029892309698,9081360675759522430,8246333896243003995,12445358878742882617,6350981930460163974,11945273908687739144,4750781132512970069,10286979825024615901,12262992207541292336,13991550304535801215,6915522572102716127,10337039552048417764,10099006482229440977,10333356711505856575,14231848737187041698,10490784910375868794,7460667556604332846,5509476061202130929,15478949119750218744,6604748122363204103,12846586427520987788,747820964786888711,15817741147436560300,9428581868437755605
310381430971452527,3525978673747832812,5477663218311173930,2073394741265672906,17374887028898737853,10204046862834052469,9812234944095319578,17363637807060805500,13427731000003041121,6562491666226521584,4609693070643375069,18302443770531913124,6264112563546395135,6614309660452492038,4798529249187960587,16665054840906078346,17299206773125168805,12530509928296092946,12311499782226499492,16256612339392368394,14955613056845624744,16119265749794943968,14201295884625156155,14810375809474683111
906364424619916994,17537215815041064538,2128868663775637176,11968655802436621591,5672416059633761579,15173945864513793251,17255762332191671145,7428375550468921569,12018657243300755814,2454369546084941260,8144832576301329509,9266801988424012605,1508690249339642377,10234648787823025368,9221522907617837820,15879669589850665096,2273956488508063851,395356355577396290,13253418919792291090,1811994134827311570,4002307717867442530,17333380570190862736,196707171936363762,6423567636774015307
11058271415269932182,11200473076191155122,5339081303240337331,2547096419581949123,5176420498107470564,9783246639692299578,7472028388118144630,16380990836484663991,8210037199232157637,6712963136756245542,2546787705119480116,3613107161456005681,10939744746191209545,433042160990451294,17979555309765793546,17127781079285689549,10319920558489483905,16350759290061047144,7430959645466866661,10227877480915559014,359482302950113779,14477804894217967564,14779439055091150116,18273480752479076625
17401002727057006946,888720845255637120,10523627357979428822,11643301824121626692,16065712615575872070,12130981370862184962,15929138078661606730,17484863479840780954,12480444890349437489,10931554962730304833,17640901587609258595,15059921791314992854,11979131322090534885,7305253218113106209,3159107203699217592,15048344494909873734,15316258667070040579,15851769635558919366,15956347877848389194,12446345715675254693,3297131292106416474,3800986388235548144,16982317912188755119,6141717323082087716
329107411863650337,18114884753815721905,7612327247544644676,18374155915601465634,3642579455918040235,18283384814661191109,3447103639139592258,2821936197545744075,16316665654974199704,10843756298379568920,17044181598439230337,7718337420611730234,12869828010668097862,2133376958472839462,6763057403004013091,2240579004365899020,10319933569550698243,1372389116445895282,5735609095512690141,3232897434147608761,16188301932410417152,6409513906992561871,9435993053195586170,1972567348728138436
13566991201324744824,15161188132869226852,8950422176932814939,7425074005317658666,11023045175298878927,8863507413434321192,5131110822647259044,8453973456176544501,14841228794237878520,11253413470933704998,16500551740840178185,5324123996932312011,1369576385543336804,7863670953620463410,16849545371980851629,6113878150930490730,18142863301165198430,4981629558089738822,7643842640979382787,9299039755651246903,11388093525155002055,12581699041129062348,9444494214358282747,15159201249980902144
2369192097460062429,6700236169693179078,8293692915664897541,18361131481288423774,15138102020439584615,6180452668872730976,12205875161754128760,12018329791095541835,11528393869295078373,17380032928871200899,10364160725320384977,4739950946128282181,11271722828373286559,10453823740833188925,4470406727933275262,18097710789989509294,14783040190826570414,3810654987863281065,1564134446047174801,3150681782347213390,3584391924867388179,4417463559318022680,17862249018051107591,4005170448963173772
11317631316010628315,15961248432011205493,11278937422488604004,13438233049070296462,10450394930314601110,4580351722434050664,13489288344822302496,16967129882665461508,13153344362639204344,15491951150829863105,4857013313395824169,8572290682930161742,11936313898289372869,7500805436646596094,8926402151889655870,11375722421415223095,8558616450248184052,15429566098577400153,15869244333886683911,15857693489701197045,11183264896345631396,17395218617326404205,16784913614216568174,15954411112417605585
9523421601395615979,17049510849900935718,166531864706167896,14790957263316319950,15843895450967409548,12772264434522012933,7007566109552240833,10940156893497653081,8335010386550448558,15296482394937933858,10424177201430930299,13330253303137732074,17622429104263853016,8048753555826475714,12757864943842123797,478053258365904658,8412978861135353191,17968188400290435807,11360250077762356226,8030361808414518623,5560133638363435030,18046037195318072279,9906351148190454081,11554880905347319684
7508844928599805235,12723645154742514418,1666115523396375593,17371154200966593819,3683476480010296785,14680242439536134839,5524859750031987681,9680670956539543914,6566027529765359158,13648008690224544679,10411300028025227442,13238785151261521114,13399662913479932067,14478175154345207660,6557186403062613461,1042766675323136282,16664483811505879318,4164543855809875444,3168503895753645758,6799028204762738261,9078159867347611083,16545214404572821659,13112523346706620372,7376444012330010952
10494108783158661583,12127425522064313030,4305313012398668733,9452683161206643140,4891034334692173425,8600653230515210758,5292553400604766917,14945294429082080445,18317274486159449306,17980980164210174738,13746990507609339456,2169989869385809924,8779813893457167425,3263725124546698558,8157794439777125543,1964824886867501026,12838421418684710785,8411875022948154524,1664024864932185313,1278989578852775055,9615923234336737123,11501238422472274793,9873635930171758781,11643075521711368424
8855762317986684141,911623971894849124,10659783937684673478,474708087585284874,8834322460819804403,14044057315499791732,5606096893760373135,1752792873771923303,13541079775902110631,8487881651991474655,4511232590666319423,17485147013345456273,13381618923164242557,17965709182761686232,15631949668097659852,8503210331531756055,13027401153219675842,4302786169111060724,1834831381151843304,7001221052331211259,15410518594117321163,7132191934604466747,6090660439057657894,13593582261509032488
11353914945855315124,13997923637507813584,18215875022492589096,17902030417948813921,4780819828395083202,6940696833917155514,11459802108690915272,3991740018560540201,6406775423795161201,79589690169723819,1468754249750386373,4673664949123215701,8664022697069520664,2444620889650145664,5703651226807111217,934892636308503438,5834946601368095195,8987668274463074025,7082034508265853887,3761299653761634070,10479223322520146923,4177662432753371493,11636914822557439389,15348370104560013302
6532684634487822872,3259292011095167891,14805414570040910041,8112770985034507179,18351902016825059965,13942374527507660243,16204375433945532569,9529189108818651443,12839007600766069979,16239884740258332871,6790383089376537358,17436575352597653213,17724160766113648795,12445273598375290048,14675239055834443942,10137011189554344227,16410895198252881643,6509651065446299793,13705954762421270821,639448296987697097,8382335844577458476,16207031337473427567,9619500771906106651,4366515440731072903
1950261815799220835,16648027743300170221,5779266964279001196,18361127939521744851,15488311330984462265,6900167561078136568,8152986794892285899,7266129180776172304,667058049428544356,6551125172160646805,7972855092779181000,62614539869123431,16338725981384012595,15522311448009626890,11076000162780024784,13990853182873784217,17515455577203686600,11961956750362455227,8003192586774084786,11150645246786207924,888247450542186606,12420437514757250582,16148427340493187731,8180067309622641030
16874162160780543235,5428180629527683992,3875969752242804392,11989207343786784163,8059132624871882603,476721790866378895,9276786674137459039,923539207423028843,1920458667717123800,10443461301291518697,15074572376900589059,9064562922812884800,15740435500727869673,4827804424000987003,16456294148310946600,6625943983823537107,4348916003382251309,16336419958987472294,14389751981393642421,1692763978568960950,5545778616841032807,1763415488039079599,9729300214431869329,17285510190879488920
648489806160537698,10604985342147436077,9703209239369635916,10467779785709592629,5281421918500316317,1547724202895693120,840992544900689828,6124284541265788664,719841338371219983,11417935949466347758,14992580195152408879,12257376762415991094,17865101848754615575,14119180248025428560,4976644254552555925,9002728574966351063,17283369944487297530,8324815995970591729,9682619222367106792,18266106846166258673,8071436441578976873,14708488926987338514,14057521306742965979,2390065319185609599
7394776159757619136,4623332498865413210,15073250084958597419,2393426967268235573,2772086876985809020,7309134472084041918,9694932636290645555,9094608051578158293,9513263190702029668,7890314898409910778,12217306250712450747,6416244667258642910,7844909121799370932,16759454759258360859,9816194648890046652,6143821763807355719,3555227533119746904,16882708921882794260,8227370625215614543,14320533122034694869,7157997190778487601,7044986144317383436,12226228817242323614,5327839066872604971
11340122635409281998,9402118948246590121,8131910469199526818,5428809943010085375,7020556477370691649,1781364658931096626,5418574823271714920,7606814328744285479,18127797305223807033,6725100528941571600,819483750612871474,1244639463757277375,3279836637460392559,10686838582092824146,2552865153980455703,6682514814464130138,2907709745163771735,2848870339355508889,3430793043847458956,17920440230473835802,11968445618526613284,10990403663644210659,5823831880855505758,9413949993238183958
1237970447906593487,297922152330685638,1620058424762511157,18097329690053900179,2672701945354721068,145987354795177147,294593625840922475,17847150126424956265,5358131719007971094,2764386833073174641,8420707554155563743,10380381302396664077,6714930672364683221,16423333634717210222,14511150205327648270,17270551128859031537,4974259275124765479,5787095931961387359,3417610078353336913,6350668996681291641,2805449056639688415,2147953372618285550,1042601374190356329,11947028713007600448
6827609857380732698,4532981662990206088,12885463393426286332,18235023854826807688,10519808748727230353,1682936100465014760,4482752254856720555,9027778654349694685,1775649046487900962,3455439247530761289,6388843938443625626,3706807622735312046,11778952097381128942,7313005066648205846,12945471407637922563,9730448646181037186,1707834638379738847,14358090966554589650,5783854933799107295,295327270108286496,6549935646958694167,9660301776195240008,14059807969042820142,2148874818101201417
4120632127605419473,2187142640188922262,13646654848663594813,4001833222324913639,16711135562096118966,3837971198071788718,10576410099891294275,947505306477732028,14006225929492140039,14839832045424042659,12220425490643228915,5601013109619461034,2618902091585119678,9946940548094764513,14986938088680165547,4834151485753605275,9536767469619423034,2776623207605160103,15529401860042481635,4166101542231871760,9746787045004864806,17304986020411371269,10344174511848719292,17379399237102522753
2983984751612654101,9218724217177936133,10933473740137390236,7716607994871143754,11295930358277919599,6194518084181624430,4855382166374606428,340744804534421002,6487771068338922300,9012829376265693553,18080042571250953848,9847451461383056315,17603241105517777325,11327829441788708626,3057243473522675706,8725501035227994021,14574267647132198205,7505022442348492277,11055125522586910227,11669975144710316938,14219892179118453522,1513677885204830175,8455240916290997360,396085824593988601
2075306829768479322,17602234353679773811,2286087879052585736,421251782175292194,1883930256310062033,6430857021690801819,8596321948554176753,12882863462845569679,10799208221778161629,11528978794810458076,7754903753452792281,4617940218583967944,2755001428407731518,9398284263708077835,12401942475532271334,7375717278586853835,8067540995165562212,14281770519381281898,8991713196793676068,8504175734983522697,17979880064675757621,15156427849911139531,1526688023163044459,1298725578989006505
13104576247612490252,14307488332238771580,18279389446821381868,15746712710865272522,7835279362229060997,8897917050397023504,1545577202097665557,11470351509015869835,9467514203080006682,5905109913849189361,18285807234572058495,6025307576805010150,11626356093929074372,18289857765842493846,7916133241116824335,18114478286255664098,6888710815420746302,3754999948087420863,447313646471491005,18096810517731441282,1882422291590150667,2143893502585354918,8413775569188866192,2403277268566657680
5445317895397045736,16431788732795897402,7926878465706543121,10710535199461934977,7905521403476405141,14085644831289556693,3948945637118323584,9117709102440101958,8675686572099673244,13845273679000929431,13474234137259666141,4894463023521136346,1608897993116330379,2396187388628730610,862762870812876239,5194056900592095171,16341625223093004864,11458038641184924978,7955084093049955497,1933574952799820180,6502159069174806232,16339911422465564730,1174268418028124521,10755596500746112489
5787723238415173423,9157311042577389859,6549044377609728593,2031687949822341716,7446615910301744277,9426187310447982519,2094968117906873587,5311133773258126286,17240117345398251742,6663061397185947746,12322617434418503833,16904250523664311788,6180367881610333639,2407234399788560000,8881966628034185323,14570906293515604934,16849193917010551379,12192079665922321272,12907750254991641569,3863408185805022593,17435676447614983875,5025938819709583541,7499538550172327571,267294890129079132
17342794310729048870,16227242387086135725,9916086134427667206,10574459078017778904,2432130041019604899,4361113616340148948,9447882158155005115,2873932127392374577,13297399757105543431,5195058610355256393,14894236918602727700,2328719654006936742,14966761170446473707,5598044744680914538,17969632900283785296,10797359039659768078,3050007172802759417,4538940237288058019,16836326862953272327,1978296873639328007,11458471908581129925,10081842411418793142,12708520403234434247,9961335711422750006
1181836467507007781,16793395788567420663,5571911282440725797,6915033169477333095,3239270749855510455,16271792052040135939,7246923255702524827,6158394216353762392,16414887979821997383,2583501386520468371,16824835271473984146,10530184798386242682,16472256321377848167,7896060990069329115,10224246624497873874,9829472943431237275,11781618360285024666,6205929372506247653,14943538942431003724,13131795434098607247,12982343726745863549,11783778742493900218,13753322855789217368,7318830362047282293
11968704563461380345,17765731071219726057,9091547005723030571,1461531473319252724,3305741571457062355,9308418084207604064,11698632573297810159,10715106720514716731,9564986618636849193,16114968953206763569,5330529050590813800,2445308991667298687,5754666444166340168,8576657311809938220,10584599967913161342,1653410927790601780,10873834091652885244,13630564220148598033,15120578049233910595,17743572526029133529,10784118747058204079,1434981160547623044,4532626047579486320,5021013778287193154
9417682006274545459,7504447408303949955,13566251757088635987,3334350028971423097,8641213076670561242,4340369541951186020,14606276590973397875,16195039171443610664,7340925453436833724,13598756697516348211,6709725047936134186,14295645777720916974,2015408520858238032,1157873396539834805,5110963173389016014,8318659499026213588,11934641212130207701,7855941097281977816,13626903634977037453,13294445129372777862,7672975286790943035,15763295426599399660,15974055620625434794,14884475681734721539
7079030931988855153,13681251362629830347,4990816146058306336,8582409780048040904,4692569251412443482,1204945078794914201,13169903807374136045,18271029432098002197,17186668675406263787,16062278551101357582,14953248136468091048,10652505108659367580,13194224805913971654,14554305170247847901,8838894788743155456,1652511156262454255,5513543947789840472,1523180330124535858,9897108475892577555,4480994351807626972,17041319699295509762,12275792232656601719,15521857485186057491,12531539799588334916
5360852082609727849,4046920026865929830,10847456469981525758,14976917258677431604,15077673193634809051,10032205284862472222,16441121276318178596,12973334187348158578,8679067983476286235,13789194813979934734,10664138458210050489,2759432670803738939,14046752337092615612,8205134653767453498,7170648317641478837,5127008508759534633,8161646652982346234,17648384396870176307,13840667523469724731,12488736213781891296,6610325598151958152,5022446679536596440,10742236700839809947,16972861885527488713
1162073401779313862,2292194267402121874,14851335215369891816,11826859176763201027,14078822425389514994,2210759797211785611,3638415131330455323,17886385824293665869,2088347325702123353,17237813766707865776,6833875261848249295,77696092278391738,10659585316701979024,16272502613389440482,8191364501030436308,13523738260772910750,13861535690365757599,13259485353361425451,3135690489164852288,15231976080953624146,15812997992029322954,9737149202702579225,11427554617153024460,9544265906349384553
8247641941944692188,6012880181940317475,9995347542901107999,17466066777707692567,12902172307244784015,5063517038905838925,460777010637714994,9638516216628133918,8614107710683024339,2144402630837417893,15740369489100722972,18416042267429678835,15752433452839678204,11563717865182822349,16817701184245415329,3616238440116288516,13631890031885209986,10744040785927440498,6299115848032458852,5345811021594649161,16238342178888743309,14780646418406875590,7611862097149897549,15941157023602784627
1293341198420106371,2701541873719569655,17439743826932889843,6959064940947161943,9164777694909867030,10463206344271193848,14567840333100996611,11995600904061488121,7813655474685968675,12385340571640027189,2130692333651093046,4452209840765001418,17066155943185955988,4287931773793151600,12475919719855176150,10158812905073972379,10348177971139170142,17987948139542282759,15066893691042959897,12692941903262788056,15391633510966490664,6836223591695003626,1786243364671876451,6125181684546850368
14135414634075364721,14048554336692920662,9522340214118515538,12579525899466569068,13423874906871168937,8922828048211803808,1939390333242022205,13836224127135702425,17669283821661708395,8444386123521714498,16348923755909020777,12889640408054283443,15326514104667031487,16227839788053792100,14107904665518636828,4454570372003894231,14718764780394302331,16055568126800177032,15284007026117453949,2059292626085996544,17568813987540605573,140939119572693272,15231196911812049628,14005880719954999798
10698172055611384548,647447557452158409,502678304581675088,6834327319548274181,1277697481700051926,14754447752848477065,14783445403215414820,16074521155975645503,12394126428332089770,3303696507333673014,11925045834539369687,13522507932332520541,14521553064461106059,10963081988312476739,5087572400000838359,13296799282741067687,826644573561363710,16043433065447523224,6204255918756599199,3475043781245218479,916703547896362812,3400435689270786751,4458066061368326590,17309915629354940947
4115031430889835489,11975592312702017033,3620053748084884858,17336483705424470975,8716332962456599515,7140103181788010108,74371042860513517,15041743347499384296,17003868486542745673,16751390522209432657,2449019105843156054,4968265804592817964,8280348671556108730,17682136502404905068,9719858363033723598,7178607525137224397,5864564346728106935,18111927709818519,9647850774356465273,12259639842955215357,12238467178124791911,15313724310621216945,13545571435052664138,15322160358176245122
14838652359493029391,7280198162322142249,10263982249226669461,13029797670306394087,853995763593797159,18444260111967426332,3180143609478961942,11774839903345663563,8032499291968619661,3182720577734699766,10124403388960175084,18280961048806327778,16278131460995264857,5373622483184993059,16838299197773387336,2353071818909116334,16758014072702050555,4627277042739786174,17667105570453289663,10246701708715046357,15718530433246203925,13050848638424302503,12990072968961984018,2108184761583043001
11405136652021963231,2297504050222188587,4694095661177069132,17376374347071936067,10996733465994802815,7132346518462680255,9243253017710849743,13720809265351991111,1945509119993036271,16278339240331387617,13008174452495203574,11854934991996143635,9888584937873992871,10386323847370523470,1852874327543133588,14871832681543343051,8003849386330762944,8723827551277521706,15806053031787264193,158827578344291717,7419821504390142205,7604591846069327014,12146450173435929967,623079252768996760
14151796534815775762,16314238223373264206,336668734518493294,9607737722649749645,4781346769926144138,13228568113894612809,6051966139702962470,17332312709549994352,17370087080877573459,13666729686282545118,16171765751983067022,2866404116609773373,14198513181894263266,13857515915596644926,6121325096982476864,10356494596482237987,13764110765091339795,1948458785036962389,15267100848436951138,4993080806792414984,7586925546919705500,1208705404868554349,16034467729547926889,2780829174789930207
16167907419717931643,16289078689937636639,16529638773800112904,7759526032415683864,6764211653732288036,11063018818050583904,443697526038058828,1724038206391230836,10647830262056051990,9655771233729441925,6792363573876232124,5067888101166155954,13717316966363853458,7597477380135657596,10520412988524445414,2870620851547820607,10280468808393890880,13181671767535292203,9927201495326113296,6533446865332516954,3015979497674155038,10320607301320847479,2796660911990837270,461571938225168004
6791791621137444651,17864781990929101516,3515350022730448913,17820419012961119519,252041599955093140,11542360241240296701,5515809399849593158,1270362404554348017,4695555810884936778,8872714366152245046,5214120248453944751,8972279416469830321,17546284234224147374,17401174802279654722,3130276009235657946,10684652337983913397,6289747225352114016,4663773566447851100,9647798450062094954,8449337277143155830,1697987770827103486,15429953447773009292,17447482756028510184,3906467759424506098
14766577192875512197,11607365188471900204,16695651864455948676,154473652371899275,14377168607796894971,12782422121825785620,5806890873860260379,3937351039789648543,7240602385517890518,6957877289240220681,18325799909355661368,12725604497827119663,2040788630344291871,9342525533561347543,2597778266754076444,9773458925451940189,16057340263702505113,7415426873845383742,4214248611204046637,4777058972262497083,12489735787013949034,14562348344497235531,69060055476707623,13900796167849475874
4124093691080046138,16787142205618548564,12491676804970786415,12954820651212953480,1769608430426951388,8432052821283370621,1117006615355057457,6749830854176061127,881769708535122338,12530488887290805021,14082787359307539164,15610234648182995616,6907520896309738767,1873290602943627622,17093554233776998495,14294888465720016236,4686772423011270930,2108628741534790427,16617717332196921396,659605233077779250,11645789407570888453,12803523112758524323,5627297935118598435,11772872228928978381
337494571770454651,1849287555270451903,11334070089911217046,6570169674811973226,15909390584379297205,295770355797088293,10634614173558874777,3882977591688343293,8998800074850559054,7749167089461864308,1305378025842787815,7885795980343900369,17815331241752087310,7453219059016713380,11498740541928406552,7906929388280253546,13342701957031165286,5216188902185390366,2655105915268502083,16979031543421788203,17575657510254401458,10669104753717485022,11986881461535189488,6844733665648018368
11034916359133184001,12717644500407988757,8289688628485008386,5279813222058929553,7481627674329600777,13632797372659672132,17698997365945696765,6816796525414731194,10960139308262929079,16163505638011005926,14468988626770525743,14690293266446849179,17133752394550361870,6005462595699537486,17197299091171169350,5561291298071855613,10807212379791466607,12363610427438140268,3187434447636486679,3373143163305540172,11050690863447530850,4974008310050752301,18154839629305769313,1838208843074918713
7551835700937454082,12136375773133895465,10803646340419351189,11546297737092676987,6757434311076505974,12830962779902415869,4906317905612698056,16096287003831727700,648158040546444357,17813623649605180975,10469945016084229925,17701418662385587300,4631317765833135075,16380679765550970824,438508924050864264,14065905496914305413,10826781688193883430,12495072321160905149,8643296759783668469,16816679662131679333,14542726361953518018,5983865781478469091,1692521528500937816,6957053384733775688
10164693113243062723,9689622575094665225,14955942585682237568,6359562634471655172,10572065846143613553,9759092590737913704,13681724239183350796,6881339886537527515,3743398599038606111,13612423332053370572,45009715152677674,2243698027208909801,15732889940132944406,14203454846133566943,6611360171808149010,3118449741063000538,15445052830646897109,1766063068058753037,11246661465634236477,13112808398970585254,11050165632554732033,4210887811888800525,3204943203545357274,14676700043326401780
14561861894572612466,6505628934009152486,2095783441813728690,5816832182450158692,1064731062408204032,5483778194982835497,17840609594660155417,718162954649003923,8196114869639592818,486089106485551965,18157163334596499691,14314611158276882500,13556719476045196418,17360185606447819506,6229298218830447750,4284661139789303540,3671447747391697327,158495244574283123,15823025444167620292,10011825081097644455,15088929303856916270,13265342230330620276,955564920464192733,5314420319958869588
1063090663041345912,13140920438355831570,15618951066324021489,2328655453392913814,8574020574745379916,2792672532888483045,12566249951072895026,5250461271262337129,556236882093643962,2548765371878567106,1516649795183845571,6857806527227561757,16073574574381950327,16690687990265092002,15963179303129588380,7167523483637170116,14598586007276901716,3388460173445386601,6318743652952665714,18427451607909518986,2493733899255075617,3686419832472566670,15227495672064124887,7915645351896695481
14756465049270809898,7923947674154155728,13479849472936638244,10594093801420772819,3319161733270136880,3959921948219170229,11200361205717891611,17222735305856719818,10935628705311511959,3230037682318974911,8476564466506709895,3137029438714503805,12010065274328192540,12209026765065927103,14321668867984368992,13769377815108659241,4491855127351442854,8727437376248517377,17117125777899215736,7922423864607655572,7507702360065124282,11705720742223120553,2365155479814335408,4585476519585166434
15247138138980102032,14747435798115469285,15090254931333266206,3964669487041650188,4072355170289742366,16448303004110597704,9424193074187073423,16680258637619568617,16081755293692031124,16704942748911803564,14638716879055690638,9040945674133718319,14234089814407158105,12311100711605030144,4603508715940913913,4668355657596331349,3703790484179443965,6908798581567210100,1462243754725671776,7382669731389617527,2956504723187422441,7477031413779550518,11941231072193213212,10131140881741591282
2945850031578796843,8545457053729549204,5629902763383501021,272115422091823483,16278247270927113900,16328611352994374367,10768500038850303195,16626287195477394943,6044871895748185403,10847954444976070197,5721781724794546959,14453034969882557516,4015175283237053633,8119912860559185354,14838772845022122737,17925715043877547237,10457952655666361188,2545626051492372413,10006279108312718723,17232833037831345334,2545115988925745490,12151550918913019806,194048612039400964,9601835515318838917
5645844472375435816,570426033486016512,17474918313414147501,11134808709464347267,15414962419624554947,4228043346699357180,15439542538220019402,2989107230314727710,16572220226685666314,8143112345071784873,14067192398622336749,2974663877641330786,10126653035194057497,13883516864315724620,18382343984393947037,15140615274044553522,1224837920177421102,12774373453853126564,2743840692735769768,8933660191270831243,7714916260234436884,13951613899998879549,891937617553920116,15935342448292743540
14557003304579865855,16505926751235378490,6143573988755764734,13800985496810107800,16267377691621970755,7263858786810359319,12848253208009668562,17088558228711461101,13917787652122601101,14813789472603263929,4935711776140089146,9608762460056973636,11780210074766981080,4488119031429510613,468195403892736919,18313062777627083389,12487781269208909312,2941793889013690436,8417956029996338160,16183886424488603560,17550732677916856275,2607747064424690562,498165409701814791,15145409793755996413
866735258310580961,12642648772640539951,2414444368726541658,5210844683368964640,7192556262690430704,14331534921981452286,4056119113379820757,3824018018518379565,17933349509919581037,18210479844231462812,5238622014036776033,17837395957867226774,17341710865122851131,17483079669947569856,4124627577515158600,2648110173580421330,16703754765667481133,2207628594571924102,4079744141788863381,10783013935387281799,3481218842564341845,266147872973257994,1703142510170808454,6007190066847567058
7807027629228647573,3853496460831608181,3511290578307868352,8867641038388687505,4855311678440636652,1731117572582939976,16392206062445198545,144058885994032686,5226396378513069362,4058988145837993460,14292716349438106365,3872633431324822711,11142186417218928445,7949074858336309959,7786650050964771356,7873084339969735813,8190915890614890005,13932146570706815013,11062442874418064862,8715315471781169629,6906184474055486001,5062826577773295183,8501240180913671856,4682896389709225244
11542114336004983873,4483195928438238679,2401845321108869868,18036345575677347397,10776665423872834243,5052032772274624271,4298661080016167372,11377912918890384435,546048114679698714,18016800717657043552,15425687018360799299,14011811740348196486,13819586581870940000,10003378708408846673,12769928323087587869,11934276426110240836,18371500110099622695,3730184680273686445,8430070394765697142,17009440092315492919,8464065544776703453,1893436796703606921,921792532253888051,6737960848742203766
9100559724906686133,858955572140600277,4625273115283094598,7597038035766934871,18324317684498509424,1754147227568541029,3457335270353313378,9921069312340084776,14277666396596898271,8533776218678404578,13109915530606903611,12952580906459830385,12142081147074619073,7379684436163479123,18436293041149927016,18378758955563044051,17046013267863139678,16886711273210532526,4524147780262228820,14740613165806704146,1129225626810277159,1835772232660297679,4449695414277737970,2155469181806064811
81815279092114403,4332380972022515971,13284594992194275302,472565739948389002,13718318578301994948,3044941793647128654,2982854721598220496,12986093229272151765,11015662487552799475,2711790758542449357,17986103509294649732,14700767316076227335,7949568895292330076,7674143470682158246,17999128222871016617,9810275867275422844,5944192055715817844,4324175207252088549,1768876939315214064,11493811047544341829,13835164499943916062,17864944914072787434,3882438508563650782,8624463071705090805
9425342298344367543,4025186067891226667,13994182923235139841,13341571946086717603,6065372660725234999,14155428585357561270,10179936571979344837,3922833468061169079,17446302983083626369,8365396858686699399,16381040984141907336,3931650779956944131,528884532989332357,4524807242268151814,7960050774102271999,13560995953355470605,795336630590372961,13909984231147353266,1946190245508607762,633022230574596381,17783361746650098346,16227434736720816167,14170592980188105917,10749713282548159925
9862343154774932512,895428987654863346,3905815752142843758,14114637717295295263,962603818885926489,17592162693715134492,16216319621781260994,2710887305881102363,4063922759110538271,13553243566480946226,1021202006187255526,8162899188804229179,603159792266296553,12399594724702102679,5412780852556518457,17790102145455563245,3866902498459077875,16961707304425605391,13850985265405448950,1458253169501682976,6165724336207592423,8565021005779370549,7018956117071950257,13637108151603293555
7301964329857232793,3066417797454207675,18215385891112573933,13161219521996757933,10551192325747236697,8294870764908612361,1533444089731793660,17691943492000115198,12490435512386917036,16447071810128640546,2735060112058447722,1855976076069830322,6797565782850110945,318439557413621756,3296261194152327187,12008086658139719403,8025753001845281930,6740521882315778310,12029214356422210534,13442447951049429806,3735865644788405340,10127080516539985719,4175158245666317126,5528942947762765400
12940526963312221302,7159741536152992206,14027047836269096205,17486657311225161874,6628818228781103358,9939203105715132426,7846686370901621543,6363806608642247044,13317336022179212736,1365515391874780093,5897501932514646259,2721866921112081080,14778035668702932837,13434811496456052060,17639976460818779183,10078170637797559942,6249244659608637870,14361632207504565374,8841093921059771541,16070576621450722045,2714798088273008651,10686966931113482885,1439744231777186710,1333133035365575863
15212908220227846944,13778638933308814540,12357791436104068116,16546905021477642356,24924215368940625,2719508035246350334,7792286103604068225,17175090493322518880,16925528358777701205,14853309574973286406,14993000884972462680,3627071776961375588,7715055032099337341,6911916944110744352,1709341672288211814,13088259259976474365,14505807377101035397,13120626172252244308,13375617342210923275,5415412592550280503,18169595038035855931,5758897432734149379,2639479551898721821,9763201711849870614
15262769883752055713,12559475429181188099,49126241571581172,5778653473515017426,15686718109796242545,1395996624531942726,17984409140311883548,7791039782682295664,17750018119472611216,1365010219011877136,12729627938537688888,16983478443000990116,11981753866083558638,13067589784794184101,10507175809581426396,2408935954083208591,12131017002009591883,2466658884370024102,7817842069125211008,12330071675929477407,8809653766290655345,13100183585107148903,6664267650005875593,11614639697187062696
2811988897105081177,218803603395806113,7805186861663077611,482420239213451378,848324403471807283,13352935675681621684,18352429160836626712,3693407397744661224,12377913254493282039,13096200762543392754,666238209586108212,7558575452454571640,1149808220741027520,4712935602765660392,15934840637675132539,4641224338060501273,12257934274097491037,4535686327569296413,13021971399327943759,1664388400870914305,970038970991161237,17708372162213486419,5982017462941461010,16787891760017955272
15298017168755932829,10862263116441311045,8218899394151626553,10520134972231983597,5199637506416569995,10844900608772165161,7499236316440765357,3307455183263042719,4785468827815239608,8890611566002398888,12351565006999651757,10849890828100629838,9538280529400856671,5245478423188263535,7260522697356491515,2843735445487132976,2001221205019088978,9766561492807944914,409119089786117000,12774842786166430186,3688714990689366974,13611271342965715326,3395589699426393506,3576757924647591801
12033690939497166745,7299090478307405470,8371350882500938573,11506806079347376506,13441189008929781320,10891075624036117422,6591342461709574845,2708199157498844723,10818280275291992935,12100676051972549215,5328704767850398621,13386334196483312062,17887058379917765781,3529388498382687998,4004378074228535506,15571391949359683072,17415610672805318483,15855145615232326241,5474986204232996459,5994087719605201065,5947058162163612546,13620294564997388483,9461802089939473882,8856123887782027988
13061355078525121308,8929291638123924352,12907232142450458739,8592584965545586750,11549331778859261479,2515851943742775532,8093761643022924309,17628819978059958583,3894965714773674555,2097990893891560285,18299209517099688217,11575582413306083014,12156752739041225582,6499436305138576907,16086323833874794670,18189040096457373197,403601244660741633,9217861814959349148,14585875763647788137,267159439073342467,6899690387847004461,13473426091205047375,15627100924189548032,13329104781316562641
17075018772163530276,14305395144247686169,15180388475509966344,16762256687838662020,12128180050720197470,4101627380016606423,3938671168543243041,3701791108655638326,3113056193666278868,11795428539038121724,15487580928762198026,10897829402111968623,5566630685169147042,11927993207268602209,16101313887934626097,5846445455756068263,1692733393159547610,16267495169279762179,15115510729306404204,16800087889029016697,11423489068683803542,9107576241925590806,6708327310294465475,10964680592933541237
17829592522725564378,13330679608178423169,16443134751779961257,9649003306283325696,14331916155053196386,1658755328282838009,6253459940868244322,9177699849579943118,12329515923324964672,11648792437762236767,5180026372745706855,2344587752435723951,3888429738310015512,7287315143716398925,13391945798773299368,15330735291476226322,7448660703479057928,15516827863324447353,14682073951294631531,6876522000420486880,18011646109117172095,14954233902364872741,17838235369179869705,6446658273004327593
13825514945090005425,3233326431195106789,8605358455849406261,9087324213180275011,18374887321103030566,5843369379561435727,14072967932679831176,4512917191833402359,13040558332720504394,1916148794084195067,131237087600287557,2811949089446075957,1032695486051338078,15970633774146232075,14994827426838561353,3564056855510231188,18313487951085218882,15070163070437761613,633335774349509665,17558921504162128822,13340848666124708553,3873425200937046666,12486759289613925199,4541622876940741713
17702037310933499572,14697673166993298296,3489315727622763759,8440698959257235236,16780999688491748290,154635096899628389,11916487381878841409,3273564681053437815,8907749767882892776,859067062479459493,229504367584957216,8127147602202355607,899477936283388212,602311188883758754,10987648455622019004,1082681196756435093,15922557286681490233,6648995583637396500,18001300320838989779,13736552535210768358,11818624173055565505,14152948076066623616,865025784612425672,18312745634445704079
15481042060086197958,14621325787129154638,712078965876859268,9971799267549754151,13050649623905751675,3927183523172330296,8461431392524065478,4858927665037679074,11162682028477638862,14092223439416202321,4858518453731641897,25380467786297365,12998022371578018017,3192215498144964306,6858717021756383088,776226223975378561,1826124182158106606,9498264030992541698,14613764648120465062,12825644594612405673,2461148220252836391,13342400259648601090,1593926786164576633,5065045722305863584
2441709096224207786,3692536970970071614,5150539296571241843,5688792298819964569,378067928450458492,13700106839083894376,17701186047266758886,8833824307214475142,1626860959434996016,11462511959891219117,7322901811387383674,9364466165652556228,9764495435103452348,2473895844557984822,3880106670371227513,11745130234917467768,10064123111664201593,17500057138663369921,5633195162935790962,8174263823057390333,5348087096272190162,14829214415432827128,9166953663325822038,8033446733782209593
17271370969472714499,1280768895619070755,14491023661638161245,2320704959850132882,12611467484180549379,9216017876202207783,17032912328592394700,13124220775349223525,14714342077852605467,18350443102849755460,14630321129909844621,17037980131343014119,7234163300843774785,14185581180588081826,10929998408484478609,5913152440307742690,4888081998954725100,7359669139177862536,14963664842084261783,12280930494201161155,3391522168817651147,14499228495775033915,5757509874155816046,3753701311500692128
12378547624799958905,4903329693424924458,5938640832703065128,12855021863018191131,9820156210849153799,6284235639950551909,6100764977859041861,330284689843418377,473073076876112931,7950339962570634783,10032835320867690159,11825917982018728151,12578448816150450550,2864990307696019840,15504529617198966377,15167236231124285805,2632865343035954804,8219564333963099781,1687406670874162225,439166248037174105,11871382502647973854,16849079264812597802,8985142269654714993,10066876906102052017
1290641228921426059,6253177753612891288,15913897304352517729,6861512460088558346,9694389248239507623,12379002846170626404,12267400420700132664,12776868528873420039,1278082796846890108,6113434825174648580,13775790454774646504,4656162833329314730,14713517178878286914,2292923903964258057,5689305066091273291,12677401108190596298,8011494340435861711,2519456901763555580,3349572766782731905,15224871940482764395,9330427314122634664,2312188387340149240,14630808511018466148,8566724568584203397
4215370499004719008,13450679636931475259,9426170205682685645,690595412001451593,4545497125554812919,13286291987425165842,1435753404950401402,17507683854704054706,4515515681875771301,3521074133872590857,9011697053693440962,6248539333270598864,12483487110553896188,12548315487011098114,11075550938448779567,10850639285743550201,6493697198919942124,7738763077904887518,17946986075956547673,7693780509327079566,8773693220861112243,678000667844900122,17722955863110195585,13388106791306824850
14417087213876554195,4986522542999749271,14221839298101124081,7772304803920055288,4490315795102513829,4695413203734227720,11922057581692753168,9930964655865944034,15720954872856988639,3374022781156207854,11054282986038318987,9846966424998617340,13823825548975871844,17161937099021361959,2762144969951000195,14025573079534449122,17338955284633653062,12550600112961804910,7223109960042873658,10200285346956741813,8956088328139189896,10877552319440993680,3906877737524812923,12302138980808177487
4428833497311593912,4672542144560223210,12347297375048038516,11183098825343550654,14880779672379883728,9598785810299981175,9620464347446360011,2046547185538286712,986180135264734483,2597662914623241955,12211919735661181911,11472925848973103875,12069574356973096668,17295804579912790763,3417088801586879983,497073291642801510,14732377701341612512,1651238995892954929,4354614816172872913,15429728890931359432,18052690009727475917,235488965268150213,287555059059213789,11560562152505799959
16280259748395792850,6876582295762665414,13137006406317495896,7206434384848513195,15973123961508579737,11072737691261845402,6130473593781336325,8206979637532088027,9598499632006390235,8537596157475121977,11836924838549902620,18423175796570928661,5851223792848765325,17381597535183582554,11720227063011152196,15198578427142689810,1259449603607249104,1842273670889235756,3007545159820368066,10819417746031537561,17904767320603200066,5921310565445880475,8098463080337785764,14320271692457015948
13730145770236393851,6654606126827452956,16211466206137175518,1609281594060306683,3968013455208622607,4220174874165592533,16256373786415019482,10535051731135857249,2416320139256992161,1796076146507317688,45744596498526057,3577020775755182077,15057956566139958277,11965503969681717108,9284895531922340680,9045273211433100005,12175652291536332477,1507784035705507616,14316790875139439975,2258227854440645519,15131176354519149256,47213037702546045,8368759823656754518,8274971528338535391
16228390326812192394,6683115726413646142,6636136367618203125,11603119606436842293,3967793123380254193,9184128151037126562,3783357939310916341,5097629609031324482,14190234411990578279,6363518545415376782,11362595245355028236,16411827787709083780,15400772958715952102,11906681021746259968,236862060938167407,6729658772765766149,2243489968585058763,2812659517241141375,15994314787489098089,759440192780510963,1215443967005559789,12001125549127557219,6145983453458335854,3923059397261615435
3954713884301576604,2972593250102234330,2314495460168848404,1730222518592535490,573782692598274835,11591070446834286006,420257682726089374,15765081958529903422,5183473178646743796,16243749822755223473,12548889584537355706,13109286343639338456,16748292681303264384,10447454599457165641,12167222437908964667,15683011731339749398,17310513702392134867,18228877978698722444,2690248307478198969,9871717128901363227,1357365450921556397,5715838998246680644,6757102696699690451,2232516724235233026
13140177792009183168,8491323516274252963,8195031164876776957,13872580474711128502,6270416022740576716,4431014069083135875,12411532846058247369,7667662490494388962,11849336993162188238,13818518786702172116,207060773500046004,6307127588883855760,76717096733441611,8567185994551696228,7277236408169178112,2164198922656282206,7503406516028963420,2808826350517582469,8926699314643564073,12667547602880959732,18114251732256795971,4755357684336861694,10253828543515578929,15100539190453936200
9659717003134815588,10722593427376812744,3609775595140287292,763381686866190864,2951325496619228931,6847617172841471632,3415473834163978341,12363551781554757924,12708241051431418279,13380396276074969493,17047709452611406370,5996972563482181236,18294334476746509002,826663858315847972,11534273121964157180,17825903885977546364,13267814411435471210,13576973233132622065,14604589448652405709,1738910081986567716,4081037861272677476,8633323500488503051,15064996885897516417,6094150445450904280
7108714933438199706,8685629447745592440,2075206663775015555,10750013333134617521,1667044594333328624,13112139366018935081,5013144375726295835,8824982507710934374,11237731872400840535,8766102522516261754,11421277124845087643,6104433851283288167,12792223605106020226,4257228577236958614,15554502287364234836,223783290174721815,8511563901672252518,5170545831850962048,17120960866909115936,8442070107192034380,3994312986476365380,8489416503974743857,16542912108961253746,6009911846520170400
1637314103632450134,15857625166153026056,119693419547952490,16850016478820173599,17071068849650706700,11481345496469221830,3164710081249377406,16880996821596980242,2906977365382213450,8158941380355970374,7716616752569504385,10740277965819414104,5584210345458125252,14853674211710103974,13607828239616310776,591489018172532526,12013223894154900109,1142154695525785347,16500222349477149800,3305453439096240388,1367180447215703671,17175501200190170489,3694199662886271376,11376182897415110459
6823189889770776357,6409667553522540393,6153600605488980053,11352287284389511891,12327802759118204615,12749187144291733833,13711851053908298246,14968094486954792314,3281977358227931107,16056740673163422697,13655512412791496126,10445219346541780525,1251831839681901740,16321769077422941821,2014833133061654535,13230126879180090326,4299858274991481245,13932475506850310286,6058715278112933330,7573609821887951395,10589545075090064117,7187245018358001175,920819860468656199,4169627532683341421
12496210481810337038,13710007077559504430,2207584224306730187,445297949908905034,4637145708071190498,8898908574927575332,12109275471556991630,14878212767812199761,11931395271595073569,5958095227581296605,17811272826355943002,13179801740330543491,3162033642133016762,8056906608787068138,6691982932641290400,13070357868767631382,11084052836288867332,8082408935423078518,13305413152975978044,7741155581143973491,12647072524239881816,7485467979870735648,6815404987552453731,12151966900674697925
6247398043580757642,16709570269052169362,7025918323799453835,7448189940063673607,14659003663807689564,2775770556509822941,18037514972075484216,13261260079854276699,16620242434117617050,10890475547924668410,12428423911959006944,5820008022065970808,11263462684212329893,12293487867751938100,14082246082816203384,10798093916149631441,7770001302157235336,6930907479998148249,12289057020143525150,15797790039660893967,4970697952449682998,5028138606391427580,6060686660988771689,16222021101974498892
3899358785426994228,16279135509036638545,2424722396704869557,12594242701461893877,17148927446145034893,4772267785011372768,2532609329922318476,3129472486634901959,4741291518496047663,16389393211913924394,11181318284918385100,12144021560460123026,16794524014958594351,17025326952510246126,4750684487183127848,11641326240541189325,11953400826951390098,13505554527890336302,12279913696459271093,16658107953583555868,16123824807190195012,12771901343944504533,9893401068128427050,15986891692762469552
4067984521737206619,3184586168606938172,8482267102949697626,2911090894041176246,724443082558157551,18398417034811765197,1696044383228950524,10295123227855252234,16401271636127187935,2992296026684664139,10545190847251006797,10202231037812142258,18210667115987703756,12558559837859386836,14131686549187431726,14682705310802696212,15001209278153401883,9463768642245423650,10974821610726753448,11112680909956735060,9450230345770691113,14331311717133344243,13845126980762201752,4727112192790728968
1962067784764074303,1146729130324069147,3190514328717656027,12504240195382617248,15406539712803630623,17780748048394120041,8226657865499570965,5400292245571784012,6428326756757064172,307908565979031554,13589739300094985609,5840606146258920128,16288513390801516673,9689034685349608156,5156035842573715653,9018376877331815865,9838534091567333624,12468021319670855430,1984550998867827098,16508209955226810522,13322216570210998207,17396217767858069970,6986099917540749544,10327103254414084744
3264305723345361020,11623522780320472909,5212301284155706415,8599677909012303427,3174201641724920429,8365665339579273030,2272355528055984972,7014496948398481261,10751551785228346220,17827754330950018226,9080431082079686047,130847188011021414,10926413214485714639,13555904330826302397,2072545052605288307,18231832771167976710,10654359912757778942,4802677307072414495,17596672332707766104,8203804718706618819,16722640037723261237,13452003620949399244,9550171827962700958,13015196910114627128
12981995129672092203,10827538871443170245,13673441937172738454,9315301150268575817,16309989879788239118,15840397061842747766,9598880042606564814,3787634500967926985,2461703507651791074,11730324558324815143,1556250022465042901,5064368131730674893,14502826248691240702,2295123401476094043,16700918524406741107,18307789290407534325,11599390891334303107,9869925436926416682,5707025748437443468,6641299260552851108,17703701536447494397,12261710388777945127,1974722366996899664,9945554463091174428
2495616475814547962,13420607907512569227,12915592985608976105,3317734274082731692,6528275732846791430,7568688700005852360,10158639359849023372,1996355433145009402,330888459982842494,10586440726577642799,14535378371180949580,14790508403621740403,5478366178827180603,8022818165315849741,4666623268109254117,7914167973831933255,11689931613193759744,16170796137712620232,9720499855272219645,9040063919980369795,10277488594338796915,2102209441851388204,18389683543959541439,12130093914975692975
12505926267191186763,17968928423263638098,936856357003300934,15001235275472790438,10621818115341912355,8757594282170073188,606408159756548303,7553183138516135769,6088677736872787757,6173628192171334654,11894618016159195031,11507458571767053762,395611449101515784,16005450151180324677,16930411764146652847,4338519635876479038,3963125993025003717,6509736016598638040,16900885845342189450,8164282526025886799,12557224507667518342,4098507828011631283,16223460230929343842,12031921985210644980
18225946519377254045,17437827944678526146,17723862234531366231,2380223510987016198,17153151171300117606,3442049915259055572,9786903126486094058,8640905410186528607,10032579438159100850,4295019555249009992,5013005687006692774,2500400747928977486,7760802800159403906,426816643092095839,8401035008901500457,14080506281966011615,16378476440012479558,8052103438095533918,387386489437788548,3963260141962041610,7780994935946401659,2289501391320841836,15699689178851506791,8359477438848733303
8867174588249220057,4622564570841826615,12543634401866185998,16032667422760080485,7339962738111911987,7932209971513842998,14931676996952774734,3615365786776568801,1240436354664258398,7589333247764223674,7510847941953844926,12164629348373580996,613023911433336104,12472410076830384167,17792696828980851036,1887954719109174354,1240232855123096371,10516207076242916005,7779406798872341432,15659191325770569788,18262420180514670605,12119289312963566077,10147609056977737465,16209829840140171412
18031411101631272443,12930541158957622985,17895855466821213825,15951283637036149059,9900001898302359069,92791663608668615,10289452446316668640,12009728177210839630,6626177110213389479,1534052179064926462,10184864389802674470,7922697786961790424,9506800053823598111,6615012477576570226,9305400267985522640,11095243841592464271,12279778698895984582,13260334578562000756,8604540654708841547,17550318656364078586,14409920686165013426,5209687703958577879,5623827062715798215,8741683691095753579
7484524926053151206,16034396621318687228,7121329261105128452,14560036351233475260,1730036511880664671,7994680315497514865,6642253171854645290,15162134020847060195,5699113961573722654,3248610430977620751,14019324019852299637,17025057746281411481,2126365908063178459,14181558736256548028,5320691466589754766,12018056873622801154,8849919979876718417,8009764554032356731,9215861810963030720,3024379679337203970,17965283084589621323,6006332890057301226,2216572945347918820,10300412289282490759
8187025326758018524,13049256935699073288,18075165904874659638,7256405786535837071,17012946667359863635,16819947299689601811,7971059397226422189,7574780907657612479,17992566136489676453,11180586033615450657,13078211286672535857,6776987415479099831,5088574768963509169,12135491637718201187,589316452486649082,3314804542751036178,11828416441706580284,4042141915874920305,11650452052416825403,15275877753176320394,5004383738390298579,16398753676580289804,3813066487316761233,9928538237419439660
3979962228426731088,15302559186904710585,4449281336261680529,5181391056748945611,3613354832021960880,5142537776783380910,9846804868365408311,2953956285109802828,6060206055274891068,14329011547181397652,7621651323804564130,17760380804955689885,8222453611613762684,6610330304780776204,4509065799025387667,11838496749527570443,13989598023594047345,16321396535387847245,13830459496590152831,17435395584486785368,4681526979283430096,17605713272536205361,3106153685609421657,15151848462912066756
18257929954854308712,17178218812071087976,9820451016479339123,13529955140282411892,4765839126223004796,7744217036574682838,17980258764979582630,5760332004439757751,8429225446133754299,9888574754681042992,4553804641563986651,4221319591980700152,12416707279670494394,16398130121375949776,10323127582944935022,7326937198506464068,8196770932097078639,1356366147491081422,6923181520157928087,7797692659104975372,10161623479962821157,4342704889040772364,14630418680647763983,582746502284375249
8393862061430233073,1724157550553452006,8993401659182180193,4837580201536628830,12108910109972216835,2644731281465840442,7148601472161243989,256171509309589243,6114760714565859469,521436798560652127,1419135120036587994,4512113246439766845,16681151605359514303,7190380572595056849,6005119852900404971,14017748903613974583,7978115635324386143,18333811001583243205,1827939907784451210,4827031036818231135,14276787940984217807,1403751714313780553,191201657786822776,14525825778468812961
8865877498963582162,13720111371313998576,3446023883314454810,7729752636832541187,1805049784579807620,16121455491864424023,6343411709859737825,4034971196504411740,4278976548415678393,13544462603232724917,2344175476875980391,1593756342923248069,10054047177891233722,2396995401287140415,4096583119046705640,18011361148167826158,8515367204537458726,11062358319657965871,17139277855903906478,14457361601395897031,9260272648097265123,9689237617485359321,10226616367306993813,2362444246397928525
10114928923077575190,11678875108276425696,4953392672491379909,2677421021471800521,10779691814334198872,9063373806293508702,4233291091781464657,17398617606343380659,7775181489360861504,11768765033177994156,1256380854225963212,9202586563728374842,230574775009031321,3517099694795867298,17136904806658571047,14439213358787580033,3631874025707750305,5892808625756198897,17308640511849625742,4042450232210129773,12351595084413350336,13251259476120226068,4020179008192115020,15819568276546296501
3817304799775598545,5998944068906275202,12694628828468640623,5764731851583024484,2424613661585974332,6397139216002862173,14759181755305676624,2828867426312094819,10212075791402717465,12333249659536228361,7176913474022940983,16460319711920111157,7727531585505777933,5931169175008434726,7361150501760300995,15978789469526116967,6433041687982887490,17631728257104189738,15148965838894209283,3098158130045854597,16490587593885528982,4463380787939736426,14840068588762853818,13272708652222442026
4959273286360234414,15040112476763233747,9144291291216194044,16917808281868427167,15522923011369890443,2614166411117857291,13783274648181768803,15699106867324986148,11249564915879097282,4548098788938518015,14185099579719613660,2164905649958171428,12500289059217805114,2793435313294740503,5789186622833267222,10448028713850969930,1448236997064338999,16049198299415528640,15023823051109120462,11739940061343556336,9023876800573677578,6754290605306969701,396222719367648482,17558064604341215240
6055257611014082845,5467078476843777970,10576160173184055872,3624650380651812695,1457432040867160596,8950927746438016548,1657743920668762548,16240698692413830989,7376810974917510563,17807749844412463461,10655985489717663054,4214312593296977334,7746135192512802306,5942093628976506439,11108636500340781726,6995914290230833310,1223226818051006684,17588249684641612448,14615719526147488170,2694085661949638580,12569415600953002657,18445107184841076276,5876029489683593354,15652462209818082687
2359717573122360128,12789264411999673755,6249672096785124946,9205440937337345796,15535483422524877696,10997491672183843400,4100219083891813504,16420070842244386601,2194628499239355311,11598553117409214239,17641654143022826246,8301688299076589399,4329613199097732766,3746661211612809739,2812628074498446448,17493572922004181072,9457162989472318922,15611896812320976166,6086112617924389591,11967497140489287192,12557012418611006171,14642115198778972846,9920956391671241567,17129187839091726296
5938580897959278143,621317036226803634,7894141113714235053,4873453679208398490,16865876716826134768,4987456232566526816,2392486595915216255,12483392718472376263,10479412568232115839,12289939086493816088,17773871199358406815,6170957326850766142,3378675451731064601,14667316040126103627,2264342311582075809,13315675207592909549,363766588446186163,4291791040999016889,6570237675170743954,3746914719677353930,9693264157838294171,1276014600125734940,10439109450431729228,16679245226505773654
4334502315675072301,4670321320022774846,768175459395255093,11845647162605628347,13199330391829490429,6618899052006838289,13875952821810811070,9026949333382766293,12142524472431713726,15102238324470619582,1067548288813818987,7689205505541330134,1826597723831875369,9798529482125927471,8912441403007326359,5403513808262202332,7674128202600116349,6838760703726269228,9164967635144975544,7610269448883253184,16172549883669215942,9688548704623010920,10108433557230041705,12384804632385610498
4098209448033504308,586154970308295354,13678710918289866028,14086916223911853893,8964459550777866020,12318655970549252643,8785941393074958278,1406623689551262651,5488269599502956922,13792313294774402357,12905687249138864714,1444680936673074567,18102373494789503074,15038199500073565766,14962029463996226823,12784217758780263660,965710550947676368,1937675584791347412,5677023447384126252,16885875720836253087,8661159756283511251,11323888710577148548,8928887886113153912,7858593409713355140
1820956714032136290,189785330917728196,2741401214281758216,10958132313724210268,6245251133611585501,11997638426437095457,1836142634839864974,4625836615313839943,9905596106772191151,200761977968543711,9398021287192815987,7948638368325070714,4211685470486532612,15681623814311896388,12327514021549192825,10778951091749104625,9862899079161392555,9514929824149446959,1779778268119914126,16331878873153352351,16659633020190400464,3593167018097051492,12551777462068190432,7387727880077631820
5381994444914879139,9209860640424555905,12564189526943267346,13861467696344825294,5299288019500068514,5821916774751365476,10807522585128539873,688239083172628882,11613256776867084591,7815731967140038492,1847003376291395081,2342910253745024120,15063923243339862652,13063047637978772631,144612922702514282,13523142247463391376,8938944305001103021,1311259121458255941,3093982094426145718,14664746680581123007,4395416002165397395,16174235858227468772,1954663644583737824,16408758759269353408
17013496857227800171,13264396208113477651,5466250157517620436,4038469806730036745,13692046835779525965,13432697939417158510,6475094010843937580,9350218649026133449,15746943665197058876,1942289447177340934,1524106760911169571,15594584527503857082,11778786494130573473,14638056886993606128,4998674441518027067,10116876976208945208,14022879820513824625,16283559458410117962,4402800942798778678,14289989333666860039,12061404151651049747,7384557491923051789,12689812957965151447,16851854716796130480
14519478032644851711,9641523857902348411,615961530547594116,6623870916293077639,7458193512128817520,13887113087795815069,13665057580314339394,17444447800686286793,8560291667435355911,15607849878064224318,9575189473156441145,980169147279475297,13350004981964714982,2123463204467246260,11012204626640730601,2688897063515991972,15284813070106970352,10735987964961995367,11734156668048052003,1716960289016174700,5046405950920203667,7694888451302160775,4657300384031309698,13547678328443257908
12466311684191815895,11059801325915590703,3808877337756079909,11959296888990328797,3172026896006532294,9031876274416976334,3836543982860980608,9772189916783295235,12316354996838876842,2893965038121357455,11365870578168604330,14945360048889589147,1617100750368108251,18312203143543650916,7751541668505618863,7434759991267623951,10085018253822448555,10446744673907178490,6573232152581730941,8934797031584650824,152975171338101662,6958715356256670919,424828011725008310,12365178535512905260
3654724378538754636,16311816483141749983,11103594224683851556,623199260130755784,16417234980521181735,10792264863762993456,2144847361940579054,15518585760082368282,14310271828383234678,13602587346562855143,2208447622089101688,16541163584254820368,4041994005486655792,14549930412708222530,14432680009125347557,14774023647531130768,3113441030597850186,14742647386024402981,8501594047256494324,3904898382661884629,13326435556608235249,6005454401500926978,9323255169613852486,73050821540032387
1402962583581878530,15405423520977059036,7288781894412189301,5766115594618244837,802818642533744809,11111143932758626862,12648217948250933478,2654856476727682112,12942996583332333428,14487743941941935363,18419526859971195860,3455996237049289442,14781727308294792405,4241436239872042695,14691986846981328181,5477032611146817382,7298186738849255146,2064110955699773940,1400701090267178652,16685124050599245213,2017051734188486896,4186894646006083331,16237146467530143800,5304137786614792083
5811419069738119142,10749049794047658595,13383241156047418651,7435627710973881841,6682423882970338077,13175606627164244823,5445991769564504952,15761987802753790454,11687083526877828562,499917782901508744,16121875824984209226,13501710213482076785,308917124974622418,407158609762792301,8753216492941142799,15563207735410027863,4867569386298502845,1392158102250478418,18353916473061684000,11048225020882168844,13903322205374309266,11056455787260532570,4632234132513832999,2347601835148564893
3111659798329337753,18446072109228508221,11621126117200239958,8083924998919137499,13292213468515236522,6425763180436658683,12288148223720411973,13922913567607788591,16537040425275125001,5159185702601028810,3499071022793368015,12586095837662298783,3853467138386255818,3185833948364542121,2202372193389014285,484097019817271844,16920337829222795479,12791016052517092558,15781012234232489929,17936081282654170077,3949805427793692046,11067818614924624602,13037759108029400258,11333728745584104230
10363634418344787965,14820868789640196553,7320057673147012997,3694751825765023881,11750920815728646342,7140320060111057548,14700673201375798562,4832559023547237590,14561032049972394186,9721058040332946898,904855262403949285,16600914153106087919,7475596480513603455,17415114074414746740,15563879950357035128,14764981451182548992,5880121033499038604,5360777297708269258,7320853085945049804,9179625673366715600,1233998866621663331,8643019791674501377,7449130360978808909,9203339948224509394
10094526663303762930,13695448762446211224,10188420537809389728,10332407210845494286,9497125026641837738,8929361810135527872,8408429777849273828,4853802690490738752,17188724773374612631,10899021768509937982,10569209282376727486,10761263996472001322,7268799766596973315,5561036860149894118,1924865215868918394,16607491015817024455,659072833512646529,1221304722319985679,17003581583180623836,7136322976420102543,11270934043582913634,17691899473469281519,12998791777706274043,13931489822343864512
10340850052369956944,14088650398228176673,6516322757857184632,7442308350546738664,1560986130903629501,8172431139488840288,8406987272517471870,10704792189092847075,14039907912388434585,8679129496361475216,13448891129767901142,14164536995281203179,9119963112790401696,5961372122201396050,4208031402788983010,36063273948936723,6045758352264200026,5089470058892449509,14528406477977643581,1202001389281830139,4160725900946847002,12474673397751518094,5165901525209545406,8623071143996587093
3683416074092195016,3353069200550306646,17649986958460986052,12630450861871594468,9504236056032421768,16579148192918081664,7227321417736284360,6943174773805331203,7128875544537443213,9687883087557648229,9155375728498809154,1619423588401317328,1527465410295454432,9301802632288280704,3334040803757695184,13010340967944966473,14753436689370213134,13724305996621990648,14475661795536155824,2549035557402924958,17593823447740032892,9630084366460131013,12341403928881519430,14257489838400734504
6078779204561471868,10859764484506347469,8861277093245259496,4065655827411476544,8413160081698828249,2238158737385375776,3172316507649110388,4149192093019591654,14473632353134017862,871384865211964724,2691186004825588214,2048789543865047691,12021472567659130604,16687564348355675263,4841325246416594275,14554535950772014653,6761844302663197326,2155847597714842167,11135955636461113219,3717242223840957412,2051865195340521599,9199680160007388575,4428707937024304297,13346492842164715988
4753212857858199285,4869967209554357292,8460804588661273545,2688337876650859278,6756577878658628762,965080179915696807,4464125945087861891,7465534801396469465,3773948640814727729,13557231769815844817,15642083045428778708,18015224809952520673,14323325728206588967,7204444894760483159,1776132323402141437,9743933070604319145,1018189388745549774,14019413940710786618,2527069540218030135,13786410531881330721,10741404331157029637,6091167055225807333,14844340272262132488,17979475331803620551
7954215591214418684,9961697362451223117,12307067124508540256,1078467357915195101,3004609984354985271,1100709675788002871,5107255206539236740,14948845624485792159,10150379996912645707,17338361559889467047,15082590564070035264,15703374512464793690,12280546813550522248,11503002466508506601,15665982185077253812,2884602924941808889,9902553569564874202,6243342503276524533,499643078197155689,3590084283079706421,2339493051249940171,8383168995780500004,4646170480709002053,11384192295869792071
5416194253899316339,8530614066003912684,15948228241824977783,11932541535161579182,2444318375189014579,1566947809258468999,5852787263527306457,9333060025669291362,8582878989965382042,14071844755887349672,9938992230956533131,12088451285789850815,1805648193796673730,1843087622012306823,16421992186343071756,7456982272293632670,1040464755759603448,3714760249750302816,1658940910743179522,3228951246629527010,14909912362516759692,16779834079350413841,10066850603806008295,2500837838553563086
12820331484056497393,3779734714900420291,5903581824091365243,12852481981047847220,3097907376386821168,9283549872067000556,4135875292182213428,2353073662030950065,12639493275915728958,726877825093083379,11719176023649120606,12693104862054430301,3696757619175324318,9799435269252397520,10402981873231317663,15348479637418445988,16351895898529684089,8808352907062119844,4934855636175498265,2383235011492773088,10361306669986787051,1606572380018641425,9151428229962049653,11775804436896164052
13705804986049730699,2843063529089543285,17331885980445006705,17038116937227998541,8401715617284401642,9989976270107649924,3668628195070345171,4140579090393136700,132040436903594161,259857198720964923,4528835279105088849,3757904484108014754,17491436899604811245,12909013587330055423,2042599052159121040,13066565916877709984,6205217934377014008,4719688698667802217,978937789187961074,2482603234039716668,15773018580014302404,8885780591132014410,2105679518275633861,15787537482897975470
7670078672534130655,10672482119048546066,9071730454778891303,14381386076722142406,6982359858326802357,5271841162303707361,6053435179309750999,9847559135619320226,6436889280303957340,8886140189369371109,12301834606570767754,4216480848008964629,6454528716439509213,13447038937183217690,18154871728442680248,4241586030489878130,14630378656275074768,9190078871028050668,6189096218491887259,7759045421136643699,12043045976132085680,17726506561723213526,5621904439712177733,3334238795154818692
2475717601999816008,13274470074078426821,643486150044230840,1011182644503779376,2650301821167697164,7459040091722821172,18190518680428682650,12893851471501429196,10290006315266094381,7497997905428303882,14679544109580296054,6522132539027302194,10347008202949634051,3725189737723010493,11940937667788452312,8258960854526166383,15473181383531494064,17167673880386531630,5685903912432931641,13522822672056412591,15294233465940277831,8680939349077471631,695760241629494437,9767225525278460914
661314530646924608,3517337250556729448,10243747315724117631,6367932242453484660,2553811943483592940,17711248584838933748,15126436825277507315,326159420144572433,9037123930270304816,7697307827151093430,5516459856148392161,1269510975180583297,4294450182143680635,6031912062929880784,2841681266325337213,5103079398762160167,13671939289729491587,11814020282686241646,18364098428426300035,16149963743840583324,8662903921925870388,16414144250250956576,3619140621066358143,1731318859686877630
8310784348245359488,5697790868732870307,15051657108220890099,2691088998329535170,12715409290072373648,3170731833770409715,5204167968612115166,14511273028132751517,13737080379434746912,13468702418826735799,10724526855571242540,17612379399502824628,3663056657125139661,4021439940043500228,1834333914215533862,15653167078806470503,11304827066478034721,9865296362754825893,566221226866076032,2377125237637409787,3282496298049293739,7757441639042024548,1167201295384951831,17933197034077693668
11531596721575478661,15008326488259142175,2448974833975124534,10316564733427115070,6587123351213162667,17350276535349787847,2085583071633783073,290387082908489473,4583106387238729898,17372698298196217490,7446618661162656856,18031997678054504575,5287149957123565913,16181975221373515271,9014516117649148637,14108691091590476072,6765854874524697761,14145635483718996511,5576253838324284313,2735698851320898823,7781199739210064204,8139122806186285621,5663051744128934581,11463424094754257531
8650099967486843589,11243494044987375135,9554134979714505843,9499058069803915164,14119230849545889485,6711716580145237892,9399337048455949018,247045044701944124,3093003197393390349,13342524144016119067,15974316226761385058,921305794380337901,2329499368616132009,15552642686144960736,16642933452331767850,13093024014684319307,12144361724039794262,1660731471963415796,14418400480106215588,17365618122633427071,15324758324396046728,10059551648065060485,15187582978131202816,8321372225170307273
10696997355102823332,3119703624798411595,4379684083724213333,4008676762645370349,14591363228468789266,1800397051873529204,18191632600426746029,8486247767999985502,1296704308925079831,2302009828711746458,4472201072878892679,15328948033891450847,10681951896876627429,297182878552471666,13595812077003792152,4062433543116667602,6318585300325400335,5986709763962573453,9803540550289174465,11277982553687933463,4363711639498109827,10789580055709893924,17264181561187793322,10283533475253652840
18212263003681515191,391399594653471944,5864246022159824471,5359111603769322699,16633604027532110460,17539256868327791198,410963025806369369,2874378286604319720,967248183868622987,18017274372702330474,15515528465159668066,13666448569538893168,13549938417709757066,18268632947214769793,17356354643525259952,13676739983107203021,18354668826938986726,8427804774253742318,4766697884172390583,17006773745328235288,1183693014699573764,306380631437912744,3203941654093755956,16286410872621599887
1540475269157507819,16308872316018746234,382229543280689555,4079922567206187261,12797094319606668509,10747838930136505812,14006593956342553472,8134285203500913378,13067457685137089246,16766299286276883077,17503442295895041186,15141096770100179989,6253477215732115818,5936874627014200046,12316743074782811690,1227153571120181671,15191044828360840864,17858158884850519252,7126515172194351520,6058990654880389128,17963742043929606475,15761274092217982995,14515014260869539013,10262851110007743728
8346780067173161349,3112363118318904182,8585574507916887583,6728911835767145968,5034212454311567626,7161517807271275539,11929460853254478617,1223753854285080514,11389832074836378399,14164814518137910172,13341144559760386247,12765514164326230300,2604669602038261257,4967090634991071012,530326609160422443,5519939749453806166,8956058387410084483,14486444070209347798,13741084926958878480,15166581752453931432,11204654813800829724,12160048225169577677,15157200933626924457,10212825639424056928
15675615216382542712,17324419989545136046,17298570186476256231,6599589106676453042,12170174502325204318,13278748307859825623,1191747452437043683,1320370213391767292,14810281558321434745,6209224743977884246,10688091785143731798,10502711641162096074,17537753520871843524,823513627439220763,6412225979289402122,1760519550042848118,10672055542749529100,7568058358443989739,15616321029018546072,7678221828206059181,1819748575424785775,10174541435036247323,17805054442996962654,475055764234625807
547064395643299568,187326825809728914,2958318102795860560,17902227654903607562,13371526629559002928,2368469374065707562,14280891088935932739,16226884912284879355,16197929065067365491,12221552850736674806,14894843728161331271,11031685839250078403,14283104508907556935,2534043706735290180,6444190833227016800,14477744916685797758,6759335093909874071,8300976374035302187,8692730419164063248,13466516645511746335,4325803056108558328,9325325903856040138,16903304808053305723,4061777192418942998
14951876754324329881,3860309296935204986,4041108433166641964,8865583209664757764,2139246575853875591,8536223791383517926,3286252902953690138,17359553982703804588,16861664413695811354,3370747624965619997,11235901334913501901,11650105360153657968,8928049881771160422,11411690137548953945,10876028687360580032,17532237237265391489,3075324309161461445,2231822161947757966,1718481702327116459,3038070351540933848,11153102289523872585,15185616754159806177,8996950978154331509,8508752048789132626
8906969188542604922,8869155837285310044,9207940970373542934,17559663176892160305,13316156227167733373,2962653172683900259,1197227245538197846,12720602767457253485,12538213235997543923,11471315512102824757,6566274794094786927,2712455205428657346,5076466063901650269,5075135395345737260,12729344760634775899,12477580018260090300,15184776724664279109,9413054708190300605,16762357291484307415,9103112199032660550,13887040289284956299,4927946438754541029,10839198405867000986,8020356379673286480
4979983277304066058,17461512897791403873,13785348648014487107,8154828793140590722,15767578831771257583,11883981111862683631,7469222918812541714,5976017013396501767,11405723318246609311,1786231657922513551,5160059007882388000,11318901032981822856,17438262798965350097,9792438175258739080,9895674592762658577,17589026193660948229,9066481358807780347,11321690758597783262,8257196972983364264,4763802235382077234,15600636751216739061,7982343824670915633,4135291482416620517,16759123882182121842
9126064298425526046,5922734854517229283,1261097460798027884,6805543900572981109,12475215898218159910,10341593342752849621,18073026706068781899,16653291175960436677,8655247388060636187,7757114620328728197,6231765256989822763,802761612597818336,3724882905024762061,9537078417851211304,10833064161993980544,7620923570137525668,12554607726824056984,2476470238138569902,7859807572046956816,11087660403453951967,6236274371664843308,177145363077804514,14957329751242046569,9391074804943339924
17274794773183993912,2365940646463520559,4854137425684140029,13661529783194346288,5078943949636464612,6896357507741541925,10741603508845608998,8052598954865770307,18012539872689673782,13288897387253904750,13690950674813218169,1357178362591973609,12089280327053690021,10274941358135252052,2152380879006134677,10884488822301030480,14353993050811133773,14514310561114600385,6670773310261087159,4606608448729501244,7697699353225915170,5401735070673281434,11844679788656778673,18048878805240778325
11716770130872045317,11522357287886096028,18414820483154615167,7673097862917742771,1699508051154525124,14103781124830991052,7169246527080131153,4265671716725083131,15583566334851986119,14576583917454920404,14406174844871213580,18386616576604366600,1784266721189281969,2850209269775037991,10587027245484352869,817599290207530489,9043542811246647923,1654631924929659727,16825979140958851715,3433237323515953702,399745293353223230,2541518571081504085,3892900013439384636,3622462402189415687
16126231890063035411,9314087675994113531,1926851454585327288,14962180563649530873,12234125529686501429,4038609818085270494,13149310226263776855,15426586838825680680,14979098545254510610,12386892184284657877,8524941520486742237,3684441720906783435,5688965089637584623,3990465969256447625,3006180710459333983,5912426587616240956,11129399891238903901,10614170911084694101,17162884875072599435,10158358336153792124,5288816747649003542,928634969032187616,7922653008140529339,7246195464877744283
8427275675655984794,69114832398076023,11063939942042494576,9427164920475279894,2715450469950632230,885831833412947414,8262083392884734543,5095131285867977125,2541403444724483697,15417061175392204227,7758674080687986499,12732728710824706302,16095655903231486615,1476738198417466894,4628729274246784606,5151098318990137752,5663611853940832867,7720686272525645074,1327378165064907958,12619373858470109629,1835662407760771306,2168919056013814944,11244418922050693914,2118585608315638090
1610868534186678656,6902401098510276370,10334630313813304106,749134714633403912,11471819279768484829,2102972233364256904,13209758506723164433,8786159978869671260,1594951936727348590,9605426118262839642,5798792145112558042,11044612378581099430,1181105076436959375,11140197115466034190,13966220692419751885,6611579047162515840,2358113202610732891,4391599707389456153,7460718559384018842,10759025019641933950,6326075089226136530,9432042668416871624,5895049051661994443,8175990031025432437
3594400987904520833,11190664769298551663,8631780809623764076,16079145896374738836,10394210676656705688,6511630344460381703,13724928656178877545,11552781021041198584,12890566168298745916,16692423194895956179,8243047773278787864,686021511990261086,12255682997607460887,6347752836672087517,8467089474730711314,4868028127602650901,3069975178577456270,4217500093440175699,3682948297557396470,18170455049662899239,6441287952673262094,17031991252673795416,3943704754897334859,3118458229116727550
4823473245976916556,17040832067378542427,3300219790666878788,8394305866666231590,10398391567078279742,17699500430906558933,7991294042552661792,16045683489404762788,1101339710494267029,5089839716453935508,9700632926416080677,13997581538476196478,1636062421131453482,17884745606233285275,4674704388438250867,10576507646634847698,15840109634893415269,4930341941683536558,7522875962443099509,8110510831264949085,4834809070680692704,8204755496045531451,4554159376057522497,17483451069131619640
8007745718880334611,17274291119184497749,7508487461357806602,7924274219220895835,14692802197389533669,9701835054278272838,7280383397441208419,2174337993266063059,10606736035544569322,7092383128220242252,12455439783448610453,5819218986386048449,5942729267623696629,8328769448872013626,16880866563116829930,16341924091600697517,13169178064250477166,13538643016240288236,6711725792186925643,9469971289770893008,16609409226135278946,221256132949906413,4161547407985959444,10800068288847156918
15863455881806791342,5954493987704593753,7792313585502099357,17285005258756126747,15869238656839384066,12677050502861532094,12903030670607778209,11465475377414505331,13476840573446146322,11775443330886885996,16839034607512306054,2894155600202214835,4385591247259228828,13012767600904734015,12780540227791928192,7746613217425568366,17448137374243975583,11849623342911013714,15317784102556233129,15544517487529730412,8305811469378208725,16971629028237987382,2617269541936316701,12748501835174773957
7644480811833152566,8552286478919567755,15570059121503574218,1870048728353103565,8443690194312746261,10111994683928871034,9541341920637514554,12395506393579410592,4962878284105986760,16032229790619433797,10761746154694174600,10307186841892896077,14259219906002594673,17566147523051617194,952009652995763390,18037504124712800690,11348408435519165731,15659139755298728456,14598918228686088868,10731596968199515358,15518439263725151887,15341316646753313387,6148589827583225387,15384701868330565140
14375698218137092645,1070623393921946839,6701180082909420786,2420924291124998688,8728940792972091859,16835437793531285089,17618637993313844857,7650624739965009904,9989641835450732748,13110516703111022457,6214717521305822965,7761662118314058348,8577356155593573129,8792583436516117760,13662693136645359417,17758725769343095450,6116839487546776679,6744287746702962091,7244234506062430487,2558497058823503410,18032724381602333587,17788820417438179730,17156918013089769343,18071668664323933579
2892873660785458293,16075541181381199088,14739944992001726800,13656240723513744486,16053799573961681180,13061784709448587397,16180865679007338344,1187680635415531940,11308723845175717426,15922079098465266399,16210289480493694090,5927462374782551705,5593488788854336598,16018490934281527698,1423844043720013095,965352109506351802,996956120023627133,2209194469439855396,12827290124346467766,18338605401481698905,17707808967094653820,11953541261052348295,13320652535614380479,7783741610774565048
15856964991878467237,8081213004542536647,1775045932453724825,8765885728240971022,12065654792927418426,7134233568794398773,5742431118113014737,3249814710862681238,2042084334038603981,9068033310245758964,15555295944103038514,16217600145859237544,1416097684096210540,4019499702818840910,12038051285227523911,6985919411070984505,3683363805382306516,3819290026469836832,15708651111655232034,163814008829657247,13762568197370985725,10245792686029138216,14100740093625726424,8228149870354313009
17811295230216448650,15975755735418463934,1596879249748752468,11670902615401879061,17362660893330052938,12513978186198494829,497405368669780300,15520056006281607243,17976139130829140956,11229178681545544522,684704468803149067,14148094162668241022,12166000214000436851,15817361941430406270,10525582731939779067,15519659881583360796,2527536612732046161,949101928515286776,2507770148976625298,11903682852965364860,5807753293333569266,11307508203759951035,6525474553647474066,7973779935197393579
2708052585419955450,11059883245496937467,17085644546536640317,9012132085270663951,14295239900530151523,5960765230141811661,6463203961385643883,6543419703687688050,6617953886043516326,15656350338878229585,12809091445941086253,5275804789544974405,9389994183979750085,3205557237410353,5595722699808337927,8854176459794002762,13993489164866454759,14935158239056269450,4261798019279012120,10505643554381208225,10969247090618488122,17000150279548019848,4946742132362119919,13276215442468086995
7492638469283835869,125431902461057227,13728171266307893787,7051749049988130205,17891805204074841737,10588174366759827008,6955119096021749930,17798126710334902624,15698788064877898657,15160072682669077663,224310673168364847,9568487641628905778,7806433463153520969,12489660262168718514,14113167270226007210,4810012899759223677,15177174018900023670,16417312537848727601,11414526374243457922,17286969613190178484,543034907552108510,1585072983809851438,4576469765652417143,13872722514854616693
2341210755914782112,17865894299320642383,12037365201070495884,9391234622978817678,15349972452357254691,6285558558752464377,2915345937095142440,9152653075768304462,10747382777348830323,3252150615155528844,397589815236780033,15068860529696927370,14817006316755599463,1031122141926619269,16417564836170992460,3350973956198781491,11410655156246540930,4130679176745001689,8195831355829797428,9775772303080389534,3421336903445446427,10964996519916465470,17592984784021099335,1223321392057219
1676774830501918123,8648985725665483270,14208573792833313148,13621795548618247501,6519270144319225469,2994272089114770956,4049859339560174312,15359439351128296393,6918980089417205956,5089783876721148735,15120848699976713977,14226006835125893522,9014149053245483880,14933291823716731791,536948479830308863,18254154398946627391,4818433953404884932,7623301891166394688,17835412954898052641,8882489494741718584,1718907135886418415,11790508155821575185,15127659955154498939,2059040101719510763
17183014225731727384,13097482532613162647,10465116541693943341,14103359744273740699,18236776441140471984,557349116098384135,8752310067021599765,1945674947404494665,5948352667633101021,2595067803962008690,1612598085256378576,3942672724872406713,7321544829250132230,11285690899903137267,4372961167738096609,3949364508781050496,15680276844796217502,12244154918224209386,13591842436723459887,10063205425465987404,16186394292290968921,12885946359162829561,11800143998544294539,14083169783516479146
14639431283155911929,13727871965125496638,12117382831196136235,15367298063778474367,7999322175018099925,2230165760528651440,1760381920541443257,16870270609867028232,2942193405901019004,11585092210607782282,13900338775390503527,16645532580976189382,4737779645137725643,12030393890274968378,107270905540639493,2663529738897733376,7157658243446221714,4651349117214104097,11977032828439186786,5048323095059562470,1186376356952083807,16091439789602411570,12506087445203761887,5588996045545634879
12250679505822568366,14291833618174437113,10038806781162089542,4856022375075069195,12288449937126566729,16284327999088709532,14669706819219879476,9159982143756126818,11339337184053604623,14031451201185532940,12538745794369370268,3210154127449348936,1342696053469478000,1396085549754728074,9122972170187901181,5228707581228931527,11318041496756884085,1697077785630040854,3020514173139387915,13345536443123072908,2484492096103049072,13747290087267268549,2558987843219460322,8581044699773948781
15046834832141798228,5617213975508824806,3990917206973987998,8296428531569501463,11894283196325506329,16739849957484078307,7641664866597698162,2775654527695541415,17456366004986470487,3745768681570815409,12407818003381726446,10008047436323919548,13785295557551488306,15429376375919273459,6705241424588510003,4097580700260786561,4332303289240616676,15712647718511368575,2951830151004181042,12747588311939530534,196111361403422135,6029113767942151802,3634528574084321468,8500080333006295285
4846805054866430531,14033621364328017836,11374367251193505918,3950721780701963652,4163609694575803573,10499539358413286639,12893639686088773504,16359666666002861370,7453536770129336475,5031157613446831858,12755813000306696744,12885610340220189776,3635381630244774564,12506079742301811362,3536888300946607916,14952599340519841116,11610640177920006058,9911392512236605139,697776655634983471,17431599655995506409,13069043024096337309,14074735523774864819,11713075580283703364,10566138729328492133
10736686998800460077,6986796759422819393,8111902899985727282,914521772678416363,9135796281916785446,14387293173509946943,9039116302536671116,14148475856386916281,6657990165743749716,16932813958108102567,2230982776959900668,10307352291317669730,14797447552889482758,227101634678753696,14614739835628514429,1291880478146700260,15148468621442584365,5746742186690653448,14979066289965486693,11385350001412100069,14253624078764338480,17457814408944227008,18073475016681337472,5102620074589422898
9558361302486294006,10484094935567177619,11748411645791086406,17955349164027684386,14631880066394077927,16484797934536735879,3802949582344388212,3048175471651010706,16910222439555910081,15822247814375063679,11422880123272579959,17011045937995829645,2394035835226608220,14628811529509084586,725919712451789581,6415976841440153421,8369820395060670901,5771409076215941667,14546789461897288365,3688677609822212491,7969329440572610149,9121459819124608188,14990537781718688309,10700166533717848567
15950864955942840233,16545601479111042301,7813026342534541813,15371188544895936685,3351397155846614499,16222653166374246885,7419572871789987762,13813254071558436721,12065169093699634478,15671010708759974620,7822241542979531635,1163921815652096499,207796484063743057,12942817843728385067,14649926232834150005,5070820086171268489,229896455119707064,18337768469639214135,426229896479241816,147007562255189162,8017324793874522187,15379169530284967603,3063936235386574638,9323047732402338425
12725428704927261908,10251518123913302031,3837288949028243135,1907563928536168371,13691499624075923406,10600093803706319136,2905048475595553801,6238861112294859541,6293784954223915539,6855143238799189151,10385620457724621700,2513781584051712737,18325768934263953014,15605697243065719898,6165561155154434857,14323109956283090281,10696160912246580037,14186925489338766269,4358274103455527668,5560814373353771605,12932302604869312742,17715750397975921290,11941781089000255479,5703898185355966479
14536198882135671445,4144198672408035529,16883596045992560444,4831773453102249548,11900591902267091008,642214247401870379,7680220044434312784,8247115902884604626,15054719855371289738,4308383954094970514,16020766520943280771,12736743249787645147,4504988065066319675,3734647058456061625,18232256729025919307,18077876836992820756,9378563214043974619,8402728512669160509,3674278382245741485,6430524590492139485,1790299481805354586,7039629173696256663,9144971878465496208,5150651856782296354
9301199918370491923,14005714056571211886,15243681193817605923,11257523194747201321,7047172711408226100,15659867059842892124,13466735920185977727,9763710154294667015,2865314613751432487,12407884676698643417,10437502720685604637,467642475780072731,12188709851871415072,13531075304494551330,7908186125090551832,5650386096271093170,9153719401368428792,8835173678081425177,2204805056701468414,14687702757468174340,8734697119274612196,14071983611709289831,9622856392151130879,6420652702212297527
8714392804457372845,4732343421025797319,17292365968190896516,15362603704206874665,9315486204682267493,7133135788425690997,10994523788582120362,1199512101380448855,5621389914650229934,16152044799416166288,12446187774234543899,4350605368181643198,17590027614036450998,11160929579505382417,8762152699957606905,9373750820977156707,17148977760457988379,1698236788671724686,16146369616107331066,13725511257819946167,3978603475313141184,6760258360450632673,17509827132968856302,17263605653543470680
17612594947082400590,2264090323950170051,225167206274639468,5509696558931103270,9672610292355450036,18044878228539942747,5400293889063192464,12334435111698123887,3567408075138532258,17854540827623849106,18085933161053132476,16346301223706013651,9635217636738392405,2378567045837173825,13058553857229480718,3453933660483011347,809094853497016590,16015429343853524094,15392866578853422990,4052720244813240853,7986258975884546668,3598493381776016891,5209697954895266049,9351072758540532627
10649490543678640474,6004660070949205742,7873799615496237513,8685034148432162737,116188124187268690,16569874441712666985,13812048275202945315,16677440877337241520,10405176340910292150,13965842874481369194,694480470606570518,14328377138973156450,11885182743983621539,3241387493631551748,14669629487567293761,11803811281864208036,1326278615795003019,13301889851841743919,18420697466801287213,11984919582231091495,8412808491496273677,5258942889154724731,18041461351981746749,15650619013428846443
8574339543181264252,87581259390381935,16438188257776900459,9923418817872187634,6715105344895611712,4739943602687701834,4960625031405275668,18843403471401534,8719053973799654560,1483523176925292555,9438302928376483825,10466320835310515103,12067327829993928280,532957530254578145,4281201823617141454,6397825509886417345,11569929195378698505,8044340636736367052,1387970543460715428,16761136184115400037,3213935254419812233,7930975228019897974,14025915445694347736,15696021967471437484
1679489011671527316,5023971954001762262,2491680796364071237,6932474352601324472,7695316941008730676,15918881958314112778,9481826395179555919,12400728919751395773,14539423515533928579,18258088180527699382,7238841467240551399,2750332433481950786,2253805771179731497,6237665686349389463,4064976548045767509,14369815410502055180,819464806345515785,15504311841729840808,4717472181349464420,6663957666787667888,8302995336846715049,1194468909946219240,16606329916646927682,9461378738476517038
16793769832188467514,8112076884492603965,6774344366055469806,4099845692676181727,18027389070122486238,614580198157690855,5713119991945125017,14554235930330889300,13440001501871333252,17013597164553919894,3995880806362929335,15651271958524861625,6260688907212855878,15211680701305746043,12861005275991296792,6618211120830866083,9291347212090680814,15346018717489325079,10708066496676260914,17463677612583572747,14251519052193500772,13170223277822843488,7847055628283484697,8163309432609727187
7293570923817941096,5021032438289472034,12067921881790909293,15303281182792526425,6521585630901247818,7003385091474221988,5562168787768261504,12497102676063378451,14902100968383067206,12789920895988106351,17743426771577772731,6589448978414173407,16972083542987353869,18359634723318800629,6634570038832398543,16428509390794963895,5661281894261618652,3960790679304220967,6555029316005086637,4510891211399925231,14800230210363549562,2292170760005440402,6788686901969312815,17483306462724365753
14572557604191040304,5778781808819474206,11701373057930870734,13965271604457299814,5210244790929087428,1363145773783256226,14354550463602847319,12343073874325011850,12202321725842216501,13621574756645669028,8516112055914804942,3861993611427912354,592259470896005522,13115306281431655671,7041999018782245857,7007051201446734822,16371707504364465106,4096799949662579260,14009626258505508867,13408467753771808769,14339091027906203046,8155110328992236188,1546875983579640090,9426967533843618142
11621789711903484940,5640595178244770494,16930612439983312280,11823678952807668813,7237074460188763259,7666197993446632263,17526207638824329409,14310254118129653383,6440547936540148821,1897201100793552127,3376649258038735864,1234948896960771211,16452610023255861912,7746678394860933847,13019118552282742785,11452858473671806583,6779823031621064314,16291464453000400704,14845142604142502154,1240752201295016794,4904152602089973592,728456179836786965,5738422043972262696,5755801947692491921
5607586839424658800,7191771624308021263,10139343316732886713,13222695183282642181,13175564153630459901,3575294218427171575,15407821201995781293,16947282452889314338,18350688436098165718,4930474249366615419,16363435508057155329,10025607685176749653,13722853142303456625,2614682245076181266,16034337141247924288,11336259226781567804,5796322361448374784,5718252185267414232,10879195230588832616,7503526553869538302,3123254691465555651,4188067528940052271,6256482522511265096,3328688744235378548
16816232515489474678,3981550548908689027,16813267784000895016,17945090293227824441,15743315403549157527,16482527153746660676,1303785443924614164,4004753783787000681,13300362378682615942,13652352228850672482,11425141426948300225,15460687160967459928,798473021411030353,2267566077617832622,2517135069902972741,14270085306012759121,14908762420167946238,5528004570558463887,14878947660516403027,8663880681127480769,18294230340537003132,4266755251829473699,14552320765810870189,4294257954336694972
4096076671430535428,15988176295758129167,1918159305639138636,2810249107835277326,12512587697303957900,17855905974877210843,17044996717703379421,14344803831004304833,2571981100926061340,1850754706848846408,14560467758094815189,17721648892289881139,17094968108354234115,8873233003892807700,680632065054234368,7671816236529546515,5889402235645893821,12247010203541646,1065580312619517954,10191583329343266710,6309625144040815164,8637594391604035335,1521164593650886338,7394429162828933738
2086032100235202016,1806255738918373793,17551732680593479480,2075565614884204104,13197258727659653296,10789798958312650169,7010136686716845647,7896066762809227895,14936913866801656018,10885589334700075034,9319584000918737613,12641784762191204161,2792327417522851616,7577410848804303038,17454960901385382682,1997696387232207751,6459827780460145539,4604824179860856497,15766316419498360134,11911256460047013283,695971594090490971,346935591183207836,2682113949230975782,6788853945293880643
5577769341669959806,2205499454869103698,3491122301785305522,65778942165096310,800992031759724394,697381258428438155,8337653656160567521,1453516131771088771,11494505734154089712,499618012459801073,16024107849496324526,884503939105840228,6399552629561646003,15920955643127821190,13494639700864236703,8734119208549105511,1965443015958287654,6522929151878091249,11880109379459221873,11684029965957843453,6718442731233450870,12485812066899656460,14518570736558643759,13251312361482819981
8842690256378089454,16113091145240467730,4288961322969933898,3795525724701183518,12577146759286277461,1526055903385326744,298035263975987352,4994500749787928141,17794051286938617204,14842041647176207433,15699510853981661117,8568375789699323561,3768506697433823152,17324087364160112737,4847828005511276243,16539410876265186085,11552915424108196959,15909868642778283326,18168501374069409260,12124780365422218339,4579637658467920008,11514886942523011204,12612026065730330640,3643874519735781076
17188862540772601522,2910894817295185007,10348084279167128714,9025459166709382188,13189646110996029400,3718927787910939146,4788364072512317642,14823180052413042695,5917637756114086101,8217638407464230467,16675123745357311397,7957992996216532749,12502383005331853566,878224913159936379,4962179589393244790,18390521555154926526,7698227330985758111,982412531910960023,16542818626000310729,56089687475325550,9058262825100627378,15948316551281512368,861942047575069640,11093157366297196619
1278335589032130629,12184807029761265278,18260402604236972645,16297809978033882469,13990992741488337750,726844908255009278,13122115200892922049,14295015399536184212,6831999806664543653,14821459878154856686,6036254104372168531,12949141656893090372,18332483257347760552,5247110229707430174,13883263270070538687,11891872359750380471,4352617608731420777,1189995593828233009,15761842616534058327,6599369243005774353,15829076411165428384,13427433311069123045,7265596070573660990,8245576762939210924
3099214420809133403,8627866961990222870,10070670557058460795,13871040546358707266,13034481070769905736,6822311271394448376,2111346283122017327,6557011792215611125,14396931936139312432,7488536549279332948,4621745736016018640,4988981694352471881,1056478195747680424,15984632125765321890,3509181759437414049,10402838760225847092,17258513907933314676,8810332604589834374,14682577378514935687,4397697522372642311,17600513705821017577,12278197418128532501,15691302067465110593,3064130028782634455
2564620795482993091,14521848539946238751,9757570192337839103,1306490325918713576,6732083373870094732,8622564956578415748,14051342608241795718,5411909078940840464,17377775827409486187,796459429918946052,6307884153036997820,9999295028518767914,17785730328292618209,8902773016171065936,6050933331326092617,7128035825170763587,9714019835774347604,6495833883482847728,5838048421819335058,9641145557734415220,11818864227946373994,10054778852868947532,11337940050966347331,3154165505523698549
2133821080845070108,17352225981322330448,2184935969647730384,13664196415491088302,1572292911882676667,17175457989330446163,16026397665401051074,826025728717831371,4762694027420867949,9388297163834447440,16135799240432956506,2771373550383162195,13621170057391833695,8262313645537994641,17330552140210553289,15756941476217416922,4042277744744640738,18020563033548937238,5169492101584426856,9223322847874886006,16555141252453326322,16034612783226476150,9779143041991467159,8915629355822581184
15026005197483018358,14215732449067876106,5526889040854450789,15427900887433124219,17038769059928539874,8761639250055835341,14695129344079805983,16733982411861154763,16962578768063937630,13983213747642255122,16301694819881127053,5432426602069283341,10937572227790678407,1847478951106675617,15713774354822381477,6116959225966835902,1478821064025152900,17766854052815710344,8557137528083980006,16321873383563138597,16276106986347443281,14139805948373709657,7934507267507594006,11503265272062509891
6783521686100361398,9720008776732816976,17820059711394840451,15655801485168763348,14856006116930880484,2333550825777127275,10154170442013675221,7485439695511592931,17243693472791426803,2629771307770763073,3161498348715429217,4066520007218882295,13442971906477858136,6477182793555446716,13943582636518157429,16156038110692851454,8442278996588105649,2658287197267470868,3650259220390225811,3816511472739131493,3016520327947749907,5246278172843648280,2188800579436791125,4076619666897289620
1864766305892985102,2484269214011470364,2452545894741326931,17023015668747699951,18097731505149176823,16175993012326237204,893014094321558686,7644021335292527751,7277563468578432865,4019277998331850612,7227455731536914477,14230959833998656524,16445356992784910142,2873944695348323334,6401753416728205511,17711971432100292624,9573787075113463838,4662683976166727511,6236371411419351535,4550787791616125698,12252897794773560506,94669072056092897,16309379732708211938,10283642725394570240
10646499845995871219,10138139374992419701,11657708654014716755,6061606550277036559,4736143585075693713,12900844272167056553,1291266288856834840,8811909235349882964,17359446828569655088,493206899333921644,17555638884157056440,2048119136545447373,1195920628870163231,16901775628919600016,5281534690371371182,6005789989879062964,6267600387931483237,931832701943863749,11983370384998685848,10854912695140789385,6462006631685884270,10666716318957150230,11847130970142150646,14978151117654443609
12623621766069825065,6115513698758547165,14054799646756411307,10277682159241240059,6703188850556918185,11274548232994026590,17411373920401404604,17836206295661262734,13226745664083169876,4427628055554820202,182549126289899592,2248952796029286981,13548659094892681828,16227549736523446202,8640464788653380316,16940934199641988749,6968952506361029485,4045531455263282106,17966816614540572176,15305877950885732393,6579309551931909684,11606369043069313622,9678881494510065393,18057344206212508598
11140394301931361484,13282819059351381615,5817486311888942055,5629480021382504080,11867171220230554188,17376906872121483414,2319495641929310145,9427112132415925984,5491207127969674300,6303710937182232531,5999827866420310121,11631144372364272336,4354855042065310775,14050216999192706044,18032398916275891761,4472068162194979407,5195988036035300490,17426292701100338702,6252057772610427945,2163608304279089207,11603340881807924711,13379003937091188602,7874867270202112462,10462759770602025802
2190106915515488775,2970809379748892144,10893849758267636190,18360281978614683747,1364560687832747016,9338547782354133630,13045261861677920258,7673707414974622134,9936893464976383224,16005567459225362855,16240447659569104111,18341542167732522687,16793013082130249941,10395613999723138688,4238490569840740067,7720497457150937218,10627209244576997713,6633640892181344267,4335304164676019430,6667584253770617834,13202624718157626678,16447929036326650507,14865139277984241036,17772448947924980592
12180471864463706843,12417099276620872406,10052001241914285491,11632053148817535634,5596017855919739259,8900857023439700472,7678225740775268709,12323475735633597027,10685375731247185746,8584588045708130222,8473484075605679257,16220631366510408659,1893077272977691052,1235109022451045140,16650802878295209068,16332368685843085233,11715192128388809031,13762170098076023461,2781663893539753052,3081766462536802609,16838240687424221939,8535986207951416257,1758726019559897784,14101206642314870982
16355394291540775584,2607929622015568698,13523101632018433120,9779564476640007209,1349973421036589205,3431695354545305418,10333598915839908176,16086337677748587093,7478945800427979010,17228583831945865420,10251984860456972513,16687898814099258097,10202698114628280153,1723977917257672579,10798985589928061631,4821312880406177858,6731621667604222972,14145500067759338119,551487028830180439,13710870254418878815,3446575947589414920,1271374212178734530,9928182277285089898,8815680163757288492
8065217400969852966,11983486328511744352,9037181178328451521,139591996351719574,9394015472298216558,8167376148096503376,13835817347636294237,11794633600124124250,785903169179867911,4680445297774458896,9155936222981638453,6523808404755780305,2840293626063478558,5623982967587020241,421070483819469078,1119422815238888695,11978263876139352929,12102477070440688898,8361711545627789899,1561116361540487907,3576528444647459598,2180193771141904851,12000456939301091138,1035018343931377938
17458345788577287092,6506649727157179405,16985895983135486489,16202701549405942090,14171722579399797769,3361760984949533246,7456849883076068681,7834196314380770933,489216415703746570,776242841461498719,17349033422576392288,18365691012751623453,874311874977550847,12249648805005296661,5910610112521316610,17981792628204765733,707341980721446279,12901312079636520459,13663752849010872481,13382533102087161193,5871728100829096391,11817750995659253851,6070951675601695477,16506331933943606368
5424836970176422388,3202216967169200080,13815593210262673563,12640252190905924656,14308657083479455298,2931375899453868701,15114395460145879244,6430567771879138843,458124154669735679,6266468409932542229,9337894995281827933,8639824742004131116,7750846383575486829,1553491196186562522,1169665093069336445,14109945134917929958,7050405315313146279,3052801094932092328,2258980522180061400,16505802051333196122,13431132454380201898,11044900910103021081,6475642802579907364,16733266340229458490
10530807581832927590,16240635264465645642,17883493843880515907,2134683501691177975,14654605417652275698,12865821703225228005,420227323908433193,6904412082012617359,9152045442965094170,4019999946950402593,17374907578384037712,8667425935533300330,12605413606769161431,1678483347053957189,3312492482781996879,147194869905504430,6529240189764097832,7122447732889235856,16475776831364984924,16792036604102355185,6308730801978485418,4227864723168699526,7976242165043667131,134811321270780351
4983143185563910152,5250456776276037592,6936505716633409872,13685220064329075405,931552542335085131,4741932282856842724,6842457000911324450,12145496489721271312,6538793560943912877,10963196740649200723,3448705457889771428,13824976633599399508,17337377790954879615,1204405192218464515,18055254878069703562,13154621737658170370,10870620312519323730,10781062781538892192,14830680289245815805,7333761004288248652,6091471127210440846,1157646357367957762,14408073942691384471,1717667412945901645
18370219518081576080,10926668900566093124,8508472220502126657,12980260319556447978,11225289712358211622,7342438075378124619,15657735141930055560,9444541267942635264,9883910100252007711,5548755656774725800,4597054471888842398,6196660898190266302,8964619605210549446,4408735893676620582,16252944465768793249,7311472179222440885,9996096045846133103,14533877398090447351,5673502101813140047,10719199815277964812,227690801854144996,9662049346648537956,8758972038936457812,2389066271254301056
13489958740777560831,887833777849177654,876639748507280812,18444549670733920517,6535981876634870101,15478053355872561368,12920463415528822593,394171884878940899,15438488550469310412,5115530331845184618,18179964653662590220,15336946833558197016,11356097144985657476,11108609796533450642,3562476701401068164,6038097899523803633,6889320621759610573,12345237821098134861,17690467594311554357,16252535258438979508,11094369692631538110,14404314835190022065,16906837764217840172,2078382249196339346
2567643527429322099,2248406910950103071,15680204726338659777,12335841894003547728,4137985152734542962,12908400146884791917,5104160745432098899,17016071075516504847,13979642060667186768,14956351873501622290,9401379577449286717,17723412128107670468,5129447134370685323,10838248065221432191,13641761677713281716,14945745610713156227,16733796172497946842,798432714119545691,5390002154955739853,6826084157738931887,15834672049164529141,6892897882731420628,7027231050772652161,11767762503615129911
1401788051770729410,2205871909047955105,1201498235459191046,3247908482877424336,2658289290856355780,1109370898313540199,405786768037820395,10960332010315478945,11731150831813669950,10534326431161580645,13616066238763960966,12340103099612211907,8609615197929818334,10738168795147298975,12287259138970302320,2096706075150425035,16614595640056080814,4285687917033161937,3337350020472986519,15331003905831630215,2506375272953870951,14273495238547368457,12282685312861403029,17733444513633884074
1041524490993609982,7033871125045997562,2879987343526765859,6781544282518255567,17015267956991132671,1639323138224471991,6320780629574299728,17016032863243685275,3785675227311961444,2975165501456134038,16836372900062078752,8986692611954589570,4766043532116231699,4748733305257022691,14043534617954597263,14973322263465071325,14843856025902572712,349214047924362974,3287699645611980248,15510676034463051444,7277121247821199190,17294366181418292931,9713215239890926048,1120308256902092245
8203293383370910827,15419587651568268861,4750673237099217214,15147097541510523565,447951354669373312,15556218742464034379,8828048675180087045,17093679732794286666,9727957354113464104,17421579446490181779,15229756515629421032,14343543322950486436,14851619372612419952,3436783846386957062,15955223271428544079,4588615682536459967,6646662809195208976,14209404741073538567,14211293240020940696,12615418819359057062,1362640760907674236,13170756270729397165,10489943735603527593,15882193990730125908
1075869819460612252,10535067977225430873,1777429723370597655,5357133910921441739,13951272113420999874,15749086438773919073,10976364568134456196,9453341196806713300,2731442987833170141,7977215595613909882,17626662880182142243,13031218720405240470,6468471356465197640,9320259222762684006,12111175238610048671,5114553493180915935,15156280138563781511,18401437034817179349,11072718041586337822,16194625512562104768,17740110336515177553,15361641319481560504,12758864800361011499,12740626541617456642
13905828008277436147,3707054409923851472,3226934539657570986,4333560134812585595,612883572545950887,2356377356354549211,1883920967653133826,4938981157604601987,18079728962605502488,8184635276323362904,6603251232044444732,18000809917398525061,447923694149319602,12231740474228852560,15701668779727972081,13997965861052791457,4571645965455946429,16854865602219243508,4138935424640214478,3585080499163029532,9314166146465612094,15355559806522022780,6707989871229663205,3146876724902009420
6921247864991069305,10331133303484947013,5911199499018852658,17341250173607681638,5354760882308615923,33289024443374950,18406821407244752090,10534322308250446320,7326479477285706465,1776341601706360069,10493954449382033370,2862112765005449746,17282865671932262199,10535076755960506624,12820631069885028752,4000087306844190337,13786288364462943095,11742351208241139949,5596173197739258810,14287051782549765390,11498654523530320020,12299839739085091382,13566653842145030826,10174221388268392218
13023086573473845222,7165643436858158194,12634289443195937019,17344750949501975844,6988287971548828084,5975524278129238446,407681297142027094,18401438122429585408,7169142989892328712,13810399443869096340,14067748317193327620,6214545503252384748,12028951225025295544,12074592897116439063,11190150673939708626,11336201075512664247,4857468130304267368,12080132916769689883,12505876036754606769,17896513849054999090,15435191907059274997,410088090750226565,3515485582902600164,10059956734054085435
15118561179406816243,3024762318981998532,17978132971001659533,8849337759654339129,16481298798010696524,3478763788502839913,549027139988161104,1760510028801015376,11564937918600475260,18131186540164270072,3317974430409976318,1112284694878565500,6438832802267071398,5791333268452882571,1624131644981586327,17454480833899950423,2490999689470862192,16028523974659837630,6066789516088698195,1265944926962089406,15107762406940380612,14792300088217597975,6191355034660119960,2544723002905837165
10150632709207436883,1958310712690000612,13699854706304959171,14651138651083989716,17163759516480172012,2834970300230161771,8450356050031046586,1827183678016302003,394781157951661247,12237720383903868139,10345944236189976672,11770647579198494906,5566529079720762642,18413773097419847672,5819015194046398513,12814847615798088618,6908035571927945808,10974945180648790080,12773562858122431035,10738821335772117138,3625014209908278178,4182486469814852223,9301840703412278576,5777317795479864853
2998939017667534325,13812543227139708210,12479462546239336557,3946712831091168847,9097673177157112240,3506355372185807941,3165753850816074532,9461428270111893418,16339070017872744300,2446340777590630825,8899371036854045103,8463754231933806221,3907208257038567465,4812409363032515559,13480188867456614580,10106378541730928833,17320912634457286467,2236189628239045677,3456296128332242212,15999188630338721773,7967087795279406682,13960500376783657904,690048698138365351,2467502080386037122
14274479063410571519,13567351017609331534,6081127402624212788,7691301786562340772,3796575945630760698,868693834718167285,17315938314604996516,7462485119011190456,16046251814546653623,15954382324012279012,10448931010452368349,13976003208217880598,2887376331713201708,11621734184015310366,9361601359089798568,1092267583674420558,4138205700919482047,12446360975839875279,2612607471129093470,18075264527625964231,10779858365896257520,13780466752536894912,3166328388281439446,13672515715654236562
15813984389229085367,2851647737373929532,15566010309379511416,3685030558721954437,4291072276603012967,15166145995093264623,12427715410186441376,1975975890794433969,2452824743007534004,1097632038601090174,12799856372130831062,8457899436191554584,15222120044729888286,13173297582859987824,8018766768853208554,8042730565152127194,18263334982937581762,682246948368323091,10591181248668319351,13125329985440068195,15013365483413390318,4369384341209111127,16598362710759395964,357078891247695189
10125968336430815607,3327439657843986495,1428931159082265499,13865184404189616774,8238810065750066102,4387643124047437432,2178630969504380454,12190540834454260869,13250405653583442130,372217346328442056,962566822445971917,4243483421946017351,13856496078566064809,14666388723900090178,4942009859562161224,13907222573327594357,2901974333637537390,17812594516391028772,11092365700571571743,3564603742382712259,12062290189966584793,18065451899160484726,8194439449596955797,4065780624824834548
14655886030414079942,12420940959226357383,5273224838461543218,18065552068989243178,16078357646254927321,15580486641303348814,113890428463363555,10972916534506725117,3866995941790896268,2583573070748973928,15826487692782714426,4742767359697147794,4741374476877128302,4775239753453314361,12888566271110530497,1948248023877793002,10664486168955239499,2343507662724053217,16397870195644423704,9643320173124851685,18372420994693700830,13783031232275744178,771614625517422557,2141104647821701682
7759366436904651008,4179643219030197510,17535892267615550082,12499938634348810710,1269524420183035951,12091554356268916966,7344585018402174967,108386454613090967,9417536177973046514,272195353696917565,7351512910652593187,8542248109099690224,513104009323295974,225799130224542882,4666601394358476471,1973909492890923232,8073923203191240135,16649464746268917356,1042515594328502282,5305108926375135785,7516369909494962490,4966608275041547571,7867630395990192895,8613896953803474071,249711206201769881
4625797369626545581,4125533017994408090,17140828474291663051,11904581203381763824,4812527703822887818,16868397495726562845,232666978938890270,5319877277637594624,4937234026716807315,12664284584315005921,15507515140917515963,5400209115731119025,11999749862212105274,13905942174043787556,12826601840316747214,15839231333410123803,8632672108823294891,11547828019238089612,7062304290971746698,3810361852151475109,1355888424521772163,12328398011808269538,1007338369513088029,2599438832871168759
16749084729325968750,17765471104218944489,11837193996481058022,15357953897029381951,12504937051326696081,11942778417528974852,14956057467048085266,11497734714379081455,12907363481765466998,15052996530643522483,60607473610014911,4142791163609688981,14836026705579763679,7673378897287998657,9203320374371990572,12523589066315904647,14136608349929582776,14345885624144141453,7048977443813552508,17545837531767375535,17912725135994189148,12253645321142206902,6445646770604351389,14124241323849298287
9148825891706788702,14931088932125930663,12881270299644494016,16272541850191559382,16006279059679090953,2718928930575984200,7958499147712364953,312227161277323419,17006556427985068731,17238033798926383671,3007464812647685114,3826787528550354262,2494102112224560495,11251399873828043794,3538189449994214890,18313362938951018156,11192351826649369534,12880780342264227034,5114497720362738729,5279283676652372868,11442121232700174555,18079184391218683824,14724780289126402059,4897844602517180006
12112567849118249325,12302059375787860962,6298742818916947863,15923608129202554826,12460647983046890307,8995437676425084455,9370169918315333346,12417301153817938845,1205516342186520807,10320282029281125098,18353713729321285540,5683529164403047061,404630942720535258,2974939245739449159,5601580128347693273,9732260846133975510,11105599573817539281,1915853822923926049,8571335110242382833,3603411802398073104,11466544353304094405,12378154711144938800,3700137193279906099,5915193717136725882
1465708818241999164,3039820487089672411,10261183487086214266,10705691966240483042,6249864096366105905,5353322077490357988,17050005464407869844,10472423854774832423,14160919306867868337,3569766790717923501,795794534434659717,9146589437439412330,409543695458365380,4154087970399146388,492848991428107841,5620776280256132436,247371986182563774,4793183725905867324,5756011171503464718,10696667047667854531,11859028178237407663,8422927510741969772,3847025862558240346,16152034747382327391
10234172749780337019,7172666967083116210,7343204059991606874,16183404969438646448,10838815396257937356,7369312149779203885,17859600821632848870,7430514638439085177,10179316971560639663,14302047935331992840,1894299858769428481,638227072389285328,9875789379900349742,2907090992542793529,15566641001796228809,16707452014005840385,7860307809139431484,14597195552363191166,5669248259917405581,15201502907259982009,6112314463392440194,6525036798605196522,18253867090348997944,10065883322818998421
18079074449691155380,222744783367070494,8231671409161359691,15883087068797132510,6174826726497159509,9956104656486714849,17617560635843925775,11396322287494189663,14365897815785081747,17222062315164262000,883218150137425180,10902419126077478090,3195879220403576194,2447452033801041377,1998409752151201300,1088697334697162428,11743589162894212214,2999263407960636596,2076372596745840944,7123983683295877254,14885113619526434553,17324497555610439176,15750697889577447601,6568493413583754369
10313228046484592304,11825521066890459120,1799370425578755479,806194267801329312,1750066790607677509,4805014742887493031,13839555018132245454,16399228535728193040,14300336471695658792,5233783686086733963,15785291358400945346,6672815779776996861,17240431365852297613,3728871897017514070,10428409674359988435,14632718686040471992,674925866183879333,8151263775118233846,5839418936300342932,15363911969874206244,8359004002713099798,7519032488289551010,2119383096385835705,11642866178582159909
8772662103942620774,3599156282278541519,270643352106841204,11804575097360633320,14213745100510545812,4096382324003932739,14129194095492269176,5553667483893158758,10162671307462490881,12967697977063881342,9893651143004399878,6822335494467321369,11365506324981045402,7747716351289717177,13371282415762396117,5664104119541815450,5617027347570343476,1321838417113824909,3980702694754036048,12387044887535941908,2047997389084689058,4270821927324167644,4743217869321922844,16491357939055510796
9927850622244948857,6726624699234182449,12007966723681622624,2236351435189000641,16834340571946324255,13002993794226539636,16896182303311236227,4011180554188215651,15740965231836495662,6183218170303112122,14491084578399822793,1670572729320424298,3340253838692652247,2134957879402874413,8219084248440714668,7005677121497280805,9898147160236532779,13338417654728781575,12098585836152304702,17379146417132055049,12829347613091092472,11446925821109086519,6643523848696911674,9890975951079983179
5124438594297001769,2851535945220371022,5387366898630005096,17664090254997617073,11998309273667249243,8488382266285407754,9484830710483064273,4853176028872527295,3766120981361363017,2477972308226732803,7383560279099369469,18007537383672287775,10482698586030051974,3788280853055849649,8117945597659605278,4868372316207750850,1549214010059201263,11842928963214799450,5560261775406664068,15846651037461461900,716925395211320291,9801234776370921106,15562161193641840462,5097426918732437171
15766346744497450631,9810976340895671862,17472058185134866601,901271551716163481,14059230234398334608,14131946491576257291,17800166770985117922,5590242218000701326,17559351142671871451,8114928951820488697,2132239009034312776,2593916540539193019,11387278232919648877,16839458478149902235,5103546633945871401,5426284451019100984,8299190713267535344,8383721128615514282,4520996108246867078,15174637032891141236,6194120636008738883,8128389759499066169,6828796996683546842,16767007138738146433
13911345711601297220,1394787428230407942,3329899723348438265,16947953681002632554,14767481253251988216,151415526705122767,15158198732143564019,10315997638183828558,16385773372111041945,1123552147744695333,17923922959268307162,12048257729041199853,3389933992370671294,8482870987987257293,10015680896249162718,7995845651656965972,3885910729104957560,11734242730848787368,9254838971524945153,7076673460938166575,17353247279084272532,12295192626723936136,12807852410869571783,11597082209370005204
13083278103035287058,16807192619825882573,5583145877830191011,5427936782872137525,2257488677542271972,15953015428463832121,17845135573307424850,10874098641990517641,11630929126844372442,13138493553951955215,17939671981240039156,11649605152883292073,11014435475444246656,968924105494195086,17858684587611800971,17342303741403028599,16950489778645807385,11717895498942476878,4035413850597897335,8299560524664642375,5116427504064055473,15884469673197916214,7475240994755752616,16893896823856407873
5438979894176799365,13874353849210202399,10826045692085762972,8307865889149544175,15843771289720305053,4365267695776131619,10610076910958749943,7435869208171662581,16179126202948891100,12885736183195617833,12721407301862797286,7531402713433971561,4455769962209567817,16356098286275707172,9930625743340569430,2372563320315245573,4765496377195340972,9346217626842711188,15611701123461650237,15990771609499942828,2501849177603672421,2639866174285508761,6018285827449733859,1492018834064292110
15938778375907345976,13396184182598392600,8863324383988147492,18426136120505688511,9617733655410451164,6426862999622859297,12176869690734509972,3480798356223803699,8882734537788159556,1739601110357133301,11692277812412422922,16735236519202238601,14266915367648266260,17839995426081913748,15364869088382856407,7602620318336857925,471282790060322891,14414567629637279285,14572538767892221653,1669656387876519010,13674928967092066804,7442600064612070516,16219998426090684267,3388739704103343554
6707356416572130496,5016223136592757102,16084284934764073211,14233855878588307763,2627916080034641846,5013267738455543775,13995772796490179170,191650542261214712,5483777039814455880,11523037772253354001,7695389829762787916,13334821507263253557,15805527359824963282,17828061318287928049,1330668397249973160,14923685037845159909,17246417039566453895,463960186574808859,9907276986547737178,14790094757689602002,841074938267481050,3865491391356837248,898738568598207912,5247631007079215891
3502328737112665541,16964678071659621224,4669161635458889095,716202753553298263,1985417460822622274,526948678442742900,4140086990771401805,2500800464869263584,8557942370713695008,12607347470332650602,11174104998060657067,1031716319476052541,10138818719875703693,9624610497047099360,5849180629773358413,10761040978113370295,7747338901219615657,11976784367926003022,2419272063789969343,8624142900065470061,3315526526735858002,9597010753099490062,6194636021012513945,5099684968864189095
18018079698471559609,5448033692332686112,7318720037299642821,15468409166576761888,5598644025102016156,7180578023591520412,1884288804234134148,7356655616794959991,11131288385115550211,7032802877369776210,13084602058359091953,16445310449102217974,11093310938707231250,6077312970883388061,10513574573717428698,3152238142161020211,12412643952484863712,2687688252403911892,9988203261179538645,6089260595300467019,17119319709716354373,10329989417921245717,9157050624507246374,7241487359016926671
13708312706973792945,448147809736215496,15162282708251009029,7182967393610869690,504268662014466193,12307969014066752776,11358275936174603688,3743650413243081558,13655870848420428514,4517138006377014085,745226522139937659,18050424346607736760,84729477673627656,8020106024326671508,11435466730925230216,17290877369187114499,7163573627679085269,15385325860102011634,5731174829411939747,15818461767420800313,5631211181750899508,3799872936972523940,6012445725649354609,7247214764871894150
8547494889438148229,5059726798601099037,14242683721634253764,3370425497606954700,16840212049190215968,7225357380204677007,9913541292014021160,1431530055029132231,1702134474873150283,5398866650724819776,3542955396266622653,1636923105305782691,14891542788458823592,11843680952440381500,11598370220973476325,7333886250965912081,6585833999685963790,2591933165073280883,11498347088103028262,14711031164019801906,426721233846818626,1668579193102354616,9242522185866594870,2920896874239778147
1260028149583638848,1905457286416838599,608024736670363029,10181319584549142965,13798947312586089030,10497065816321601336,12033190772106917176,15978678340287003534,15562761425336323103,18085569775310701742,473530364925749505,14753143836632455792,9192855181575578758,6780076714243454263,9934962796428345992,16308182608506149859,9949446744532145027,5260022730172439571,9033764223670643893,9732008475606113364,17722048458975262544,13915137773516471075,13836213671226839094,6142170202042047235
7697635767889568758,7155140387044237479,6629329631533782413,8121108609312361833,17241925455917577757,2448332139582374572,4396777665537141954,2842581593509648830,6443887204280812075,12418859001869892002,6760624089729164108,17721180024786792750,8766393473806120680,7982723655229629940,6015115304185997553,7996606818165386011,15275451709958734145,3171405126596446420,7051502989204952591,3378100863231445368,11500211840678141597,431261089990287352,11833875062432262680,9949495689620852761
2246361859984658467,9640000349439842157,5141864531776810628,14618542739514719060,5080094203058693118,18044753196601255966,6077622264095396846,15464324864845115695,12960048038398075628,2326513977355520772,9178944406415816640,8569662971974593214,10197771394709202863,18356087705579399162,5341266107569909426,4935994510175259921,11795486107390918116,9886800207597930332,9498830060015222499,16328461303104070929,15370700150171671300,12195230948981838415,16600975555693644587,7904333123018218011
8811735414582928519,6609109505071556418,17516924624819296862,693756801529775362,16392063999878087541,6746871849015923125,4003828246981850101,10381788185110296542,18308583868769463717,10830420476081805587,7664193276520140350,8217331275338824801,17285456678306657559,3290339322019164255,3430438198679940188,1996961170898968754,3401218247780803005,14315443335140722648,7329894590633355044,832825775583563138,10648211506011773568,17327797275493974561,13902422222972999310,15269722846819257464
2522960235316357779,8827499303533319562,16772047413193476976,9848016266428006778,11139344240369373460,6453261921298947306,5727342209696018071,17575305566829737066,6834199124505266707,14807376099697123437,12610017962740929047,12838990517762697970,8409159376491519975,10538388558076015695,15898637154265341608,7889469814290471095,4736899863543968806,7701997999930788643,6249493827198267894,6078787959198301346,6965176881191974615,2424176346217351769,14436566282832437417,12700151569139348626
2469372482455451126,527282379341502361,981200765837321418,1917083489915918511,6361585199943166195,18158689330852790380,4050285528379144003,15061169034857855989,4041764575938889666,988179822774368931,18142885804473492926,12546373469117717383,7042455622766627294,13869452908350842657,2966122967249636246,9180207954497788300,3403953498523477,1828426074698691142,5244897393777539028,5703804437942792009,471123340619975042,17851603212655976750,11026510593504294384,11658666352845352157,2401703765888876378
3161624596245155164,17642572784223643061,14004939115679599476,1442487162282709750,16645752333853025750,16898047658453179330,12319163609307530471,8758832093021099908,14137493363382313211,10938879973192799072,10030730180851327322,7078694220103385508,2840416059646882438,3544894557727560732,11779065519941142701,10025943699032451069,9250782864042408598,17581497935781737723,10750928579519535709,7213871996750901155,10850159098926524826,1624684137575439094,2978722903411304043,7946663342807842985
17311993718265396136,3436659550450438069,14967979295328210712,12884686991453317196,13947279947821691657,595555263954201468,14239907499242515607,1329809472136376178,12329371013899202418,9848027621342781194,16952206778096799044,7705568833761347166,3571754596418314552,5289693790126254205,16767414591016961034,9011841825864972665,2022035082932372035,7401267338044224072,1288961276097027280,12210245482757743242,8638500829985029752,8337026888755290178,15959245247155259722,4397270176779601283
5880565346821431462,17961772466434393024,1032946855671065558,13167869724921031193,642765637659230543,12510938676246916912,6715321709406780465,7509429463100551869,2764520027886526796,423737190344169119,1741011943217069456,2153626139960443624,8042791373762294935,2163371512710297787,4254624689515267068,3931672571254270246,10495696799168072583,8060500806014321026,10014271214825495421,10812282295732443607,499341876412754061,123334907412288823,13566737013114088184,5441554071432424505
15939941395636491908,8743307065476764238,8836185811645007620,18265102062927276004,5084762180518291935,17461344471737472106,15352161518192590977,16362309049907543799,2970199826568510120,14066591188739708062,14647132317724761822,3089191926702772709,2349786897834557548,2904808077153323097,11919131381818415170,6875171418541648091,7129828239384817073,10421643575647676431,8540517947219655427,709962677043566208,6957495061087000591,2999169098746826807,13957534321496511599,10988508244756872436
9966854256607579499,6715422051682420931,670206177452879199,3758032262977636622,2533062671122122832,17233290092582443896,13903439199532030308,2635888672054974010,17001903904312200244,8212324356327872237,2445881568434176350,10020396507285636158,12768034229559362205,12101780228228489934,8594995810605578163,1382806361806550435,9004444768159543258,2643261775901466151,16892309591482425737,9238701243875526524,13993837487203179512,17856748829583674319,6144217648968330548,15726198991844848375
5581966060212150616,2649107294348978999,10403988420323364745,18178652708289551950,13399219369332929295,9280658632155052262,6081299487975057514,7563817322250079122,18078968235359141740,4243886016840345452,17903566141360705722,6840319283988212525,18305929958354469286,15969318521121817634,17433333579680020016,14509820449467481567,10524301824636902023,7470246958232283050,9181108725679442635,54566194162418706,8227372893447889967,3760324327283719821,10528347625556931244,14868784386966399553
16820910035164735246,15205798134980347145,13134709791245421411,7697483062117692318,9816936768844801332,9337316932281649360,6386521738550574153,1250846434966599029,17943698514380078543,16733668167004021206,6731276562708738064,6320331977597168627,10309294512200686375,4756548916091731582,6515022949609332861,4062357594596351317,14622829257972045046,11333357206054923281,14559960180932782807,7212461652872863804,9530167214888191930,16720391434219245612,16412774291664178374,11580116233730655886
3033399405870204423,14933483569180194543,1811620344952677528,15439008097395891101,12713485216751672970,16453455070083711145,11876277097175740952,3319536835899857638,3308702286964797767,690097235662241802,7635645476775134219,8170569033632093385,12949409516560077375,13430252573964047927,2428172424819286229,17010097378507912250,14065655325901434299,439308069331481528,11670021255110372008,418396964792147888,5484057634938601351,8306061913951889258,12301985461181981979,10881418755795849418
1781340929288716344,4533586031591760989,16781348942094698108,9301429893677609226,13095573673711321820,624232328295622273,13477217296514836255,12299781076227058062,7678481691717857751,2650909008091504036,4088843239747552952,16705662028306533519,17777465120665230742,10036246834685797136,12575382223436859615,15233315036754419422,10779474949360723899,6147003388380455582,7585981512568047762,16121859289163256204,6026240745468624233,16150622139277164637,7005826471222875567,10051291817380831576
11493232294212055402,14681716511629259154,8314355222406659941,13140054182451036732,6433383765205439889,899096338509928318,3853714994953340094,18161681698369062111,5184823170055769062,1973473791125708288,4914749044880267147,4019381705462334657,4890853903883053987,13194999431446181626,11206378835611350774,6195379391091295388,11315671873757760364,14144462252666176289,14870632417705891878,10116443898482678682,12434966842650700097,571344798045921969,16188594439729362895,5020889545197157852
5760362806874809041,6390751924707325773,11673886239873309256,14137936287097751790,840083679404858051,6486752387456120998,5595026285279718953,253411073477348248,2749755064239271030,14602236258373371665,7598500217470666429,3813908981540354720,16741397153018330943,4892217722057303313,8216922976234599138,8958673394898851222,13992917763944219450,344503266529824177,4956248533255747364,8529960962106509546,13729218725649278001,16996608266264151773,17129872671206401614,12166496040068602085
1398478446428133756,574166793419144198,7755302378373631389,16268895577902828324,16568363204801363526,5557924198543622107,15114759189344536209,1790866864750159117,5382057867534108209,2277676094723279140,7871383245176503511,3865738926876721972,9128617055403407877,475089402327270071,9312587333004083521,871400348519200413,600156305258704279,3350076380147465001,6873216956854481277,15030963058546228370,7149801188257211110,9422541105682432271,14046777686392928482,15629221555557412390
4824846579428558837,10315897096367344413,7550148622266657091,1897404254361879844,2943743801685583235,17759229727081609989,6795188328726075900,5279808688569588823,16895974035652277311,12324506580174068430,6179688432840277014,8506727149846389375,15411122884817961119,847670222217459243,3007252410223642724,7043355026559768049,7637863930940360121,10818525755402783719,5467973475289215044,4998651457172236824,16326529543439219962,15405763034142555907,9154834757137525551,8701070578148670832
9307844762022906625,8599712785486327066,9654900598473155280,10585670475366401244,12050721615675513806,6114874812025102133,10324807733942532774,3774542992997866336,960876946847246148,2619993730633251547,13482833596554864781,6714397137680329846,10594062388046067325,4549479886830733712,10428495680487790590,13919247976695460495,17505198789105958309,2728362996570227454,17112710944301312386,1644886003899744209,15601444008740034889,11232914764898736377,15559821309096063634,13790406111508383514
11093953287716661152,4115249118221557017,11806050805906709294,18381681944524528227,13436508631880492172,4782546324708195070,5071322008095005701,8639330659095020537,5191379524224337314,2023633113025235790,4755958953320517987,9412661107767041145,4400863200375189051,3746656570969602248,2882456439623793174,1364830136828971847,18069280264178595987,325520434184170260,2956083532231264716,11957996489676558968,256725271611406940,11425114106396993237,16031082918908216862,5286607771977983104
12254223188707032698,18126709440656240291,9639719989446507830,15676389033414183660,5055135375131722179,7904778948792918097,7700119108127085759,8288602710389668235,7644544035605560044,1996352618696346778,346225309228563341,5988367031096247183,7266366452371268354,6116321113665702772,344020984406706208,6964172319346186866,17376713029814818561,18265745505872152112,8612549389417116478,5740101612910384355,5955215305417049303,14619090981500075080,1278411118266801705,8206042452564916240
3127717821475556146,17073433955669778204,9210187200068258973,7069497752644272288,14321637315861186405,8452389590935082092,9286991833468831756,5181235276982754773,4048112701405382172,770051869825969254,5185060376047321364,1917190795722367191,5616252096015151207,1661282754165393004,17384692876965642412,17256722008339424736,2738668637714044492,11614181218667417843,2708368660515482914,5241961571028792390,299816542533698709,11986431595570410121,5638417046247734475,5192031564797475046
15086659196384589546,16548680330543447767,10587042416074419844,9326554444577306341,14446479259499868920,10943546380863291075,4720892291939924229,6922618129662123667,1603928797912187441,5720888439396994737,15979078781109367452,7035020821914045744,6733547066546150806,9547505279923546383,14683654880992125240,66438014405510439,87593770851236529,13201547282512213151,8095294119925736044,6552495715795590710,7201504382892432467,15444883515801188825,8852801799787561302,12830017121343437914
11813221347460086540,5013482317549062573,6263416120979132039,6021844585698384915,13831361644665592538,4002121616576791564,3969671543254219026,18219146485811935490,15002511167103439797,15672659852802086245,28496737958321313,13257347218095031901,7221904305028379609,3031028312583207033,17522085815414091392,10835244251149818525,4271389420144638238,13810262712656083299,7320272781329936657,17666497757195934684,9142597610417803949,15904684247387149780,8453658183576596541,789732509761087568
16736784578562082166,13042996320523809131,610554445875832719,12711242282124631987,13281404407899762735,10027784323614506784,9654132246059680417,4214226260352508126,17021667789597643682,7949783519627307481,9371979868015170489,1533867221790790011,3399392730762221894,12038064827372962584,1026734138156108838,729386513268254425,12688040962820914229,16201798413561409570,2735488631970555656,3596969547800545717,3259290463500270096,14179700910688529196,2236756237944661381,9683587914557283120
13030204291800102801,13647902982545225322,14426153532961353382,17411047582477931106,16349051517234970320,14424366278264409119,254648027271366927,17967808828642612865,1762371455361394969,17602815758076568961,15331161043502346238,11328916540950503196,5327776195536296581,10071390103349887211,15806183953976086036,17581835701274170777,653726317914396871,3077508546939893423,15237407368364751649,10367832077109975103,17088148904131252586,3918948096183408885,8602709035143418336,14113426054390854148
910390757772440452,9935089012878106834,6458569266256984544,5504470453079332612,3355927123879424388,5787919938407931689,3079592190529474196,3910939610267581822,10776618657999825212,8446216638343014036,7584500325374792168,10959377094560444098,13512297506508300516,812533531405378665,7308232134891618909,12264731701372384636,15607165386994955134,11104055915845466887,11335091581998779929,3923494869296960758,13253213983764266860,1655862768256631854,2229067297901626539,13530002880573918386
15354472160667388141,17505848629463059845,14046777373874071266,8234308559936243939,6007369267448763655,5166047039258551071,2214350398935703900,12688961177232248135,10510136776976053840,14978698918957115612,7283860359890128424,17197387762341104111,15858253357884683542,2170960595060645172,4200306368189239300,4098171727808592679,16401200538161170520,10422547632397099198,13995911884366488995,4496372198599506680,12122939312782283048,18082129461421437355,5907898312334950675,17181584997172066851
10503735159928749592,2340891438887295606,16591355396116217655,8565624934641287437,13500071507394178646,793660360075882614,12202620109748383855,9624839735599764610,9022423500806675038,2228482527332744589,10885259843879674338,7470684973663545030,2033669980975056056,4628683268496095762,6219611468425876437,9503105464248478857,9035824504584468016,2356041276096756973,8478284947587209134,10625787532781515726,5238219398533625072,4696190287621383858,7501096688269548749,13568615881467381723
5168982048317132725,13861737438565861820,2164018238140126039,3526773317460868773,9670686306622092340,3464163173621904210,10005360433550808050,8633669120875560649,12054543378189807249,16033752488259944172,14494505557607057746,5665604770488801826,9084773511664849803,12222058737541225390,749840810163572814,1709208987437884990,9451098622562914640,17411736201065385258,2146029691275720161,16324922316368370624,15820429900032100799,1166874829346769013,6204848341729338689,10440761231796317443
16079497952838341890,12624904718247074569,2194953542562863256,11609715905250243330,1312019506971982517,16008110334159773517,7499546231678672075,14035276633077274154,7714147895963343515,17070541489086174190,12354676070511935467,2649339983916653899,15821373222660970191,13722376730130558669,5038881480340004150,11216247866383614786,12506551336730437328,8663870546939483624,12996934641989052761,16905248876658088666,8079359955388088998,10041199738435088789,2550611861422891643,17634228524963686728