Info: *******************************************************************
Info: Running Quartus Prime Shell
    Info: Version 18.1.0 Build 625 09/12/2018 SJ Lite Edition
    Info: Copyright (C) 2018  Intel Corporation. All rights reserved.
    Info: Your use of Intel Corporation's design tools, logic functions 
    Info: and other software and tools, and its AMPP partner logic 
    Info: functions, and any output files from any of the foregoing 
    Info: (including device programming or simulation files), and any 
    Info: associated documentation or information are expressly subject 
    Info: to the terms and conditions of the Intel Program License 
    Info: Subscription Agreement, the Intel Quartus Prime License Agreement,
    Info: the Intel FPGA IP License Agreement, or other applicable license
    Info: agreement, including, without limitation, that your use is for
    Info: the sole purpose of programming logic devices manufactured by
    Info: Intel and sold by Intel or its authorized distributors.  Please
    Info: refer to the applicable agreement for further details.
    Info: Processing started: Thu Oct 08 00:10:26 2026
Info: Command: quartus_sh --flow compile shine_sing
Info: Quartus(args): compile shine_sing
Info: Project Name = E:/USYD/USYD_2-2/MTRX3700/ASSIGNMENT2/WORK/V9_Sample_Trained/shine_sing
Info: Revision Name = shine_sing
Info: *******************************************************************
Info: Running Quartus Prime Analysis & Synthesis
    Info: Version 18.1.0 Build 625 09/12/2018 SJ Lite Edition
    Info: Processing started: Thu Oct 08 00:10:28 2026
Info: Command: quartus_map --read_settings_files=on --write_settings_files=off shine_sing -c shine_sing
Info (20032): Parallel compilation is enabled and will use up to 4 processors
Info (12021): Found 1 design units, including 1 entities, in source file quartus/vga_sink/synthesis/vga_sink.v
    Info (12023): Found entity 1: vga_sink File: E:/USYD/USYD_2-2/MTRX3700/ASSIGNMENT2/WORK/V9_Sample_Trained/quartus/vga_sink/synthesis/vga_sink.v Line: 6
Info (12021): Found 1 design units, including 1 entities, in source file quartus/vga_sink/synthesis/submodules/altera_up_avalon_video_vga_timing.v
    Info (12023): Found entity 1: altera_up_avalon_video_vga_timing File: E:/USYD/USYD_2-2/MTRX3700/ASSIGNMENT2/WORK/V9_Sample_Trained/quartus/vga_sink/synthesis/submodules/altera_up_avalon_video_vga_timing.v Line: 28
Info (12021): Found 1 design units, including 1 entities, in source file quartus/vga_sink/synthesis/submodules/vga_sink_video_vga_controller_0.v
    Info (12023): Found entity 1: vga_sink_video_vga_controller_0 File: E:/USYD/USYD_2-2/MTRX3700/ASSIGNMENT2/WORK/V9_Sample_Trained/quartus/vga_sink/synthesis/submodules/vga_sink_video_vga_controller_0.v Line: 28
Info (12021): Found 1 design units, including 1 entities, in source file rtl/audio_features.sv
    Info (12023): Found entity 1: audio_features File: E:/USYD/USYD_2-2/MTRX3700/ASSIGNMENT2/WORK/V9_Sample_Trained/rtl/audio_features.sv Line: 6
Info (12021): Found 1 design units, including 1 entities, in source file rtl/audio_frontend.sv
    Info (12023): Found entity 1: audio_frontend File: E:/USYD/USYD_2-2/MTRX3700/ASSIGNMENT2/WORK/V9_Sample_Trained/rtl/audio_frontend.sv Line: 3
Info (12021): Found 1 design units, including 1 entities, in source file rtl/audio_level.sv
    Info (12023): Found entity 1: audio_level File: E:/USYD/USYD_2-2/MTRX3700/ASSIGNMENT2/WORK/V9_Sample_Trained/rtl/audio_level.sv Line: 4
Warning (10335): Unrecognized synthesis attribute "async_reg" at rtl/board_controls.sv(9) File: E:/USYD/USYD_2-2/MTRX3700/ASSIGNMENT2/WORK/V9_Sample_Trained/rtl/board_controls.sv Line: 9
Info (12021): Found 1 design units, including 1 entities, in source file rtl/board_controls.sv
    Info (12023): Found entity 1: board_controls File: E:/USYD/USYD_2-2/MTRX3700/ASSIGNMENT2/WORK/V9_Sample_Trained/rtl/board_controls.sv Line: 1
Warning (10335): Unrecognized synthesis attribute "async_reg" at rtl/cdc_mailbox.sv(13) File: E:/USYD/USYD_2-2/MTRX3700/ASSIGNMENT2/WORK/V9_Sample_Trained/rtl/cdc_mailbox.sv Line: 13
Info (12021): Found 1 design units, including 1 entities, in source file rtl/cdc_mailbox.sv
    Info (12023): Found entity 1: cdc_mailbox File: E:/USYD/USYD_2-2/MTRX3700/ASSIGNMENT2/WORK/V9_Sample_Trained/rtl/cdc_mailbox.sv Line: 3
Info (12021): Found 1 design units, including 1 entities, in source file rtl/classifier.sv
    Info (12023): Found entity 1: classifier File: E:/USYD/USYD_2-2/MTRX3700/ASSIGNMENT2/WORK/V9_Sample_Trained/rtl/classifier.sv Line: 4
Info (12021): Found 1 design units, including 1 entities, in source file rtl/codec_config.sv
    Info (12023): Found entity 1: codec_config File: E:/USYD/USYD_2-2/MTRX3700/ASSIGNMENT2/WORK/V9_Sample_Trained/rtl/codec_config.sv Line: 4
Info (12021): Found 1 design units, including 1 entities, in source file rtl/game.sv
    Info (12023): Found entity 1: game File: E:/USYD/USYD_2-2/MTRX3700/ASSIGNMENT2/WORK/V9_Sample_Trained/rtl/game.sv Line: 2
Info (12021): Found 1 design units, including 1 entities, in source file rtl/game_controller.sv
    Info (12023): Found entity 1: game_controller File: E:/USYD/USYD_2-2/MTRX3700/ASSIGNMENT2/WORK/V9_Sample_Trained/rtl/game_controller.sv Line: 1
Info (12021): Found 1 design units, including 1 entities, in source file rtl/image_store.sv
    Info (12023): Found entity 1: image_store File: E:/USYD/USYD_2-2/MTRX3700/ASSIGNMENT2/WORK/V9_Sample_Trained/rtl/image_store.sv Line: 1
Info (12021): Found 1 design units, including 1 entities, in source file rtl/piano_detector.sv
    Info (12023): Found entity 1: piano_detector File: E:/USYD/USYD_2-2/MTRX3700/ASSIGNMENT2/WORK/V9_Sample_Trained/rtl/piano_detector.sv Line: 6
Info (12021): Found 1 design units, including 1 entities, in source file rtl/reaction_time_fsm.sv
    Info (12023): Found entity 1: reaction_time_fsm File: E:/USYD/USYD_2-2/MTRX3700/ASSIGNMENT2/WORK/V9_Sample_Trained/rtl/reaction_time_fsm.sv Line: 1
Warning (10335): Unrecognized synthesis attribute "async_reg" at rtl/reset_sync.sv(2) File: E:/USYD/USYD_2-2/MTRX3700/ASSIGNMENT2/WORK/V9_Sample_Trained/rtl/reset_sync.sv Line: 2
Info (12021): Found 1 design units, including 1 entities, in source file rtl/reset_sync.sv
    Info (12023): Found entity 1: reset_sync File: E:/USYD/USYD_2-2/MTRX3700/ASSIGNMENT2/WORK/V9_Sample_Trained/rtl/reset_sync.sv Line: 1
Info (12021): Found 1 design units, including 1 entities, in source file rtl/shine_sing_top.sv
    Info (12023): Found entity 1: shine_sing_top File: E:/USYD/USYD_2-2/MTRX3700/ASSIGNMENT2/WORK/V9_Sample_Trained/rtl/shine_sing_top.sv Line: 1
Info (12021): Found 1 design units, including 1 entities, in source file rtl/sync_ram.sv
    Info (12023): Found entity 1: sync_ram File: E:/USYD/USYD_2-2/MTRX3700/ASSIGNMENT2/WORK/V9_Sample_Trained/rtl/sync_ram.sv Line: 4
Info (12021): Found 1 design units, including 1 entities, in source file rtl/video_source.sv
    Info (12023): Found entity 1: video_source File: E:/USYD/USYD_2-2/MTRX3700/ASSIGNMENT2/WORK/V9_Sample_Trained/rtl/video_source.sv Line: 3
Info (12021): Found 1 design units, including 1 entities, in source file rtl/reuse/adc_pll.v
    Info (12023): Found entity 1: adc_pll File: E:/USYD/USYD_2-2/MTRX3700/ASSIGNMENT2/WORK/V9_Sample_Trained/rtl/reuse/adc_pll.v Line: 40
Info (12021): Found 1 design units, including 1 entities, in source file rtl/reuse/conv3x3.sv
    Info (12023): Found entity 1: conv3x3 File: E:/USYD/USYD_2-2/MTRX3700/ASSIGNMENT2/WORK/V9_Sample_Trained/rtl/reuse/conv3x3.sv Line: 28
Info (12021): Found 1 design units, including 1 entities, in source file rtl/reuse/fft_mag_sq.sv
    Info (12023): Found entity 1: fft_mag_sq File: E:/USYD/USYD_2-2/MTRX3700/ASSIGNMENT2/WORK/V9_Sample_Trained/rtl/reuse/fft_mag_sq.sv Line: 1
Info (12021): Found 1 design units, including 1 entities, in source file rtl/reuse/hex_seg.sv
    Info (12023): Found entity 1: hex_seg File: E:/USYD/USYD_2-2/MTRX3700/ASSIGNMENT2/WORK/V9_Sample_Trained/rtl/reuse/hex_seg.sv Line: 3
Info (12021): Found 1 design units, including 1 entities, in source file rtl/reuse/low_pass_conv.sv
    Info (12023): Found entity 1: low_pass_conv File: E:/USYD/USYD_2-2/MTRX3700/ASSIGNMENT2/WORK/V9_Sample_Trained/rtl/reuse/low_pass_conv.sv Line: 18
Info (12021): Found 1 design units, including 1 entities, in source file rtl/reuse/mic_load.sv
    Info (12023): Found entity 1: mic_load File: E:/USYD/USYD_2-2/MTRX3700/ASSIGNMENT2/WORK/V9_Sample_Trained/rtl/reuse/mic_load.sv Line: 2
Info (12021): Found 1 design units, including 1 entities, in source file rtl/reuse/sobel.sv
    Info (12023): Found entity 1: sobel File: E:/USYD/USYD_2-2/MTRX3700/ASSIGNMENT2/WORK/V9_Sample_Trained/rtl/reuse/sobel.sv Line: 10
Info (12021): Found 1 design units, including 1 entities, in source file rtl/reuse/video_pll.sv
    Info (12023): Found entity 1: video_pll File: E:/USYD/USYD_2-2/MTRX3700/ASSIGNMENT2/WORK/V9_Sample_Trained/rtl/reuse/video_pll.sv Line: 15
Info (12021): Found 1 design units, including 1 entities, in source file rtl/fft/butterfly.v
    Info (12023): Found entity 1: Butterfly File: E:/USYD/USYD_2-2/MTRX3700/ASSIGNMENT2/WORK/V9_Sample_Trained/rtl/fft/Butterfly.v Line: 4
Info (12021): Found 1 design units, including 1 entities, in source file rtl/fft/delaybuffer.v
    Info (12023): Found entity 1: DelayBuffer File: E:/USYD/USYD_2-2/MTRX3700/ASSIGNMENT2/WORK/V9_Sample_Trained/rtl/fft/DelayBuffer.v Line: 4
Info (12021): Found 1 design units, including 1 entities, in source file rtl/fft/fft.v
    Info (12023): Found entity 1: FFT File: E:/USYD/USYD_2-2/MTRX3700/ASSIGNMENT2/WORK/V9_Sample_Trained/rtl/fft/FFT.v Line: 4
Info (12021): Found 1 design units, including 1 entities, in source file rtl/fft/multiply.v
    Info (12023): Found entity 1: Multiply File: E:/USYD/USYD_2-2/MTRX3700/ASSIGNMENT2/WORK/V9_Sample_Trained/rtl/fft/Multiply.v Line: 4
Info (12021): Found 1 design units, including 1 entities, in source file rtl/fft/sdfunit.v
    Info (12023): Found entity 1: SdfUnit File: E:/USYD/USYD_2-2/MTRX3700/ASSIGNMENT2/WORK/V9_Sample_Trained/rtl/fft/SdfUnit.v Line: 4
Info (12021): Found 1 design units, including 1 entities, in source file rtl/fft/sdfunit2.v
    Info (12023): Found entity 1: SdfUnit2 File: E:/USYD/USYD_2-2/MTRX3700/ASSIGNMENT2/WORK/V9_Sample_Trained/rtl/fft/SdfUnit2.v Line: 4
Info (12021): Found 1 design units, including 1 entities, in source file rtl/fft/sdfunit_tc.v
    Info (12023): Found entity 1: SdfUnit_TC File: E:/USYD/USYD_2-2/MTRX3700/ASSIGNMENT2/WORK/V9_Sample_Trained/rtl/fft/SdfUnit_TC.v Line: 4
Info (12021): Found 1 design units, including 1 entities, in source file rtl/fft/twiddle.v
    Info (12023): Found entity 1: Twiddle File: E:/USYD/USYD_2-2/MTRX3700/ASSIGNMENT2/WORK/V9_Sample_Trained/rtl/fft/Twiddle.v Line: 4
Info (12021): Found 1 design units, including 1 entities, in source file rtl/fft/twiddleconvert4.v
    Info (12023): Found entity 1: TwiddleConvert4 File: E:/USYD/USYD_2-2/MTRX3700/ASSIGNMENT2/WORK/V9_Sample_Trained/rtl/fft/TwiddleConvert4.v Line: 4
Info (12021): Found 1 design units, including 1 entities, in source file rtl/fft/twiddleconvert8.v
    Info (12023): Found entity 1: TwiddleConvert8 File: E:/USYD/USYD_2-2/MTRX3700/ASSIGNMENT2/WORK/V9_Sample_Trained/rtl/fft/TwiddleConvert8.v Line: 4
Info (12127): Elaborating entity "shine_sing_top" for the top level hierarchy
Info (12128): Elaborating entity "adc_pll" for hierarchy "adc_pll:audio_pll" File: E:/USYD/USYD_2-2/MTRX3700/ASSIGNMENT2/WORK/V9_Sample_Trained/rtl/shine_sing_top.sv Line: 17
Info (12128): Elaborating entity "altpll" for hierarchy "adc_pll:audio_pll|altpll:altpll_component" File: E:/USYD/USYD_2-2/MTRX3700/ASSIGNMENT2/WORK/V9_Sample_Trained/rtl/reuse/adc_pll.v Line: 104
Info (12130): Elaborated megafunction instantiation "adc_pll:audio_pll|altpll:altpll_component" File: E:/USYD/USYD_2-2/MTRX3700/ASSIGNMENT2/WORK/V9_Sample_Trained/rtl/reuse/adc_pll.v Line: 104
Info (12133): Instantiated megafunction "adc_pll:audio_pll|altpll:altpll_component" with the following parameter: File: E:/USYD/USYD_2-2/MTRX3700/ASSIGNMENT2/WORK/V9_Sample_Trained/rtl/reuse/adc_pll.v Line: 104
    Info (12134): Parameter "bandwidth_type" = "AUTO"
    Info (12134): Parameter "clk0_divide_by" = "3125"
    Info (12134): Parameter "clk0_duty_cycle" = "50"
    Info (12134): Parameter "clk0_multiply_by" = "1152"
    Info (12134): Parameter "clk0_phase_shift" = "0"
    Info (12134): Parameter "compensate_clock" = "CLK0"
    Info (12134): Parameter "inclk0_input_frequency" = "20000"
    Info (12134): Parameter "intended_device_family" = "Cyclone V"
    Info (12134): Parameter "lpm_hint" = "CBX_MODULE_PREFIX=adc_pll"
    Info (12134): Parameter "lpm_type" = "altpll"
    Info (12134): Parameter "operation_mode" = "NORMAL"
    Info (12134): Parameter "pll_type" = "AUTO"
    Info (12134): Parameter "port_activeclock" = "PORT_UNUSED"
    Info (12134): Parameter "port_areset" = "PORT_USED"
    Info (12134): Parameter "port_clkbad0" = "PORT_UNUSED"
    Info (12134): Parameter "port_clkbad1" = "PORT_UNUSED"
    Info (12134): Parameter "port_clkloss" = "PORT_UNUSED"
    Info (12134): Parameter "port_clkswitch" = "PORT_UNUSED"
    Info (12134): Parameter "port_configupdate" = "PORT_UNUSED"
    Info (12134): Parameter "port_fbin" = "PORT_UNUSED"
    Info (12134): Parameter "port_inclk0" = "PORT_USED"
    Info (12134): Parameter "port_inclk1" = "PORT_UNUSED"
    Info (12134): Parameter "port_locked" = "PORT_USED"
    Info (12134): Parameter "port_pfdena" = "PORT_UNUSED"
    Info (12134): Parameter "port_phasecounterselect" = "PORT_UNUSED"
    Info (12134): Parameter "port_phasedone" = "PORT_UNUSED"
    Info (12134): Parameter "port_phasestep" = "PORT_UNUSED"
    Info (12134): Parameter "port_phaseupdown" = "PORT_UNUSED"
    Info (12134): Parameter "port_pllena" = "PORT_UNUSED"
    Info (12134): Parameter "port_scanaclr" = "PORT_UNUSED"
    Info (12134): Parameter "port_scanclk" = "PORT_UNUSED"
    Info (12134): Parameter "port_scanclkena" = "PORT_UNUSED"
    Info (12134): Parameter "port_scandata" = "PORT_UNUSED"
    Info (12134): Parameter "port_scandataout" = "PORT_UNUSED"
    Info (12134): Parameter "port_scandone" = "PORT_UNUSED"
    Info (12134): Parameter "port_scanread" = "PORT_UNUSED"
    Info (12134): Parameter "port_scanwrite" = "PORT_UNUSED"
    Info (12134): Parameter "port_clk0" = "PORT_USED"
    Info (12134): Parameter "port_clk1" = "PORT_UNUSED"
    Info (12134): Parameter "port_clk2" = "PORT_UNUSED"
    Info (12134): Parameter "port_clk3" = "PORT_UNUSED"
    Info (12134): Parameter "port_clk4" = "PORT_UNUSED"
    Info (12134): Parameter "port_clk5" = "PORT_UNUSED"
    Info (12134): Parameter "port_clkena0" = "PORT_UNUSED"
    Info (12134): Parameter "port_clkena1" = "PORT_UNUSED"
    Info (12134): Parameter "port_clkena2" = "PORT_UNUSED"
    Info (12134): Parameter "port_clkena3" = "PORT_UNUSED"
    Info (12134): Parameter "port_clkena4" = "PORT_UNUSED"
    Info (12134): Parameter "port_clkena5" = "PORT_UNUSED"
    Info (12134): Parameter "port_extclk0" = "PORT_UNUSED"
    Info (12134): Parameter "port_extclk1" = "PORT_UNUSED"
    Info (12134): Parameter "port_extclk2" = "PORT_UNUSED"
    Info (12134): Parameter "port_extclk3" = "PORT_UNUSED"
    Info (12134): Parameter "self_reset_on_loss_lock" = "OFF"
    Info (12134): Parameter "width_clock" = "5"
Info (12021): Found 1 design units, including 1 entities, in source file db/adc_pll_altpll.v
    Info (12023): Found entity 1: adc_pll_altpll File: E:/USYD/USYD_2-2/MTRX3700/ASSIGNMENT2/WORK/V9_Sample_Trained/db/adc_pll_altpll.v Line: 29
Info (12128): Elaborating entity "adc_pll_altpll" for hierarchy "adc_pll:audio_pll|altpll:altpll_component|adc_pll_altpll:auto_generated" File: e:/intelfpga_lite/18.1/quartus/libraries/megafunctions/altpll.tdf Line: 897
Info (12128): Elaborating entity "video_pll" for hierarchy "video_pll:pixel_pll" File: E:/USYD/USYD_2-2/MTRX3700/ASSIGNMENT2/WORK/V9_Sample_Trained/rtl/shine_sing_top.sv Line: 18
Info (12128): Elaborating entity "altera_pll" for hierarchy "video_pll:pixel_pll|altera_pll:altera_pll_i" File: E:/USYD/USYD_2-2/MTRX3700/ASSIGNMENT2/WORK/V9_Sample_Trained/rtl/reuse/video_pll.sv Line: 50
Info (10008): Verilog HDL or VHDL information: EDA Netlist Writer cannot regroup multidimensional array "wire_to_nowhere_64" into its bus
Info (12130): Elaborated megafunction instantiation "video_pll:pixel_pll|altera_pll:altera_pll_i" File: E:/USYD/USYD_2-2/MTRX3700/ASSIGNMENT2/WORK/V9_Sample_Trained/rtl/reuse/video_pll.sv Line: 50
Info (12133): Instantiated megafunction "video_pll:pixel_pll|altera_pll:altera_pll_i" with the following parameter: File: E:/USYD/USYD_2-2/MTRX3700/ASSIGNMENT2/WORK/V9_Sample_Trained/rtl/reuse/video_pll.sv Line: 50
    Info (12134): Parameter "fractional_vco_multiplier" = "false"
    Info (12134): Parameter "reference_clock_frequency" = "50.0 MHz"
    Info (12134): Parameter "operation_mode" = "normal"
    Info (12134): Parameter "number_of_clocks" = "1"
    Info (12134): Parameter "output_clock_frequency0" = "25.000000 MHz"
    Info (12134): Parameter "phase_shift0" = "0 ps"
    Info (12134): Parameter "duty_cycle0" = "50"
    Info (12134): Parameter "pll_type" = "General"
    Info (12134): Parameter "pll_subtype" = "General"
Info (12128): Elaborating entity "reset_sync" for hierarchy "reset_sync:reset50" File: E:/USYD/USYD_2-2/MTRX3700/ASSIGNMENT2/WORK/V9_Sample_Trained/rtl/shine_sing_top.sv Line: 22
Info (12128): Elaborating entity "codec_config" for hierarchy "codec_config:codec" File: E:/USYD/USYD_2-2/MTRX3700/ASSIGNMENT2/WORK/V9_Sample_Trained/rtl/shine_sing_top.sv Line: 27
Warning (10230): Verilog HDL assignment warning at codec_config.sv(22): truncated value with size 6 to match size of target (5) File: E:/USYD/USYD_2-2/MTRX3700/ASSIGNMENT2/WORK/V9_Sample_Trained/rtl/codec_config.sv Line: 22
Warning (10230): Verilog HDL assignment warning at codec_config.sv(38): truncated value with size 32 to match size of target (6) File: E:/USYD/USYD_2-2/MTRX3700/ASSIGNMENT2/WORK/V9_Sample_Trained/rtl/codec_config.sv Line: 38
Warning (10230): Verilog HDL assignment warning at codec_config.sv(45): truncated value with size 32 to match size of target (4) File: E:/USYD/USYD_2-2/MTRX3700/ASSIGNMENT2/WORK/V9_Sample_Trained/rtl/codec_config.sv Line: 45
Warning (10230): Verilog HDL assignment warning at codec_config.sv(48): truncated value with size 32 to match size of target (11) File: E:/USYD/USYD_2-2/MTRX3700/ASSIGNMENT2/WORK/V9_Sample_Trained/rtl/codec_config.sv Line: 48
Info (12128): Elaborating entity "board_controls" for hierarchy "board_controls:controls" File: E:/USYD/USYD_2-2/MTRX3700/ASSIGNMENT2/WORK/V9_Sample_Trained/rtl/shine_sing_top.sv Line: 31
Warning (10230): Verilog HDL assignment warning at board_controls.sv(21): truncated value with size 32 to match size of target (8) File: E:/USYD/USYD_2-2/MTRX3700/ASSIGNMENT2/WORK/V9_Sample_Trained/rtl/board_controls.sv Line: 21
Warning (10230): Verilog HDL assignment warning at board_controls.sv(22): truncated value with size 32 to match size of target (8) File: E:/USYD/USYD_2-2/MTRX3700/ASSIGNMENT2/WORK/V9_Sample_Trained/rtl/board_controls.sv Line: 22
Warning (10230): Verilog HDL assignment warning at board_controls.sv(25): truncated value with size 32 to match size of target (8) File: E:/USYD/USYD_2-2/MTRX3700/ASSIGNMENT2/WORK/V9_Sample_Trained/rtl/board_controls.sv Line: 25
Warning (10230): Verilog HDL assignment warning at board_controls.sv(26): truncated value with size 32 to match size of target (8) File: E:/USYD/USYD_2-2/MTRX3700/ASSIGNMENT2/WORK/V9_Sample_Trained/rtl/board_controls.sv Line: 26
Info (12128): Elaborating entity "cdc_mailbox" for hierarchy "cdc_mailbox:control_cdc" File: E:/USYD/USYD_2-2/MTRX3700/ASSIGNMENT2/WORK/V9_Sample_Trained/rtl/shine_sing_top.sv Line: 35
Info (12128): Elaborating entity "mic_load" for hierarchy "mic_load:microphone" File: E:/USYD/USYD_2-2/MTRX3700/ASSIGNMENT2/WORK/V9_Sample_Trained/rtl/shine_sing_top.sv Line: 38
Info (12128): Elaborating entity "cdc_mailbox" for hierarchy "cdc_mailbox:audio_cdc" File: E:/USYD/USYD_2-2/MTRX3700/ASSIGNMENT2/WORK/V9_Sample_Trained/rtl/shine_sing_top.sv Line: 40
Info (12128): Elaborating entity "audio_frontend" for hierarchy "audio_frontend:frontend" File: E:/USYD/USYD_2-2/MTRX3700/ASSIGNMENT2/WORK/V9_Sample_Trained/rtl/shine_sing_top.sv Line: 43
Warning (10030): Net "window_rom.data_a" at audio_frontend.sv(25) has no driver or initial value, using a default initial value '0' File: E:/USYD/USYD_2-2/MTRX3700/ASSIGNMENT2/WORK/V9_Sample_Trained/rtl/audio_frontend.sv Line: 25
Warning (10030): Net "window_rom.waddr_a" at audio_frontend.sv(25) has no driver or initial value, using a default initial value '0' File: E:/USYD/USYD_2-2/MTRX3700/ASSIGNMENT2/WORK/V9_Sample_Trained/rtl/audio_frontend.sv Line: 25
Warning (10030): Net "window_rom.we_a" at audio_frontend.sv(25) has no driver or initial value, using a default initial value '0' File: E:/USYD/USYD_2-2/MTRX3700/ASSIGNMENT2/WORK/V9_Sample_Trained/rtl/audio_frontend.sv Line: 25
Info (12128): Elaborating entity "low_pass_conv" for hierarchy "audio_frontend:frontend|low_pass_conv:fir" File: E:/USYD/USYD_2-2/MTRX3700/ASSIGNMENT2/WORK/V9_Sample_Trained/rtl/audio_frontend.sv Line: 15
Info (12128): Elaborating entity "sync_ram" for hierarchy "audio_frontend:frontend|sync_ram:frame_ram" File: E:/USYD/USYD_2-2/MTRX3700/ASSIGNMENT2/WORK/V9_Sample_Trained/rtl/audio_frontend.sv Line: 23
Info (12128): Elaborating entity "altsyncram" for hierarchy "audio_frontend:frontend|sync_ram:frame_ram|altsyncram:ram" File: E:/USYD/USYD_2-2/MTRX3700/ASSIGNMENT2/WORK/V9_Sample_Trained/rtl/sync_ram.sv Line: 19
Info (12130): Elaborated megafunction instantiation "audio_frontend:frontend|sync_ram:frame_ram|altsyncram:ram" File: E:/USYD/USYD_2-2/MTRX3700/ASSIGNMENT2/WORK/V9_Sample_Trained/rtl/sync_ram.sv Line: 19
Info (12133): Instantiated megafunction "audio_frontend:frontend|sync_ram:frame_ram|altsyncram:ram" with the following parameter: File: E:/USYD/USYD_2-2/MTRX3700/ASSIGNMENT2/WORK/V9_Sample_Trained/rtl/sync_ram.sv Line: 19
    Info (12134): Parameter "operation_mode" = "DUAL_PORT"
    Info (12134): Parameter "width_a" = "16"
    Info (12134): Parameter "widthad_a" = "11"
    Info (12134): Parameter "numwords_a" = "2048"
    Info (12134): Parameter "width_b" = "16"
    Info (12134): Parameter "widthad_b" = "11"
    Info (12134): Parameter "numwords_b" = "2048"
    Info (12134): Parameter "width_byteena_a" = "1"
    Info (12134): Parameter "address_reg_b" = "CLOCK0"
    Info (12134): Parameter "outdata_reg_b" = "UNREGISTERED"
    Info (12134): Parameter "read_during_write_mode_mixed_ports" = "OLD_DATA"
    Info (12134): Parameter "ram_block_type" = "M10K"
    Info (12134): Parameter "intended_device_family" = "Cyclone V"
    Info (12134): Parameter "lpm_type" = "altsyncram"
Info (12021): Found 1 design units, including 1 entities, in source file db/altsyncram_efh1.tdf
    Info (12023): Found entity 1: altsyncram_efh1 File: E:/USYD/USYD_2-2/MTRX3700/ASSIGNMENT2/WORK/V9_Sample_Trained/db/altsyncram_efh1.tdf Line: 27
Info (12128): Elaborating entity "altsyncram_efh1" for hierarchy "audio_frontend:frontend|sync_ram:frame_ram|altsyncram:ram|altsyncram_efh1:auto_generated" File: e:/intelfpga_lite/18.1/quartus/libraries/megafunctions/altsyncram.tdf Line: 791
Warning (287013): Variable or input pin "data_b" is defined but never used. File: E:/USYD/USYD_2-2/MTRX3700/ASSIGNMENT2/WORK/V9_Sample_Trained/db/altsyncram_efh1.tdf Line: 33
Info (12128): Elaborating entity "FFT" for hierarchy "FFT:fft" File: E:/USYD/USYD_2-2/MTRX3700/ASSIGNMENT2/WORK/V9_Sample_Trained/rtl/shine_sing_top.sv Line: 47
Info (12128): Elaborating entity "SdfUnit" for hierarchy "FFT:fft|SdfUnit:SU1" File: E:/USYD/USYD_2-2/MTRX3700/ASSIGNMENT2/WORK/V9_Sample_Trained/rtl/fft/FFT.v Line: 43
Warning (10230): Verilog HDL assignment warning at SdfUnit.v(232): truncated value with size 10 to match size of target (8) File: E:/USYD/USYD_2-2/MTRX3700/ASSIGNMENT2/WORK/V9_Sample_Trained/rtl/fft/SdfUnit.v Line: 232
Info (12128): Elaborating entity "Butterfly" for hierarchy "FFT:fft|SdfUnit:SU1|Butterfly:BF1" File: E:/USYD/USYD_2-2/MTRX3700/ASSIGNMENT2/WORK/V9_Sample_Trained/rtl/fft/SdfUnit.v Line: 127
Warning (10230): Verilog HDL assignment warning at Butterfly.v(27): truncated value with size 32 to match size of target (16) File: E:/USYD/USYD_2-2/MTRX3700/ASSIGNMENT2/WORK/V9_Sample_Trained/rtl/fft/Butterfly.v Line: 27
Warning (10230): Verilog HDL assignment warning at Butterfly.v(28): truncated value with size 32 to match size of target (16) File: E:/USYD/USYD_2-2/MTRX3700/ASSIGNMENT2/WORK/V9_Sample_Trained/rtl/fft/Butterfly.v Line: 28
Warning (10230): Verilog HDL assignment warning at Butterfly.v(29): truncated value with size 32 to match size of target (16) File: E:/USYD/USYD_2-2/MTRX3700/ASSIGNMENT2/WORK/V9_Sample_Trained/rtl/fft/Butterfly.v Line: 29
Warning (10230): Verilog HDL assignment warning at Butterfly.v(30): truncated value with size 32 to match size of target (16) File: E:/USYD/USYD_2-2/MTRX3700/ASSIGNMENT2/WORK/V9_Sample_Trained/rtl/fft/Butterfly.v Line: 30
Info (12128): Elaborating entity "DelayBuffer" for hierarchy "FFT:fft|SdfUnit:SU1|DelayBuffer:DB1" File: E:/USYD/USYD_2-2/MTRX3700/ASSIGNMENT2/WORK/V9_Sample_Trained/rtl/fft/SdfUnit.v Line: 135
Warning (10230): Verilog HDL assignment warning at DelayBuffer.v(32): truncated value with size 32 to match size of target (9) File: E:/USYD/USYD_2-2/MTRX3700/ASSIGNMENT2/WORK/V9_Sample_Trained/rtl/fft/DelayBuffer.v Line: 32
Info (12128): Elaborating entity "sync_ram" for hierarchy "FFT:fft|SdfUnit:SU1|DelayBuffer:DB1|sync_ram:ring.memory" File: E:/USYD/USYD_2-2/MTRX3700/ASSIGNMENT2/WORK/V9_Sample_Trained/rtl/fft/DelayBuffer.v Line: 30
Info (12128): Elaborating entity "altsyncram" for hierarchy "FFT:fft|SdfUnit:SU1|DelayBuffer:DB1|sync_ram:ring.memory|altsyncram:ram" File: E:/USYD/USYD_2-2/MTRX3700/ASSIGNMENT2/WORK/V9_Sample_Trained/rtl/sync_ram.sv Line: 19
Info (12130): Elaborated megafunction instantiation "FFT:fft|SdfUnit:SU1|DelayBuffer:DB1|sync_ram:ring.memory|altsyncram:ram" File: E:/USYD/USYD_2-2/MTRX3700/ASSIGNMENT2/WORK/V9_Sample_Trained/rtl/sync_ram.sv Line: 19
Info (12133): Instantiated megafunction "FFT:fft|SdfUnit:SU1|DelayBuffer:DB1|sync_ram:ring.memory|altsyncram:ram" with the following parameter: File: E:/USYD/USYD_2-2/MTRX3700/ASSIGNMENT2/WORK/V9_Sample_Trained/rtl/sync_ram.sv Line: 19
    Info (12134): Parameter "operation_mode" = "DUAL_PORT"
    Info (12134): Parameter "width_a" = "32"
    Info (12134): Parameter "widthad_a" = "9"
    Info (12134): Parameter "numwords_a" = "511"
    Info (12134): Parameter "width_b" = "32"
    Info (12134): Parameter "widthad_b" = "9"
    Info (12134): Parameter "numwords_b" = "511"
    Info (12134): Parameter "width_byteena_a" = "1"
    Info (12134): Parameter "address_reg_b" = "CLOCK0"
    Info (12134): Parameter "outdata_reg_b" = "UNREGISTERED"
    Info (12134): Parameter "read_during_write_mode_mixed_ports" = "OLD_DATA"
    Info (12134): Parameter "ram_block_type" = "M10K"
    Info (12134): Parameter "intended_device_family" = "Cyclone V"
    Info (12134): Parameter "lpm_type" = "altsyncram"
Info (12021): Found 1 design units, including 1 entities, in source file db/altsyncram_a9h1.tdf
    Info (12023): Found entity 1: altsyncram_a9h1 File: E:/USYD/USYD_2-2/MTRX3700/ASSIGNMENT2/WORK/V9_Sample_Trained/db/altsyncram_a9h1.tdf Line: 27
Info (12128): Elaborating entity "altsyncram_a9h1" for hierarchy "FFT:fft|SdfUnit:SU1|DelayBuffer:DB1|sync_ram:ring.memory|altsyncram:ram|altsyncram_a9h1:auto_generated" File: e:/intelfpga_lite/18.1/quartus/libraries/megafunctions/altsyncram.tdf Line: 791
Warning (287013): Variable or input pin "data_b" is defined but never used. File: E:/USYD/USYD_2-2/MTRX3700/ASSIGNMENT2/WORK/V9_Sample_Trained/db/altsyncram_a9h1.tdf Line: 33
Info (12128): Elaborating entity "Butterfly" for hierarchy "FFT:fft|SdfUnit:SU1|Butterfly:BF2" File: E:/USYD/USYD_2-2/MTRX3700/ASSIGNMENT2/WORK/V9_Sample_Trained/rtl/fft/SdfUnit.v Line: 184
Warning (10230): Verilog HDL assignment warning at Butterfly.v(27): truncated value with size 32 to match size of target (16) File: E:/USYD/USYD_2-2/MTRX3700/ASSIGNMENT2/WORK/V9_Sample_Trained/rtl/fft/Butterfly.v Line: 27
Warning (10230): Verilog HDL assignment warning at Butterfly.v(28): truncated value with size 32 to match size of target (16) File: E:/USYD/USYD_2-2/MTRX3700/ASSIGNMENT2/WORK/V9_Sample_Trained/rtl/fft/Butterfly.v Line: 28
Warning (10230): Verilog HDL assignment warning at Butterfly.v(29): truncated value with size 32 to match size of target (16) File: E:/USYD/USYD_2-2/MTRX3700/ASSIGNMENT2/WORK/V9_Sample_Trained/rtl/fft/Butterfly.v Line: 29
Warning (10230): Verilog HDL assignment warning at Butterfly.v(30): truncated value with size 32 to match size of target (16) File: E:/USYD/USYD_2-2/MTRX3700/ASSIGNMENT2/WORK/V9_Sample_Trained/rtl/fft/Butterfly.v Line: 30
Info (12128): Elaborating entity "DelayBuffer" for hierarchy "FFT:fft|SdfUnit:SU1|DelayBuffer:DB2" File: E:/USYD/USYD_2-2/MTRX3700/ASSIGNMENT2/WORK/V9_Sample_Trained/rtl/fft/SdfUnit.v Line: 192
Warning (10230): Verilog HDL assignment warning at DelayBuffer.v(32): truncated value with size 32 to match size of target (8) File: E:/USYD/USYD_2-2/MTRX3700/ASSIGNMENT2/WORK/V9_Sample_Trained/rtl/fft/DelayBuffer.v Line: 32
Info (12128): Elaborating entity "sync_ram" for hierarchy "FFT:fft|SdfUnit:SU1|DelayBuffer:DB2|sync_ram:ring.memory" File: E:/USYD/USYD_2-2/MTRX3700/ASSIGNMENT2/WORK/V9_Sample_Trained/rtl/fft/DelayBuffer.v Line: 30
Info (12128): Elaborating entity "altsyncram" for hierarchy "FFT:fft|SdfUnit:SU1|DelayBuffer:DB2|sync_ram:ring.memory|altsyncram:ram" File: E:/USYD/USYD_2-2/MTRX3700/ASSIGNMENT2/WORK/V9_Sample_Trained/rtl/sync_ram.sv Line: 19
Info (12130): Elaborated megafunction instantiation "FFT:fft|SdfUnit:SU1|DelayBuffer:DB2|sync_ram:ring.memory|altsyncram:ram" File: E:/USYD/USYD_2-2/MTRX3700/ASSIGNMENT2/WORK/V9_Sample_Trained/rtl/sync_ram.sv Line: 19
Info (12133): Instantiated megafunction "FFT:fft|SdfUnit:SU1|DelayBuffer:DB2|sync_ram:ring.memory|altsyncram:ram" with the following parameter: File: E:/USYD/USYD_2-2/MTRX3700/ASSIGNMENT2/WORK/V9_Sample_Trained/rtl/sync_ram.sv Line: 19
    Info (12134): Parameter "operation_mode" = "DUAL_PORT"
    Info (12134): Parameter "width_a" = "32"
    Info (12134): Parameter "widthad_a" = "8"
    Info (12134): Parameter "numwords_a" = "255"
    Info (12134): Parameter "width_b" = "32"
    Info (12134): Parameter "widthad_b" = "8"
    Info (12134): Parameter "numwords_b" = "255"
    Info (12134): Parameter "width_byteena_a" = "1"
    Info (12134): Parameter "address_reg_b" = "CLOCK0"
    Info (12134): Parameter "outdata_reg_b" = "UNREGISTERED"
    Info (12134): Parameter "read_during_write_mode_mixed_ports" = "OLD_DATA"
    Info (12134): Parameter "ram_block_type" = "M10K"
    Info (12134): Parameter "intended_device_family" = "Cyclone V"
    Info (12134): Parameter "lpm_type" = "altsyncram"
Info (12021): Found 1 design units, including 1 entities, in source file db/altsyncram_i9h1.tdf
    Info (12023): Found entity 1: altsyncram_i9h1 File: E:/USYD/USYD_2-2/MTRX3700/ASSIGNMENT2/WORK/V9_Sample_Trained/db/altsyncram_i9h1.tdf Line: 27
Info (12128): Elaborating entity "altsyncram_i9h1" for hierarchy "FFT:fft|SdfUnit:SU1|DelayBuffer:DB2|sync_ram:ring.memory|altsyncram:ram|altsyncram_i9h1:auto_generated" File: e:/intelfpga_lite/18.1/quartus/libraries/megafunctions/altsyncram.tdf Line: 791
Warning (287013): Variable or input pin "data_b" is defined but never used. File: E:/USYD/USYD_2-2/MTRX3700/ASSIGNMENT2/WORK/V9_Sample_Trained/db/altsyncram_i9h1.tdf Line: 33
Info (12128): Elaborating entity "Twiddle" for hierarchy "FFT:fft|SdfUnit:SU1|Twiddle:TW" File: E:/USYD/USYD_2-2/MTRX3700/ASSIGNMENT2/WORK/V9_Sample_Trained/rtl/fft/SdfUnit.v Line: 240
Info (12128): Elaborating entity "Multiply" for hierarchy "FFT:fft|SdfUnit:SU1|Multiply:MU" File: E:/USYD/USYD_2-2/MTRX3700/ASSIGNMENT2/WORK/V9_Sample_Trained/rtl/fft/SdfUnit.v Line: 257
Warning (10230): Verilog HDL assignment warning at Multiply.v(25): truncated value with size 32 to match size of target (16) File: E:/USYD/USYD_2-2/MTRX3700/ASSIGNMENT2/WORK/V9_Sample_Trained/rtl/fft/Multiply.v Line: 25
Warning (10230): Verilog HDL assignment warning at Multiply.v(26): truncated value with size 32 to match size of target (16) File: E:/USYD/USYD_2-2/MTRX3700/ASSIGNMENT2/WORK/V9_Sample_Trained/rtl/fft/Multiply.v Line: 26
Warning (10230): Verilog HDL assignment warning at Multiply.v(27): truncated value with size 32 to match size of target (16) File: E:/USYD/USYD_2-2/MTRX3700/ASSIGNMENT2/WORK/V9_Sample_Trained/rtl/fft/Multiply.v Line: 27
Warning (10230): Verilog HDL assignment warning at Multiply.v(28): truncated value with size 32 to match size of target (16) File: E:/USYD/USYD_2-2/MTRX3700/ASSIGNMENT2/WORK/V9_Sample_Trained/rtl/fft/Multiply.v Line: 28
Info (12128): Elaborating entity "SdfUnit" for hierarchy "FFT:fft|SdfUnit:SU2" File: E:/USYD/USYD_2-2/MTRX3700/ASSIGNMENT2/WORK/V9_Sample_Trained/rtl/fft/FFT.v Line: 54
Warning (10230): Verilog HDL assignment warning at SdfUnit.v(232): truncated value with size 10 to match size of target (8) File: E:/USYD/USYD_2-2/MTRX3700/ASSIGNMENT2/WORK/V9_Sample_Trained/rtl/fft/SdfUnit.v Line: 232
Info (12128): Elaborating entity "DelayBuffer" for hierarchy "FFT:fft|SdfUnit:SU2|DelayBuffer:DB1" File: E:/USYD/USYD_2-2/MTRX3700/ASSIGNMENT2/WORK/V9_Sample_Trained/rtl/fft/SdfUnit.v Line: 135
Warning (10230): Verilog HDL assignment warning at DelayBuffer.v(32): truncated value with size 32 to match size of target (7) File: E:/USYD/USYD_2-2/MTRX3700/ASSIGNMENT2/WORK/V9_Sample_Trained/rtl/fft/DelayBuffer.v Line: 32
Info (12128): Elaborating entity "sync_ram" for hierarchy "FFT:fft|SdfUnit:SU2|DelayBuffer:DB1|sync_ram:ring.memory" File: E:/USYD/USYD_2-2/MTRX3700/ASSIGNMENT2/WORK/V9_Sample_Trained/rtl/fft/DelayBuffer.v Line: 30
Info (12128): Elaborating entity "altsyncram" for hierarchy "FFT:fft|SdfUnit:SU2|DelayBuffer:DB1|sync_ram:ring.memory|altsyncram:ram" File: E:/USYD/USYD_2-2/MTRX3700/ASSIGNMENT2/WORK/V9_Sample_Trained/rtl/sync_ram.sv Line: 19
Info (12130): Elaborated megafunction instantiation "FFT:fft|SdfUnit:SU2|DelayBuffer:DB1|sync_ram:ring.memory|altsyncram:ram" File: E:/USYD/USYD_2-2/MTRX3700/ASSIGNMENT2/WORK/V9_Sample_Trained/rtl/sync_ram.sv Line: 19
Info (12133): Instantiated megafunction "FFT:fft|SdfUnit:SU2|DelayBuffer:DB1|sync_ram:ring.memory|altsyncram:ram" with the following parameter: File: E:/USYD/USYD_2-2/MTRX3700/ASSIGNMENT2/WORK/V9_Sample_Trained/rtl/sync_ram.sv Line: 19
    Info (12134): Parameter "operation_mode" = "DUAL_PORT"
    Info (12134): Parameter "width_a" = "32"
    Info (12134): Parameter "widthad_a" = "7"
    Info (12134): Parameter "numwords_a" = "127"
    Info (12134): Parameter "width_b" = "32"
    Info (12134): Parameter "widthad_b" = "7"
    Info (12134): Parameter "numwords_b" = "127"
    Info (12134): Parameter "width_byteena_a" = "1"
    Info (12134): Parameter "address_reg_b" = "CLOCK0"
    Info (12134): Parameter "outdata_reg_b" = "UNREGISTERED"
    Info (12134): Parameter "read_during_write_mode_mixed_ports" = "OLD_DATA"
    Info (12134): Parameter "ram_block_type" = "M10K"
    Info (12134): Parameter "intended_device_family" = "Cyclone V"
    Info (12134): Parameter "lpm_type" = "altsyncram"
Info (12021): Found 1 design units, including 1 entities, in source file db/altsyncram_c9h1.tdf
    Info (12023): Found entity 1: altsyncram_c9h1 File: E:/USYD/USYD_2-2/MTRX3700/ASSIGNMENT2/WORK/V9_Sample_Trained/db/altsyncram_c9h1.tdf Line: 27
Info (12128): Elaborating entity "altsyncram_c9h1" for hierarchy "FFT:fft|SdfUnit:SU2|DelayBuffer:DB1|sync_ram:ring.memory|altsyncram:ram|altsyncram_c9h1:auto_generated" File: e:/intelfpga_lite/18.1/quartus/libraries/megafunctions/altsyncram.tdf Line: 791
Warning (287013): Variable or input pin "data_b" is defined but never used. File: E:/USYD/USYD_2-2/MTRX3700/ASSIGNMENT2/WORK/V9_Sample_Trained/db/altsyncram_c9h1.tdf Line: 33
Info (12128): Elaborating entity "DelayBuffer" for hierarchy "FFT:fft|SdfUnit:SU2|DelayBuffer:DB2" File: E:/USYD/USYD_2-2/MTRX3700/ASSIGNMENT2/WORK/V9_Sample_Trained/rtl/fft/SdfUnit.v Line: 192
Warning (10230): Verilog HDL assignment warning at DelayBuffer.v(32): truncated value with size 32 to match size of target (6) File: E:/USYD/USYD_2-2/MTRX3700/ASSIGNMENT2/WORK/V9_Sample_Trained/rtl/fft/DelayBuffer.v Line: 32
Info (12128): Elaborating entity "sync_ram" for hierarchy "FFT:fft|SdfUnit:SU2|DelayBuffer:DB2|sync_ram:ring.memory" File: E:/USYD/USYD_2-2/MTRX3700/ASSIGNMENT2/WORK/V9_Sample_Trained/rtl/fft/DelayBuffer.v Line: 30
Info (12128): Elaborating entity "altsyncram" for hierarchy "FFT:fft|SdfUnit:SU2|DelayBuffer:DB2|sync_ram:ring.memory|altsyncram:ram" File: E:/USYD/USYD_2-2/MTRX3700/ASSIGNMENT2/WORK/V9_Sample_Trained/rtl/sync_ram.sv Line: 19
Info (12130): Elaborated megafunction instantiation "FFT:fft|SdfUnit:SU2|DelayBuffer:DB2|sync_ram:ring.memory|altsyncram:ram" File: E:/USYD/USYD_2-2/MTRX3700/ASSIGNMENT2/WORK/V9_Sample_Trained/rtl/sync_ram.sv Line: 19
Info (12133): Instantiated megafunction "FFT:fft|SdfUnit:SU2|DelayBuffer:DB2|sync_ram:ring.memory|altsyncram:ram" with the following parameter: File: E:/USYD/USYD_2-2/MTRX3700/ASSIGNMENT2/WORK/V9_Sample_Trained/rtl/sync_ram.sv Line: 19
    Info (12134): Parameter "operation_mode" = "DUAL_PORT"
    Info (12134): Parameter "width_a" = "32"
    Info (12134): Parameter "widthad_a" = "6"
    Info (12134): Parameter "numwords_a" = "63"
    Info (12134): Parameter "width_b" = "32"
    Info (12134): Parameter "widthad_b" = "6"
    Info (12134): Parameter "numwords_b" = "63"
    Info (12134): Parameter "width_byteena_a" = "1"
    Info (12134): Parameter "address_reg_b" = "CLOCK0"
    Info (12134): Parameter "outdata_reg_b" = "UNREGISTERED"
    Info (12134): Parameter "read_during_write_mode_mixed_ports" = "OLD_DATA"
    Info (12134): Parameter "ram_block_type" = "M10K"
    Info (12134): Parameter "intended_device_family" = "Cyclone V"
    Info (12134): Parameter "lpm_type" = "altsyncram"
Info (12021): Found 1 design units, including 1 entities, in source file db/altsyncram_86h1.tdf
    Info (12023): Found entity 1: altsyncram_86h1 File: E:/USYD/USYD_2-2/MTRX3700/ASSIGNMENT2/WORK/V9_Sample_Trained/db/altsyncram_86h1.tdf Line: 27
Info (12128): Elaborating entity "altsyncram_86h1" for hierarchy "FFT:fft|SdfUnit:SU2|DelayBuffer:DB2|sync_ram:ring.memory|altsyncram:ram|altsyncram_86h1:auto_generated" File: e:/intelfpga_lite/18.1/quartus/libraries/megafunctions/altsyncram.tdf Line: 791
Warning (287013): Variable or input pin "data_b" is defined but never used. File: E:/USYD/USYD_2-2/MTRX3700/ASSIGNMENT2/WORK/V9_Sample_Trained/db/altsyncram_86h1.tdf Line: 33
Info (12128): Elaborating entity "SdfUnit" for hierarchy "FFT:fft|SdfUnit:SU3" File: E:/USYD/USYD_2-2/MTRX3700/ASSIGNMENT2/WORK/V9_Sample_Trained/rtl/fft/FFT.v Line: 65
Warning (10230): Verilog HDL assignment warning at SdfUnit.v(232): truncated value with size 10 to match size of target (8) File: E:/USYD/USYD_2-2/MTRX3700/ASSIGNMENT2/WORK/V9_Sample_Trained/rtl/fft/SdfUnit.v Line: 232
Info (12128): Elaborating entity "DelayBuffer" for hierarchy "FFT:fft|SdfUnit:SU3|DelayBuffer:DB1" File: E:/USYD/USYD_2-2/MTRX3700/ASSIGNMENT2/WORK/V9_Sample_Trained/rtl/fft/SdfUnit.v Line: 135
Warning (10230): Verilog HDL assignment warning at DelayBuffer.v(32): truncated value with size 32 to match size of target (5) File: E:/USYD/USYD_2-2/MTRX3700/ASSIGNMENT2/WORK/V9_Sample_Trained/rtl/fft/DelayBuffer.v Line: 32
Info (12128): Elaborating entity "sync_ram" for hierarchy "FFT:fft|SdfUnit:SU3|DelayBuffer:DB1|sync_ram:ring.memory" File: E:/USYD/USYD_2-2/MTRX3700/ASSIGNMENT2/WORK/V9_Sample_Trained/rtl/fft/DelayBuffer.v Line: 30
Info (12128): Elaborating entity "altsyncram" for hierarchy "FFT:fft|SdfUnit:SU3|DelayBuffer:DB1|sync_ram:ring.memory|altsyncram:ram" File: E:/USYD/USYD_2-2/MTRX3700/ASSIGNMENT2/WORK/V9_Sample_Trained/rtl/sync_ram.sv Line: 19
Info (12130): Elaborated megafunction instantiation "FFT:fft|SdfUnit:SU3|DelayBuffer:DB1|sync_ram:ring.memory|altsyncram:ram" File: E:/USYD/USYD_2-2/MTRX3700/ASSIGNMENT2/WORK/V9_Sample_Trained/rtl/sync_ram.sv Line: 19
Info (12133): Instantiated megafunction "FFT:fft|SdfUnit:SU3|DelayBuffer:DB1|sync_ram:ring.memory|altsyncram:ram" with the following parameter: File: E:/USYD/USYD_2-2/MTRX3700/ASSIGNMENT2/WORK/V9_Sample_Trained/rtl/sync_ram.sv Line: 19
    Info (12134): Parameter "operation_mode" = "DUAL_PORT"
    Info (12134): Parameter "width_a" = "32"
    Info (12134): Parameter "widthad_a" = "5"
    Info (12134): Parameter "numwords_a" = "31"
    Info (12134): Parameter "width_b" = "32"
    Info (12134): Parameter "widthad_b" = "5"
    Info (12134): Parameter "numwords_b" = "31"
    Info (12134): Parameter "width_byteena_a" = "1"
    Info (12134): Parameter "address_reg_b" = "CLOCK0"
    Info (12134): Parameter "outdata_reg_b" = "UNREGISTERED"
    Info (12134): Parameter "read_during_write_mode_mixed_ports" = "OLD_DATA"
    Info (12134): Parameter "ram_block_type" = "M10K"
    Info (12134): Parameter "intended_device_family" = "Cyclone V"
    Info (12134): Parameter "lpm_type" = "altsyncram"
Info (12021): Found 1 design units, including 1 entities, in source file db/altsyncram_s5h1.tdf
    Info (12023): Found entity 1: altsyncram_s5h1 File: E:/USYD/USYD_2-2/MTRX3700/ASSIGNMENT2/WORK/V9_Sample_Trained/db/altsyncram_s5h1.tdf Line: 27
Info (12128): Elaborating entity "altsyncram_s5h1" for hierarchy "FFT:fft|SdfUnit:SU3|DelayBuffer:DB1|sync_ram:ring.memory|altsyncram:ram|altsyncram_s5h1:auto_generated" File: e:/intelfpga_lite/18.1/quartus/libraries/megafunctions/altsyncram.tdf Line: 791
Warning (287013): Variable or input pin "data_b" is defined but never used. File: E:/USYD/USYD_2-2/MTRX3700/ASSIGNMENT2/WORK/V9_Sample_Trained/db/altsyncram_s5h1.tdf Line: 33
Info (12128): Elaborating entity "DelayBuffer" for hierarchy "FFT:fft|SdfUnit:SU3|DelayBuffer:DB2" File: E:/USYD/USYD_2-2/MTRX3700/ASSIGNMENT2/WORK/V9_Sample_Trained/rtl/fft/SdfUnit.v Line: 192
Warning (10230): Verilog HDL assignment warning at DelayBuffer.v(32): truncated value with size 32 to match size of target (4) File: E:/USYD/USYD_2-2/MTRX3700/ASSIGNMENT2/WORK/V9_Sample_Trained/rtl/fft/DelayBuffer.v Line: 32
Info (12128): Elaborating entity "sync_ram" for hierarchy "FFT:fft|SdfUnit:SU3|DelayBuffer:DB2|sync_ram:ring.memory" File: E:/USYD/USYD_2-2/MTRX3700/ASSIGNMENT2/WORK/V9_Sample_Trained/rtl/fft/DelayBuffer.v Line: 30
Info (12128): Elaborating entity "altsyncram" for hierarchy "FFT:fft|SdfUnit:SU3|DelayBuffer:DB2|sync_ram:ring.memory|altsyncram:ram" File: E:/USYD/USYD_2-2/MTRX3700/ASSIGNMENT2/WORK/V9_Sample_Trained/rtl/sync_ram.sv Line: 19
Info (12130): Elaborated megafunction instantiation "FFT:fft|SdfUnit:SU3|DelayBuffer:DB2|sync_ram:ring.memory|altsyncram:ram" File: E:/USYD/USYD_2-2/MTRX3700/ASSIGNMENT2/WORK/V9_Sample_Trained/rtl/sync_ram.sv Line: 19
Info (12133): Instantiated megafunction "FFT:fft|SdfUnit:SU3|DelayBuffer:DB2|sync_ram:ring.memory|altsyncram:ram" with the following parameter: File: E:/USYD/USYD_2-2/MTRX3700/ASSIGNMENT2/WORK/V9_Sample_Trained/rtl/sync_ram.sv Line: 19
    Info (12134): Parameter "operation_mode" = "DUAL_PORT"
    Info (12134): Parameter "width_a" = "32"
    Info (12134): Parameter "widthad_a" = "4"
    Info (12134): Parameter "numwords_a" = "15"
    Info (12134): Parameter "width_b" = "32"
    Info (12134): Parameter "widthad_b" = "4"
    Info (12134): Parameter "numwords_b" = "15"
    Info (12134): Parameter "width_byteena_a" = "1"
    Info (12134): Parameter "address_reg_b" = "CLOCK0"
    Info (12134): Parameter "outdata_reg_b" = "UNREGISTERED"
    Info (12134): Parameter "read_during_write_mode_mixed_ports" = "OLD_DATA"
    Info (12134): Parameter "ram_block_type" = "M10K"
    Info (12134): Parameter "intended_device_family" = "Cyclone V"
    Info (12134): Parameter "lpm_type" = "altsyncram"
Info (12021): Found 1 design units, including 1 entities, in source file db/altsyncram_u5h1.tdf
    Info (12023): Found entity 1: altsyncram_u5h1 File: E:/USYD/USYD_2-2/MTRX3700/ASSIGNMENT2/WORK/V9_Sample_Trained/db/altsyncram_u5h1.tdf Line: 27
Info (12128): Elaborating entity "altsyncram_u5h1" for hierarchy "FFT:fft|SdfUnit:SU3|DelayBuffer:DB2|sync_ram:ring.memory|altsyncram:ram|altsyncram_u5h1:auto_generated" File: e:/intelfpga_lite/18.1/quartus/libraries/megafunctions/altsyncram.tdf Line: 791
Warning (287013): Variable or input pin "data_b" is defined but never used. File: E:/USYD/USYD_2-2/MTRX3700/ASSIGNMENT2/WORK/V9_Sample_Trained/db/altsyncram_u5h1.tdf Line: 33
Info (12128): Elaborating entity "SdfUnit" for hierarchy "FFT:fft|SdfUnit:SU4" File: E:/USYD/USYD_2-2/MTRX3700/ASSIGNMENT2/WORK/V9_Sample_Trained/rtl/fft/FFT.v Line: 76
Warning (10230): Verilog HDL assignment warning at SdfUnit.v(232): truncated value with size 10 to match size of target (8) File: E:/USYD/USYD_2-2/MTRX3700/ASSIGNMENT2/WORK/V9_Sample_Trained/rtl/fft/SdfUnit.v Line: 232
Info (12128): Elaborating entity "DelayBuffer" for hierarchy "FFT:fft|SdfUnit:SU4|DelayBuffer:DB1" File: E:/USYD/USYD_2-2/MTRX3700/ASSIGNMENT2/WORK/V9_Sample_Trained/rtl/fft/SdfUnit.v Line: 135
Warning (10230): Verilog HDL assignment warning at DelayBuffer.v(32): truncated value with size 32 to match size of target (3) File: E:/USYD/USYD_2-2/MTRX3700/ASSIGNMENT2/WORK/V9_Sample_Trained/rtl/fft/DelayBuffer.v Line: 32
Info (12128): Elaborating entity "sync_ram" for hierarchy "FFT:fft|SdfUnit:SU4|DelayBuffer:DB1|sync_ram:ring.memory" File: E:/USYD/USYD_2-2/MTRX3700/ASSIGNMENT2/WORK/V9_Sample_Trained/rtl/fft/DelayBuffer.v Line: 30
Info (12128): Elaborating entity "altsyncram" for hierarchy "FFT:fft|SdfUnit:SU4|DelayBuffer:DB1|sync_ram:ring.memory|altsyncram:ram" File: E:/USYD/USYD_2-2/MTRX3700/ASSIGNMENT2/WORK/V9_Sample_Trained/rtl/sync_ram.sv Line: 19
Info (12130): Elaborated megafunction instantiation "FFT:fft|SdfUnit:SU4|DelayBuffer:DB1|sync_ram:ring.memory|altsyncram:ram" File: E:/USYD/USYD_2-2/MTRX3700/ASSIGNMENT2/WORK/V9_Sample_Trained/rtl/sync_ram.sv Line: 19
Info (12133): Instantiated megafunction "FFT:fft|SdfUnit:SU4|DelayBuffer:DB1|sync_ram:ring.memory|altsyncram:ram" with the following parameter: File: E:/USYD/USYD_2-2/MTRX3700/ASSIGNMENT2/WORK/V9_Sample_Trained/rtl/sync_ram.sv Line: 19
    Info (12134): Parameter "operation_mode" = "DUAL_PORT"
    Info (12134): Parameter "width_a" = "32"
    Info (12134): Parameter "widthad_a" = "3"
    Info (12134): Parameter "numwords_a" = "7"
    Info (12134): Parameter "width_b" = "32"
    Info (12134): Parameter "widthad_b" = "3"
    Info (12134): Parameter "numwords_b" = "7"
    Info (12134): Parameter "width_byteena_a" = "1"
    Info (12134): Parameter "address_reg_b" = "CLOCK0"
    Info (12134): Parameter "outdata_reg_b" = "UNREGISTERED"
    Info (12134): Parameter "read_during_write_mode_mixed_ports" = "OLD_DATA"
    Info (12134): Parameter "ram_block_type" = "M10K"
    Info (12134): Parameter "intended_device_family" = "Cyclone V"
    Info (12134): Parameter "lpm_type" = "altsyncram"
Info (12021): Found 1 design units, including 1 entities, in source file db/altsyncram_u2h1.tdf
    Info (12023): Found entity 1: altsyncram_u2h1 File: E:/USYD/USYD_2-2/MTRX3700/ASSIGNMENT2/WORK/V9_Sample_Trained/db/altsyncram_u2h1.tdf Line: 27
Info (12128): Elaborating entity "altsyncram_u2h1" for hierarchy "FFT:fft|SdfUnit:SU4|DelayBuffer:DB1|sync_ram:ring.memory|altsyncram:ram|altsyncram_u2h1:auto_generated" File: e:/intelfpga_lite/18.1/quartus/libraries/megafunctions/altsyncram.tdf Line: 791
Warning (287013): Variable or input pin "data_b" is defined but never used. File: E:/USYD/USYD_2-2/MTRX3700/ASSIGNMENT2/WORK/V9_Sample_Trained/db/altsyncram_u2h1.tdf Line: 33
Info (12128): Elaborating entity "DelayBuffer" for hierarchy "FFT:fft|SdfUnit:SU4|DelayBuffer:DB2" File: E:/USYD/USYD_2-2/MTRX3700/ASSIGNMENT2/WORK/V9_Sample_Trained/rtl/fft/SdfUnit.v Line: 192
Warning (10230): Verilog HDL assignment warning at DelayBuffer.v(32): truncated value with size 32 to match size of target (2) File: E:/USYD/USYD_2-2/MTRX3700/ASSIGNMENT2/WORK/V9_Sample_Trained/rtl/fft/DelayBuffer.v Line: 32
Info (12128): Elaborating entity "sync_ram" for hierarchy "FFT:fft|SdfUnit:SU4|DelayBuffer:DB2|sync_ram:ring.memory" File: E:/USYD/USYD_2-2/MTRX3700/ASSIGNMENT2/WORK/V9_Sample_Trained/rtl/fft/DelayBuffer.v Line: 30
Info (12128): Elaborating entity "altsyncram" for hierarchy "FFT:fft|SdfUnit:SU4|DelayBuffer:DB2|sync_ram:ring.memory|altsyncram:ram" File: E:/USYD/USYD_2-2/MTRX3700/ASSIGNMENT2/WORK/V9_Sample_Trained/rtl/sync_ram.sv Line: 19
Info (12130): Elaborated megafunction instantiation "FFT:fft|SdfUnit:SU4|DelayBuffer:DB2|sync_ram:ring.memory|altsyncram:ram" File: E:/USYD/USYD_2-2/MTRX3700/ASSIGNMENT2/WORK/V9_Sample_Trained/rtl/sync_ram.sv Line: 19
Info (12133): Instantiated megafunction "FFT:fft|SdfUnit:SU4|DelayBuffer:DB2|sync_ram:ring.memory|altsyncram:ram" with the following parameter: File: E:/USYD/USYD_2-2/MTRX3700/ASSIGNMENT2/WORK/V9_Sample_Trained/rtl/sync_ram.sv Line: 19
    Info (12134): Parameter "operation_mode" = "DUAL_PORT"
    Info (12134): Parameter "width_a" = "32"
    Info (12134): Parameter "widthad_a" = "2"
    Info (12134): Parameter "numwords_a" = "3"
    Info (12134): Parameter "width_b" = "32"
    Info (12134): Parameter "widthad_b" = "2"
    Info (12134): Parameter "numwords_b" = "3"
    Info (12134): Parameter "width_byteena_a" = "1"
    Info (12134): Parameter "address_reg_b" = "CLOCK0"
    Info (12134): Parameter "outdata_reg_b" = "UNREGISTERED"
    Info (12134): Parameter "read_during_write_mode_mixed_ports" = "OLD_DATA"
    Info (12134): Parameter "ram_block_type" = "M10K"
    Info (12134): Parameter "intended_device_family" = "Cyclone V"
    Info (12134): Parameter "lpm_type" = "altsyncram"
Info (12021): Found 1 design units, including 1 entities, in source file db/altsyncram_k2h1.tdf
    Info (12023): Found entity 1: altsyncram_k2h1 File: E:/USYD/USYD_2-2/MTRX3700/ASSIGNMENT2/WORK/V9_Sample_Trained/db/altsyncram_k2h1.tdf Line: 27
Info (12128): Elaborating entity "altsyncram_k2h1" for hierarchy "FFT:fft|SdfUnit:SU4|DelayBuffer:DB2|sync_ram:ring.memory|altsyncram:ram|altsyncram_k2h1:auto_generated" File: e:/intelfpga_lite/18.1/quartus/libraries/megafunctions/altsyncram.tdf Line: 791
Warning (287013): Variable or input pin "data_b" is defined but never used. File: E:/USYD/USYD_2-2/MTRX3700/ASSIGNMENT2/WORK/V9_Sample_Trained/db/altsyncram_k2h1.tdf Line: 33
Info (12128): Elaborating entity "SdfUnit" for hierarchy "FFT:fft|SdfUnit:SU5" File: E:/USYD/USYD_2-2/MTRX3700/ASSIGNMENT2/WORK/V9_Sample_Trained/rtl/fft/FFT.v Line: 87
Warning (10230): Verilog HDL assignment warning at SdfUnit.v(232): truncated value with size 10 to match size of target (8) File: E:/USYD/USYD_2-2/MTRX3700/ASSIGNMENT2/WORK/V9_Sample_Trained/rtl/fft/SdfUnit.v Line: 232
Info (12128): Elaborating entity "DelayBuffer" for hierarchy "FFT:fft|SdfUnit:SU5|DelayBuffer:DB1" File: E:/USYD/USYD_2-2/MTRX3700/ASSIGNMENT2/WORK/V9_Sample_Trained/rtl/fft/SdfUnit.v Line: 135
Warning (10230): Verilog HDL assignment warning at DelayBuffer.v(32): truncated value with size 32 to match size of target (1) File: E:/USYD/USYD_2-2/MTRX3700/ASSIGNMENT2/WORK/V9_Sample_Trained/rtl/fft/DelayBuffer.v Line: 32
Info (12128): Elaborating entity "sync_ram" for hierarchy "FFT:fft|SdfUnit:SU5|DelayBuffer:DB1|sync_ram:ring.memory" File: E:/USYD/USYD_2-2/MTRX3700/ASSIGNMENT2/WORK/V9_Sample_Trained/rtl/fft/DelayBuffer.v Line: 30
Info (12128): Elaborating entity "altsyncram" for hierarchy "FFT:fft|SdfUnit:SU5|DelayBuffer:DB1|sync_ram:ring.memory|altsyncram:ram" File: E:/USYD/USYD_2-2/MTRX3700/ASSIGNMENT2/WORK/V9_Sample_Trained/rtl/sync_ram.sv Line: 19
Info (12130): Elaborated megafunction instantiation "FFT:fft|SdfUnit:SU5|DelayBuffer:DB1|sync_ram:ring.memory|altsyncram:ram" File: E:/USYD/USYD_2-2/MTRX3700/ASSIGNMENT2/WORK/V9_Sample_Trained/rtl/sync_ram.sv Line: 19
Info (12133): Instantiated megafunction "FFT:fft|SdfUnit:SU5|DelayBuffer:DB1|sync_ram:ring.memory|altsyncram:ram" with the following parameter: File: E:/USYD/USYD_2-2/MTRX3700/ASSIGNMENT2/WORK/V9_Sample_Trained/rtl/sync_ram.sv Line: 19
    Info (12134): Parameter "operation_mode" = "DUAL_PORT"
    Info (12134): Parameter "width_a" = "32"
    Info (12134): Parameter "widthad_a" = "1"
    Info (12134): Parameter "numwords_a" = "1"
    Info (12134): Parameter "width_b" = "32"
    Info (12134): Parameter "widthad_b" = "1"
    Info (12134): Parameter "numwords_b" = "1"
    Info (12134): Parameter "width_byteena_a" = "1"
    Info (12134): Parameter "address_reg_b" = "CLOCK0"
    Info (12134): Parameter "outdata_reg_b" = "UNREGISTERED"
    Info (12134): Parameter "read_during_write_mode_mixed_ports" = "OLD_DATA"
    Info (12134): Parameter "ram_block_type" = "M10K"
    Info (12134): Parameter "intended_device_family" = "Cyclone V"
    Info (12134): Parameter "lpm_type" = "altsyncram"
Info (12021): Found 1 design units, including 1 entities, in source file db/altsyncram_e2h1.tdf
    Info (12023): Found entity 1: altsyncram_e2h1 File: E:/USYD/USYD_2-2/MTRX3700/ASSIGNMENT2/WORK/V9_Sample_Trained/db/altsyncram_e2h1.tdf Line: 27
Info (12128): Elaborating entity "altsyncram_e2h1" for hierarchy "FFT:fft|SdfUnit:SU5|DelayBuffer:DB1|sync_ram:ring.memory|altsyncram:ram|altsyncram_e2h1:auto_generated" File: e:/intelfpga_lite/18.1/quartus/libraries/megafunctions/altsyncram.tdf Line: 791
Warning (287013): Variable or input pin "data_b" is defined but never used. File: E:/USYD/USYD_2-2/MTRX3700/ASSIGNMENT2/WORK/V9_Sample_Trained/db/altsyncram_e2h1.tdf Line: 33
Info (12128): Elaborating entity "DelayBuffer" for hierarchy "FFT:fft|SdfUnit:SU5|DelayBuffer:DB2" File: E:/USYD/USYD_2-2/MTRX3700/ASSIGNMENT2/WORK/V9_Sample_Trained/rtl/fft/SdfUnit.v Line: 192
Info (12128): Elaborating entity "fft_mag_sq" for hierarchy "fft_mag_sq:power_stage" File: E:/USYD/USYD_2-2/MTRX3700/ASSIGNMENT2/WORK/V9_Sample_Trained/rtl/shine_sing_top.sv Line: 48
Info (12128): Elaborating entity "audio_features" for hierarchy "audio_features:features" File: E:/USYD/USYD_2-2/MTRX3700/ASSIGNMENT2/WORK/V9_Sample_Trained/rtl/shine_sing_top.sv Line: 52
Warning (10230): Verilog HDL assignment warning at audio_features.sv(54): truncated value with size 34 to match size of target (33) File: E:/USYD/USYD_2-2/MTRX3700/ASSIGNMENT2/WORK/V9_Sample_Trained/rtl/audio_features.sv Line: 54
Warning (10230): Verilog HDL assignment warning at audio_features.sv(105): truncated value with size 32 to match size of target (16) File: E:/USYD/USYD_2-2/MTRX3700/ASSIGNMENT2/WORK/V9_Sample_Trained/rtl/audio_features.sv Line: 105
Warning (10230): Verilog HDL assignment warning at audio_features.sv(110): truncated value with size 32 to match size of target (5) File: E:/USYD/USYD_2-2/MTRX3700/ASSIGNMENT2/WORK/V9_Sample_Trained/rtl/audio_features.sv Line: 110
Info (12128): Elaborating entity "audio_level" for hierarchy "audio_level:meter" File: E:/USYD/USYD_2-2/MTRX3700/ASSIGNMENT2/WORK/V9_Sample_Trained/rtl/shine_sing_top.sv Line: 57
Warning (10230): Verilog HDL assignment warning at audio_level.sv(52): truncated value with size 32 to match size of target (17) File: E:/USYD/USYD_2-2/MTRX3700/ASSIGNMENT2/WORK/V9_Sample_Trained/rtl/audio_level.sv Line: 52
Info (12128): Elaborating entity "classifier" for hierarchy "classifier:recognizer" File: E:/USYD/USYD_2-2/MTRX3700/ASSIGNMENT2/WORK/V9_Sample_Trained/rtl/shine_sing_top.sv Line: 64
Warning (10230): Verilog HDL assignment warning at classifier.sv(77): truncated value with size 32 to match size of target (2) File: E:/USYD/USYD_2-2/MTRX3700/ASSIGNMENT2/WORK/V9_Sample_Trained/rtl/classifier.sv Line: 77
Warning (10027): Verilog HDL or VHDL warning at the classifier.sv(77): index expression is not wide enough to address all of the elements in the array File: E:/USYD/USYD_2-2/MTRX3700/ASSIGNMENT2/WORK/V9_Sample_Trained/rtl/classifier.sv Line: 77
Info (10008): Verilog HDL or VHDL information: EDA Netlist Writer cannot regroup multidimensional array "templ" into its bus
Info (10008): Verilog HDL or VHDL information: EDA Netlist Writer cannot regroup multidimensional array "enrolled" into its bus
Info (12128): Elaborating entity "hex_seg" for hierarchy "hex_seg:h0" File: E:/USYD/USYD_2-2/MTRX3700/ASSIGNMENT2/WORK/V9_Sample_Trained/rtl/shine_sing_top.sv Line: 66
Info (12128): Elaborating entity "cdc_mailbox" for hierarchy "cdc_mailbox:decision_cdc" File: E:/USYD/USYD_2-2/MTRX3700/ASSIGNMENT2/WORK/V9_Sample_Trained/rtl/shine_sing_top.sv Line: 77
Info (12128): Elaborating entity "game" for hierarchy "game:game_logic" File: E:/USYD/USYD_2-2/MTRX3700/ASSIGNMENT2/WORK/V9_Sample_Trained/rtl/shine_sing_top.sv Line: 87
Info (12128): Elaborating entity "game_controller" for hierarchy "game:game_logic|game_controller:controller" File: E:/USYD/USYD_2-2/MTRX3700/ASSIGNMENT2/WORK/V9_Sample_Trained/rtl/game.sv Line: 20
Info (12128): Elaborating entity "reaction_time_fsm" for hierarchy "game:game_logic|reaction_time_fsm:lanes[0].lane" File: E:/USYD/USYD_2-2/MTRX3700/ASSIGNMENT2/WORK/V9_Sample_Trained/rtl/game.sv Line: 27
Warning (10230): Verilog HDL assignment warning at reaction_time_fsm.sv(120): truncated value with size 32 to match size of target (25) File: E:/USYD/USYD_2-2/MTRX3700/ASSIGNMENT2/WORK/V9_Sample_Trained/rtl/reaction_time_fsm.sv Line: 120
Info (12128): Elaborating entity "image_store" for hierarchy "image_store:images" File: E:/USYD/USYD_2-2/MTRX3700/ASSIGNMENT2/WORK/V9_Sample_Trained/rtl/shine_sing_top.sv Line: 92
Warning (10858): Verilog HDL warning at image_store.sv(9): object image0 used but never assigned File: E:/USYD/USYD_2-2/MTRX3700/ASSIGNMENT2/WORK/V9_Sample_Trained/rtl/image_store.sv Line: 9
Warning (10858): Verilog HDL warning at image_store.sv(10): object image1 used but never assigned File: E:/USYD/USYD_2-2/MTRX3700/ASSIGNMENT2/WORK/V9_Sample_Trained/rtl/image_store.sv Line: 10
Warning (10858): Verilog HDL warning at image_store.sv(11): object image2 used but never assigned File: E:/USYD/USYD_2-2/MTRX3700/ASSIGNMENT2/WORK/V9_Sample_Trained/rtl/image_store.sv Line: 11
Info (12128): Elaborating entity "piano_detector" for hierarchy "piano_detector:detector" File: E:/USYD/USYD_2-2/MTRX3700/ASSIGNMENT2/WORK/V9_Sample_Trained/rtl/shine_sing_top.sv Line: 103
Warning (10230): Verilog HDL assignment warning at piano_detector.sv(145): truncated value with size 32 to match size of target (8) File: E:/USYD/USYD_2-2/MTRX3700/ASSIGNMENT2/WORK/V9_Sample_Trained/rtl/piano_detector.sv Line: 145
Warning (10230): Verilog HDL assignment warning at piano_detector.sv(146): truncated value with size 32 to match size of target (8) File: E:/USYD/USYD_2-2/MTRX3700/ASSIGNMENT2/WORK/V9_Sample_Trained/rtl/piano_detector.sv Line: 146
Info (12128): Elaborating entity "conv3x3" for hierarchy "piano_detector:detector|conv3x3:blur_filter" File: E:/USYD/USYD_2-2/MTRX3700/ASSIGNMENT2/WORK/V9_Sample_Trained/rtl/piano_detector.sv Line: 72
Info (10008): Verilog HDL or VHDL information: EDA Netlist Writer cannot regroup multidimensional array "w" into its bus
Info (12128): Elaborating entity "sync_ram" for hierarchy "piano_detector:detector|conv3x3:blur_filter|sync_ram:linebuf1" File: E:/USYD/USYD_2-2/MTRX3700/ASSIGNMENT2/WORK/V9_Sample_Trained/rtl/reuse/conv3x3.sv Line: 58
Info (12128): Elaborating entity "altsyncram" for hierarchy "piano_detector:detector|conv3x3:blur_filter|sync_ram:linebuf1|altsyncram:ram" File: E:/USYD/USYD_2-2/MTRX3700/ASSIGNMENT2/WORK/V9_Sample_Trained/rtl/sync_ram.sv Line: 19
Info (12130): Elaborated megafunction instantiation "piano_detector:detector|conv3x3:blur_filter|sync_ram:linebuf1|altsyncram:ram" File: E:/USYD/USYD_2-2/MTRX3700/ASSIGNMENT2/WORK/V9_Sample_Trained/rtl/sync_ram.sv Line: 19
Info (12133): Instantiated megafunction "piano_detector:detector|conv3x3:blur_filter|sync_ram:linebuf1|altsyncram:ram" with the following parameter: File: E:/USYD/USYD_2-2/MTRX3700/ASSIGNMENT2/WORK/V9_Sample_Trained/rtl/sync_ram.sv Line: 19
    Info (12134): Parameter "operation_mode" = "DUAL_PORT"
    Info (12134): Parameter "width_a" = "8"
    Info (12134): Parameter "widthad_a" = "9"
    Info (12134): Parameter "numwords_a" = "320"
    Info (12134): Parameter "width_b" = "8"
    Info (12134): Parameter "widthad_b" = "9"
    Info (12134): Parameter "numwords_b" = "320"
    Info (12134): Parameter "width_byteena_a" = "1"
    Info (12134): Parameter "address_reg_b" = "CLOCK0"
    Info (12134): Parameter "outdata_reg_b" = "UNREGISTERED"
    Info (12134): Parameter "read_during_write_mode_mixed_ports" = "OLD_DATA"
    Info (12134): Parameter "ram_block_type" = "M10K"
    Info (12134): Parameter "intended_device_family" = "Cyclone V"
    Info (12134): Parameter "lpm_type" = "altsyncram"
Info (12021): Found 1 design units, including 1 entities, in source file db/altsyncram_c6h1.tdf
    Info (12023): Found entity 1: altsyncram_c6h1 File: E:/USYD/USYD_2-2/MTRX3700/ASSIGNMENT2/WORK/V9_Sample_Trained/db/altsyncram_c6h1.tdf Line: 27
Info (12128): Elaborating entity "altsyncram_c6h1" for hierarchy "piano_detector:detector|conv3x3:blur_filter|sync_ram:linebuf1|altsyncram:ram|altsyncram_c6h1:auto_generated" File: e:/intelfpga_lite/18.1/quartus/libraries/megafunctions/altsyncram.tdf Line: 791
Warning (287013): Variable or input pin "data_b" is defined but never used. File: E:/USYD/USYD_2-2/MTRX3700/ASSIGNMENT2/WORK/V9_Sample_Trained/db/altsyncram_c6h1.tdf Line: 33
Info (12128): Elaborating entity "sobel" for hierarchy "piano_detector:detector|sobel:sobel_filter" File: E:/USYD/USYD_2-2/MTRX3700/ASSIGNMENT2/WORK/V9_Sample_Trained/rtl/piano_detector.sv Line: 80
Info (12128): Elaborating entity "conv3x3" for hierarchy "piano_detector:detector|sobel:sobel_filter|conv3x3:u_gx" File: E:/USYD/USYD_2-2/MTRX3700/ASSIGNMENT2/WORK/V9_Sample_Trained/rtl/reuse/sobel.sv Line: 35
Info (10008): Verilog HDL or VHDL information: EDA Netlist Writer cannot regroup multidimensional array "w" into its bus
Info (12128): Elaborating entity "conv3x3" for hierarchy "piano_detector:detector|sobel:sobel_filter|conv3x3:u_gy" File: E:/USYD/USYD_2-2/MTRX3700/ASSIGNMENT2/WORK/V9_Sample_Trained/rtl/reuse/sobel.sv Line: 39
Info (10008): Verilog HDL or VHDL information: EDA Netlist Writer cannot regroup multidimensional array "w" into its bus
Info (12128): Elaborating entity "cdc_mailbox" for hierarchy "cdc_mailbox:video_cdc" File: E:/USYD/USYD_2-2/MTRX3700/ASSIGNMENT2/WORK/V9_Sample_Trained/rtl/shine_sing_top.sv Line: 109
Info (12128): Elaborating entity "cdc_mailbox" for hierarchy "cdc_mailbox:game_cdc" File: E:/USYD/USYD_2-2/MTRX3700/ASSIGNMENT2/WORK/V9_Sample_Trained/rtl/shine_sing_top.sv Line: 126
Info (12128): Elaborating entity "video_source" for hierarchy "video_source:source" File: E:/USYD/USYD_2-2/MTRX3700/ASSIGNMENT2/WORK/V9_Sample_Trained/rtl/shine_sing_top.sv Line: 132
Warning (10230): Verilog HDL assignment warning at video_source.sv(49): truncated value with size 32 to match size of target (9) File: E:/USYD/USYD_2-2/MTRX3700/ASSIGNMENT2/WORK/V9_Sample_Trained/rtl/video_source.sv Line: 49
Warning (10230): Verilog HDL assignment warning at video_source.sv(49): truncated value with size 32 to match size of target (10) File: E:/USYD/USYD_2-2/MTRX3700/ASSIGNMENT2/WORK/V9_Sample_Trained/rtl/video_source.sv Line: 49
Warning (10230): Verilog HDL assignment warning at video_source.sv(58): truncated value with size 32 to match size of target (4) File: E:/USYD/USYD_2-2/MTRX3700/ASSIGNMENT2/WORK/V9_Sample_Trained/rtl/video_source.sv Line: 58
Warning (10230): Verilog HDL assignment warning at video_source.sv(84): truncated value with size 32 to match size of target (8) File: E:/USYD/USYD_2-2/MTRX3700/ASSIGNMENT2/WORK/V9_Sample_Trained/rtl/video_source.sv Line: 84
Warning (10762): Verilog HDL Case Statement warning at video_source.sv(102): can't check case statement for completeness because the case expression has too many possible states File: E:/USYD/USYD_2-2/MTRX3700/ASSIGNMENT2/WORK/V9_Sample_Trained/rtl/video_source.sv Line: 102
Warning (10230): Verilog HDL assignment warning at video_source.sv(119): truncated value with size 32 to match size of target (8) File: E:/USYD/USYD_2-2/MTRX3700/ASSIGNMENT2/WORK/V9_Sample_Trained/rtl/video_source.sv Line: 119
Info (12128): Elaborating entity "vga_sink" for hierarchy "vga_sink:vga" File: E:/USYD/USYD_2-2/MTRX3700/ASSIGNMENT2/WORK/V9_Sample_Trained/rtl/shine_sing_top.sv Line: 135
Info (12128): Elaborating entity "vga_sink_video_vga_controller_0" for hierarchy "vga_sink:vga|vga_sink_video_vga_controller_0:video_vga_controller_0" File: E:/USYD/USYD_2-2/MTRX3700/ASSIGNMENT2/WORK/V9_Sample_Trained/quartus/vga_sink/synthesis/vga_sink.v Line: 40
Info (12128): Elaborating entity "altera_up_avalon_video_vga_timing" for hierarchy "vga_sink:vga|vga_sink_video_vga_controller_0:video_vga_controller_0|altera_up_avalon_video_vga_timing:VGA_Timing" File: E:/USYD/USYD_2-2/MTRX3700/ASSIGNMENT2/WORK/V9_Sample_Trained/quartus/vga_sink/synthesis/submodules/vga_sink_video_vga_controller_0.v Line: 264
Warning (10230): Verilog HDL assignment warning at altera_up_avalon_video_vga_timing.v(199): truncated value with size 32 to match size of target (10) File: E:/USYD/USYD_2-2/MTRX3700/ASSIGNMENT2/WORK/V9_Sample_Trained/quartus/vga_sink/synthesis/submodules/altera_up_avalon_video_vga_timing.v Line: 199
Warning (10230): Verilog HDL assignment warning at altera_up_avalon_video_vga_timing.v(200): truncated value with size 32 to match size of target (10) File: E:/USYD/USYD_2-2/MTRX3700/ASSIGNMENT2/WORK/V9_Sample_Trained/quartus/vga_sink/synthesis/submodules/altera_up_avalon_video_vga_timing.v Line: 200
Warning (14284): Synthesized away the following node(s):
    Warning (14285): Synthesized away the following RAM node(s):
        Warning (14320): Synthesized away node "piano_detector:detector|sobel:sobel_filter|conv3x3:u_gy|sync_ram:linebuf2|altsyncram:ram|altsyncram_c6h1:auto_generated|q_b[0]" File: E:/USYD/USYD_2-2/MTRX3700/ASSIGNMENT2/WORK/V9_Sample_Trained/db/altsyncram_c6h1.tdf Line: 38
        Warning (14320): Synthesized away node "piano_detector:detector|sobel:sobel_filter|conv3x3:u_gy|sync_ram:linebuf2|altsyncram:ram|altsyncram_c6h1:auto_generated|q_b[1]" File: E:/USYD/USYD_2-2/MTRX3700/ASSIGNMENT2/WORK/V9_Sample_Trained/db/altsyncram_c6h1.tdf Line: 66
        Warning (14320): Synthesized away node "piano_detector:detector|sobel:sobel_filter|conv3x3:u_gy|sync_ram:linebuf2|altsyncram:ram|altsyncram_c6h1:auto_generated|q_b[2]" File: E:/USYD/USYD_2-2/MTRX3700/ASSIGNMENT2/WORK/V9_Sample_Trained/db/altsyncram_c6h1.tdf Line: 94
        Warning (14320): Synthesized away node "piano_detector:detector|sobel:sobel_filter|conv3x3:u_gy|sync_ram:linebuf2|altsyncram:ram|altsyncram_c6h1:auto_generated|q_b[3]" File: E:/USYD/USYD_2-2/MTRX3700/ASSIGNMENT2/WORK/V9_Sample_Trained/db/altsyncram_c6h1.tdf Line: 122
        Warning (14320): Synthesized away node "piano_detector:detector|sobel:sobel_filter|conv3x3:u_gy|sync_ram:linebuf2|altsyncram:ram|altsyncram_c6h1:auto_generated|q_b[4]" File: E:/USYD/USYD_2-2/MTRX3700/ASSIGNMENT2/WORK/V9_Sample_Trained/db/altsyncram_c6h1.tdf Line: 150
        Warning (14320): Synthesized away node "piano_detector:detector|sobel:sobel_filter|conv3x3:u_gy|sync_ram:linebuf2|altsyncram:ram|altsyncram_c6h1:auto_generated|q_b[5]" File: E:/USYD/USYD_2-2/MTRX3700/ASSIGNMENT2/WORK/V9_Sample_Trained/db/altsyncram_c6h1.tdf Line: 178
        Warning (14320): Synthesized away node "piano_detector:detector|sobel:sobel_filter|conv3x3:u_gy|sync_ram:linebuf2|altsyncram:ram|altsyncram_c6h1:auto_generated|q_b[6]" File: E:/USYD/USYD_2-2/MTRX3700/ASSIGNMENT2/WORK/V9_Sample_Trained/db/altsyncram_c6h1.tdf Line: 206
        Warning (14320): Synthesized away node "piano_detector:detector|sobel:sobel_filter|conv3x3:u_gy|sync_ram:linebuf2|altsyncram:ram|altsyncram_c6h1:auto_generated|q_b[7]" File: E:/USYD/USYD_2-2/MTRX3700/ASSIGNMENT2/WORK/V9_Sample_Trained/db/altsyncram_c6h1.tdf Line: 234
        Warning (14320): Synthesized away node "piano_detector:detector|sobel:sobel_filter|conv3x3:u_gy|sync_ram:linebuf1|altsyncram:ram|altsyncram_c6h1:auto_generated|q_b[0]" File: E:/USYD/USYD_2-2/MTRX3700/ASSIGNMENT2/WORK/V9_Sample_Trained/db/altsyncram_c6h1.tdf Line: 38
        Warning (14320): Synthesized away node "piano_detector:detector|sobel:sobel_filter|conv3x3:u_gy|sync_ram:linebuf1|altsyncram:ram|altsyncram_c6h1:auto_generated|q_b[1]" File: E:/USYD/USYD_2-2/MTRX3700/ASSIGNMENT2/WORK/V9_Sample_Trained/db/altsyncram_c6h1.tdf Line: 66
        Warning (14320): Synthesized away node "piano_detector:detector|sobel:sobel_filter|conv3x3:u_gy|sync_ram:linebuf1|altsyncram:ram|altsyncram_c6h1:auto_generated|q_b[2]" File: E:/USYD/USYD_2-2/MTRX3700/ASSIGNMENT2/WORK/V9_Sample_Trained/db/altsyncram_c6h1.tdf Line: 94
        Warning (14320): Synthesized away node "piano_detector:detector|sobel:sobel_filter|conv3x3:u_gy|sync_ram:linebuf1|altsyncram:ram|altsyncram_c6h1:auto_generated|q_b[3]" File: E:/USYD/USYD_2-2/MTRX3700/ASSIGNMENT2/WORK/V9_Sample_Trained/db/altsyncram_c6h1.tdf Line: 122
        Warning (14320): Synthesized away node "piano_detector:detector|sobel:sobel_filter|conv3x3:u_gy|sync_ram:linebuf1|altsyncram:ram|altsyncram_c6h1:auto_generated|q_b[4]" File: E:/USYD/USYD_2-2/MTRX3700/ASSIGNMENT2/WORK/V9_Sample_Trained/db/altsyncram_c6h1.tdf Line: 150
        Warning (14320): Synthesized away node "piano_detector:detector|sobel:sobel_filter|conv3x3:u_gy|sync_ram:linebuf1|altsyncram:ram|altsyncram_c6h1:auto_generated|q_b[5]" File: E:/USYD/USYD_2-2/MTRX3700/ASSIGNMENT2/WORK/V9_Sample_Trained/db/altsyncram_c6h1.tdf Line: 178
        Warning (14320): Synthesized away node "piano_detector:detector|sobel:sobel_filter|conv3x3:u_gy|sync_ram:linebuf1|altsyncram:ram|altsyncram_c6h1:auto_generated|q_b[6]" File: E:/USYD/USYD_2-2/MTRX3700/ASSIGNMENT2/WORK/V9_Sample_Trained/db/altsyncram_c6h1.tdf Line: 206
        Warning (14320): Synthesized away node "piano_detector:detector|sobel:sobel_filter|conv3x3:u_gy|sync_ram:linebuf1|altsyncram:ram|altsyncram_c6h1:auto_generated|q_b[7]" File: E:/USYD/USYD_2-2/MTRX3700/ASSIGNMENT2/WORK/V9_Sample_Trained/db/altsyncram_c6h1.tdf Line: 234
Warning (276027): Inferred dual-clock RAM node "edges_rtl_0" from synchronous design logic.  The read-during-write behavior of a dual-clock RAM is undefined and may not match the behavior of the original design.
Info (19000): Inferred 4 megafunctions from design logic
    Info (276029): Inferred altsyncram megafunction from the following design logic: "edges_rtl_0" 
        Info (286033): Parameter OPERATION_MODE set to DUAL_PORT
        Info (286033): Parameter WIDTH_A set to 4
        Info (286033): Parameter WIDTHAD_A set to 18
        Info (286033): Parameter NUMWORDS_A set to 153600
        Info (286033): Parameter WIDTH_B set to 4
        Info (286033): Parameter WIDTHAD_B set to 18
        Info (286033): Parameter NUMWORDS_B set to 153600
        Info (286033): Parameter ADDRESS_ACLR_A set to NONE
        Info (286033): Parameter OUTDATA_REG_B set to UNREGISTERED
        Info (286033): Parameter ADDRESS_ACLR_B set to NONE
        Info (286033): Parameter OUTDATA_ACLR_B set to NONE
        Info (286033): Parameter ADDRESS_REG_B set to CLOCK1
        Info (286033): Parameter INDATA_ACLR_A set to NONE
        Info (286033): Parameter WRCONTROL_ACLR_A set to NONE
    Info (276029): Inferred altsyncram megafunction from the following design logic: "image_store:images|image0_rtl_0" 
        Info (286033): Parameter OPERATION_MODE set to BIDIR_DUAL_PORT
        Info (286033): Parameter WIDTH_A set to 8
        Info (286033): Parameter WIDTH_B set to 8
        Info (286033): Parameter WIDTHAD_A set to 17
        Info (286033): Parameter WIDTHAD_B set to 17
        Info (286033): Parameter NUMWORDS_A set to 76800
        Info (286033): Parameter NUMWORDS_B set to 76800
        Info (286033): Parameter OUTDATA_REG_A set to UNREGISTERED
        Info (286033): Parameter OUTDATA_REG_B set to UNREGISTERED
        Info (286033): Parameter ADDRESS_REG_B set to CLOCK1
        Info (286033): Parameter INDATA_REG_B set to CLOCK1
        Info (286033): Parameter WRCONTROL_WRADDRESS_REG_B set to CLOCK1
        Info (286033): Parameter INDATA_ACLR_A set to NONE
        Info (286033): Parameter WRCONTROL_ACLR_A set to NONE
        Info (286033): Parameter ADDRESS_ACLR_A set to NONE
        Info (286033): Parameter ADDRESS_ACLR_B set to NONE
        Info (286033): Parameter OUTDATA_ACLR_B set to NONE
        Info (286033): Parameter INIT_FILE set to assets/piano0.mif
    Info (276029): Inferred altsyncram megafunction from the following design logic: "image_store:images|image1_rtl_0" 
        Info (286033): Parameter OPERATION_MODE set to BIDIR_DUAL_PORT
        Info (286033): Parameter WIDTH_A set to 8
        Info (286033): Parameter WIDTH_B set to 8
        Info (286033): Parameter WIDTHAD_A set to 17
        Info (286033): Parameter WIDTHAD_B set to 17
        Info (286033): Parameter NUMWORDS_A set to 76800
        Info (286033): Parameter NUMWORDS_B set to 76800
        Info (286033): Parameter OUTDATA_REG_A set to UNREGISTERED
        Info (286033): Parameter OUTDATA_REG_B set to UNREGISTERED
        Info (286033): Parameter ADDRESS_REG_B set to CLOCK1
        Info (286033): Parameter INDATA_REG_B set to CLOCK1
        Info (286033): Parameter WRCONTROL_WRADDRESS_REG_B set to CLOCK1
        Info (286033): Parameter INDATA_ACLR_A set to NONE
        Info (286033): Parameter WRCONTROL_ACLR_A set to NONE
        Info (286033): Parameter ADDRESS_ACLR_A set to NONE
        Info (286033): Parameter ADDRESS_ACLR_B set to NONE
        Info (286033): Parameter OUTDATA_ACLR_B set to NONE
        Info (286033): Parameter INIT_FILE set to assets/piano1.mif
    Info (276029): Inferred altsyncram megafunction from the following design logic: "image_store:images|image2_rtl_0" 
        Info (286033): Parameter OPERATION_MODE set to BIDIR_DUAL_PORT
        Info (286033): Parameter WIDTH_A set to 8
        Info (286033): Parameter WIDTH_B set to 8
        Info (286033): Parameter WIDTHAD_A set to 17
        Info (286033): Parameter WIDTHAD_B set to 17
        Info (286033): Parameter NUMWORDS_A set to 76800
        Info (286033): Parameter NUMWORDS_B set to 76800
        Info (286033): Parameter OUTDATA_REG_A set to UNREGISTERED
        Info (286033): Parameter OUTDATA_REG_B set to UNREGISTERED
        Info (286033): Parameter ADDRESS_REG_B set to CLOCK1
        Info (286033): Parameter INDATA_REG_B set to CLOCK1
        Info (286033): Parameter WRCONTROL_WRADDRESS_REG_B set to CLOCK1
        Info (286033): Parameter INDATA_ACLR_A set to NONE
        Info (286033): Parameter WRCONTROL_ACLR_A set to NONE
        Info (286033): Parameter ADDRESS_ACLR_A set to NONE
        Info (286033): Parameter ADDRESS_ACLR_B set to NONE
        Info (286033): Parameter OUTDATA_ACLR_B set to NONE
        Info (286033): Parameter INIT_FILE set to assets/piano2.mif
Info (278001): Inferred 15 megafunctions from design logic
    Info (278004): Inferred divider/modulo megafunction ("lpm_divide") from the following logic: "video_source:source|Div3" File: E:/USYD/USYD_2-2/MTRX3700/ASSIGNMENT2/WORK/V9_Sample_Trained/rtl/video_source.sv Line: 97
    Info (278004): Inferred divider/modulo megafunction ("lpm_divide") from the following logic: "video_source:source|Div2" File: E:/USYD/USYD_2-2/MTRX3700/ASSIGNMENT2/WORK/V9_Sample_Trained/rtl/video_source.sv Line: 96
    Info (278004): Inferred divider/modulo megafunction ("lpm_divide") from the following logic: "video_source:source|Mod0" File: E:/USYD/USYD_2-2/MTRX3700/ASSIGNMENT2/WORK/V9_Sample_Trained/rtl/video_source.sv Line: 109
    Info (278004): Inferred divider/modulo megafunction ("lpm_divide") from the following logic: "video_source:source|Div4" File: E:/USYD/USYD_2-2/MTRX3700/ASSIGNMENT2/WORK/V9_Sample_Trained/rtl/video_source.sv Line: 109
    Info (278004): Inferred divider/modulo megafunction ("lpm_divide") from the following logic: "video_source:source|Div1" File: E:/USYD/USYD_2-2/MTRX3700/ASSIGNMENT2/WORK/V9_Sample_Trained/rtl/video_source.sv Line: 95
    Info (278004): Inferred divider/modulo megafunction ("lpm_divide") from the following logic: "video_source:source|Div0" File: E:/USYD/USYD_2-2/MTRX3700/ASSIGNMENT2/WORK/V9_Sample_Trained/rtl/video_source.sv Line: 91
    Info (278004): Inferred divider/modulo megafunction ("lpm_divide") from the following logic: "video_source:source|Div5" File: E:/USYD/USYD_2-2/MTRX3700/ASSIGNMENT2/WORK/V9_Sample_Trained/rtl/video_source.sv Line: 119
    Info (278004): Inferred divider/modulo megafunction ("lpm_divide") from the following logic: "codec_config:codec|Mod0" File: E:/USYD/USYD_2-2/MTRX3700/ASSIGNMENT2/WORK/V9_Sample_Trained/rtl/codec_config.sv Line: 22
    Info (278004): Inferred divider/modulo megafunction ("lpm_divide") from the following logic: "codec_config:codec|Div0" File: E:/USYD/USYD_2-2/MTRX3700/ASSIGNMENT2/WORK/V9_Sample_Trained/rtl/codec_config.sv Line: 22
    Info (278004): Inferred divider/modulo megafunction ("lpm_divide") from the following logic: "Mod1" File: E:/USYD/USYD_2-2/MTRX3700/ASSIGNMENT2/WORK/V9_Sample_Trained/rtl/shine_sing_top.sv Line: 69
    Info (278004): Inferred divider/modulo megafunction ("lpm_divide") from the following logic: "Div1" File: E:/USYD/USYD_2-2/MTRX3700/ASSIGNMENT2/WORK/V9_Sample_Trained/rtl/shine_sing_top.sv Line: 70
    Info (278004): Inferred divider/modulo megafunction ("lpm_divide") from the following logic: "Mod2" File: E:/USYD/USYD_2-2/MTRX3700/ASSIGNMENT2/WORK/V9_Sample_Trained/rtl/shine_sing_top.sv Line: 70
    Info (278004): Inferred divider/modulo megafunction ("lpm_divide") from the following logic: "Div2" File: E:/USYD/USYD_2-2/MTRX3700/ASSIGNMENT2/WORK/V9_Sample_Trained/rtl/shine_sing_top.sv Line: 71
    Info (278004): Inferred divider/modulo megafunction ("lpm_divide") from the following logic: "Mod0" File: E:/USYD/USYD_2-2/MTRX3700/ASSIGNMENT2/WORK/V9_Sample_Trained/rtl/shine_sing_top.sv Line: 66
    Info (278004): Inferred divider/modulo megafunction ("lpm_divide") from the following logic: "Div0" File: E:/USYD/USYD_2-2/MTRX3700/ASSIGNMENT2/WORK/V9_Sample_Trained/rtl/shine_sing_top.sv Line: 67
Info (12130): Elaborated megafunction instantiation "altsyncram:edges_rtl_0"
Info (12133): Instantiated megafunction "altsyncram:edges_rtl_0" with the following parameter:
    Info (12134): Parameter "OPERATION_MODE" = "DUAL_PORT"
    Info (12134): Parameter "WIDTH_A" = "4"
    Info (12134): Parameter "WIDTHAD_A" = "18"
    Info (12134): Parameter "NUMWORDS_A" = "153600"
    Info (12134): Parameter "WIDTH_B" = "4"
    Info (12134): Parameter "WIDTHAD_B" = "18"
    Info (12134): Parameter "NUMWORDS_B" = "153600"
    Info (12134): Parameter "ADDRESS_ACLR_A" = "NONE"
    Info (12134): Parameter "OUTDATA_REG_B" = "UNREGISTERED"
    Info (12134): Parameter "ADDRESS_ACLR_B" = "NONE"
    Info (12134): Parameter "OUTDATA_ACLR_B" = "NONE"
    Info (12134): Parameter "ADDRESS_REG_B" = "CLOCK1"
    Info (12134): Parameter "INDATA_ACLR_A" = "NONE"
    Info (12134): Parameter "WRCONTROL_ACLR_A" = "NONE"
Info (12021): Found 1 design units, including 1 entities, in source file db/altsyncram_uij1.tdf
    Info (12023): Found entity 1: altsyncram_uij1 File: E:/USYD/USYD_2-2/MTRX3700/ASSIGNMENT2/WORK/V9_Sample_Trained/db/altsyncram_uij1.tdf Line: 33
Info (12021): Found 1 design units, including 1 entities, in source file db/decode_1na.tdf
    Info (12023): Found entity 1: decode_1na File: E:/USYD/USYD_2-2/MTRX3700/ASSIGNMENT2/WORK/V9_Sample_Trained/db/decode_1na.tdf Line: 22
Info (12021): Found 1 design units, including 1 entities, in source file db/decode_q2a.tdf
    Info (12023): Found entity 1: decode_q2a File: E:/USYD/USYD_2-2/MTRX3700/ASSIGNMENT2/WORK/V9_Sample_Trained/db/decode_q2a.tdf Line: 22
Info (12021): Found 1 design units, including 1 entities, in source file db/mux_dhb.tdf
    Info (12023): Found entity 1: mux_dhb File: E:/USYD/USYD_2-2/MTRX3700/ASSIGNMENT2/WORK/V9_Sample_Trained/db/mux_dhb.tdf Line: 22
Info (12130): Elaborated megafunction instantiation "image_store:images|altsyncram:image0_rtl_0"
Info (12133): Instantiated megafunction "image_store:images|altsyncram:image0_rtl_0" with the following parameter:
    Info (12134): Parameter "OPERATION_MODE" = "BIDIR_DUAL_PORT"
    Info (12134): Parameter "WIDTH_A" = "8"
    Info (12134): Parameter "WIDTH_B" = "8"
    Info (12134): Parameter "WIDTHAD_A" = "17"
    Info (12134): Parameter "WIDTHAD_B" = "17"
    Info (12134): Parameter "NUMWORDS_A" = "76800"
    Info (12134): Parameter "NUMWORDS_B" = "76800"
    Info (12134): Parameter "OUTDATA_REG_A" = "UNREGISTERED"
    Info (12134): Parameter "OUTDATA_REG_B" = "UNREGISTERED"
    Info (12134): Parameter "ADDRESS_REG_B" = "CLOCK1"
    Info (12134): Parameter "INDATA_REG_B" = "CLOCK1"
    Info (12134): Parameter "WRCONTROL_WRADDRESS_REG_B" = "CLOCK1"
    Info (12134): Parameter "INDATA_ACLR_A" = "NONE"
    Info (12134): Parameter "WRCONTROL_ACLR_A" = "NONE"
    Info (12134): Parameter "ADDRESS_ACLR_A" = "NONE"
    Info (12134): Parameter "ADDRESS_ACLR_B" = "NONE"
    Info (12134): Parameter "OUTDATA_ACLR_B" = "NONE"
    Info (12134): Parameter "INIT_FILE" = "assets/piano0.mif"
Info (12021): Found 1 design units, including 1 entities, in source file db/altsyncram_trt1.tdf
    Info (12023): Found entity 1: altsyncram_trt1 File: E:/USYD/USYD_2-2/MTRX3700/ASSIGNMENT2/WORK/V9_Sample_Trained/db/altsyncram_trt1.tdf Line: 33
Info (12021): Found 1 design units, including 1 entities, in source file db/decode_nma.tdf
    Info (12023): Found entity 1: decode_nma File: E:/USYD/USYD_2-2/MTRX3700/ASSIGNMENT2/WORK/V9_Sample_Trained/db/decode_nma.tdf Line: 22
Info (12021): Found 1 design units, including 1 entities, in source file db/decode_g2a.tdf
    Info (12023): Found entity 1: decode_g2a File: E:/USYD/USYD_2-2/MTRX3700/ASSIGNMENT2/WORK/V9_Sample_Trained/db/decode_g2a.tdf Line: 22
Info (12021): Found 1 design units, including 1 entities, in source file db/mux_7hb.tdf
    Info (12023): Found entity 1: mux_7hb File: E:/USYD/USYD_2-2/MTRX3700/ASSIGNMENT2/WORK/V9_Sample_Trained/db/mux_7hb.tdf Line: 22
Info (12130): Elaborated megafunction instantiation "image_store:images|altsyncram:image1_rtl_0"
Info (12133): Instantiated megafunction "image_store:images|altsyncram:image1_rtl_0" with the following parameter:
    Info (12134): Parameter "OPERATION_MODE" = "BIDIR_DUAL_PORT"
    Info (12134): Parameter "WIDTH_A" = "8"
    Info (12134): Parameter "WIDTH_B" = "8"
    Info (12134): Parameter "WIDTHAD_A" = "17"
    Info (12134): Parameter "WIDTHAD_B" = "17"
    Info (12134): Parameter "NUMWORDS_A" = "76800"
    Info (12134): Parameter "NUMWORDS_B" = "76800"
    Info (12134): Parameter "OUTDATA_REG_A" = "UNREGISTERED"
    Info (12134): Parameter "OUTDATA_REG_B" = "UNREGISTERED"
    Info (12134): Parameter "ADDRESS_REG_B" = "CLOCK1"
    Info (12134): Parameter "INDATA_REG_B" = "CLOCK1"
    Info (12134): Parameter "WRCONTROL_WRADDRESS_REG_B" = "CLOCK1"
    Info (12134): Parameter "INDATA_ACLR_A" = "NONE"
    Info (12134): Parameter "WRCONTROL_ACLR_A" = "NONE"
    Info (12134): Parameter "ADDRESS_ACLR_A" = "NONE"
    Info (12134): Parameter "ADDRESS_ACLR_B" = "NONE"
    Info (12134): Parameter "OUTDATA_ACLR_B" = "NONE"
    Info (12134): Parameter "INIT_FILE" = "assets/piano1.mif"
Info (12021): Found 1 design units, including 1 entities, in source file db/altsyncram_urt1.tdf
    Info (12023): Found entity 1: altsyncram_urt1 File: E:/USYD/USYD_2-2/MTRX3700/ASSIGNMENT2/WORK/V9_Sample_Trained/db/altsyncram_urt1.tdf Line: 33
Info (12130): Elaborated megafunction instantiation "image_store:images|altsyncram:image2_rtl_0"
Info (12133): Instantiated megafunction "image_store:images|altsyncram:image2_rtl_0" with the following parameter:
    Info (12134): Parameter "OPERATION_MODE" = "BIDIR_DUAL_PORT"
    Info (12134): Parameter "WIDTH_A" = "8"
    Info (12134): Parameter "WIDTH_B" = "8"
    Info (12134): Parameter "WIDTHAD_A" = "17"
    Info (12134): Parameter "WIDTHAD_B" = "17"
    Info (12134): Parameter "NUMWORDS_A" = "76800"
    Info (12134): Parameter "NUMWORDS_B" = "76800"
    Info (12134): Parameter "OUTDATA_REG_A" = "UNREGISTERED"
    Info (12134): Parameter "OUTDATA_REG_B" = "UNREGISTERED"
    Info (12134): Parameter "ADDRESS_REG_B" = "CLOCK1"
    Info (12134): Parameter "INDATA_REG_B" = "CLOCK1"
    Info (12134): Parameter "WRCONTROL_WRADDRESS_REG_B" = "CLOCK1"
    Info (12134): Parameter "INDATA_ACLR_A" = "NONE"
    Info (12134): Parameter "WRCONTROL_ACLR_A" = "NONE"
    Info (12134): Parameter "ADDRESS_ACLR_A" = "NONE"
    Info (12134): Parameter "ADDRESS_ACLR_B" = "NONE"
    Info (12134): Parameter "OUTDATA_ACLR_B" = "NONE"
    Info (12134): Parameter "INIT_FILE" = "assets/piano2.mif"
Info (12021): Found 1 design units, including 1 entities, in source file db/altsyncram_vrt1.tdf
    Info (12023): Found entity 1: altsyncram_vrt1 File: E:/USYD/USYD_2-2/MTRX3700/ASSIGNMENT2/WORK/V9_Sample_Trained/db/altsyncram_vrt1.tdf Line: 33
Info (12130): Elaborated megafunction instantiation "video_source:source|lpm_divide:Div3" File: E:/USYD/USYD_2-2/MTRX3700/ASSIGNMENT2/WORK/V9_Sample_Trained/rtl/video_source.sv Line: 97
Info (12133): Instantiated megafunction "video_source:source|lpm_divide:Div3" with the following parameter: File: E:/USYD/USYD_2-2/MTRX3700/ASSIGNMENT2/WORK/V9_Sample_Trained/rtl/video_source.sv Line: 97
    Info (12134): Parameter "LPM_WIDTHN" = "18"
    Info (12134): Parameter "LPM_WIDTHD" = "8"
    Info (12134): Parameter "LPM_NREPRESENTATION" = "UNSIGNED"
    Info (12134): Parameter "LPM_DREPRESENTATION" = "UNSIGNED"
Info (12021): Found 1 design units, including 1 entities, in source file db/lpm_divide_qbm.tdf
    Info (12023): Found entity 1: lpm_divide_qbm File: E:/USYD/USYD_2-2/MTRX3700/ASSIGNMENT2/WORK/V9_Sample_Trained/db/lpm_divide_qbm.tdf Line: 24
Info (12021): Found 1 design units, including 1 entities, in source file db/sign_div_unsign_0mh.tdf
    Info (12023): Found entity 1: sign_div_unsign_0mh File: E:/USYD/USYD_2-2/MTRX3700/ASSIGNMENT2/WORK/V9_Sample_Trained/db/sign_div_unsign_0mh.tdf Line: 24
Info (12021): Found 1 design units, including 1 entities, in source file db/alt_u_div_60f.tdf
    Info (12023): Found entity 1: alt_u_div_60f File: E:/USYD/USYD_2-2/MTRX3700/ASSIGNMENT2/WORK/V9_Sample_Trained/db/alt_u_div_60f.tdf Line: 22
Info (12130): Elaborated megafunction instantiation "video_source:source|lpm_divide:Mod0" File: E:/USYD/USYD_2-2/MTRX3700/ASSIGNMENT2/WORK/V9_Sample_Trained/rtl/video_source.sv Line: 109
Info (12133): Instantiated megafunction "video_source:source|lpm_divide:Mod0" with the following parameter: File: E:/USYD/USYD_2-2/MTRX3700/ASSIGNMENT2/WORK/V9_Sample_Trained/rtl/video_source.sv Line: 109
    Info (12134): Parameter "LPM_WIDTHN" = "7"
    Info (12134): Parameter "LPM_WIDTHD" = "4"
    Info (12134): Parameter "LPM_NREPRESENTATION" = "UNSIGNED"
    Info (12134): Parameter "LPM_DREPRESENTATION" = "UNSIGNED"
Info (12021): Found 1 design units, including 1 entities, in source file db/lpm_divide_72m.tdf
    Info (12023): Found entity 1: lpm_divide_72m File: E:/USYD/USYD_2-2/MTRX3700/ASSIGNMENT2/WORK/V9_Sample_Trained/db/lpm_divide_72m.tdf Line: 24
Info (12021): Found 1 design units, including 1 entities, in source file db/sign_div_unsign_akh.tdf
    Info (12023): Found entity 1: sign_div_unsign_akh File: E:/USYD/USYD_2-2/MTRX3700/ASSIGNMENT2/WORK/V9_Sample_Trained/db/sign_div_unsign_akh.tdf Line: 24
Info (12021): Found 1 design units, including 1 entities, in source file db/alt_u_div_qse.tdf
    Info (12023): Found entity 1: alt_u_div_qse File: E:/USYD/USYD_2-2/MTRX3700/ASSIGNMENT2/WORK/V9_Sample_Trained/db/alt_u_div_qse.tdf Line: 22
Info (12130): Elaborated megafunction instantiation "video_source:source|lpm_divide:Div4" File: E:/USYD/USYD_2-2/MTRX3700/ASSIGNMENT2/WORK/V9_Sample_Trained/rtl/video_source.sv Line: 109
Info (12133): Instantiated megafunction "video_source:source|lpm_divide:Div4" with the following parameter: File: E:/USYD/USYD_2-2/MTRX3700/ASSIGNMENT2/WORK/V9_Sample_Trained/rtl/video_source.sv Line: 109
    Info (12134): Parameter "LPM_WIDTHN" = "7"
    Info (12134): Parameter "LPM_WIDTHD" = "4"
    Info (12134): Parameter "LPM_NREPRESENTATION" = "UNSIGNED"
    Info (12134): Parameter "LPM_DREPRESENTATION" = "UNSIGNED"
Info (12021): Found 1 design units, including 1 entities, in source file db/lpm_divide_4am.tdf
    Info (12023): Found entity 1: lpm_divide_4am File: E:/USYD/USYD_2-2/MTRX3700/ASSIGNMENT2/WORK/V9_Sample_Trained/db/lpm_divide_4am.tdf Line: 24
Info (12130): Elaborated megafunction instantiation "video_source:source|lpm_divide:Div1" File: E:/USYD/USYD_2-2/MTRX3700/ASSIGNMENT2/WORK/V9_Sample_Trained/rtl/video_source.sv Line: 95
Info (12133): Instantiated megafunction "video_source:source|lpm_divide:Div1" with the following parameter: File: E:/USYD/USYD_2-2/MTRX3700/ASSIGNMENT2/WORK/V9_Sample_Trained/rtl/video_source.sv Line: 95
    Info (12134): Parameter "LPM_WIDTHN" = "17"
    Info (12134): Parameter "LPM_WIDTHD" = "8"
    Info (12134): Parameter "LPM_NREPRESENTATION" = "UNSIGNED"
    Info (12134): Parameter "LPM_DREPRESENTATION" = "UNSIGNED"
Info (12021): Found 1 design units, including 1 entities, in source file db/lpm_divide_pbm.tdf
    Info (12023): Found entity 1: lpm_divide_pbm File: E:/USYD/USYD_2-2/MTRX3700/ASSIGNMENT2/WORK/V9_Sample_Trained/db/lpm_divide_pbm.tdf Line: 24
Info (12021): Found 1 design units, including 1 entities, in source file db/sign_div_unsign_vlh.tdf
    Info (12023): Found entity 1: sign_div_unsign_vlh File: E:/USYD/USYD_2-2/MTRX3700/ASSIGNMENT2/WORK/V9_Sample_Trained/db/sign_div_unsign_vlh.tdf Line: 24
Info (12021): Found 1 design units, including 1 entities, in source file db/alt_u_div_40f.tdf
    Info (12023): Found entity 1: alt_u_div_40f File: E:/USYD/USYD_2-2/MTRX3700/ASSIGNMENT2/WORK/V9_Sample_Trained/db/alt_u_div_40f.tdf Line: 22
Info (12130): Elaborated megafunction instantiation "video_source:source|lpm_divide:Div5" File: E:/USYD/USYD_2-2/MTRX3700/ASSIGNMENT2/WORK/V9_Sample_Trained/rtl/video_source.sv Line: 119
Info (12133): Instantiated megafunction "video_source:source|lpm_divide:Div5" with the following parameter: File: E:/USYD/USYD_2-2/MTRX3700/ASSIGNMENT2/WORK/V9_Sample_Trained/rtl/video_source.sv Line: 119
    Info (12134): Parameter "LPM_WIDTHN" = "32"
    Info (12134): Parameter "LPM_WIDTHD" = "5"
    Info (12134): Parameter "LPM_NREPRESENTATION" = "UNSIGNED"
    Info (12134): Parameter "LPM_DREPRESENTATION" = "UNSIGNED"
Info (12021): Found 1 design units, including 1 entities, in source file db/lpm_divide_jbm.tdf
    Info (12023): Found entity 1: lpm_divide_jbm File: E:/USYD/USYD_2-2/MTRX3700/ASSIGNMENT2/WORK/V9_Sample_Trained/db/lpm_divide_jbm.tdf Line: 24
Info (12021): Found 1 design units, including 1 entities, in source file db/sign_div_unsign_plh.tdf
    Info (12023): Found entity 1: sign_div_unsign_plh File: E:/USYD/USYD_2-2/MTRX3700/ASSIGNMENT2/WORK/V9_Sample_Trained/db/sign_div_unsign_plh.tdf Line: 24
Info (12021): Found 1 design units, including 1 entities, in source file db/alt_u_div_ove.tdf
    Info (12023): Found entity 1: alt_u_div_ove File: E:/USYD/USYD_2-2/MTRX3700/ASSIGNMENT2/WORK/V9_Sample_Trained/db/alt_u_div_ove.tdf Line: 22
Info (12130): Elaborated megafunction instantiation "codec_config:codec|lpm_divide:Mod0" File: E:/USYD/USYD_2-2/MTRX3700/ASSIGNMENT2/WORK/V9_Sample_Trained/rtl/codec_config.sv Line: 22
Info (12133): Instantiated megafunction "codec_config:codec|lpm_divide:Mod0" with the following parameter: File: E:/USYD/USYD_2-2/MTRX3700/ASSIGNMENT2/WORK/V9_Sample_Trained/rtl/codec_config.sv Line: 22
    Info (12134): Parameter "LPM_WIDTHN" = "5"
    Info (12134): Parameter "LPM_WIDTHD" = "4"
    Info (12134): Parameter "LPM_NREPRESENTATION" = "UNSIGNED"
    Info (12134): Parameter "LPM_DREPRESENTATION" = "UNSIGNED"
Info (12021): Found 1 design units, including 1 entities, in source file db/lpm_divide_52m.tdf
    Info (12023): Found entity 1: lpm_divide_52m File: E:/USYD/USYD_2-2/MTRX3700/ASSIGNMENT2/WORK/V9_Sample_Trained/db/lpm_divide_52m.tdf Line: 24
Info (12021): Found 1 design units, including 1 entities, in source file db/sign_div_unsign_8kh.tdf
    Info (12023): Found entity 1: sign_div_unsign_8kh File: E:/USYD/USYD_2-2/MTRX3700/ASSIGNMENT2/WORK/V9_Sample_Trained/db/sign_div_unsign_8kh.tdf Line: 24
Info (12021): Found 1 design units, including 1 entities, in source file db/alt_u_div_mse.tdf
    Info (12023): Found entity 1: alt_u_div_mse File: E:/USYD/USYD_2-2/MTRX3700/ASSIGNMENT2/WORK/V9_Sample_Trained/db/alt_u_div_mse.tdf Line: 22
Info (12130): Elaborated megafunction instantiation "codec_config:codec|lpm_divide:Div0" File: E:/USYD/USYD_2-2/MTRX3700/ASSIGNMENT2/WORK/V9_Sample_Trained/rtl/codec_config.sv Line: 22
Info (12133): Instantiated megafunction "codec_config:codec|lpm_divide:Div0" with the following parameter: File: E:/USYD/USYD_2-2/MTRX3700/ASSIGNMENT2/WORK/V9_Sample_Trained/rtl/codec_config.sv Line: 22
    Info (12134): Parameter "LPM_WIDTHN" = "5"
    Info (12134): Parameter "LPM_WIDTHD" = "4"
    Info (12134): Parameter "LPM_NREPRESENTATION" = "UNSIGNED"
    Info (12134): Parameter "LPM_DREPRESENTATION" = "UNSIGNED"
Info (12021): Found 1 design units, including 1 entities, in source file db/lpm_divide_2am.tdf
    Info (12023): Found entity 1: lpm_divide_2am File: E:/USYD/USYD_2-2/MTRX3700/ASSIGNMENT2/WORK/V9_Sample_Trained/db/lpm_divide_2am.tdf Line: 24
Info (12130): Elaborated megafunction instantiation "lpm_divide:Mod1" File: E:/USYD/USYD_2-2/MTRX3700/ASSIGNMENT2/WORK/V9_Sample_Trained/rtl/shine_sing_top.sv Line: 69
Info (12133): Instantiated megafunction "lpm_divide:Mod1" with the following parameter: File: E:/USYD/USYD_2-2/MTRX3700/ASSIGNMENT2/WORK/V9_Sample_Trained/rtl/shine_sing_top.sv Line: 69
    Info (12134): Parameter "LPM_WIDTHN" = "9"
    Info (12134): Parameter "LPM_WIDTHD" = "4"
    Info (12134): Parameter "LPM_NREPRESENTATION" = "UNSIGNED"
    Info (12134): Parameter "LPM_DREPRESENTATION" = "UNSIGNED"
Info (12021): Found 1 design units, including 1 entities, in source file db/lpm_divide_92m.tdf
    Info (12023): Found entity 1: lpm_divide_92m File: E:/USYD/USYD_2-2/MTRX3700/ASSIGNMENT2/WORK/V9_Sample_Trained/db/lpm_divide_92m.tdf Line: 24
Info (12021): Found 1 design units, including 1 entities, in source file db/sign_div_unsign_ckh.tdf
    Info (12023): Found entity 1: sign_div_unsign_ckh File: E:/USYD/USYD_2-2/MTRX3700/ASSIGNMENT2/WORK/V9_Sample_Trained/db/sign_div_unsign_ckh.tdf Line: 24
Info (12021): Found 1 design units, including 1 entities, in source file db/alt_u_div_use.tdf
    Info (12023): Found entity 1: alt_u_div_use File: E:/USYD/USYD_2-2/MTRX3700/ASSIGNMENT2/WORK/V9_Sample_Trained/db/alt_u_div_use.tdf Line: 22
Info (12130): Elaborated megafunction instantiation "lpm_divide:Div1" File: E:/USYD/USYD_2-2/MTRX3700/ASSIGNMENT2/WORK/V9_Sample_Trained/rtl/shine_sing_top.sv Line: 70
Info (12133): Instantiated megafunction "lpm_divide:Div1" with the following parameter: File: E:/USYD/USYD_2-2/MTRX3700/ASSIGNMENT2/WORK/V9_Sample_Trained/rtl/shine_sing_top.sv Line: 70
    Info (12134): Parameter "LPM_WIDTHN" = "9"
    Info (12134): Parameter "LPM_WIDTHD" = "4"
    Info (12134): Parameter "LPM_NREPRESENTATION" = "UNSIGNED"
    Info (12134): Parameter "LPM_DREPRESENTATION" = "UNSIGNED"
Info (12021): Found 1 design units, including 1 entities, in source file db/lpm_divide_6am.tdf
    Info (12023): Found entity 1: lpm_divide_6am File: E:/USYD/USYD_2-2/MTRX3700/ASSIGNMENT2/WORK/V9_Sample_Trained/db/lpm_divide_6am.tdf Line: 24
Info (12130): Elaborated megafunction instantiation "lpm_divide:Div2" File: E:/USYD/USYD_2-2/MTRX3700/ASSIGNMENT2/WORK/V9_Sample_Trained/rtl/shine_sing_top.sv Line: 71
Info (12133): Instantiated megafunction "lpm_divide:Div2" with the following parameter: File: E:/USYD/USYD_2-2/MTRX3700/ASSIGNMENT2/WORK/V9_Sample_Trained/rtl/shine_sing_top.sv Line: 71
    Info (12134): Parameter "LPM_WIDTHN" = "9"
    Info (12134): Parameter "LPM_WIDTHD" = "7"
    Info (12134): Parameter "LPM_NREPRESENTATION" = "UNSIGNED"
    Info (12134): Parameter "LPM_DREPRESENTATION" = "UNSIGNED"
Info (12021): Found 1 design units, including 1 entities, in source file db/lpm_divide_9am.tdf
    Info (12023): Found entity 1: lpm_divide_9am File: E:/USYD/USYD_2-2/MTRX3700/ASSIGNMENT2/WORK/V9_Sample_Trained/db/lpm_divide_9am.tdf Line: 24
Info (12021): Found 1 design units, including 1 entities, in source file db/sign_div_unsign_fkh.tdf
    Info (12023): Found entity 1: sign_div_unsign_fkh File: E:/USYD/USYD_2-2/MTRX3700/ASSIGNMENT2/WORK/V9_Sample_Trained/db/sign_div_unsign_fkh.tdf Line: 24
Info (12021): Found 1 design units, including 1 entities, in source file db/alt_u_div_4te.tdf
    Info (12023): Found entity 1: alt_u_div_4te File: E:/USYD/USYD_2-2/MTRX3700/ASSIGNMENT2/WORK/V9_Sample_Trained/db/alt_u_div_4te.tdf Line: 22
Info (12130): Elaborated megafunction instantiation "lpm_divide:Div0" File: E:/USYD/USYD_2-2/MTRX3700/ASSIGNMENT2/WORK/V9_Sample_Trained/rtl/shine_sing_top.sv Line: 67
Info (12133): Instantiated megafunction "lpm_divide:Div0" with the following parameter: File: E:/USYD/USYD_2-2/MTRX3700/ASSIGNMENT2/WORK/V9_Sample_Trained/rtl/shine_sing_top.sv Line: 67
    Info (12134): Parameter "LPM_WIDTHN" = "7"
    Info (12134): Parameter "LPM_WIDTHD" = "4"
    Info (12134): Parameter "LPM_NREPRESENTATION" = "UNSIGNED"
    Info (12134): Parameter "LPM_DREPRESENTATION" = "UNSIGNED"
Warning (12241): 2 hierarchies have connectivity warnings - see the Connectivity Checks report folder
Warning (13024): Output pins are stuck at VCC or GND
    Warning (13410): Pin "AUD_DACDAT" is stuck at GND File: E:/USYD/USYD_2-2/MTRX3700/ASSIGNMENT2/WORK/V9_Sample_Trained/rtl/shine_sing_top.sv Line: 6
    Warning (13410): Pin "VGA_SYNC_N" is stuck at GND File: E:/USYD/USYD_2-2/MTRX3700/ASSIGNMENT2/WORK/V9_Sample_Trained/rtl/shine_sing_top.sv Line: 11
Info (286030): Timing-Driven Synthesis is running
Info (17049): 79 registers lost all their fanouts during netlist optimizations.
Info (144001): Generated suppressed messages file E:/USYD/USYD_2-2/MTRX3700/ASSIGNMENT2/WORK/V9_Sample_Trained/output_files/shine_sing.map.smsg
Info (16010): Generating hard_block partition "hard_block:auto_generated_inst"
    Info (16011): Adding 8 node(s), including 0 DDIO, 2 PLL, 0 transceiver and 0 LCELL
Warning: RST port on the PLL is not properly connected on instance adc_pll:audio_pll|altpll:altpll_component|adc_pll_altpll:auto_generated|generic_pll1. The reset port on the PLL should be connected. If the PLL loses lock for any reason, you might need to manually reset the PLL in order to re-establish lock to the reference clock. File: E:/USYD/USYD_2-2/MTRX3700/ASSIGNMENT2/WORK/V9_Sample_Trained/db/adc_pll_altpll.v Line: 62
    Info: Must be connected
Warning: RST port on the PLL is not properly connected on instance video_pll:pixel_pll|altera_pll:altera_pll_i|general[0].gpll. The reset port on the PLL should be connected. If the PLL loses lock for any reason, you might need to manually reset the PLL in order to re-establish lock to the reference clock. File: e:/intelfpga_lite/18.1/quartus/libraries/megafunctions/altera_pll.v Line: 748
    Info: Must be connected
Info (21057): Implemented 57195 device resources after synthesis - the final resource count might be different
    Info (21058): Implemented 18 input pins
    Info (21059): Implemented 84 output pins
    Info (21060): Implemented 1 bidirectional pins
    Info (21061): Implemented 56407 logic cells
    Info (21064): Implemented 652 RAM segments
    Info (21065): Implemented 2 PLLs
    Info (21062): Implemented 31 DSP elements
Info: Quartus Prime Analysis & Synthesis was successful. 0 errors, 96 warnings
    Info: Peak virtual memory: 7197 megabytes
    Info: Processing ended: Thu Oct 08 00:13:51 2026
    Info: Elapsed time: 00:03:23
    Info: Total CPU time (on all processors): 00:04:10
Info: *******************************************************************
Info: Running Quartus Prime Fitter
    Info: Version 18.1.0 Build 625 09/12/2018 SJ Lite Edition
    Info: Processing started: Thu Oct 08 00:13:52 2026
Info: Command: quartus_fit --read_settings_files=off --write_settings_files=off shine_sing -c shine_sing
Info: qfit2_default_script.tcl version: #1
Info: Project  = shine_sing
Info: Revision = shine_sing
Info (20032): Parallel compilation is enabled and will use up to 4 processors
Info (119006): Selected device 5CSEMA5F31C6 for design "shine_sing"
Info (21076): High junction temperature operating condition is not set. Assuming a default value of '85'.
Info (21076): Low junction temperature operating condition is not set. Assuming a default value of '0'.
Warning: RST port on the PLL is not properly connected on instance adc_pll:audio_pll|altpll:altpll_component|adc_pll_altpll:auto_generated|generic_pll1. The reset port on the PLL should be connected. If the PLL loses lock for any reason, you might need to manually reset the PLL in order to re-establish lock to the reference clock. File: E:/USYD/USYD_2-2/MTRX3700/ASSIGNMENT2/WORK/V9_Sample_Trained/db/adc_pll_altpll.v Line: 62
    Info: Must be connected
Warning: RST port on the PLL is not properly connected on instance video_pll:pixel_pll|altera_pll:altera_pll_i|general[0].gpll. The reset port on the PLL should be connected. If the PLL loses lock for any reason, you might need to manually reset the PLL in order to re-establish lock to the reference clock. File: e:/intelfpga_lite/18.1/quartus/libraries/megafunctions/altera_pll.v Line: 748
    Info: Must be connected
Warning (18550): Found RAM instances implemented as ROM because the write logic is disabled. One instance is listed below as an example.
    Info (119043): Atom "image_store:images|altsyncram:image0_rtl_0|altsyncram_trt1:auto_generated|ram_block1a34" is instantiated as RAM, but it is actually implemented as ROM function because the write logic is always disabled
Info (171003): Fitter is performing an Auto Fit compilation, which may decrease Fitter effort to reduce compilation time
Warning (292013): Feature LogicLock is only available with a valid subscription license. You can purchase a software subscription to gain full access to this feature.
Warning (15714): Some pins have incomplete I/O assignments. Refer to the I/O Assignment Warnings report for details
Info (176045): Design uses memory blocks. Violating setup or hold times of memory block address registers for either read or write operations could cause memory contents to be corrupted. Make sure that all memory block address registers meet the setup and hold time requirements.
Info (184020): Starting Fitter periphery placement operations
Warning (177007): PLL(s) placed in location FRACTIONALPLL_X0_Y15_N0 do not have a PLL clock to compensate specified - the Fitter will attempt to compensate all PLL clocks
    Info (177008): PLL adc_pll:audio_pll|altpll:altpll_component|adc_pll_altpll:auto_generated|generic_pll1~FRACTIONAL_PLL
Warning (177007): PLL(s) placed in location FRACTIONALPLL_X0_Y1_N0 do not have a PLL clock to compensate specified - the Fitter will attempt to compensate all PLL clocks
    Info (177008): PLL video_pll:pixel_pll|altera_pll:altera_pll_i|general[0].gpll~FRACTIONAL_PLL
Info (11178): Promoted 2 clocks (2 global)
    Info (11162): adc_pll:audio_pll|altpll:altpll_component|adc_pll_altpll:auto_generated|wire_generic_pll1_outclk~CLKENA0 with 4272 fanout uses global clock CLKCTRL_G6
    Info (11162): video_pll:pixel_pll|altera_pll:altera_pll_i|outclk_wire[0]~CLKENA0 with 5806 fanout uses global clock CLKCTRL_G4
Info (11191): Automatically promoted 4 clocks (4 global)
    Info (11162): CLOCK_50~inputCLKENA0 with 23423 fanout uses global clock CLKCTRL_G0
    Info (11162): reset_sync:reset50|pipe[1]~CLKENA0 with 5344 fanout uses global clock CLKCTRL_G3
        Info (12525): This signal is driven by core routing -- it may be moved during placement to reduce routing delays
    Info (11162): reset_sync:resetpixel|pipe[1]~CLKENA0 with 5327 fanout uses global clock CLKCTRL_G2
        Info (12525): This signal is driven by core routing -- it may be moved during placement to reduce routing delays
    Info (11162): AUD_BCLK~inputCLKENA0 with 87 fanout uses global clock CLKCTRL_G14
        Info (12525): This signal is driven by core routing -- it may be moved during placement to reduce routing delays
Warning (16406): 1 global input pin(s) will use non-dedicated clock routing
    Warning (16407): Source REFCLK I/O is not placed onto a dedicated REFCLK input pin for global clock driver AUD_BCLK~inputCLKENA0, placed at CLKCTRL_G14
        Info (179012): Refclk input I/O pad AUD_BCLK is placed onto PIN_H7
Info (184021): Fitter periphery placement operations ending: elapsed time is 00:00:02
Info (332104): Reading SDC File: 'shine_sing.sdc'
Info (332110): Deriving PLL clocks
    Info (332110): create_generated_clock -source {audio_pll|altpll_component|auto_generated|generic_pll1~FRACTIONAL_PLL|refclkin} -divide_by 4 -multiply_by 87 -duty_cycle 50.00 -name {audio_pll|altpll_component|auto_generated|generic_pll1~FRACTIONAL_PLL|vcoph[0]} {audio_pll|altpll_component|auto_generated|generic_pll1~FRACTIONAL_PLL|vcoph[0]}
    Info (332110): create_generated_clock -source {audio_pll|altpll_component|auto_generated|generic_pll1~PLL_OUTPUT_COUNTER|vco0ph[0]} -divide_by 59 -duty_cycle 50.00 -name {audio_pll|altpll_component|auto_generated|generic_pll1~PLL_OUTPUT_COUNTER|divclk} {audio_pll|altpll_component|auto_generated|generic_pll1~PLL_OUTPUT_COUNTER|divclk}
    Info (332110): create_generated_clock -source {pixel_pll|altera_pll_i|general[0].gpll~FRACTIONAL_PLL|refclkin} -multiply_by 6 -duty_cycle 50.00 -name {pixel_pll|altera_pll_i|general[0].gpll~FRACTIONAL_PLL|vcoph[0]} {pixel_pll|altera_pll_i|general[0].gpll~FRACTIONAL_PLL|vcoph[0]}
    Info (332110): create_generated_clock -source {pixel_pll|altera_pll_i|general[0].gpll~PLL_OUTPUT_COUNTER|vco0ph[0]} -divide_by 12 -duty_cycle 50.00 -name {pixel_pll|altera_pll_i|general[0].gpll~PLL_OUTPUT_COUNTER|divclk} {pixel_pll|altera_pll_i|general[0].gpll~PLL_OUTPUT_COUNTER|divclk}
Info (332151): Clock uncertainty is not calculated until you update the timing netlist.
Info (332097): The following timing edges are non-unate.  The Timing Analyzer will assume pos-unate behavior for these edges in the clock network.
    Info (332098): Cell: audio_pll|altpll_component|auto_generated|generic_pll1~FRACTIONAL_PLL  from: refclkin  to: fbclk
    Info (332098): Cell: audio_pll|altpll_component|auto_generated|generic_pll1~PLL_OUTPUT_COUNTER  from: vco0ph[0]  to: divclk
    Info (332098): Cell: audio_pll|altpll_component|auto_generated|generic_pll1~PLL_REFCLK_SELECT  from: clkin[0]  to: clkout
    Info (332098): Cell: pixel_pll|altera_pll_i|general[0].gpll~FRACTIONAL_PLL  from: refclkin  to: fbclk
    Info (332098): Cell: pixel_pll|altera_pll_i|general[0].gpll~PLL_OUTPUT_COUNTER  from: vco0ph[0]  to: divclk
    Info (332098): Cell: pixel_pll|altera_pll_i|general[0].gpll~PLL_REFCLK_SELECT  from: clkin[0]  to: clkout
Info (332123): Deriving Clock Uncertainty. Please refer to report_sdc in the Timing Analyzer to see clock uncertainties.
Info (332129): Detected timing requirements -- optimizing circuit to achieve only the specified requirements
Info (332111): Found 6 clocks
    Info (332111):   Period   Clock Name
    Info (332111): ======== ============
    Info (332111):  325.521     AUD_BCLK
    Info (332111):    0.919 audio_pll|altpll_component|auto_generated|generic_pll1~FRACTIONAL_PLL|vcoph[0]
    Info (332111):   54.252 audio_pll|altpll_component|auto_generated|generic_pll1~PLL_OUTPUT_COUNTER|divclk
    Info (332111):   20.000     CLOCK_50
    Info (332111):    3.333 pixel_pll|altera_pll_i|general[0].gpll~FRACTIONAL_PLL|vcoph[0]
    Info (332111):   40.000 pixel_pll|altera_pll_i|general[0].gpll~PLL_OUTPUT_COUNTER|divclk
Info (176233): Starting register packing
Info (176235): Finished register packing
    Extra Info (176218): Packed 16 registers into blocks of type Block RAM
    Extra Info (176218): Packed 331 registers into blocks of type DSP block
    Extra Info (176220): Created 203 register duplicates
Info (11798): Fitter preparation operations ending: elapsed time is 00:00:38
Info (170189): Fitter placement preparation operations beginning
Info (14951): The Fitter is using Advanced Physical Optimization.
Info (170190): Fitter placement preparation operations ending: elapsed time is 00:02:04
Info (170191): Fitter placement operations beginning
Info (170137): Fitter placement was successful
Info (170192): Fitter placement operations ending: elapsed time is 00:01:28
Info (170193): Fitter routing operations beginning
Info (170195): Router estimated average interconnect usage is 29% of the available device resources
    Info (170196): Router estimated peak interconnect usage is 55% of the available device resources in the region that extends from location X56_Y23 to location X66_Y34
Info (170199): The Fitter performed an Auto Fit compilation.  Optimizations were skipped to reduce compilation time.
    Info (170200): Optimizations that may affect the design's timing were skipped
Info (170194): Fitter routing operations ending: elapsed time is 00:14:08
Info (11888): Total time spent on timing analysis during the Fitter is 77.49 seconds.
Info (334003): Started post-fitting delay annotation
Info (334004): Delay annotation completed successfully
Info (334003): Started post-fitting delay annotation
Info (334004): Delay annotation completed successfully
Info (11801): Fitter post-fit operations ending: elapsed time is 00:01:12
Info (144001): Generated suppressed messages file E:/USYD/USYD_2-2/MTRX3700/ASSIGNMENT2/WORK/V9_Sample_Trained/output_files/shine_sing.fit.smsg
Info: Quartus Prime Fitter was successful. 0 errors, 9 warnings
    Info: Peak virtual memory: 7461 megabytes
    Info: Processing ended: Thu Oct 08 00:35:33 2026
    Info: Elapsed time: 00:21:41
    Info: Total CPU time (on all processors): 00:40:08
Info: *******************************************************************
Info: Running Quartus Prime Assembler
    Info: Version 18.1.0 Build 625 09/12/2018 SJ Lite Edition
    Info: Processing started: Thu Oct 08 00:35:35 2026
Info: Command: quartus_asm --read_settings_files=off --write_settings_files=off shine_sing -c shine_sing
Info (115030): Assembler is generating device programming files
Info: Quartus Prime Assembler was successful. 0 errors, 0 warnings
    Info: Peak virtual memory: 5262 megabytes
    Info: Processing ended: Thu Oct 08 00:36:01 2026
    Info: Elapsed time: 00:00:26
    Info: Total CPU time (on all processors): 00:00:26
Info (293026): Skipped module Power Analyzer due to the assignment FLOW_ENABLE_POWER_ANALYZER
Info: *******************************************************************
Info: Running Quartus Prime Timing Analyzer
    Info: Version 18.1.0 Build 625 09/12/2018 SJ Lite Edition
    Info: Processing started: Thu Oct 08 00:36:02 2026
Info: Command: quartus_sta shine_sing -c shine_sing
Info: qsta_default_script.tcl version: #1
Info (20032): Parallel compilation is enabled and will use up to 4 processors
Info (21076): High junction temperature operating condition is not set. Assuming a default value of '85'.
Info (21076): Low junction temperature operating condition is not set. Assuming a default value of '0'.
Info (332104): Reading SDC File: 'shine_sing.sdc'
Info (332110): Deriving PLL clocks
    Info (332110): create_generated_clock -source {audio_pll|altpll_component|auto_generated|generic_pll1~FRACTIONAL_PLL|refclkin} -divide_by 4 -multiply_by 87 -duty_cycle 50.00 -name {audio_pll|altpll_component|auto_generated|generic_pll1~FRACTIONAL_PLL|vcoph[0]} {audio_pll|altpll_component|auto_generated|generic_pll1~FRACTIONAL_PLL|vcoph[0]}
    Info (332110): create_generated_clock -source {audio_pll|altpll_component|auto_generated|generic_pll1~PLL_OUTPUT_COUNTER|vco0ph[0]} -divide_by 59 -duty_cycle 50.00 -name {audio_pll|altpll_component|auto_generated|generic_pll1~PLL_OUTPUT_COUNTER|divclk} {audio_pll|altpll_component|auto_generated|generic_pll1~PLL_OUTPUT_COUNTER|divclk}
    Info (332110): create_generated_clock -source {pixel_pll|altera_pll_i|general[0].gpll~FRACTIONAL_PLL|refclkin} -divide_by 2 -multiply_by 12 -duty_cycle 50.00 -name {pixel_pll|altera_pll_i|general[0].gpll~FRACTIONAL_PLL|vcoph[0]} {pixel_pll|altera_pll_i|general[0].gpll~FRACTIONAL_PLL|vcoph[0]}
    Info (332110): create_generated_clock -source {pixel_pll|altera_pll_i|general[0].gpll~PLL_OUTPUT_COUNTER|vco0ph[0]} -divide_by 12 -duty_cycle 50.00 -name {pixel_pll|altera_pll_i|general[0].gpll~PLL_OUTPUT_COUNTER|divclk} {pixel_pll|altera_pll_i|general[0].gpll~PLL_OUTPUT_COUNTER|divclk}
Info (332151): Clock uncertainty is not calculated until you update the timing netlist.
Info (332097): The following timing edges are non-unate.  The Timing Analyzer will assume pos-unate behavior for these edges in the clock network.
    Info (332098): Cell: audio_pll|altpll_component|auto_generated|generic_pll1~FRACTIONAL_PLL  from: refclkin  to: fbclk
    Info (332098): Cell: audio_pll|altpll_component|auto_generated|generic_pll1~PLL_OUTPUT_COUNTER  from: vco0ph[0]  to: divclk
    Info (332098): Cell: audio_pll|altpll_component|auto_generated|generic_pll1~PLL_REFCLK_SELECT  from: clkin[0]  to: clkout
    Info (332098): Cell: pixel_pll|altera_pll_i|general[0].gpll~FRACTIONAL_PLL  from: refclkin  to: fbclk
    Info (332098): Cell: pixel_pll|altera_pll_i|general[0].gpll~PLL_OUTPUT_COUNTER  from: vco0ph[0]  to: divclk
    Info (332098): Cell: pixel_pll|altera_pll_i|general[0].gpll~PLL_REFCLK_SELECT  from: clkin[0]  to: clkout
Info (332123): Deriving Clock Uncertainty. Please refer to report_sdc in the Timing Analyzer to see clock uncertainties.
Info: Found TIMING_ANALYZER_REPORT_SCRIPT_INCLUDE_DEFAULT_ANALYSIS = ON
Info: Analyzing Slow 1100mV 85C Model
Info (332146): Worst-case setup slack is 2.560
    Info (332119):     Slack       End Point TNS Clock 
    Info (332119): ========= =================== =====================
    Info (332119):     2.560               0.000 CLOCK_50 
    Info (332119):     3.834               0.000 pixel_pll|altera_pll_i|general[0].gpll~PLL_OUTPUT_COUNTER|divclk 
    Info (332119):    31.212               0.000 audio_pll|altpll_component|auto_generated|generic_pll1~PLL_OUTPUT_COUNTER|divclk 
    Info (332119):   150.089               0.000 AUD_BCLK 
Info (332146): Worst-case hold slack is 0.220
    Info (332119):     Slack       End Point TNS Clock 
    Info (332119): ========= =================== =====================
    Info (332119):     0.220               0.000 audio_pll|altpll_component|auto_generated|generic_pll1~PLL_OUTPUT_COUNTER|divclk 
    Info (332119):     0.228               0.000 CLOCK_50 
    Info (332119):     0.348               0.000 AUD_BCLK 
    Info (332119):     0.371               0.000 pixel_pll|altera_pll_i|general[0].gpll~PLL_OUTPUT_COUNTER|divclk 
Info (332146): Worst-case recovery slack is 11.548
    Info (332119):     Slack       End Point TNS Clock 
    Info (332119): ========= =================== =====================
    Info (332119):    11.548               0.000 CLOCK_50 
    Info (332119):    32.471               0.000 pixel_pll|altera_pll_i|general[0].gpll~PLL_OUTPUT_COUNTER|divclk 
    Info (332119):    46.427               0.000 audio_pll|altpll_component|auto_generated|generic_pll1~PLL_OUTPUT_COUNTER|divclk 
    Info (332119):   323.657               0.000 AUD_BCLK 
Info (332146): Worst-case removal slack is 1.052
    Info (332119):     Slack       End Point TNS Clock 
    Info (332119): ========= =================== =====================
    Info (332119):     1.052               0.000 audio_pll|altpll_component|auto_generated|generic_pll1~PLL_OUTPUT_COUNTER|divclk 
    Info (332119):     1.154               0.000 AUD_BCLK 
    Info (332119):     4.001               0.000 pixel_pll|altera_pll_i|general[0].gpll~PLL_OUTPUT_COUNTER|divclk 
    Info (332119):     4.505               0.000 CLOCK_50 
Info (332146): Worst-case minimum pulse width slack is 0.459
    Info (332119):     Slack       End Point TNS Clock 
    Info (332119): ========= =================== =====================
    Info (332119):     0.459               0.000 audio_pll|altpll_component|auto_generated|generic_pll1~FRACTIONAL_PLL|vcoph[0] 
    Info (332119):     1.666               0.000 pixel_pll|altera_pll_i|general[0].gpll~FRACTIONAL_PLL|vcoph[0] 
    Info (332119):     8.904               0.000 CLOCK_50 
    Info (332119):    18.759               0.000 pixel_pll|altera_pll_i|general[0].gpll~PLL_OUTPUT_COUNTER|divclk 
    Info (332119):    25.889               0.000 audio_pll|altpll_component|auto_generated|generic_pll1~PLL_OUTPUT_COUNTER|divclk 
    Info (332119):   161.923               0.000 AUD_BCLK 
Info (332114): Report Metastability: Found 62 synchronizer chains.
    Info (332114): The design MTBF is not calculated because there are no specified synchronizers in the design.
    Info (332114): Number of Synchronizer Chains Found: 62
    Info (332114): Shortest Synchronizer Chain: 2 Registers
    Info (332114): Fraction of Chains for which MTBFs Could Not be Calculated: 1.000
    Info (332114): Worst Case Available Settling Time: 27.814 ns
Info: Analyzing Slow 1100mV 0C Model
Info (334003): Started post-fitting delay annotation
Info (334004): Delay annotation completed successfully
Info (332097): The following timing edges are non-unate.  The Timing Analyzer will assume pos-unate behavior for these edges in the clock network.
    Info (332098): Cell: audio_pll|altpll_component|auto_generated|generic_pll1~FRACTIONAL_PLL  from: refclkin  to: fbclk
    Info (332098): Cell: audio_pll|altpll_component|auto_generated|generic_pll1~PLL_OUTPUT_COUNTER  from: vco0ph[0]  to: divclk
    Info (332098): Cell: audio_pll|altpll_component|auto_generated|generic_pll1~PLL_REFCLK_SELECT  from: clkin[0]  to: clkout
    Info (332098): Cell: pixel_pll|altera_pll_i|general[0].gpll~FRACTIONAL_PLL  from: refclkin  to: fbclk
    Info (332098): Cell: pixel_pll|altera_pll_i|general[0].gpll~PLL_OUTPUT_COUNTER  from: vco0ph[0]  to: divclk
    Info (332098): Cell: pixel_pll|altera_pll_i|general[0].gpll~PLL_REFCLK_SELECT  from: clkin[0]  to: clkout
Info (332123): Deriving Clock Uncertainty. Please refer to report_sdc in the Timing Analyzer to see clock uncertainties.
Info (332146): Worst-case setup slack is 3.004
    Info (332119):     Slack       End Point TNS Clock 
    Info (332119): ========= =================== =====================
    Info (332119):     3.004               0.000 CLOCK_50 
    Info (332119):     4.022               0.000 pixel_pll|altera_pll_i|general[0].gpll~PLL_OUTPUT_COUNTER|divclk 
    Info (332119):    31.314               0.000 audio_pll|altpll_component|auto_generated|generic_pll1~PLL_OUTPUT_COUNTER|divclk 
    Info (332119):   150.357               0.000 AUD_BCLK 
Info (332146): Worst-case hold slack is 0.213
    Info (332119):     Slack       End Point TNS Clock 
    Info (332119): ========= =================== =====================
    Info (332119):     0.213               0.000 audio_pll|altpll_component|auto_generated|generic_pll1~PLL_OUTPUT_COUNTER|divclk 
    Info (332119):     0.215               0.000 CLOCK_50 
    Info (332119):     0.327               0.000 AUD_BCLK 
    Info (332119):     0.384               0.000 pixel_pll|altera_pll_i|general[0].gpll~PLL_OUTPUT_COUNTER|divclk 
Info (332146): Worst-case recovery slack is 11.755
    Info (332119):     Slack       End Point TNS Clock 
    Info (332119): ========= =================== =====================
    Info (332119):    11.755               0.000 CLOCK_50 
    Info (332119):    32.643               0.000 pixel_pll|altera_pll_i|general[0].gpll~PLL_OUTPUT_COUNTER|divclk 
    Info (332119):    46.757               0.000 audio_pll|altpll_component|auto_generated|generic_pll1~PLL_OUTPUT_COUNTER|divclk 
    Info (332119):   323.738               0.000 AUD_BCLK 
Info (332146): Worst-case removal slack is 0.982
    Info (332119):     Slack       End Point TNS Clock 
    Info (332119): ========= =================== =====================
    Info (332119):     0.982               0.000 audio_pll|altpll_component|auto_generated|generic_pll1~PLL_OUTPUT_COUNTER|divclk 
    Info (332119):     1.102               0.000 AUD_BCLK 
    Info (332119):     3.949               0.000 pixel_pll|altera_pll_i|general[0].gpll~PLL_OUTPUT_COUNTER|divclk 
    Info (332119):     4.440               0.000 CLOCK_50 
Info (332146): Worst-case minimum pulse width slack is 0.459
    Info (332119):     Slack       End Point TNS Clock 
    Info (332119): ========= =================== =====================
    Info (332119):     0.459               0.000 audio_pll|altpll_component|auto_generated|generic_pll1~FRACTIONAL_PLL|vcoph[0] 
    Info (332119):     1.666               0.000 pixel_pll|altera_pll_i|general[0].gpll~FRACTIONAL_PLL|vcoph[0] 
    Info (332119):     8.938               0.000 CLOCK_50 
    Info (332119):    18.738               0.000 pixel_pll|altera_pll_i|general[0].gpll~PLL_OUTPUT_COUNTER|divclk 
    Info (332119):    25.872               0.000 audio_pll|altpll_component|auto_generated|generic_pll1~PLL_OUTPUT_COUNTER|divclk 
    Info (332119):   161.919               0.000 AUD_BCLK 
Info (332114): Report Metastability: Found 62 synchronizer chains.
    Info (332114): The design MTBF is not calculated because there are no specified synchronizers in the design.
    Info (332114): Number of Synchronizer Chains Found: 62
    Info (332114): Shortest Synchronizer Chain: 2 Registers
    Info (332114): Fraction of Chains for which MTBFs Could Not be Calculated: 1.000
    Info (332114): Worst Case Available Settling Time: 28.392 ns
Info: Analyzing Fast 1100mV 85C Model
Info (334003): Started post-fitting delay annotation
Info (334004): Delay annotation completed successfully
Info (332097): The following timing edges are non-unate.  The Timing Analyzer will assume pos-unate behavior for these edges in the clock network.
    Info (332098): Cell: audio_pll|altpll_component|auto_generated|generic_pll1~FRACTIONAL_PLL  from: refclkin  to: fbclk
    Info (332098): Cell: audio_pll|altpll_component|auto_generated|generic_pll1~PLL_OUTPUT_COUNTER  from: vco0ph[0]  to: divclk
    Info (332098): Cell: audio_pll|altpll_component|auto_generated|generic_pll1~PLL_REFCLK_SELECT  from: clkin[0]  to: clkout
    Info (332098): Cell: pixel_pll|altera_pll_i|general[0].gpll~FRACTIONAL_PLL  from: refclkin  to: fbclk
    Info (332098): Cell: pixel_pll|altera_pll_i|general[0].gpll~PLL_OUTPUT_COUNTER  from: vco0ph[0]  to: divclk
    Info (332098): Cell: pixel_pll|altera_pll_i|general[0].gpll~PLL_REFCLK_SELECT  from: clkin[0]  to: clkout
Info (332123): Deriving Clock Uncertainty. Please refer to report_sdc in the Timing Analyzer to see clock uncertainties.
Info (332146): Worst-case setup slack is 8.771
    Info (332119):     Slack       End Point TNS Clock 
    Info (332119): ========= =================== =====================
    Info (332119):     8.771               0.000 CLOCK_50 
    Info (332119):    18.960               0.000 pixel_pll|altera_pll_i|general[0].gpll~PLL_OUTPUT_COUNTER|divclk 
    Info (332119):    40.994               0.000 audio_pll|altpll_component|auto_generated|generic_pll1~PLL_OUTPUT_COUNTER|divclk 
    Info (332119):   150.424               0.000 AUD_BCLK 
Info (332146): Worst-case hold slack is 0.130
    Info (332119):     Slack       End Point TNS Clock 
    Info (332119): ========= =================== =====================
    Info (332119):     0.130               0.000 audio_pll|altpll_component|auto_generated|generic_pll1~PLL_OUTPUT_COUNTER|divclk 
    Info (332119):     0.136               0.000 CLOCK_50 
    Info (332119):     0.179               0.000 AUD_BCLK 
    Info (332119):     0.179               0.000 pixel_pll|altera_pll_i|general[0].gpll~PLL_OUTPUT_COUNTER|divclk 
Info (332146): Worst-case recovery slack is 14.891
    Info (332119):     Slack       End Point TNS Clock 
    Info (332119): ========= =================== =====================
    Info (332119):    14.891               0.000 CLOCK_50 
    Info (332119):    35.553               0.000 pixel_pll|altera_pll_i|general[0].gpll~PLL_OUTPUT_COUNTER|divclk 
    Info (332119):    48.758               0.000 audio_pll|altpll_component|auto_generated|generic_pll1~PLL_OUTPUT_COUNTER|divclk 
    Info (332119):   324.286               0.000 AUD_BCLK 
Info (332146): Worst-case removal slack is 0.614
    Info (332119):     Slack       End Point TNS Clock 
    Info (332119): ========= =================== =====================
    Info (332119):     0.614               0.000 audio_pll|altpll_component|auto_generated|generic_pll1~PLL_OUTPUT_COUNTER|divclk 
    Info (332119):     0.666               0.000 AUD_BCLK 
    Info (332119):     2.402               0.000 pixel_pll|altera_pll_i|general[0].gpll~PLL_OUTPUT_COUNTER|divclk 
    Info (332119):     2.737               0.000 CLOCK_50 
Info (332146): Worst-case minimum pulse width slack is 0.459
    Info (332119):     Slack       End Point TNS Clock 
    Info (332119): ========= =================== =====================
    Info (332119):     0.459               0.000 audio_pll|altpll_component|auto_generated|generic_pll1~FRACTIONAL_PLL|vcoph[0] 
    Info (332119):     1.666               0.000 pixel_pll|altera_pll_i|general[0].gpll~FRACTIONAL_PLL|vcoph[0] 
    Info (332119):     8.513               0.000 CLOCK_50 
    Info (332119):    18.882               0.000 pixel_pll|altera_pll_i|general[0].gpll~PLL_OUTPUT_COUNTER|divclk 
    Info (332119):    26.012               0.000 audio_pll|altpll_component|auto_generated|generic_pll1~PLL_OUTPUT_COUNTER|divclk 
    Info (332119):   161.726               0.000 AUD_BCLK 
Info (332114): Report Metastability: Found 62 synchronizer chains.
    Info (332114): The design MTBF is not calculated because there are no specified synchronizers in the design.
    Info (332114): Number of Synchronizer Chains Found: 62
    Info (332114): Shortest Synchronizer Chain: 2 Registers
    Info (332114): Fraction of Chains for which MTBFs Could Not be Calculated: 1.000
    Info (332114): Worst Case Available Settling Time: 31.828 ns
Info: Analyzing Fast 1100mV 0C Model
Info (332097): The following timing edges are non-unate.  The Timing Analyzer will assume pos-unate behavior for these edges in the clock network.
    Info (332098): Cell: audio_pll|altpll_component|auto_generated|generic_pll1~FRACTIONAL_PLL  from: refclkin  to: fbclk
    Info (332098): Cell: audio_pll|altpll_component|auto_generated|generic_pll1~PLL_OUTPUT_COUNTER  from: vco0ph[0]  to: divclk
    Info (332098): Cell: audio_pll|altpll_component|auto_generated|generic_pll1~PLL_REFCLK_SELECT  from: clkin[0]  to: clkout
    Info (332098): Cell: pixel_pll|altera_pll_i|general[0].gpll~FRACTIONAL_PLL  from: refclkin  to: fbclk
    Info (332098): Cell: pixel_pll|altera_pll_i|general[0].gpll~PLL_OUTPUT_COUNTER  from: vco0ph[0]  to: divclk
    Info (332098): Cell: pixel_pll|altera_pll_i|general[0].gpll~PLL_REFCLK_SELECT  from: clkin[0]  to: clkout
Info (332123): Deriving Clock Uncertainty. Please refer to report_sdc in the Timing Analyzer to see clock uncertainties.
Info (332146): Worst-case setup slack is 10.023
    Info (332119):     Slack       End Point TNS Clock 
    Info (332119): ========= =================== =====================
    Info (332119):    10.023               0.000 CLOCK_50 
    Info (332119):    20.616               0.000 pixel_pll|altera_pll_i|general[0].gpll~PLL_OUTPUT_COUNTER|divclk 
    Info (332119):    42.143               0.000 audio_pll|altpll_component|auto_generated|generic_pll1~PLL_OUTPUT_COUNTER|divclk 
    Info (332119):   150.720               0.000 AUD_BCLK 
Info (332146): Worst-case hold slack is 0.119
    Info (332119):     Slack       End Point TNS Clock 
    Info (332119): ========= =================== =====================
    Info (332119):     0.119               0.000 audio_pll|altpll_component|auto_generated|generic_pll1~PLL_OUTPUT_COUNTER|divclk 
    Info (332119):     0.127               0.000 CLOCK_50 
    Info (332119):     0.170               0.000 pixel_pll|altera_pll_i|general[0].gpll~PLL_OUTPUT_COUNTER|divclk 
    Info (332119):     0.171               0.000 AUD_BCLK 
Info (332146): Worst-case recovery slack is 15.225
    Info (332119):     Slack       End Point TNS Clock 
    Info (332119): ========= =================== =====================
    Info (332119):    15.225               0.000 CLOCK_50 
    Info (332119):    35.814               0.000 pixel_pll|altera_pll_i|general[0].gpll~PLL_OUTPUT_COUNTER|divclk 
    Info (332119):    49.448               0.000 audio_pll|altpll_component|auto_generated|generic_pll1~PLL_OUTPUT_COUNTER|divclk 
    Info (332119):   324.411               0.000 AUD_BCLK 
Info (332146): Worst-case removal slack is 0.557
    Info (332119):     Slack       End Point TNS Clock 
    Info (332119): ========= =================== =====================
    Info (332119):     0.557               0.000 audio_pll|altpll_component|auto_generated|generic_pll1~PLL_OUTPUT_COUNTER|divclk 
    Info (332119):     0.609               0.000 AUD_BCLK 
    Info (332119):     2.239               0.000 pixel_pll|altera_pll_i|general[0].gpll~PLL_OUTPUT_COUNTER|divclk 
    Info (332119):     2.533               0.000 CLOCK_50 
Info (332146): Worst-case minimum pulse width slack is 0.459
    Info (332119):     Slack       End Point TNS Clock 
    Info (332119): ========= =================== =====================
    Info (332119):     0.459               0.000 audio_pll|altpll_component|auto_generated|generic_pll1~FRACTIONAL_PLL|vcoph[0] 
    Info (332119):     1.666               0.000 pixel_pll|altera_pll_i|general[0].gpll~FRACTIONAL_PLL|vcoph[0] 
    Info (332119):     8.466               0.000 CLOCK_50 
    Info (332119):    18.883               0.000 pixel_pll|altera_pll_i|general[0].gpll~PLL_OUTPUT_COUNTER|divclk 
    Info (332119):    26.010               0.000 audio_pll|altpll_component|auto_generated|generic_pll1~PLL_OUTPUT_COUNTER|divclk 
    Info (332119):   161.676               0.000 AUD_BCLK 
Info (332114): Report Metastability: Found 62 synchronizer chains.
    Info (332114): The design MTBF is not calculated because there are no specified synchronizers in the design.
    Info (332114): Number of Synchronizer Chains Found: 62
    Info (332114): Shortest Synchronizer Chain: 2 Registers
    Info (332114): Fraction of Chains for which MTBFs Could Not be Calculated: 1.000
    Info (332114): Worst Case Available Settling Time: 32.844 ns
Info (332102): Design is not fully constrained for setup requirements
Info (332102): Design is not fully constrained for hold requirements
Info: Quartus Prime Timing Analyzer was successful. 0 errors, 0 warnings
    Info: Peak virtual memory: 6705 megabytes
    Info: Processing ended: Thu Oct 08 00:37:23 2026
    Info: Elapsed time: 00:01:21
    Info: Total CPU time (on all processors): 00:03:57
Info (293000): Quartus Prime Full Compilation was successful. 0 errors, 105 warnings
Info (23030): Evaluation of Tcl script e:/intelfpga_lite/18.1/quartus/common/tcl/internal/qsh_flow.tcl was successful
Info: Quartus Prime Shell was successful. 0 errors, 105 warnings
    Info: Peak virtual memory: 4610 megabytes
    Info: Processing ended: Thu Oct 08 00:37:24 2026
    Info: Elapsed time: 00:26:58
    Info: Total CPU time (on all processors): 00:00:04
